Temps (s),Depl (mm),Force (kN),Jauge 0,Jauge 1,Jauge 2,Jauge 3
0.266909,8.78,0.116077,-0.000962,-0.000201,-0.001929,-0.00126
1.520674,8.78,-0.913897,-0.000962,-0.000202,-0.001932,-0.001261
2.771276,8.78,-0.004375,-0.000966,-0.000206,-0.001936,-0.001263
5.287225,8.78,0.045976,-0.00097,-0.000208,-0.001933,-0.001266
6.537591,8.78,-0.041959,-0.00097,-0.000205,-0.001933,-0.001267
9.05349,8.78,0.095866,-0.000974,-0.000206,-0.001938,-0.001265
11.583274,8.78,0.116973,-0.000972,-0.000208,-0.001932,-0.001268
12.834317,8.78,1.5768,-0.000973,-0.000206,-0.001936,-0.001266
15.348762,8.781,-0.282967,-0.000974,-0.000205,-0.001935,-0.001266
16.599455,8.782,0.824414,-0.000971,-0.000204,-0.001926,-0.001266
19.115134,8.783,0.278385,-0.000968,-0.000197,-0.001924,-0.001261
21.614978,8.784,0.547514,-0.000969,-0.000199,-0.001923,-0.001263
22.881093,8.785,1.064684,-0.000969,-0.000198,-0.001925,-0.001261
25.37538,8.786,-0.189669,-0.000971,-0.000198,-0.001926,-0.001261
26.616084,8.787,0.107608,-0.000969,-0.000196,-0.001928,-0.001262
29.115224,8.788,-0.022153,-0.000968,-0.000192,-0.001922,-0.001258
31.630364,8.79,-0.064639,-0.000969,-0.000194,-0.001922,-0.001262
32.880152,8.79,-0.200843,-0.000969,-0.000194,-0.001926,-0.00126
35.396086,8.791,-0.161474,-0.000967,-0.000192,-0.001927,-0.001261
36.646829,8.792,-0.023173,-0.000966,-0.000186,-0.001923,-0.001264
39.177241,8.794,-0.147655,-0.000963,-0.000184,-0.001927,-0.001259
41.677866,8.795,-0.047096,-0.000964,-0.000192,-0.001923,-0.001267
42.924605,8.796,0.117838,-0.000965,-0.000196,-0.001918,-0.00127
45.428846,8.797,1.588471,-0.000964,-0.0002,-0.00192,-0.001274
46.678073,8.798,0.029953,-0.000969,-0.000202,-0.001925,-0.001275
49.208879,8.799,0.224686,-0.000971,-0.000198,-0.00192,-0.001271
50.458715,8.8,0.138252,-0.000971,-0.000197,-0.001922,-0.001271
52.974473,8.801,-0.091399,-0.00097,-0.000198,-0.001921,-0.001271
55.490267,8.802,0.172012,-0.000971,-0.000198,-0.001922,-0.001274
56.756095,8.803,0.16254,-0.000973,-0.000198,-0.001916,-0.001274
59.256139,8.804,0.202109,-0.000974,-0.000199,-0.001912,-0.001276
60.522469,8.805,0.201028,-0.000976,-0.000202,-0.001914,-0.001274
63.03755,8.806,0.348348,-0.000979,-0.000205,-0.001915,-0.001282
65.553241,8.807,0.166198,-0.000976,-0.0002,-0.001911,-0.001279
66.818356,8.807,0.524764,-0.000977,-0.000199,-0.00191,-0.001275
69.318746,8.808,2.212512,-0.000979,-0.000201,-0.001909,-0.001278
70.583508,8.809,-0.138393,-0.00098,-0.000199,-0.001914,-0.001277
73.084211,8.81,-0.491183,-0.000975,-0.000194,-0.001911,-0.001271
75.615568,8.811,0.439948,-0.000978,-0.000195,-0.001911,-0.001274
76.882088,8.812,0.093275,-0.000979,-0.000198,-0.00191,-0.001278
79.397224,8.813,0.133756,-0.000986,-0.000204,-0.001915,-0.001282
80.655997,8.814,1.449882,-0.000984,-0.000199,-0.00191,-0.001278
83.147299,8.815,0.198607,-0.000985,-0.000198,-0.001913,-0.00128
85.646927,8.816,0.33419,-0.000983,-0.000201,-0.001907,-0.001281
86.912103,8.817,-0.059101,-0.000988,-0.000199,-0.001911,-0.001282
89.443078,8.818,0.360651,-0.00099,-0.000201,-0.001907,-0.001285
90.707274,8.819,0.034781,-0.000988,-0.000198,-0.001909,-0.001279
93.209209,8.82,0.328857,-0.000987,-0.000193,-0.00191,-0.001277
94.475089,8.821,0.357311,-0.000986,-0.000194,-0.00191,-0.001279
96.988809,8.822,-0.110737,-0.000986,-0.000194,-0.001909,-0.001279
99.490159,8.823,1.022523,-0.00099,-0.000197,-0.001906,-0.001286
100.755446,8.824,0.337011,-0.000995,-0.000202,-0.001903,-0.001291
103.286162,8.826,0.298383,-0.000999,-0.000202,-0.001907,-0.001291
104.537827,8.826,1.035531,-0.001,-0.000202,-0.001905,-0.001291
107.037215,8.827,-0.212704,-0.000998,-0.0002,-0.001901,-0.001288
109.552564,8.829,0.259607,-0.000998,-0.0002,-0.001901,-0.001293
110.818694,8.829,0.435834,-0.001,-0.000202,-0.001906,-0.001293
113.334214,8.83,0.494958,-0.001002,-0.000203,-0.001902,-0.001295
114.598477,8.83,0.147555,-0.001003,-0.000198,-0.001905,-0.001292
117.115106,8.832,0.072825,-0.000999,-0.000193,-0.001902,-0.001291
119.614714,8.833,0.425822,-0.000999,-0.000195,-0.001905,-0.001292
120.864946,8.833,-0.038293,-0.001001,-0.000194,-0.0019,-0.001294
123.397817,8.835,0.231659,-0.001004,-0.000197,-0.001902,-0.001296
124.647272,8.835,0.233521,-0.001006,-0.000198,-0.001901,-0.001293
127.177704,8.836,0.106163,-0.001006,-0.000193,-0.001901,-0.001292
129.693836,8.837,0.3613,-0.001009,-0.000194,-0.001904,-0.001295
130.943711,8.838,0.595733,-0.001013,-0.000194,-0.001899,-0.001298
133.443967,8.839,0.65384,-0.001015,-0.000196,-0.0019,-0.001298
134.709813,8.84,0.554207,-0.001014,-0.000196,-0.001897,-0.001298
137.210186,8.841,0.651336,-0.001014,-0.000191,-0.001895,-0.001301
138.459529,8.842,0.646131,-0.001013,-0.000192,-0.001896,-0.001298
140.974883,8.843,3.197692,-0.001014,-0.000189,-0.001891,-0.001299
143.490852,8.844,0.859869,-0.001017,-0.00019,-0.001897,-0.001297
144.740458,8.845,-0.094752,-0.001016,-0.000191,-0.001899,-0.001299
147.270713,8.846,0.020966,-0.001015,-0.000189,-0.001899,-0.001298
148.537427,8.847,2.961354,-0.001014,-0.000183,-0.001909,-0.001299
151.05281,8.848,0.402949,-0.001014,-0.000186,-0.001907,-0.001301
153.567899,8.849,0.652423,-0.001019,-0.00019,-0.001902,-0.001307
154.83408,8.85,0.670875,-0.001021,-0.00019,-0.001906,-0.001305
157.348969,8.851,0.727906,-0.001019,-0.000184,-0.001903,-0.001304
158.598732,8.852,0.318304,-0.001022,-0.000186,-0.001905,-0.001303
161.100108,8.853,0.740915,-0.001023,-0.000185,-0.001903,-0.001306
163.615549,8.855,1.170561,-0.001021,-0.000183,-0.001905,-0.001303
164.880537,8.855,-0.556897,-0.00102,-0.000183,-0.001903,-0.001305
167.397576,8.857,0.718145,-0.001023,-0.000184,-0.001903,-0.001308
171.177682,8.859,0.822478,-0.001028,-0.00019,-0.001901,-0.001314
173.694385,8.86,0.875514,-0.001037,-0.000196,-0.001901,-0.001321
174.959201,8.86,0.88856,-0.00104,-0.000197,-0.001902,-0.001321
177.475075,8.862,0.898571,-0.001044,-0.000196,-0.001907,-0.001321
178.724959,8.862,0.813968,-0.001048,-0.000197,-0.001908,-0.001322
181.257196,8.863,0.837253,-0.001048,-0.000194,-0.001905,-0.001324
182.520313,8.864,0.941167,-0.001046,-0.000192,-0.001906,-0.001322
185.022238,8.865,0.955518,-0.001048,-0.000189,-0.001907,-0.001321
187.552549,8.866,0.526944,-0.001045,-0.000188,-0.001897,-0.001323
188.803203,8.866,1.109052,-0.001046,-0.000187,-0.0019,-0.001324
191.318973,8.867,0.891913,-0.00105,-0.000185,-0.001901,-0.001323
192.584191,8.868,0.980182,-0.001051,-0.000188,-0.001896,-0.001327
195.100111,8.869,1.062058,-0.001054,-0.000185,-0.001902,-0.001327
197.615933,8.87,1.077114,-0.001056,-0.000183,-0.001899,-0.001326
198.879904,8.87,0.826865,-0.001055,-0.000181,-0.001896,-0.001326
201.411298,8.871,0.953761,-0.001054,-0.000182,-0.001897,-0.001325
202.662303,8.872,1.054556,-0.001056,-0.000181,-0.0019,-0.001327
205.1623,8.873,-0.640025,-0.001054,-0.000179,-0.001898,-0.00133
207.645692,8.874,1.207029,-0.001059,-0.000184,-0.001896,-0.001332
208.912571,8.875,1.137265,-0.00106,-0.000182,-0.0019,-0.001332
211.438592,8.876,1.183787,-0.001062,-0.000184,-0.001897,-0.001333
212.678063,8.877,1.230722,-0.001064,-0.000182,-0.001901,-0.001331
215.178209,8.878,1.083416,-0.001066,-0.000181,-0.001891,-0.001333
217.69319,8.879,1.073565,-0.001064,-0.000178,-0.001894,-0.001333
218.958405,8.879,1.304444,-0.001063,-0.000179,-0.00189,-0.001335
221.459187,8.881,1.188699,-0.001068,-0.000183,-0.00189,-0.00134
222.725285,8.881,1.366717,-0.001069,-0.000181,-0.001898,-0.001337
225.240334,8.883,2.155072,-0.001072,-0.000182,-0.001899,-0.001345
226.5052,8.883,0.764136,-0.001077,-0.000183,-0.001902,-0.001346
229.021159,8.885,1.250834,-0.001075,-0.000182,-0.001903,-0.001343
231.537657,8.886,1.547313,-0.001077,-0.000181,-0.001902,-0.001342
232.802932,8.886,1.366887,-0.001082,-0.000184,-0.001903,-0.001345
235.317367,8.888,1.372022,-0.001082,-0.000183,-0.001901,-0.001343
236.568815,8.888,1.423945,-0.001081,-0.000181,-0.001902,-0.001346
239.083296,8.889,1.326169,-0.001085,-0.000181,-0.001901,-0.001347
241.599001,8.891,1.479252,-0.001092,-0.000181,-0.001899,-0.001349
242.848955,8.891,1.549101,-0.001091,-0.000182,-0.001892,-0.001349
245.366303,8.892,1.598896,-0.001088,-0.000177,-0.001901,-0.001349
246.615551,8.893,1.475756,-0.001088,-0.000175,-0.001901,-0.001348
249.147677,8.894,1.648866,-0.001091,-0.000172,-0.001899,-0.001348
251.663114,8.895,2.272339,-0.00109,-0.000175,-0.001902,-0.00135
252.911199,8.896,0.917171,-0.001087,-0.000171,-0.001904,-0.001349
255.413055,8.896,2.159735,-0.00109,-0.000169,-0.001903,-0.001353
256.663152,8.897,1.557197,-0.001094,-0.000169,-0.001907,-0.001355
259.163047,8.898,2.288213,-0.001102,-0.000177,-0.001904,-0.001362
261.677233,8.899,1.6843,-0.001107,-0.000179,-0.001908,-0.001364
262.927119,8.899,1.357051,-0.001109,-0.000179,-0.001915,-0.001361
265.42602,8.9,1.687138,-0.001115,-0.000178,-0.001914,-0.001366
266.673554,8.9,1.598068,-0.001116,-0.000178,-0.001914,-0.001368
269.193151,8.901,1.745809,-0.001122,-0.00018,-0.001911,-0.001371
271.708025,8.902,2.741478,-0.001124,-0.00018,-0.001913,-0.001372
272.959257,8.903,1.561727,-0.001123,-0.00018,-0.001911,-0.001372
275.458183,8.904,2.210507,-0.001124,-0.000177,-0.001912,-0.00137
276.724751,8.904,2.001485,-0.001123,-0.000177,-0.00191,-0.001372
279.225352,8.905,1.916999,-0.001126,-0.000175,-0.001908,-0.001373
280.489792,8.906,1.857866,-0.001122,-0.000174,-0.001903,-0.001372
282.990629,8.907,1.717808,-0.001121,-0.000169,-0.001906,-0.001369
285.491146,8.908,1.930888,-0.001126,-0.000167,-0.001904,-0.001374
286.74016,8.909,1.83021,-0.001126,-0.000166,-0.001906,-0.001371
289.239407,8.91,2.05094,-0.001125,-0.000163,-0.001903,-0.001367
290.50543,8.91,2.036834,-0.001124,-0.000162,-0.001899,-0.001368
293.021423,8.911,1.414469,-0.001128,-0.000159,-0.0019,-0.001374
295.537029,8.912,1.821244,-0.001136,-0.000166,-0.001903,-0.001378
296.80254,8.913,2.102831,-0.001139,-0.000169,-0.0019,-0.001381
299.317278,8.914,2.119903,-0.00114,-0.00017,-0.001899,-0.001385
300.565948,8.914,2.029375,-0.001146,-0.000172,-0.001901,-0.001385
303.069156,8.915,2.008923,-0.00115,-0.000173,-0.001904,-0.001389
305.58366,8.917,1.007933,-0.001154,-0.000173,-0.001904,-0.001393
306.848855,8.917,2.107166,-0.001156,-0.000175,-0.001901,-0.001395
309.366382,8.918,3.163256,-0.001158,-0.000173,-0.001901,-0.001393
310.630455,8.918,1.381168,-0.001153,-0.00017,-0.001898,-0.001392
313.159266,8.92,2.16694,-0.001154,-0.000171,-0.0019,-0.001393
315.677985,8.92,1.945992,-0.001163,-0.000174,-0.001906,-0.0014
316.9439,8.921,2.298499,-0.001169,-0.000178,-0.001902,-0.001406
319.473841,8.922,2.33953,-0.001174,-0.000181,-0.0019,-0.001408
320.725071,8.923,2.312627,-0.001178,-0.000186,-0.001895,-0.001417
323.239161,8.924,2.264254,-0.001191,-0.000193,-0.001906,-0.001426
324.49066,8.924,1.272018,-0.00119,-0.000192,-0.001905,-0.001429
326.990574,8.925,2.366598,-0.001206,-0.000206,-0.001907,-0.001442
329.490846,8.926,2.408918,-0.001205,-0.000201,-0.001913,-0.001438
330.754679,8.927,2.276578,-0.001207,-0.0002,-0.001909,-0.001438
333.27265,8.928,2.359775,-0.001203,-0.000192,-0.001915,-0.001434
334.522158,8.928,2.750237,-0.001207,-0.00019,-0.001915,-0.001432
337.052162,8.929,2.54774,-0.001206,-0.000192,-0.00192,-0.001437
339.55308,8.93,2.340024,-0.001212,-0.000197,-0.00192,-0.001442
340.818686,8.93,2.586007,-0.001216,-0.000197,-0.001919,-0.001442
343.349201,8.931,2.542467,-0.001216,-0.000202,-0.001922,-0.001452
344.59989,8.932,2.553035,-0.001222,-0.000208,-0.001916,-0.001458
347.114483,8.932,2.641511,-0.001241,-0.000225,-0.001927,-0.001476
349.630156,8.934,2.908529,-0.001241,-0.000214,-0.001928,-0.001467
350.89714,8.934,2.819396,-0.001243,-0.000214,-0.00193,-0.001465
353.412736,8.935,2.49812,-0.00124,-0.000208,-0.001927,-0.001461
354.678187,8.935,2.727711,-0.001241,-0.000204,-0.001926,-0.001459
357.192376,8.936,2.91984,-0.001244,-0.000209,-0.001927,-0.001469
359.708295,8.937,2.095505,-0.001264,-0.00023,-0.001927,-0.001489
360.959474,8.937,2.690812,-0.001264,-0.000222,-0.001937,-0.001483
363.475271,8.938,2.80852,-0.001261,-0.000219,-0.001925,-0.001482
364.721995,8.938,2.670323,-0.001264,-0.000218,-0.001925,-0.00148
367.223769,8.939,2.834001,-0.001263,-0.000218,-0.001921,-0.001483
368.474662,8.939,3.102298,-0.001269,-0.000221,-0.001929,-0.001488
370.99092,8.94,3.329485,-0.001269,-0.000219,-0.001926,-0.001488
373.489896,8.941,2.935018,-0.001275,-0.000216,-0.001932,-0.001485
374.755224,8.942,2.732443,-0.001269,-0.000211,-0.001934,-0.001482
377.25602,8.942,2.95451,-0.001272,-0.000213,-0.001931,-0.001484
378.521803,8.943,3.129928,-0.001272,-0.000214,-0.001926,-0.001486
381.05328,8.944,2.719381,-0.001264,-0.000196,-0.001933,-0.001476
383.552422,8.945,2.904699,-0.001261,-0.000199,-0.001939,-0.001475
384.803489,8.945,3.100208,-0.001261,-0.000199,-0.001939,-0.001473
387.3151,8.946,3.221136,-0.001274,-0.000195,-0.001938,-0.001475
388.553021,8.947,2.872464,-0.001286,-0.000194,-0.001943,-0.001478
391.069212,8.948,3.193756,-0.001298,-0.0002,-0.001947,-0.001483
393.584312,8.949,3.044519,-0.001299,-0.000207,-0.00194,-0.001493
394.833536,8.949,2.88065,-0.001295,-0.000201,-0.00194,-0.001492
397.36475,8.95,3.183676,-0.001296,-0.000194,-0.001946,-0.001484
398.61479,8.95,3.290295,-0.001294,-0.000192,-0.00194,-0.001483
401.11489,8.951,3.210855,-0.001287,-0.000182,-0.001932,-0.00148
403.647076,8.952,3.237895,-0.001287,-0.000176,-0.001937,-0.001472
404.911511,8.953,3.504405,-0.00129,-0.00018,-0.001934,-0.001475
407.412516,8.954,3.283043,-0.0013,-0.000188,-0.001937,-0.001484
408.678073,8.954,3.208006,-0.001307,-0.000189,-0.001939,-0.001483
411.193277,8.955,3.520432,-0.001318,-0.000202,-0.00194,-0.0015
413.708815,8.956,3.464249,-0.001323,-0.000208,-0.001939,-0.00151
414.974158,8.957,3.568132,-0.001324,-0.000206,-0.001946,-0.00151
417.489874,8.958,3.261732,-0.001327,-0.000206,-0.001941,-0.001512
418.740861,8.958,3.27812,-0.001329,-0.000207,-0.00194,-0.001515
421.272375,8.959,3.47051,-0.001329,-0.000204,-0.00194,-0.001512
422.522087,8.959,3.242039,-0.001331,-0.000203,-0.001939,-0.001513
425.037769,8.96,3.559203,-0.001332,-0.000202,-0.00194,-0.001515
427.537926,8.961,4.139046,-0.001332,-0.000199,-0.001938,-0.001514
428.787163,8.962,3.517519,-0.001331,-0.0002,-0.001937,-0.001516
431.286844,8.962,3.749741,-0.001335,-0.000195,-0.001938,-0.001514
432.538258,8.963,3.994961,-0.001335,-0.000195,-0.001937,-0.001515
435.037621,8.964,3.616123,-0.001339,-0.000192,-0.001936,-0.001513
437.552971,8.964,3.734255,-0.00133,-0.00018,-0.00193,-0.001507
438.818018,8.965,3.594907,-0.00133,-0.000176,-0.001931,-0.001501
441.333596,8.966,3.716111,-0.001328,-0.000168,-0.00193,-0.001499
442.599168,8.966,4.163742,-0.00133,-0.000168,-0.001936,-0.001498
445.098898,8.967,3.691999,-0.001332,-0.000167,-0.001934,-0.001501
447.598737,8.968,3.957203,-0.001331,-0.000164,-0.001934,-0.001496
448.865524,8.968,3.734552,-0.001329,-0.000163,-0.001928,-0.001498
451.395378,8.969,3.93308,-0.001323,-0.000148,-0.001932,-0.001492
452.646495,8.97,4.014298,-0.001328,-0.000148,-0.001926,-0.001495
455.162721,8.971,3.874552,-0.001328,-0.000151,-0.001932,-0.001503
457.678104,8.972,3.71367,-0.001334,-0.000155,-0.001927,-0.001515
458.928143,8.972,3.856159,-0.001336,-0.000157,-0.001931,-0.001516
461.426145,8.973,3.893964,-0.001337,-0.000159,-0.001926,-0.00152
462.677171,8.973,3.807404,-0.001338,-0.000161,-0.001924,-0.00152
465.177229,8.974,3.011902,-0.001341,-0.000157,-0.001919,-0.001517
467.678203,8.975,3.890596,-0.001338,-0.000154,-0.001919,-0.001517
468.922072,8.976,4.240201,-0.001341,-0.000153,-0.001924,-0.001515
471.428354,8.977,3.922464,-0.001351,-0.00016,-0.001928,-0.001522
472.693253,8.978,4.441318,-0.001353,-0.000161,-0.001923,-0.001526
475.192863,8.979,3.936099,-0.001357,-0.000164,-0.001919,-0.001528
477.709253,8.98,2.972856,-0.001371,-0.000173,-0.001917,-0.00154
478.97386,8.98,4.586629,-0.001371,-0.000174,-0.001917,-0.001542
481.474721,8.981,4.060279,-0.001377,-0.00017,-0.001915,-0.001543
482.741256,8.982,5.54739,-0.001376,-0.000171,-0.001912,-0.001543
485.239202,8.982,4.276383,-0.001377,-0.00017,-0.001912,-0.001545
487.739453,8.983,4.156675,-0.001378,-0.000167,-0.001913,-0.001543
489.005724,8.984,4.784547,-0.001379,-0.000167,-0.001908,-0.001545
491.522132,8.985,4.12661,-0.001381,-0.000165,-0.001913,-0.001545
492.788079,8.985,4.351107,-0.001381,-0.000162,-0.001908,-0.001544
495.303605,8.986,4.262451,-0.001386,-0.000157,-0.00191,-0.001544
496.56801,8.987,4.269767,-0.001387,-0.000162,-0.001907,-0.001549
499.098674,8.988,4.506795,-0.001393,-0.00016,-0.001912,-0.001546
501.600867,8.988,4.361002,-0.001393,-0.000161,-0.001906,-0.001552
502.84934,8.989,5.208293,-0.001394,-0.000162,-0.001905,-0.001555
505.345294,8.99,4.2221,-0.001401,-0.000166,-0.001907,-0.001558
506.599132,8.99,4.412553,-0.001406,-0.000164,-0.001912,-0.001559
509.115053,8.991,4.648594,-0.001403,-0.00016,-0.001904,-0.00156
511.629645,8.993,4.472677,-0.001401,-0.000153,-0.001905,-0.001555
512.89619,8.994,4.570156,-0.001402,-0.000152,-0.001908,-0.001556
515.427996,8.996,5.04087,-0.001408,-0.000158,-0.001903,-0.001563
519.223976,8.996,4.676367,-0.001408,-0.000156,-0.001907,-0.001565
521.723434,8.997,4.865351,-0.001417,-0.000158,-0.001908,-0.001569
522.974153,8.998,5.21836,-0.001418,-0.000163,-0.001907,-0.001572
525.49,8.998,4.409534,-0.001425,-0.000163,-0.001904,-0.001581
526.740609,8.999,4.634052,-0.001427,-0.000164,-0.001906,-0.001582
529.255341,8.999,4.812309,-0.001431,-0.00016,-0.001909,-0.001584
530.522317,9.0,5.062823,-0.001431,-0.000161,-0.001907,-0.001585
533.021322,9.001,5.004072,-0.001434,-0.000161,-0.001906,-0.001585
535.520741,9.002,5.106329,-0.001436,-0.000159,-0.001903,-0.001586
536.772291,9.002,4.808686,-0.001436,-0.000157,-0.001904,-0.001585
539.288141,9.002,5.50569,-0.00144,-0.000153,-0.0019,-0.001589
540.538249,9.003,5.333952,-0.001442,-0.000149,-0.001902,-0.001587
543.037868,9.004,4.803439,-0.001442,-0.000149,-0.001912,-0.001586
545.552727,9.005,5.02757,-0.001442,-0.000149,-0.001909,-0.00159
546.818734,9.006,5.319875,-0.001443,-0.000147,-0.001907,-0.001589
549.333256,9.007,5.192915,-0.001444,-0.000144,-0.001903,-0.001586
550.584045,9.007,5.243646,-0.001443,-0.000145,-0.001898,-0.001591
553.098665,9.008,5.385107,-0.00145,-0.000147,-0.001911,-0.001594
555.614711,9.009,5.201839,-0.001447,-0.000142,-0.001916,-0.001593
556.866106,9.01,5.198227,-0.001448,-0.000142,-0.001909,-0.001597
559.396497,9.011,5.347285,-0.001451,-0.000143,-0.001909,-0.001599
560.645872,9.011,5.416182,-0.001453,-0.000141,-0.00191,-0.0016
563.177284,9.012,5.333898,-0.00146,-0.000138,-0.001913,-0.001605
565.692499,9.013,5.190153,-0.00146,-0.00014,-0.001915,-0.001602
566.943306,9.013,5.179263,-0.001462,-0.00014,-0.001909,-0.001604
569.442901,9.014,5.291721,-0.00146,-0.000144,-0.001909,-0.001608
570.694133,9.015,5.580059,-0.001463,-0.00014,-0.001916,-0.001607
573.209348,9.016,5.377617,-0.001476,-0.00015,-0.001912,-0.001618
575.740837,9.016,5.49735,-0.001481,-0.000151,-0.001915,-0.001616
576.991385,9.017,5.566407,-0.001481,-0.000154,-0.001915,-0.001616
579.506185,9.017,5.572675,-0.001479,-0.000155,-0.00191,-0.001618
580.755498,9.017,5.283434,-0.001479,-0.000153,-0.001916,-0.001618
583.271123,9.017,5.64221,-0.001483,-0.000153,-0.001914,-0.00162
584.537415,9.017,5.138254,-0.001482,-0.000154,-0.001916,-0.001619
587.052738,9.017,5.406249,-0.001478,-0.000148,-0.001914,-0.001612
589.585,9.017,5.448639,-0.00147,-0.000144,-0.001912,-0.001606
590.834277,9.017,5.158121,-0.001472,-0.000139,-0.001916,-0.001604
593.3344,9.017,5.387072,-0.001469,-0.000136,-0.001914,-0.001604
594.599112,9.017,5.950363,-0.001464,-0.000136,-0.001906,-0.001605
597.116738,9.017,5.515199,-0.001466,-0.00014,-0.001909,-0.001604
599.615148,9.017,5.798067,-0.001465,-0.000135,-0.001904,-0.001606
600.865612,9.017,5.33427,-0.001467,-0.000134,-0.001901,-0.00161
603.380351,9.017,5.077166,-0.001469,-0.000141,-0.0019,-0.001616
604.647217,9.017,5.437537,-0.001468,-0.000138,-0.001902,-0.00161
607.146185,9.017,5.499369,-0.00147,-0.000146,-0.001904,-0.001613
609.66074,9.017,5.173951,-0.001469,-0.000143,-0.001901,-0.00161
610.92784,9.017,5.59913,-0.001465,-0.000141,-0.001904,-0.001606
613.443398,9.017,5.332251,-0.001466,-0.000139,-0.001902,-0.001606
614.69336,9.017,5.629355,-0.001465,-0.000138,-0.001904,-0.00161
617.223482,9.017,5.667601,-0.001471,-0.000143,-0.001902,-0.00161
619.740531,9.017,5.440033,-0.001468,-0.000141,-0.001898,-0.001608
620.991064,9.017,5.230206,-0.001467,-0.000139,-0.001904,-0.001608
623.515457,9.017,5.848,-0.001467,-0.000145,-0.001902,-0.001611
624.755889,9.017,5.415651,-0.001471,-0.000142,-0.001904,-0.001606
627.271956,9.017,5.561413,-0.001474,-0.000146,-0.001897,-0.001611
628.521206,9.017,5.734002,-0.001474,-0.000147,-0.001895,-0.001608
631.037856,9.017,5.386594,-0.00147,-0.000138,-0.0019,-0.001611
633.568988,9.017,5.167311,-0.001469,-0.00014,-0.001905,-0.001605
634.834097,9.017,5.836792,-0.001468,-0.000138,-0.001909,-0.001606
637.36522,9.017,5.513234,-0.001469,-0.000147,-0.0019,-0.001614
638.6153,9.017,5.223937,-0.001469,-0.000144,-0.001907,-0.001611
641.145835,9.017,5.17905,-0.001465,-0.000139,-0.001903,-0.001609
643.662628,9.017,5.320937,-0.001462,-0.000135,-0.001905,-0.001608
644.927979,9.017,5.693365,-0.00146,-0.00014,-0.001903,-0.001608
647.442699,9.017,5.750205,-0.001463,-0.00014,-0.001903,-0.00161
648.709281,9.017,5.282743,-0.001461,-0.000145,-0.001903,-0.00161
651.224103,9.017,5.379157,-0.001462,-0.00014,-0.001904,-0.001605
653.726073,9.017,5.412623,-0.00146,-0.000139,-0.001901,-0.001604
654.989831,9.018,5.206354,-0.001466,-0.000144,-0.001898,-0.001608
657.49015,9.018,5.483061,-0.001468,-0.000143,-0.001893,-0.001609
658.740728,9.018,5.345531,-0.001469,-0.000144,-0.001899,-0.001609
661.2713,9.018,5.047099,-0.001467,-0.000138,-0.001895,-0.001605
662.537226,9.018,5.829302,-0.00147,-0.000134,-0.0019,-0.0016
665.051968,9.018,5.719022,-0.00147,-0.000136,-0.001898,-0.001606
667.568693,9.018,5.308347,-0.001469,-0.000136,-0.001896,-0.001608
668.834091,9.018,5.474243,-0.001467,-0.000136,-0.001902,-0.001607
671.349737,9.018,5.591852,-0.00146,-0.000132,-0.001901,-0.001602
672.614696,9.018,5.052199,-0.001457,-0.000128,-0.001905,-0.001598
675.11532,9.018,5.105001,-0.001461,-0.000132,-0.001904,-0.001598
677.630014,9.018,5.654534,-0.001466,-0.000134,-0.0019,-0.001605
678.880529,9.018,5.490392,-0.001467,-0.000137,-0.0019,-0.001605
681.396008,9.018,5.195199,-0.001464,-0.000136,-0.001905,-0.001603
682.661722,9.018,5.683326,-0.00146,-0.000137,-0.001898,-0.001603
685.193042,9.018,5.385107,-0.001462,-0.000135,-0.0019,-0.001605
687.70878,9.018,5.881997,-0.001462,-0.000136,-0.001901,-0.001608
688.975361,9.018,5.25597,-0.001464,-0.000137,-0.001899,-0.001609
691.475651,9.018,5.351215,-0.001465,-0.000137,-0.001899,-0.001608
692.72421,9.018,5.26771,-0.001465,-0.00014,-0.001894,-0.001608
695.224455,9.018,5.262557,-0.001466,-0.000144,-0.001899,-0.001611
697.723671,9.018,5.327842,-0.001466,-0.00014,-0.001897,-0.001608
698.974374,9.018,5.422662,-0.001466,-0.000139,-0.001902,-0.001608
701.474177,9.018,5.488622,-0.001465,-0.000142,-0.001894,-0.001611
702.708856,9.018,5.408798,-0.001465,-0.000141,-0.0019,-0.001605
705.20857,9.018,5.187922,-0.001464,-0.000137,-0.001903,-0.001604
707.692912,9.018,5.647097,-0.001466,-0.000137,-0.0019,-0.001602
708.94344,9.018,5.251561,-0.001462,-0.000134,-0.001899,-0.001601
711.460277,9.018,5.323965,-0.00146,-0.000133,-0.001897,-0.001603
712.709359,9.018,5.298626,-0.001461,-0.000135,-0.001904,-0.001603
715.224141,9.018,5.177669,-0.001459,-0.000131,-0.001901,-0.001601
717.724258,9.018,5.030898,-0.00146,-0.000135,-0.001904,-0.001603
718.974196,9.018,5.837269,-0.001461,-0.000136,-0.001896,-0.001606
721.491059,9.018,5.425319,-0.001463,-0.000135,-0.001896,-0.001605
722.754834,9.018,5.319715,-0.001461,-0.000135,-0.001894,-0.001601
725.270753,9.018,5.451401,-0.00146,-0.000135,-0.001894,-0.001604
726.523098,9.018,5.337829,-0.001464,-0.000141,-0.001895,-0.001606
729.037785,9.018,5.604813,-0.001461,-0.000134,-0.001895,-0.001601
731.537251,9.018,5.617616,-0.001456,-0.000133,-0.001898,-0.001598
732.788553,9.018,5.992009,-0.001457,-0.000135,-0.0019,-0.0016
735.302939,9.018,5.174961,-0.001459,-0.000136,-0.0019,-0.001601
736.568035,9.018,5.220803,-0.00146,-0.000135,-0.001897,-0.001603
739.084243,9.018,5.46399,-0.00146,-0.000132,-0.001898,-0.0016
741.583801,9.018,5.331083,-0.001457,-0.000134,-0.0019,-0.001601
742.848728,9.018,5.464575,-0.001455,-0.000135,-0.001898,-0.001603
745.343754,9.018,5.457775,-0.001453,-0.000132,-0.001897,-0.0016
746.583305,9.018,5.477218,-0.001454,-0.000131,-0.0019,-0.001598
749.084198,9.018,5.148613,-0.001453,-0.000125,-0.001898,-0.001595
751.584267,9.018,5.250924,-0.001451,-0.00013,-0.001898,-0.001598
752.833356,9.018,5.292889,-0.001455,-0.000132,-0.001895,-0.001602
755.333202,9.018,5.45395,-0.001452,-0.00013,-0.001893,-0.001601
756.598931,9.018,5.671426,-0.001448,-0.000121,-0.001893,-0.001591
759.114874,9.018,5.20832,-0.001443,-0.000121,-0.001893,-0.001594
761.615564,9.018,5.290818,-0.001452,-0.000127,-0.001903,-0.001594
762.864153,9.018,5.149409,-0.001454,-0.00013,-0.001899,-0.001596
765.380825,9.018,5.37342,-0.001457,-0.000132,-0.0019,-0.0016
766.646286,9.018,5.100486,-0.001457,-0.00013,-0.001902,-0.001599
769.146587,9.018,5.415863,-0.001463,-0.000138,-0.001902,-0.001606
771.677357,9.018,5.305638,-0.001466,-0.000144,-0.001896,-0.001611
772.94303,9.018,5.368533,-0.001467,-0.000142,-0.0019,-0.001612
775.458626,9.018,5.099157,-0.001477,-0.000146,-0.001897,-0.001621
776.724178,9.018,5.351587,-0.001479,-0.000147,-0.001907,-0.001619
779.224643,9.018,5.91541,-0.001481,-0.00016,-0.001906,-0.00163
781.755245,9.018,5.351959,-0.001488,-0.000168,-0.001903,-0.001638
783.020574,9.018,5.325292,-0.001487,-0.000164,-0.001904,-0.001636
785.521577,9.018,5.495332,-0.001491,-0.000172,-0.001914,-0.001637
786.787671,9.018,5.38091,-0.001491,-0.000171,-0.001909,-0.001639
789.287241,9.018,5.29188,-0.001486,-0.000164,-0.001917,-0.001627
790.537149,9.018,5.297192,-0.00149,-0.000167,-0.00191,-0.001637
793.066905,9.018,5.062504,-0.001489,-0.000168,-0.001919,-0.001634
795.583354,9.018,5.406461,-0.001488,-0.000168,-0.001916,-0.001637
796.834434,9.018,5.018307,-0.001495,-0.000178,-0.001913,-0.001645
799.349186,9.018,5.498519,-0.001514,-0.000193,-0.001926,-0.001659
800.600814,9.018,5.446302,-0.001511,-0.000192,-0.001925,-0.00166
803.0995,9.018,5.079184,-0.001508,-0.000188,-0.001926,-0.001655
805.599355,9.018,5.469674,-0.001512,-0.000197,-0.001928,-0.001657
806.864803,9.018,5.414907,-0.001512,-0.000191,-0.001933,-0.001654
809.365015,9.018,5.027604,-0.001495,-0.000177,-0.001932,-0.00164
810.630934,9.018,5.360883,-0.001488,-0.000168,-0.001926,-0.001637
813.146997,9.018,5.799076,-0.001479,-0.000155,-0.001931,-0.001628
815.662945,9.018,5.609594,-0.001482,-0.000171,-0.001935,-0.00164
816.927946,9.018,5.070366,-0.001489,-0.000179,-0.001936,-0.001647
819.442991,9.018,5.402636,-0.001498,-0.000172,-0.001938,-0.001642
820.693067,9.018,5.119449,-0.001498,-0.000175,-0.001936,-0.001641
823.224186,9.018,5.297447,-0.001499,-0.000171,-0.001943,-0.001632
825.724169,9.018,6.105634,-0.0015,-0.00017,-0.001949,-0.001634
826.974279,9.018,5.341122,-0.001498,-0.000169,-0.001944,-0.001633
829.490347,9.018,5.011455,-0.001498,-0.000167,-0.001947,-0.001632
830.740369,9.018,5.417722,-0.001501,-0.000169,-0.001944,-0.001631
833.270398,9.018,5.331402,-0.001494,-0.000168,-0.001939,-0.001632
834.537677,9.018,4.809556,-0.001492,-0.000164,-0.001944,-0.001628
837.053047,9.018,5.44083,-0.001492,-0.000167,-0.001942,-0.001628
839.569267,9.018,5.448639,-0.001503,-0.000174,-0.001947,-0.001631
840.817247,9.018,5.446779,-0.001501,-0.000174,-0.001945,-0.001631
843.31829,9.018,5.594508,-0.0015,-0.000175,-0.001944,-0.001633
844.585039,9.018,5.309719,-0.001502,-0.000177,-0.001946,-0.001635
847.099446,9.018,5.140697,-0.001497,-0.000178,-0.001941,-0.001637
849.630792,9.018,5.336076,-0.001492,-0.000167,-0.001934,-0.001633
850.896174,9.018,5.368373,-0.001486,-0.000165,-0.001936,-0.00163
853.426787,9.018,5.50654,-0.001496,-0.000169,-0.001941,-0.001631
854.677129,9.018,5.466062,-0.001508,-0.000176,-0.001936,-0.001643
857.192793,9.018,5.175332,-0.001513,-0.000181,-0.001942,-0.001645
859.725215,9.018,5.537562,-0.00151,-0.000181,-0.001948,-0.001641
860.990219,9.018,5.321255,-0.001509,-0.00018,-0.001944,-0.001644
863.490352,9.018,5.44237,-0.001508,-0.000181,-0.001942,-0.001644
864.755277,9.018,5.441839,-0.001507,-0.000181,-0.001942,-0.001642
867.271607,9.018,5.519395,-0.001504,-0.000178,-0.001941,-0.001637
868.521048,9.018,5.232756,-0.001503,-0.000175,-0.001941,-0.001637
871.037545,9.018,5.405717,-0.001503,-0.000173,-0.001937,-0.001639
873.551281,9.018,5.306754,-0.001504,-0.000185,-0.001936,-0.001647
874.802671,9.018,5.523379,-0.001508,-0.00019,-0.00194,-0.00165
877.318983,9.018,5.430896,-0.001512,-0.000194,-0.001938,-0.001657
878.583355,9.018,5.278228,-0.001511,-0.000196,-0.001938,-0.001662
881.084328,9.018,5.110366,-0.00151,-0.000195,-0.001937,-0.001657
883.59917,9.018,5.241945,-0.001507,-0.000185,-0.001938,-0.001648
884.850071,9.018,5.22484,-0.001503,-0.000186,-0.00193,-0.001648
887.365235,9.018,5.05767,-0.001501,-0.000182,-0.001924,-0.001642
888.614775,9.018,5.469834,-0.0015,-0.00018,-0.001924,-0.001641
891.11477,9.018,5.040737,-0.001495,-0.000177,-0.00192,-0.001636
893.630805,9.018,5.281575,-0.001495,-0.000177,-0.001918,-0.001637
894.897772,9.018,5.151587,-0.001494,-0.000177,-0.001915,-0.001638
897.413124,9.018,5.404867,-0.001497,-0.000176,-0.001916,-0.001636
898.677916,9.018,5.299848,-0.001494,-0.000176,-0.00192,-0.001637
901.192194,9.018,5.973099,-0.001492,-0.000175,-0.001913,-0.001637
903.69354,9.018,5.310047,-0.001493,-0.000172,-0.001913,-0.001638
904.959607,9.018,5.419741,-0.001493,-0.000171,-0.001912,-0.001637
907.474174,9.018,5.370923,-0.001491,-0.000167,-0.00192,-0.001633
908.724843,9.018,5.283646,-0.001488,-0.000168,-0.001913,-0.001633
911.255105,9.018,5.124867,-0.001488,-0.000166,-0.001918,-0.001628
912.52217,9.018,5.549514,-0.001487,-0.000167,-0.001914,-0.001629
915.021166,9.018,5.229728,-0.00149,-0.000168,-0.001913,-0.001631
917.521301,9.018,5.493844,-0.001489,-0.000165,-0.001915,-0.001628
918.787101,9.018,6.181809,-0.001486,-0.000163,-0.001912,-0.001629
921.318074,9.018,5.474721,-0.001487,-0.000164,-0.001917,-0.001625
922.568162,9.018,5.522636,-0.001487,-0.000164,-0.001907,-0.001625
925.084166,9.018,5.406567,-0.001484,-0.000161,-0.001911,-0.001629
927.5844,9.018,5.112065,-0.00148,-0.000158,-0.001907,-0.001624
928.833329,9.018,5.201149,-0.001479,-0.00016,-0.00191,-0.001625
931.349031,9.018,5.983829,-0.001481,-0.000161,-0.001908,-0.001629
932.599019,9.018,5.175332,-0.001481,-0.000162,-0.001913,-0.001625
935.115052,9.018,5.916206,-0.001489,-0.000163,-0.001912,-0.001632
937.647263,9.018,5.588665,-0.001485,-0.000165,-0.001906,-0.001634
938.912431,9.018,5.427922,-0.001485,-0.000164,-0.001911,-0.001629
941.442164,9.018,5.324762,-0.001485,-0.000161,-0.00191,-0.001627
942.693182,9.018,5.727416,-0.001485,-0.000161,-0.001912,-0.001626
945.194029,9.018,5.648744,-0.001487,-0.000163,-0.001915,-0.001628
947.6924,9.018,5.81379,-0.001487,-0.000162,-0.001913,-0.00163
948.941275,9.018,5.221441,-0.001486,-0.000163,-0.001913,-0.00163
951.443561,9.018,5.497775,-0.001485,-0.000163,-0.001911,-0.00163
952.708046,9.018,5.743352,-0.001483,-0.000161,-0.001912,-0.001628
955.208926,9.018,5.379104,-0.001484,-0.000162,-0.001912,-0.001628
957.723809,9.018,5.216394,-0.001489,-0.000165,-0.001907,-0.001633
958.974229,9.018,5.725663,-0.001492,-0.000164,-0.001914,-0.001632
961.488383,9.018,5.312862,-0.001487,-0.000165,-0.001909,-0.00163
962.736731,9.018,5.13172,-0.001485,-0.000163,-0.001914,-0.001629
965.24089,9.018,5.28949,-0.001484,-0.000161,-0.001915,-0.001625
967.739603,9.018,5.359396,-0.00148,-0.00016,-0.001913,-0.001627
968.99018,9.018,5.547709,-0.001478,-0.000154,-0.001917,-0.001622
971.505526,9.018,5.525239,-0.001472,-0.000146,-0.001912,-0.001617
972.772494,9.018,5.563592,-0.001472,-0.00015,-0.001909,-0.001619
975.287204,9.018,5.237005,-0.001471,-0.00015,-0.001913,-0.001618
976.537137,9.018,5.440989,-0.001472,-0.000152,-0.001912,-0.001622
979.036503,9.018,5.440883,-0.001473,-0.000152,-0.001909,-0.001622
981.567768,9.018,5.474402,-0.001474,-0.000152,-0.001909,-0.001619
982.819083,9.018,5.149834,-0.001474,-0.000153,-0.001908,-0.001619
985.312917,9.018,5.718597,-0.001477,-0.000152,-0.001906,-0.001621
986.551781,9.018,5.372357,-0.001477,-0.000151,-0.001908,-0.001621
989.068151,9.019,5.613843,-0.001474,-0.000149,-0.001912,-0.001615
991.583985,9.019,5.157909,-0.001475,-0.000149,-0.001913,-0.001618
992.835067,9.019,5.311747,-0.001474,-0.000153,-0.001906,-0.001621
995.34892,9.019,5.179635,-0.001475,-0.000153,-0.001904,-0.00162
996.61372,9.019,5.406461,-0.001474,-0.000149,-0.001899,-0.001619
999.115157,9.019,5.10176,-0.001472,-0.000151,-0.001903,-0.001622
1001.645425,9.019,5.366568,-0.001469,-0.000155,-0.001903,-0.001621
1002.881642,9.019,5.298998,-0.00147,-0.000153,-0.001908,-0.001616
1005.410995,9.019,5.557429,-0.001469,-0.000153,-0.001905,-0.001618
1006.66251,9.019,5.661546,-0.001472,-0.000153,-0.001905,-0.00162
1009.193188,9.019,5.375863,-0.001472,-0.000151,-0.001911,-0.001616
1011.708404,9.019,5.21411,-0.001468,-0.000148,-0.001912,-0.001615
1012.958515,9.019,5.467496,-0.00147,-0.000148,-0.001911,-0.001616
1015.458693,9.019,5.445132,-0.00147,-0.000152,-0.00191,-0.001615
1016.708853,9.019,5.180432,-0.001472,-0.000147,-0.001913,-0.001613
1019.208944,9.019,5.757216,-0.001472,-0.000143,-0.001915,-0.001611
1021.723149,9.019,5.213845,-0.001465,-0.000143,-0.001909,-0.001608
1022.975129,9.019,5.231799,-0.001461,-0.000143,-0.001901,-0.00161
1025.489865,9.019,5.639873,-0.001462,-0.000138,-0.001907,-0.001609
1026.740376,9.019,5.390949,-0.001456,-0.000134,-0.001909,-0.001603
1029.271112,9.019,5.372464,-0.001453,-0.000132,-0.001904,-0.001601
1030.537887,9.019,5.397431,-0.001452,-0.000127,-0.001908,-0.0016
1033.052194,9.019,5.172623,-0.00145,-0.000128,-0.001903,-0.001604
1035.568644,9.019,5.548611,-0.001451,-0.000131,-0.001903,-0.001604
1036.834749,9.019,5.512702,-0.001454,-0.000134,-0.001907,-0.001603
1039.3651,9.019,5.335439,-0.001454,-0.000138,-0.001904,-0.001607
1040.614946,9.019,5.366674,-0.001459,-0.00014,-0.001909,-0.001607
1043.130741,9.019,5.564442,-0.001461,-0.000141,-0.001908,-0.001611
1045.644774,9.019,5.085717,-0.001461,-0.000142,-0.001904,-0.00161
1046.896496,9.019,5.211826,-0.001459,-0.00014,-0.001908,-0.001607
1049.412055,9.019,5.193074,-0.001465,-0.000142,-0.00191,-0.00161
1050.662182,9.019,5.296767,-0.001463,-0.000141,-0.001904,-0.00161
1053.191686,9.019,5.504575,-0.00146,-0.00014,-0.001905,-0.00161
1055.693621,9.019,5.363752,-0.001463,-0.000145,-0.001903,-0.001611
1056.959721,9.019,5.494429,-0.001464,-0.000142,-0.001906,-0.001609
1059.474885,9.019,5.241414,-0.001459,-0.000136,-0.001901,-0.001607
1060.739822,9.019,5.822183,-0.001459,-0.00014,-0.001907,-0.00161
1063.239768,9.019,5.357749,-0.001464,-0.000141,-0.00191,-0.00161
1065.771532,9.019,5.401096,-0.001461,-0.000143,-0.001906,-0.001608
1067.035979,9.019,5.313925,-0.001461,-0.000139,-0.00191,-0.001602
1069.537039,9.019,5.437483,-0.001456,-0.000131,-0.001911,-0.001604
1070.787411,9.019,5.134642,-0.001456,-0.000133,-0.001907,-0.001606
1073.302922,9.019,5.352809,-0.001456,-0.000138,-0.001907,-0.00161
1074.567887,9.019,5.406036,-0.001456,-0.00014,-0.001906,-0.001611
1077.068108,9.019,5.473712,-0.001458,-0.000139,-0.001909,-0.001607
1079.583744,9.019,5.026542,-0.001459,-0.000143,-0.001906,-0.001607
1080.834207,9.019,5.676154,-0.001457,-0.000137,-0.00191,-0.001604
1083.349598,9.019,5.373579,-0.00146,-0.000137,-0.001911,-0.001602
1084.614256,9.019,5.266913,-0.001458,-0.000136,-0.001907,-0.001601
1087.114287,9.019,5.421229,-0.001458,-0.000135,-0.001902,-0.001604
1089.6151,9.019,5.816978,-0.001459,-0.000134,-0.001902,-0.001606
1090.865113,9.019,5.660271,-0.001458,-0.000133,-0.001905,-0.001603
1093.380024,9.019,5.225425,-0.001458,-0.000138,-0.001904,-0.001607
1094.630278,9.019,5.53071,-0.001459,-0.000136,-0.001902,-0.001607
1097.147618,9.019,5.490126,-0.001459,-0.000136,-0.001903,-0.001608
1099.662514,9.019,5.426594,-0.001455,-0.000131,-0.001904,-0.001604
1100.926907,9.019,5.010393,-0.001454,-0.000133,-0.001901,-0.001606
1103.427576,9.019,5.481414,-0.001454,-0.000135,-0.0019,-0.001607
1104.693056,9.019,5.326302,-0.001454,-0.00013,-0.001898,-0.001604
1107.208,9.019,5.158174,-0.001454,-0.000128,-0.001899,-0.001598
1109.704726,9.019,5.196633,-0.001451,-0.000126,-0.001901,-0.001599
1110.942873,9.019,5.219794,-0.001449,-0.000124,-0.0019,-0.0016
1113.459337,9.019,5.213366,-0.001451,-0.000126,-0.001904,-0.001599
1114.709158,9.019,5.166408,-0.001452,-0.000129,-0.0019,-0.001601
1117.223982,9.019,5.091349,-0.00145,-0.000126,-0.001898,-0.001598
1119.723731,9.019,5.604547,-0.00145,-0.000127,-0.0019,-0.0016
1120.974346,9.019,5.021229,-0.00145,-0.000128,-0.001905,-0.001599
1123.475151,9.019,5.972727,-0.001448,-0.000131,-0.001901,-0.0016
1124.740366,9.019,5.605079,-0.00145,-0.000134,-0.0019,-0.001598
1127.255397,9.019,5.622928,-0.001452,-0.000137,-0.001901,-0.0016
1129.770353,9.019,5.239608,-0.001454,-0.000135,-0.001898,-0.0016
1131.037745,9.019,5.464097,-0.001454,-0.00013,-0.001903,-0.001597
1133.550994,9.019,5.33172,-0.00145,-0.000124,-0.001899,-0.001596
1134.802357,9.019,5.587389,-0.001449,-0.000124,-0.001906,-0.00159
1137.303429,9.019,5.366036,-0.001451,-0.000125,-0.001903,-0.001592
1138.553966,9.019,4.908658,-0.001451,-0.000128,-0.001902,-0.001595
1141.052907,9.019,5.339582,-0.001453,-0.000128,-0.001905,-0.001597
1143.568485,9.019,5.052164,-0.001455,-0.000133,-0.001901,-0.0016
1144.833335,9.019,5.502875,-0.001456,-0.000132,-0.001907,-0.001601
1147.333982,9.019,5.502131,-0.001452,-0.00013,-0.001909,-0.001602
1148.5839,9.019,5.775543,-0.001447,-0.00013,-0.001901,-0.001601
1151.098897,9.019,5.468506,-0.001448,-0.000133,-0.001903,-0.001603
1153.600224,9.019,5.211986,-0.001452,-0.00013,-0.001904,-0.001599
1154.85,9.019,5.152809,-0.001452,-0.000127,-0.001908,-0.001596
1157.380356,9.019,5.441999,-0.001452,-0.000129,-0.001904,-0.001598
1158.647232,9.019,5.145213,-0.00145,-0.000125,-0.001908,-0.001592
1161.161117,9.019,5.171826,-0.00145,-0.000128,-0.001904,-0.001599
1163.677521,9.019,5.217244,-0.001453,-0.000132,-0.0019,-0.001598
1164.927893,9.019,5.233977,-0.001455,-0.000132,-0.001906,-0.001597
1167.428094,9.019,5.053473,-0.001455,-0.000133,-0.001904,-0.001598
1168.692913,9.019,5.39249,-0.001451,-0.000131,-0.0019,-0.001599
1171.192988,9.019,5.265054,-0.001456,-0.000135,-0.001901,-0.001601
1173.707949,9.019,5.22399,-0.001456,-0.000134,-0.0019,-0.001601
1174.957845,9.019,5.352119,-0.001458,-0.000131,-0.001906,-0.001597
1177.460008,9.019,5.213473,-0.001457,-0.000133,-0.001904,-0.001603
1178.724535,9.019,5.1433,-0.001455,-0.000136,-0.0019,-0.001604
1181.255078,9.019,5.554933,-0.001455,-0.000135,-0.001905,-0.001603
1183.755037,9.019,5.330923,-0.001453,-0.000129,-0.001905,-0.001597
1185.005201,9.019,5.510046,-0.001452,-0.000128,-0.001899,-0.001597
1187.505203,9.019,5.346275,-0.001451,-0.000131,-0.001902,-0.001599
1188.75598,9.019,5.744096,-0.001456,-0.000134,-0.001901,-0.001601
1191.286112,9.019,5.89549,-0.001459,-0.000135,-0.001906,-0.001603
1192.537422,9.019,5.290871,-0.001456,-0.000136,-0.0019,-0.001607
1195.052591,9.019,5.156953,-0.001458,-0.000136,-0.001902,-0.001603
1197.568773,9.019,5.131401,-0.00146,-0.000135,-0.001905,-0.001603
1198.833,9.019,5.414642,-0.00146,-0.000132,-0.001901,-0.001606
1201.333479,9.019,5.054642,-0.001456,-0.000135,-0.0019,-0.001604
1202.584844,9.019,5.063513,-0.001455,-0.000134,-0.001902,-0.001602
1205.084357,9.019,5.198759,-0.001455,-0.000128,-0.001906,-0.0016
1207.61586,9.019,5.308578,-0.001451,-0.000126,-0.001903,-0.001599
1208.865141,9.019,5.410923,-0.001454,-0.000131,-0.001905,-0.001602
1211.397108,9.019,5.597961,-0.001458,-0.00013,-0.001911,-0.001598
1212.661018,9.019,5.573791,-0.001461,-0.000133,-0.001905,-0.001602
1215.177983,9.019,5.696128,-0.001461,-0.000133,-0.001908,-0.001603
1217.692482,9.019,5.402158,-0.001459,-0.000124,-0.001911,-0.001598
1218.942801,9.019,5.291933,-0.00146,-0.000127,-0.001905,-0.001598
1221.458694,9.019,4.942229,-0.001459,-0.000126,-0.001903,-0.001597
1222.708389,9.019,5.396528,-0.001452,-0.000127,-0.001909,-0.001599
1225.208866,9.019,5.418413,-0.001453,-0.000127,-0.001908,-0.001598
1227.72545,9.019,5.659156,-0.001453,-0.00013,-0.001911,-0.001601
1228.974203,9.019,5.828132,-0.001455,-0.000133,-0.001906,-0.001601
1231.474174,9.019,5.119077,-0.001455,-0.00013,-0.001908,-0.0016
1232.724128,9.019,5.569913,-0.001454,-0.000132,-0.001906,-0.001603
1235.224243,9.019,5.126461,-0.001454,-0.000131,-0.001901,-0.001603
1237.740052,9.019,5.412942,-0.001455,-0.000134,-0.001909,-0.0016
1238.990344,9.019,5.216766,-0.001459,-0.000137,-0.001908,-0.0016
1241.505094,9.019,5.88699,-0.001459,-0.000138,-0.001903,-0.001602
1242.755572,9.019,5.342132,-0.00146,-0.000137,-0.001902,-0.001605
1245.287845,9.019,5.735756,-0.001469,-0.000146,-0.001905,-0.001611
1246.552709,9.019,5.49565,-0.001474,-0.000154,-0.001902,-0.001619
1249.068512,9.019,5.565982,-0.001483,-0.000157,-0.001906,-0.001628
1251.568696,9.019,5.283752,-0.001482,-0.000159,-0.001907,-0.001628
1252.818887,9.019,5.30516,-0.00148,-0.000157,-0.00191,-0.001625
1255.349559,9.019,5.368639,-0.00148,-0.000155,-0.001908,-0.001625
1256.599233,9.019,5.044709,-0.001485,-0.000154,-0.001914,-0.001622
1259.098518,9.019,5.676048,-0.001489,-0.000159,-0.001917,-0.001627
1261.599676,9.019,5.251773,-0.001483,-0.000158,-0.001915,-0.001626
1262.849489,9.019,5.193553,-0.001477,-0.000155,-0.001917,-0.001624
1265.380258,9.019,5.375916,-0.001493,-0.000175,-0.001906,-0.001646
1266.630969,9.019,5.23419,-0.001493,-0.000181,-0.001918,-0.001645
1269.14725,9.019,5.213792,-0.001492,-0.000176,-0.001918,-0.001642
1271.677836,9.019,5.473234,-0.001505,-0.000181,-0.001919,-0.00165
1272.928589,9.019,5.210657,-0.001508,-0.000181,-0.001928,-0.001646
1275.44289,9.019,5.085771,-0.001498,-0.000165,-0.001938,-0.001632
1276.69286,9.019,5.32662,-0.001495,-0.000162,-0.001934,-0.001634
1279.193098,9.019,5.616819,-0.001495,-0.000161,-0.001937,-0.001631
1281.708416,9.019,5.348825,-0.001494,-0.000169,-0.001934,-0.001639
1282.973814,9.019,5.638332,-0.001494,-0.000169,-0.001935,-0.001637
1285.48862,9.019,5.097033,-0.001492,-0.000176,-0.001926,-0.001646
1286.740141,9.019,5.106541,-0.001494,-0.000181,-0.001918,-0.001648
1289.271103,9.019,5.254429,-0.001494,-0.000181,-0.001931,-0.001646
1291.770822,9.019,5.428346,-0.001489,-0.00017,-0.001937,-0.001638
1293.022835,9.019,5.607681,-0.001488,-0.000166,-0.001939,-0.001635
1295.537374,9.019,5.280406,-0.00149,-0.000165,-0.00194,-0.001628
1296.785358,9.019,5.278047,-0.001495,-0.000167,-0.001944,-0.00163
1299.287368,9.019,5.400937,-0.0015,-0.000177,-0.001943,-0.001643
1300.552941,9.019,5.918969,-0.0015,-0.000183,-0.001942,-0.001648
1303.068475,9.019,5.294482,-0.001499,-0.000177,-0.001939,-0.001643
1305.56824,9.019,5.138254,-0.001506,-0.000177,-0.00194,-0.001641
1306.832742,9.019,5.366408,-0.001502,-0.000184,-0.001943,-0.001647
1309.348822,9.019,5.56051,-0.001497,-0.000184,-0.001945,-0.001651
1310.599072,9.019,5.295492,-0.001501,-0.00018,-0.001942,-0.001647
1313.114989,9.019,5.39573,-0.001501,-0.00018,-0.001942,-0.001644
1315.61496,9.019,4.496201,-0.001498,-0.000175,-0.001939,-0.001643
1316.865471,9.019,5.471109,-0.001504,-0.000175,-0.001947,-0.001642
1319.380331,9.019,5.298466,-0.001506,-0.000177,-0.00195,-0.001642
1320.645189,9.019,5.482954,-0.001502,-0.000177,-0.001944,-0.001639
1323.162713,9.019,5.328586,-0.001496,-0.000169,-0.001945,-0.001634
1325.693008,9.019,5.303726,-0.001496,-0.000169,-0.001946,-0.001626
1326.958125,9.019,5.22399,-0.0015,-0.000172,-0.001948,-0.001627
1329.490069,9.019,5.567522,-0.001506,-0.00018,-0.00195,-0.001632
1330.755342,9.019,5.392119,-0.001509,-0.000186,-0.001948,-0.00164
1333.286892,9.019,5.201786,-0.001508,-0.000185,-0.001947,-0.001641
1334.552077,9.019,5.465956,-0.001503,-0.000181,-0.001949,-0.00164
1337.05306,9.019,5.465478,-0.001498,-0.000176,-0.001946,-0.001634
1339.569049,9.019,5.222982,-0.001492,-0.000166,-0.001944,-0.001626
1340.83346,9.019,5.404177,-0.001488,-0.000164,-0.00194,-0.001624
1343.334399,9.019,5.881678,-0.001493,-0.000159,-0.001938,-0.001624
1344.600026,9.019,5.217297,-0.001494,-0.000161,-0.00194,-0.001622
1347.099446,9.019,5.243646,-0.00149,-0.00016,-0.001944,-0.001628
1349.6309,9.019,5.247418,-0.001487,-0.000168,-0.001934,-0.001638
1350.897102,9.019,5.04017,-0.001487,-0.000169,-0.001941,-0.001635
1353.427582,9.019,5.03435,-0.001489,-0.00017,-0.001935,-0.001637
1354.692201,9.019,5.243912,-0.001488,-0.000165,-0.001938,-0.001634
1357.193701,9.019,5.159078,-0.001494,-0.000161,-0.001938,-0.001633
1359.708402,9.019,5.485663,-0.00149,-0.000159,-0.001936,-0.001629
1360.97509,9.019,5.121203,-0.001487,-0.000156,-0.001934,-0.001628
1363.504807,9.019,5.626858,-0.001487,-0.000154,-0.001932,-0.001623
1364.755808,9.019,5.656712,-0.001482,-0.000152,-0.001927,-0.001625
1367.285313,9.019,5.072013,-0.001475,-0.000152,-0.001933,-0.001623
1368.537328,9.019,5.429994,-0.001474,-0.000158,-0.00193,-0.001621
1371.05267,9.019,5.307338,-0.001479,-0.000164,-0.001926,-0.001624
1373.569503,9.019,5.505372,-0.001484,-0.000164,-0.001927,-0.001628
1374.817546,9.019,5.177988,-0.001482,-0.000164,-0.001927,-0.001627
1377.333219,9.019,5.731399,-0.001483,-0.000162,-0.001922,-0.001625
1378.58406,9.019,5.363327,-0.001483,-0.000164,-0.001915,-0.001627
1381.084019,9.019,5.4565,-0.00148,-0.000165,-0.001913,-0.001626
1383.598967,9.019,5.356475,-0.001477,-0.000162,-0.001911,-0.001627
1384.849058,9.019,5.66059,-0.001476,-0.000159,-0.001917,-0.001621
1387.349853,9.019,5.329595,-0.00147,-0.00015,-0.001917,-0.001617
1388.615679,9.019,5.080299,-0.001468,-0.00015,-0.001913,-0.001618
1391.130438,9.019,5.332464,-0.001463,-0.000148,-0.001914,-0.001615
1393.662197,9.019,5.343991,-0.001468,-0.000148,-0.001918,-0.001613
1394.912788,9.019,5.525823,-0.001472,-0.000155,-0.00191,-0.001622
1397.428825,9.019,5.199449,-0.001485,-0.000164,-0.001911,-0.001628
1398.677353,9.019,5.261442,-0.001486,-0.000165,-0.001909,-0.001629
1401.17744,9.019,5.521414,-0.001485,-0.000166,-0.001907,-0.001627
1403.693429,9.019,5.354827,-0.001484,-0.00016,-0.00191,-0.001624
1404.958088,9.019,5.636154,-0.001482,-0.000161,-0.001907,-0.001627
1407.474093,9.019,5.618944,-0.001486,-0.000164,-0.001908,-0.001628
1408.724136,9.019,5.813737,-0.001489,-0.000165,-0.001909,-0.001631
1411.239749,9.019,5.678119,-0.001489,-0.000169,-0.001908,-0.00163
1413.75526,9.019,5.287259,-0.001483,-0.000159,-0.00191,-0.001625
1415.005982,9.019,5.888956,-0.001481,-0.000159,-0.001912,-0.001623
1417.537645,9.019,5.56067,-0.001474,-0.000155,-0.001912,-0.001623
1418.803116,9.019,5.369436,-0.001473,-0.000151,-0.001913,-0.001621
1421.314503,9.019,5.152916,-0.001473,-0.000151,-0.001908,-0.001621
1422.568527,9.019,5.130073,-0.001475,-0.000153,-0.001905,-0.001622
1425.084409,9.019,5.103194,-0.001476,-0.000153,-0.001908,-0.001623
1427.599088,9.019,5.648956,-0.001476,-0.000152,-0.001904,-0.001621
1428.849889,9.019,5.255227,-0.001475,-0.000152,-0.001899,-0.001619
1431.377643,9.019,5.661386,-0.001475,-0.000155,-0.001898,-0.001622
1432.616434,9.019,5.236102,-0.001476,-0.000155,-0.001902,-0.001623
1435.130313,9.019,5.33411,-0.00148,-0.000155,-0.001906,-0.001619
1437.646071,9.019,5.026542,-0.001473,-0.000152,-0.001907,-0.001612
1438.912169,9.019,5.354402,-0.001466,-0.000147,-0.001904,-0.001612
1441.428472,9.019,5.268613,-0.001466,-0.000144,-0.001901,-0.001608
1442.67757,9.019,5.259423,-0.001466,-0.000149,-0.001905,-0.001611
1445.209003,9.019,5.284124,-0.001464,-0.000144,-0.001908,-0.001613
1447.724338,9.019,5.428399,-0.001463,-0.000143,-0.001906,-0.001609
1448.974398,9.019,5.835676,-0.001462,-0.000145,-0.001905,-0.00161
1451.50557,9.019,5.312012,-0.001464,-0.000148,-0.001905,-0.001613
1452.75629,9.019,5.257139,-0.001467,-0.000149,-0.001913,-0.00161
1455.287164,9.019,5.342345,-0.001468,-0.000154,-0.001906,-0.001615
1457.787564,9.019,5.478439,-0.001474,-0.000157,-0.001905,-0.00162
1459.052825,9.019,5.242476,-0.001476,-0.000155,-0.001909,-0.001619
1461.567126,9.019,5.557429,-0.001475,-0.000151,-0.001905,-0.00162
1462.816955,9.019,5.566992,-0.001474,-0.000152,-0.001905,-0.001624
1465.312835,9.019,5.440246,-0.001473,-0.00015,-0.001904,-0.001615
1467.802665,9.019,5.091826,-0.001472,-0.000147,-0.001907,-0.001614
1469.05279,9.019,5.252517,-0.001471,-0.000145,-0.001906,-0.001612
1471.582852,9.019,5.706698,-0.00147,-0.000145,-0.001905,-0.001614
1472.835176,9.019,5.488426,-0.001472,-0.000148,-0.001904,-0.001615
1475.349654,9.019,5.277962,-0.001475,-0.000153,-0.001908,-0.001618
1476.614891,9.019,5.24848,-0.001475,-0.000149,-0.001903,-0.00162
1479.130795,9.019,5.311109,-0.001473,-0.000145,-0.001905,-0.001616
1481.661333,9.019,5.229196,-0.001472,-0.000148,-0.001909,-0.001616
1482.912158,9.019,5.614216,-0.001473,-0.000148,-0.001906,-0.001615
1485.428438,9.019,5.369011,-0.001468,-0.000146,-0.00191,-0.001608
1486.676743,9.019,5.0752,-0.001467,-0.000147,-0.001908,-0.001611
1489.178949,9.019,5.441361,-0.001466,-0.000146,-0.001908,-0.001615
1491.694969,9.019,5.170392,-0.001463,-0.000145,-0.001904,-0.001614
1492.941489,9.019,5.500006,-0.001463,-0.000144,-0.001905,-0.001613
1495.456922,9.019,5.660165,-0.001464,-0.000143,-0.001905,-0.001612
1496.708916,9.019,5.040724,-0.001464,-0.00014,-0.001899,-0.001612
1499.224884,9.019,5.454482,-0.001467,-0.000143,-0.001905,-0.00161
1501.725172,9.019,5.178892,-0.001465,-0.000141,-0.001904,-0.00161
1502.990356,9.019,5.337563,-0.001464,-0.000144,-0.001899,-0.001613
1505.522187,9.019,5.284071,-0.001468,-0.000141,-0.001907,-0.001605
1506.772549,9.019,5.33937,-0.001465,-0.00014,-0.001905,-0.001604
1509.267301,9.019,5.047405,-0.001468,-0.000143,-0.001901,-0.001609
1511.770844,9.019,5.468187,-0.001463,-0.000141,-0.001902,-0.001612
1513.037757,9.019,5.116953,-0.001466,-0.000141,-0.001904,-0.00161
1515.553019,9.019,5.41411,-0.001464,-0.000143,-0.0019,-0.00161
1516.802681,9.019,5.079131,-0.001463,-0.000138,-0.001905,-0.001607
1519.31765,9.019,5.531135,-0.001461,-0.00014,-0.0019,-0.001611
1520.569081,9.019,5.443698,-0.001463,-0.000142,-0.001903,-0.001611
1523.067159,9.019,5.273819,-0.00146,-0.000138,-0.001906,-0.001606
1525.580448,9.019,5.247259,-0.001462,-0.000136,-0.001907,-0.001609
1526.833803,9.019,5.297776,-0.001461,-0.000136,-0.001901,-0.001608
1529.331522,9.019,5.383354,-0.001452,-0.00013,-0.001905,-0.001599
1530.583728,9.019,5.802529,-0.001451,-0.000129,-0.001904,-0.001598
1533.098828,9.019,5.867761,-0.001451,-0.00013,-0.0019,-0.001602
1535.599317,9.019,5.316209,-0.001453,-0.000131,-0.001899,-0.001601
1536.850309,9.019,5.971718,-0.001455,-0.000135,-0.001903,-0.001605
1539.348267,9.019,5.321574,-0.001463,-0.000141,-0.001908,-0.001608
1540.598894,9.019,5.379476,-0.001464,-0.000142,-0.001901,-0.001611
1543.09927,9.019,5.057564,-0.001463,-0.000139,-0.001898,-0.001606
1545.614752,9.019,5.362902,-0.001459,-0.000136,-0.0019,-0.001604
1546.864831,9.019,5.16763,-0.001458,-0.000135,-0.001904,-0.001604
1549.364064,9.019,5.026435,-0.001461,-0.000136,-0.001904,-0.001608
1550.615537,9.019,5.130764,-0.001459,-0.000135,-0.001902,-0.001609
1553.130302,9.019,5.668133,-0.001457,-0.000133,-0.001905,-0.001607
1555.662428,9.019,5.228639,-0.00146,-0.000143,-0.001899,-0.001613
1556.927887,9.019,5.359184,-0.001463,-0.000143,-0.001906,-0.001608
1559.428565,9.019,5.565239,-0.001464,-0.000141,-0.001906,-0.001605
1560.69209,9.019,5.002372,-0.001465,-0.00014,-0.001906,-0.001605
1563.191378,9.019,5.577934,-0.001463,-0.000134,-0.001904,-0.001602
1565.692412,9.019,5.361255,-0.001462,-0.000136,-0.001906,-0.001603
1566.9401,9.019,5.101282,-0.001459,-0.000136,-0.001904,-0.0016
1569.442981,9.019,5.317378,-0.001453,-0.000132,-0.0019,-0.001603
1570.69436,9.019,5.637854,-0.001456,-0.000134,-0.001907,-0.001604
1573.208955,9.019,5.223672,-0.001456,-0.000135,-0.001903,-0.001607
1575.725088,9.019,5.462238,-0.001457,-0.000136,-0.001897,-0.001608
1576.990066,9.019,5.542556,-0.001459,-0.000138,-0.0019,-0.001607
1579.505919,9.019,5.970867,-0.00146,-0.00014,-0.001893,-0.001607
1580.771967,9.019,5.309569,-0.00146,-0.00014,-0.001899,-0.001603
1583.28754,9.019,5.499369,-0.001458,-0.000136,-0.001904,-0.001603
1585.787931,9.019,5.377829,-0.001457,-0.00014,-0.001899,-0.001607
1587.052653,9.019,5.460909,-0.001459,-0.00014,-0.001903,-0.001609
1589.553892,9.019,5.248427,-0.00146,-0.000139,-0.001902,-0.001607
1590.818548,9.019,5.326355,-0.001458,-0.000137,-0.001903,-0.001607
1593.333482,9.019,5.190631,-0.001453,-0.000136,-0.001899,-0.001604
1594.584007,9.019,5.047365,-0.001453,-0.000135,-0.001899,-0.001603
1597.099534,9.019,5.266807,-0.00146,-0.000138,-0.001903,-0.001604
1599.615282,9.019,5.506752,-0.001458,-0.000136,-0.001902,-0.001604
1600.880388,9.019,5.399714,-0.001457,-0.000137,-0.001905,-0.001606
1603.411915,9.019,5.207683,-0.001458,-0.000136,-0.001901,-0.001606
1604.677398,9.019,5.517111,-0.001456,-0.000135,-0.001905,-0.001603
1607.192949,9.019,5.368533,-0.001454,-0.000136,-0.0019,-0.0016
1609.692931,9.019,5.448107,-0.001458,-0.000132,-0.001902,-0.001596
1610.943187,9.019,5.474774,-0.00146,-0.000134,-0.001905,-0.001597
1613.47466,9.019,5.361892,-0.001449,-0.000126,-0.001899,-0.001593
1614.725496,9.019,5.050233,-0.001444,-0.000127,-0.001896,-0.001595
1617.224949,9.019,5.451719,-0.001451,-0.00013,-0.001902,-0.001594
1619.726021,9.019,5.176289,-0.001453,-0.000134,-0.001897,-0.001601
1620.97365,9.019,5.339794,-0.001455,-0.000133,-0.001897,-0.001604
1623.47435,9.019,5.037218,-0.00145,-0.000126,-0.001898,-0.001599
1624.724491,9.019,5.190843,-0.001447,-0.000125,-0.001903,-0.001595
1627.239776,9.019,5.034191,-0.001448,-0.000129,-0.001897,-0.001603
1629.740166,9.019,5.263035,-0.001451,-0.000132,-0.001901,-0.001603
1631.007145,9.019,5.821599,-0.001455,-0.000133,-0.001905,-0.001603
1633.537779,9.019,5.878385,-0.001458,-0.000137,-0.001902,-0.001608
1634.787347,9.019,5.313659,-0.001457,-0.000137,-0.001902,-0.001608
1637.302821,9.019,5.783989,-0.001457,-0.00014,-0.001898,-0.001608
1638.56757,9.019,5.15658,-0.00146,-0.000139,-0.001905,-0.001606
1641.083654,9.019,5.01103,-0.001455,-0.000138,-0.001899,-0.001604
1643.598955,9.019,5.501387,-0.001455,-0.000136,-0.0019,-0.001603
1644.849757,9.019,5.403486,-0.001455,-0.000131,-0.001898,-0.0016
1647.348698,9.019,5.259955,-0.001454,-0.000131,-0.001899,-0.001597
1648.599893,9.019,5.123859,-0.001457,-0.000136,-0.001903,-0.001598
1651.098665,9.019,5.40662,-0.001459,-0.000137,-0.001898,-0.001604
1653.599322,9.019,5.411189,-0.001455,-0.000135,-0.001898,-0.001604
1654.865405,9.019,5.257032,-0.001449,-0.000133,-0.001896,-0.001603
1657.396872,9.019,5.175386,-0.001449,-0.000132,-0.001905,-0.001596
1658.647498,9.019,5.498519,-0.001447,-0.000133,-0.001899,-0.001598
1661.162058,9.019,5.196633,-0.001453,-0.000132,-0.001903,-0.001597
1663.677409,9.019,5.748239,-0.001455,-0.000133,-0.001906,-0.001595
1664.942881,9.019,5.315837,-0.001458,-0.000134,-0.001902,-0.001594
1667.443542,9.019,5.854799,-0.001457,-0.000137,-0.001902,-0.001598
1668.707372,9.019,5.254695,-0.001454,-0.000132,-0.001903,-0.001594
1671.209343,9.019,5.390365,-0.001451,-0.000127,-0.001897,-0.001593
1673.725347,9.019,5.435783,-0.001448,-0.000124,-0.001905,-0.001591
1674.97328,9.019,5.454801,-0.001445,-0.000126,-0.001903,-0.001592
1677.490385,9.019,5.255121,-0.00145,-0.000126,-0.001899,-0.001594
1678.756508,9.019,5.327418,-0.001451,-0.000126,-0.001904,-0.001591
1681.272057,9.019,5.290605,-0.001448,-0.000129,-0.0019,-0.001596
1683.803267,9.019,5.651878,-0.001446,-0.000129,-0.001901,-0.001594
1685.068129,9.019,5.554667,-0.001446,-0.000127,-0.001899,-0.001599
1687.583914,9.019,5.276103,-0.001445,-0.000127,-0.001901,-0.001592
1688.833701,9.019,6.169326,-0.001448,-0.000126,-0.001902,-0.001593
1691.334007,9.019,5.317324,-0.001448,-0.000125,-0.0019,-0.001597
1692.599358,9.019,5.261495,-0.00145,-0.000123,-0.001904,-0.001597
1695.098878,9.019,5.101654,-0.001447,-0.000122,-0.001906,-0.001591
1697.615682,9.019,5.479183,-0.001453,-0.000129,-0.001905,-0.001596
1698.880267,9.019,5.330923,-0.001458,-0.000134,-0.001902,-0.001598
1701.397051,9.019,5.737296,-0.001458,-0.000133,-0.001905,-0.001599
1702.662613,9.019,5.318387,-0.001456,-0.000129,-0.001903,-0.0016
1705.162798,9.019,5.481999,-0.001457,-0.000129,-0.001906,-0.001602
1707.693632,9.019,5.172729,-0.001454,-0.00013,-0.001906,-0.0016
1708.958824,9.019,5.364442,-0.001458,-0.000131,-0.001911,-0.0016
1711.457774,9.019,5.394296,-0.001464,-0.000132,-0.001905,-0.001603
1712.708877,9.019,5.476314,-0.001463,-0.000132,-0.001896,-0.001604
1715.224842,9.019,5.341601,-0.001465,-0.000139,-0.001899,-0.001611
1717.740898,9.019,5.574694,-0.001486,-0.000169,-0.001898,-0.001642
1718.990082,9.019,5.595624,-0.001496,-0.000176,-0.00191,-0.001645
1721.506105,9.019,5.092729,-0.001495,-0.000169,-0.001918,-0.001637
1722.772236,9.019,5.237643,-0.00149,-0.000166,-0.001917,-0.001632
1725.302371,9.019,5.330392,-0.001483,-0.000157,-0.001918,-0.001625
1727.818378,9.019,5.149143,-0.001478,-0.000155,-0.001912,-0.001622
1729.08438,9.019,5.282796,-0.001483,-0.00016,-0.001912,-0.00163
1731.614732,9.019,5.365558,-0.001493,-0.000172,-0.001914,-0.001639
1732.865292,9.019,5.193128,-0.00149,-0.00017,-0.001915,-0.001636
1735.395834,9.019,5.236792,-0.001484,-0.000166,-0.001921,-0.001637
1736.64722,9.019,5.056608,-0.001477,-0.000159,-0.001926,-0.001631
1739.177198,9.019,5.91355,-0.001482,-0.000161,-0.001923,-0.001624
1741.692848,9.019,5.417403,-0.001492,-0.000175,-0.001923,-0.001645
1742.942967,9.019,5.31998,-0.00149,-0.000175,-0.001933,-0.001639
1745.474152,9.019,5.037378,-0.001489,-0.000173,-0.001926,-0.001638
1746.724812,9.019,5.287028,-0.001493,-0.000176,-0.00193,-0.001641
1749.239842,9.019,5.132783,-0.001505,-0.000187,-0.001924,-0.001653
1751.739858,9.019,5.165293,-0.001501,-0.000179,-0.001928,-0.001644
1753.005082,9.019,5.679554,-0.001497,-0.000173,-0.001925,-0.001642
1755.537647,9.019,5.222131,-0.00149,-0.000167,-0.001925,-0.001635
1756.799327,9.019,5.31605,-0.001488,-0.000165,-0.001925,-0.001632
1759.287746,9.019,5.541653,-0.001495,-0.000174,-0.001923,-0.001637
1761.802241,9.019,5.397378,-0.001487,-0.000161,-0.00193,-0.001625
1763.05281,9.019,5.170339,-0.001488,-0.00016,-0.001927,-0.001627
1765.551971,9.019,5.668664,-0.001488,-0.000166,-0.001933,-0.001638
1766.801969,9.019,5.478599,-0.001496,-0.000177,-0.001938,-0.001648
1769.31772,9.019,5.550099,-0.001503,-0.000186,-0.001933,-0.001653
1770.583609,9.019,4.716703,-0.001506,-0.000194,-0.001932,-0.001659
1773.114011,9.019,6.143881,-0.001502,-0.000188,-0.001928,-0.001655
1775.615467,9.019,5.364973,-0.001514,-0.000197,-0.001929,-0.001658
1776.880272,9.019,5.120618,-0.001509,-0.000193,-0.001932,-0.001649
1779.395533,9.019,5.102238,-0.0015,-0.000176,-0.001935,-0.001639
1780.661972,9.019,5.836792,-0.001495,-0.000175,-0.001935,-0.001639
1783.162121,9.019,5.370392,-0.001492,-0.000173,-0.001941,-0.001639
1785.693944,9.019,5.482636,-0.001499,-0.000176,-0.001934,-0.001641
1786.958832,9.019,5.192331,-0.001505,-0.000182,-0.001934,-0.001644
1789.475128,9.019,5.579049,-0.001502,-0.000183,-0.001928,-0.001645
1790.723617,9.019,5.4931,-0.001499,-0.000177,-0.001933,-0.001642
1793.224304,9.019,5.091242,-0.001491,-0.000174,-0.001939,-0.001637
1795.740118,9.019,5.323062,-0.001475,-0.000159,-0.00194,-0.001625
1796.990146,9.019,5.245665,-0.001475,-0.000153,-0.001934,-0.00162
1799.521351,9.019,5.494322,-0.001495,-0.000157,-0.001937,-0.001623
1800.787905,9.019,5.346116,-0.0015,-0.000167,-0.001936,-0.001627
1803.303102,9.019,5.36338,-0.001503,-0.000174,-0.001937,-0.001635
1805.803563,9.019,5.258945,-0.001501,-0.000167,-0.001938,-0.001628
1807.064285,9.019,5.416979,-0.001495,-0.000166,-0.001931,-0.001629
1809.582977,9.019,5.170977,-0.001488,-0.000159,-0.001932,-0.00162
1810.833842,9.019,5.184203,-0.001486,-0.00016,-0.001929,-0.001623
1813.334156,9.019,5.194881,-0.00149,-0.000159,-0.00193,-0.001622
1814.599989,9.019,5.369914,-0.001493,-0.000163,-0.001932,-0.001624
1817.115293,9.019,5.157165,-0.001498,-0.000172,-0.00193,-0.001632
1819.64737,9.019,4.95571,-0.001495,-0.000168,-0.001939,-0.00163
1820.912834,9.019,5.327523,-0.001493,-0.000168,-0.001936,-0.001629
1823.427978,9.019,5.198705,-0.001495,-0.000169,-0.001942,-0.001629
1824.677489,9.019,5.513712,-0.001493,-0.000171,-0.001939,-0.00163
1827.19283,9.019,5.367364,-0.001492,-0.000169,-0.001944,-0.001629
1829.708645,9.019,5.274456,-0.00149,-0.000165,-0.001937,-0.001623
1830.974729,9.019,5.45921,-0.001488,-0.00016,-0.001941,-0.00162
1833.475863,9.019,5.519874,-0.001481,-0.000154,-0.00193,-0.001615
1834.724184,9.019,5.172145,-0.00148,-0.000157,-0.001932,-0.001615
1837.22182,9.019,5.736393,-0.001482,-0.000154,-0.001935,-0.001614
1839.725357,9.019,5.022079,-0.001481,-0.000151,-0.001937,-0.00161
1840.974153,9.019,5.489064,-0.001482,-0.000153,-0.001934,-0.001611
1843.490391,9.019,5.121415,-0.00148,-0.000151,-0.001928,-0.001614
1844.756005,9.019,5.237626,-0.00148,-0.00015,-0.001931,-0.001612
1847.287553,9.019,5.168852,-0.001479,-0.00015,-0.001923,-0.001612
1849.803481,9.019,5.083699,-0.001475,-0.000149,-0.001928,-0.00161
1851.067482,9.019,5.335279,-0.001475,-0.000146,-0.001923,-0.001613
1853.583831,9.019,5.300911,-0.001471,-0.000141,-0.001927,-0.001611
1854.833959,9.019,5.694481,-0.001469,-0.000144,-0.00192,-0.001614
1857.348624,9.019,5.790523,-0.001473,-0.000155,-0.001921,-0.001619
1858.598874,9.019,5.31674,-0.001478,-0.000156,-0.00192,-0.001621
1861.100363,9.019,5.20747,-0.001477,-0.000152,-0.001919,-0.001615
1863.614289,9.019,5.379954,-0.001475,-0.000151,-0.001913,-0.001615
1864.86457,9.018,5.366939,-0.00148,-0.000152,-0.001919,-0.001617
1867.380605,9.018,5.267603,-0.001479,-0.000153,-0.001915,-0.00162
1868.646063,9.018,5.0735,-0.00148,-0.000156,-0.001913,-0.001623
1871.177851,9.018,5.171879,-0.00148,-0.000159,-0.001913,-0.001627
1873.693457,9.018,5.2216,-0.001485,-0.000165,-0.001906,-0.00163
1874.958064,9.018,5.293952,-0.001484,-0.000164,-0.001904,-0.001629
1877.475588,9.018,5.514508,-0.001483,-0.00016,-0.001905,-0.001626
1878.739341,9.018,5.20508,-0.001484,-0.000164,-0.001907,-0.001627
1881.255469,9.018,5.008969,-0.001491,-0.00017,-0.001903,-0.001632
1883.787524,9.018,5.354084,-0.001488,-0.000168,-0.001911,-0.001626
1885.037175,9.018,5.360831,-0.001484,-0.000163,-0.001903,-0.001623
1887.552968,9.018,5.833073,-0.001478,-0.000155,-0.001907,-0.00162
1888.819106,9.018,4.921937,-0.001479,-0.000158,-0.001902,-0.001623
1891.335066,9.018,5.67286,-0.001481,-0.000158,-0.001906,-0.001628
1892.599958,9.018,5.251455,-0.001482,-0.00016,-0.001909,-0.001625
1895.115069,9.018,5.258095,-0.001484,-0.000163,-0.001909,-0.00163
1897.630364,9.018,5.480033,-0.001481,-0.000162,-0.00191,-0.001628
1898.897435,9.018,5.310047,-0.001479,-0.000161,-0.001917,-0.001622
1901.396613,9.018,5.145797,-0.001475,-0.000151,-0.00191,-0.001615
1902.662541,9.018,5.282955,-0.001474,-0.000152,-0.001911,-0.001619
1905.177445,9.018,5.681095,-0.001479,-0.000157,-0.001903,-0.001621
1907.692843,9.018,5.222025,-0.001482,-0.000157,-0.001902,-0.001624
1908.942729,9.018,5.985051,-0.001482,-0.000155,-0.001908,-0.001623
1911.44271,9.018,5.496925,-0.00148,-0.000155,-0.001909,-0.00162
1912.69346,9.018,5.472596,-0.001479,-0.000158,-0.001902,-0.001624
1915.208845,9.018,5.731134,-0.001484,-0.000159,-0.001905,-0.001627
1917.72449,9.018,5.291402,-0.001486,-0.000156,-0.001909,-0.001625
1918.975361,9.018,5.29852,-0.001484,-0.000155,-0.001908,-0.001622
1921.489095,9.018,5.530551,-0.001477,-0.000151,-0.001907,-0.001619
1922.755947,9.018,5.314828,-0.001475,-0.00015,-0.00191,-0.001615
1925.28796,9.018,5.038074,-0.001471,-0.000145,-0.001911,-0.001612
1927.787323,9.018,5.213951,-0.001468,-0.000139,-0.001909,-0.001614
1929.052599,9.018,5.504043,-0.001465,-0.000135,-0.001911,-0.001613
1931.567886,9.018,5.35743,-0.001458,-0.000134,-0.001908,-0.001608
1932.81893,9.018,5.370126,-0.001455,-0.000133,-0.001915,-0.001605
1935.333923,9.018,5.087417,-0.001456,-0.000134,-0.00191,-0.001606
1936.583583,9.018,5.165983,-0.001455,-0.000136,-0.001913,-0.001606
1939.083251,9.018,5.320512,-0.001458,-0.000135,-0.001915,-0.001603
1941.58413,9.018,5.089968,-0.001454,-0.000129,-0.001912,-0.001605
1942.833457,9.018,5.28678,-0.001454,-0.000131,-0.001916,-0.001605
1945.328653,9.018,5.391587,-0.001457,-0.000136,-0.001915,-0.001606
1946.582713,9.018,5.658306,-0.001456,-0.000139,-0.00191,-0.001611
1949.084196,9.018,5.285665,-0.001461,-0.000143,-0.001913,-0.001612
1951.599562,9.018,5.166992,-0.001467,-0.000145,-0.001919,-0.001613
1952.865387,9.018,5.104841,-0.001464,-0.00015,-0.001909,-0.001618
1955.396995,9.018,5.582237,-0.001474,-0.000151,-0.001912,-0.001618
1956.661211,9.018,5.258732,-0.001475,-0.000151,-0.001908,-0.001619
1959.162466,9.018,5.418041,-0.001471,-0.000152,-0.001903,-0.00162
1961.677969,9.018,5.064151,-0.001467,-0.000151,-0.001909,-0.001614
1962.928238,9.018,5.974746,-0.00147,-0.000147,-0.001907,-0.001616
1965.428222,9.018,5.195836,-0.001468,-0.000146,-0.001902,-0.001614
1966.692283,9.018,5.458201,-0.001468,-0.000141,-0.001907,-0.001611
1969.192949,9.018,5.303672,-0.001463,-0.000141,-0.00191,-0.001614
1971.690911,9.018,5.564866,-0.001463,-0.000139,-0.001909,-0.001612
1972.943818,9.018,5.393978,-0.001463,-0.000137,-0.001905,-0.001613
1975.458595,9.018,5.521414,-0.001461,-0.000135,-0.001906,-0.001611
1976.7092,9.018,5.435412,-0.001459,-0.000138,-0.001907,-0.001612
1979.209259,9.018,5.577934,-0.001461,-0.000142,-0.0019,-0.001611
1981.707532,9.018,5.205664,-0.001459,-0.00014,-0.001903,-0.001608
1982.958335,9.018,5.177351,-0.001458,-0.000144,-0.001899,-0.001613
1985.474559,9.018,5.334217,-0.001463,-0.000145,-0.001902,-0.001614
1986.725832,9.018,5.47164,-0.001463,-0.000145,-0.001899,-0.001614
1989.225796,9.018,5.276369,-0.001465,-0.000144,-0.001893,-0.001612
1991.740094,9.018,5.33002,-0.001461,-0.000144,-0.001896,-0.001606
1993.005099,9.018,5.590258,-0.001463,-0.000142,-0.001902,-0.001608
1995.520853,9.018,5.698624,-0.001464,-0.000143,-0.001901,-0.001606
1996.77185,9.018,5.088002,-0.001459,-0.000134,-0.0019,-0.001606
1999.301871,9.018,4.327918,-0.001454,-0.00013,-0.001906,-0.001606
2001.802345,9.018,5.467709,-0.001455,-0.000134,-0.001906,-0.001606
2003.053424,9.018,5.150047,-0.001457,-0.000139,-0.0019,-0.00161
2005.581045,9.018,5.984201,-0.001459,-0.000138,-0.001905,-0.001605
2006.817859,9.018,5.411985,-0.001458,-0.000139,-0.001902,-0.001604
2009.317697,9.018,5.273819,-0.001457,-0.000132,-0.0019,-0.001603
2011.801361,9.018,5.132995,-0.001457,-0.000135,-0.001904,-0.001603
2013.067124,9.018,5.428825,-0.001458,-0.000137,-0.001904,-0.001607
2015.564801,9.018,5.140697,-0.001459,-0.000137,-0.001902,-0.001608
2016.803177,9.018,5.261601,-0.001459,-0.000138,-0.001909,-0.001605
2019.318576,9.018,5.20832,-0.001458,-0.000137,-0.001905,-0.001605
2020.584113,9.018,5.459529,-0.00146,-0.000138,-0.001905,-0.001607
2023.115822,9.018,5.262239,-0.001463,-0.000142,-0.001904,-0.001607
2025.645437,9.018,5.533526,-0.001461,-0.000137,-0.001903,-0.00161
2026.897321,9.018,5.338997,-0.001461,-0.000135,-0.001907,-0.001607
2029.396681,9.018,5.311056,-0.001464,-0.000138,-0.001903,-0.001612
2030.645444,9.018,5.737083,-0.001461,-0.000134,-0.001903,-0.001609
2033.178352,9.018,5.540431,-0.001462,-0.000134,-0.00191,-0.001605
2035.693174,9.018,5.411136,-0.001459,-0.000131,-0.001906,-0.001602
2036.943093,9.018,4.813444,-0.001458,-0.00013,-0.001903,-0.001604
2039.458695,9.018,5.700537,-0.001455,-0.000131,-0.001904,-0.001602
2040.724196,9.018,5.333686,-0.001457,-0.000135,-0.001901,-0.001605
2043.240364,9.018,5.292039,-0.001458,-0.000138,-0.001901,-0.001609
2045.770893,9.018,5.289224,-0.00146,-0.000136,-0.001904,-0.001606
2047.037206,9.018,5.658996,-0.00146,-0.000135,-0.001901,-0.001604
2049.552434,9.018,5.310632,-0.001461,-0.000133,-0.001911,-0.001602
2050.818757,9.018,5.377139,-0.001457,-0.000131,-0.001902,-0.001601
2053.33441,9.018,5.043644,-0.001459,-0.000133,-0.001908,-0.0016
2054.599479,9.018,5.483167,-0.001457,-0.000135,-0.001904,-0.001601
2057.114961,9.018,5.323593,-0.001457,-0.000133,-0.001907,-0.001604
2059.646177,9.018,5.8446,-0.001448,-0.000123,-0.001911,-0.001594
2060.912009,9.018,5.38755,-0.001447,-0.000126,-0.001907,-0.001592
2063.443425,9.018,5.282478,-0.00145,-0.000127,-0.001907,-0.001596
2064.708896,9.018,5.829195,-0.001451,-0.000125,-0.001908,-0.001595
2067.207702,9.018,5.000725,-0.001452,-0.000129,-0.001904,-0.001595
2069.724,9.018,5.469622,-0.001451,-0.00013,-0.001902,-0.001594
2070.974269,9.018,5.392437,-0.00145,-0.000127,-0.001908,-0.001595
2073.48922,9.018,5.192915,-0.001452,-0.00013,-0.001904,-0.001601
2074.73963,9.018,5.081256,-0.001451,-0.000132,-0.001898,-0.001603
2077.238899,9.018,5.317165,-0.001453,-0.000133,-0.001902,-0.001602
2079.739916,9.018,5.092146,-0.001456,-0.00013,-0.001906,-0.001598
2081.005499,9.018,5.722634,-0.001453,-0.000129,-0.001905,-0.001596
2083.520935,9.018,5.160153,-0.00145,-0.000131,-0.001904,-0.001599
2084.787836,9.018,5.240883,-0.001454,-0.000134,-0.001903,-0.001605
2087.302813,9.018,5.519608,-0.001457,-0.000134,-0.001902,-0.001604
2089.815148,9.018,5.631214,-0.001453,-0.000133,-0.001901,-0.001604
2091.067721,9.018,5.313234,-0.001451,-0.000134,-0.001898,-0.001601
2093.566968,9.018,5.246302,-0.001446,-0.000131,-0.001898,-0.001594
2094.817714,9.018,5.464309,-0.001448,-0.000128,-0.001906,-0.001593
2097.333291,9.018,5.740589,-0.001447,-0.000125,-0.001907,-0.001591
2098.584261,9.018,5.151587,-0.001448,-0.00013,-0.0019,-0.001596
2101.094734,9.018,5.510206,-0.001449,-0.000131,-0.0019,-0.001596
2103.599909,9.018,5.596898,-0.001453,-0.000133,-0.0019,-0.001597
2104.849819,9.018,5.206833,-0.001455,-0.000131,-0.001907,-0.001592
2107.364918,9.018,5.057564,-0.001455,-0.000131,-0.001904,-0.001597
2108.614758,9.018,5.021611,-0.001455,-0.000129,-0.001903,-0.001597
2111.116115,9.018,5.200192,-0.001453,-0.000122,-0.001906,-0.001598
2113.614847,9.018,5.069622,-0.001452,-0.000124,-0.001902,-0.0016
2114.864777,9.018,5.475571,-0.001452,-0.000119,-0.001907,-0.001596
2117.365674,9.018,5.234421,-0.001448,-0.000125,-0.001906,-0.001595
2118.630325,9.018,5.398865,-0.001447,-0.000127,-0.0019,-0.001596
2121.147553,9.018,5.001681,-0.001448,-0.000127,-0.001906,-0.001594
2123.660932,9.018,5.365027,-0.001448,-0.00013,-0.001904,-0.001595
2124.912102,9.018,5.378703,-0.001449,-0.00013,-0.001904,-0.001596
2127.427698,9.018,5.414004,-0.00145,-0.000131,-0.001903,-0.001598
2128.69231,9.018,5.243646,-0.001451,-0.000128,-0.001908,-0.001595
2131.209175,9.018,5.296979,-0.001448,-0.000123,-0.001909,-0.001591
2133.725277,9.018,5.239343,-0.001443,-0.000117,-0.001906,-0.001588
2134.973674,9.018,5.40253,-0.001441,-0.000116,-0.001906,-0.001587
2137.474368,9.018,5.184669,-0.00144,-0.000119,-0.001905,-0.001589
2138.724636,9.018,5.28099,-0.001437,-0.00012,-0.001904,-0.001588
2141.240238,9.018,5.300751,-0.00144,-0.000118,-0.001899,-0.001586
2143.755723,9.018,5.376819,-0.001437,-0.000117,-0.001898,-0.001588
2145.022396,9.018,5.353022,-0.001441,-0.000115,-0.001901,-0.001587
2147.53665,9.018,5.482105,-0.00144,-0.000118,-0.001898,-0.001593
2148.802159,9.018,5.447204,-0.001441,-0.00012,-0.001904,-0.001594
2151.318396,9.018,5.03589,-0.001441,-0.000118,-0.001901,-0.001589
2153.818426,9.018,5.235093,-0.001446,-0.000121,-0.001902,-0.001591
2155.084553,9.018,5.25103,-0.001449,-0.000123,-0.0019,-0.001595
2157.615023,9.018,5.459741,-0.00145,-0.000127,-0.001903,-0.001598
2158.86542,9.018,5.61804,-0.001451,-0.000127,-0.001899,-0.001601
2161.39644,9.018,5.122796,-0.00145,-0.000125,-0.001902,-0.001598
2162.663059,9.018,5.18994,-0.001449,-0.000128,-0.001896,-0.001601
2165.177175,9.018,5.24848,-0.001452,-0.000125,-0.001904,-0.0016
2167.6773,9.018,5.304682,-0.001444,-0.000125,-0.001899,-0.001596
2168.928222,9.018,5.6514,-0.001443,-0.000125,-0.001898,-0.001593
2171.443201,9.018,5.205823,-0.001444,-0.000132,-0.001898,-0.001599
2172.692857,9.018,5.508027,-0.001445,-0.000128,-0.001905,-0.001598
2175.193298,9.018,5.065585,-0.001451,-0.000126,-0.001903,-0.001592
2177.708685,9.018,5.216448,-0.001449,-0.000126,-0.001903,-0.001593
2178.974892,9.018,5.482902,-0.001449,-0.000125,-0.001897,-0.001593
2181.490294,9.018,5.510471,-0.001446,-0.000127,-0.001901,-0.001591
2182.755529,9.018,5.891771,-0.001447,-0.000127,-0.001897,-0.00159
2185.271737,9.018,5.261442,-0.001451,-0.000131,-0.001899,-0.001595
2187.770434,9.018,5.168321,-0.001447,-0.000127,-0.001901,-0.001596
2189.037769,9.018,5.129861,-0.00145,-0.000128,-0.001905,-0.001597
2191.552184,9.018,5.604654,-0.001454,-0.000128,-0.001902,-0.001593
2192.802516,9.018,5.029994,-0.001451,-0.000124,-0.001907,-0.001591
2195.317209,9.018,5.140326,-0.001449,-0.000124,-0.001906,-0.001593
2197.818777,9.018,5.358918,-0.001452,-0.000128,-0.001908,-0.001596
2199.068309,9.018,5.317537,-0.001454,-0.000131,-0.001902,-0.001595
2201.583488,9.018,5.217138,-0.001455,-0.000133,-0.001897,-0.001596
2202.850155,9.018,5.375066,-0.001466,-0.00014,-0.001902,-0.001609
2205.38038,9.018,5.338626,-0.001485,-0.00016,-0.001903,-0.001627
2206.647401,9.018,5.182291,-0.001484,-0.000161,-0.001908,-0.001632
2209.16226,9.018,5.204655,-0.001483,-0.000161,-0.001902,-0.001629
2211.693641,9.018,5.271535,-0.001486,-0.000163,-0.001901,-0.001631
2212.944282,9.018,5.908186,-0.001484,-0.000159,-0.001902,-0.001627
2215.474773,9.018,5.384575,-0.001484,-0.000164,-0.00191,-0.001635
2216.740643,9.018,5.580537,-0.001482,-0.000159,-0.001914,-0.00163
2219.27038,9.018,5.093898,-0.001475,-0.000149,-0.001917,-0.001621
2221.787385,9.018,5.541016,-0.001473,-0.000156,-0.001917,-0.00162
2223.052405,9.018,5.195199,-0.001476,-0.000156,-0.00191,-0.001619
2225.55328,9.018,5.429994,-0.001477,-0.000161,-0.001908,-0.001628
2226.81748,9.018,5.13002,-0.001483,-0.000166,-0.001917,-0.001634
2229.318689,9.018,5.314031,-0.001489,-0.00016,-0.001925,-0.00163
2231.818979,9.018,5.133686,-0.001489,-0.000158,-0.00193,-0.001628
2233.083615,9.018,5.281468,-0.001484,-0.000158,-0.001924,-0.001632
2235.598673,9.018,5.190153,-0.001499,-0.000175,-0.001926,-0.001642
2236.848985,9.018,4.890859,-0.001502,-0.000175,-0.00193,-0.00164
2239.366035,9.018,5.260645,-0.001497,-0.000177,-0.001921,-0.001644
2240.615093,9.018,5.373738,-0.001507,-0.00019,-0.001925,-0.001655
2243.145511,9.018,5.358705,-0.001488,-0.000173,-0.001932,-0.001638
2245.659629,9.018,5.627549,-0.001485,-0.000174,-0.001927,-0.001637
2246.913364,9.018,5.092676,-0.00149,-0.000171,-0.001936,-0.001633
2249.427888,9.018,5.285239,-0.001495,-0.000168,-0.001938,-0.001639
2250.678129,9.018,5.688743,-0.001499,-0.000172,-0.001935,-0.001639
2253.192118,9.018,5.173366,-0.001485,-0.00016,-0.00193,-0.001626
2255.692924,9.018,5.174961,-0.001483,-0.000159,-0.001933,-0.001627
2256.958372,9.018,5.297245,-0.001483,-0.000158,-0.001939,-0.001623
2259.474969,9.018,5.298307,-0.001477,-0.000151,-0.00194,-0.001622
2260.724885,9.018,5.45496,-0.001478,-0.000152,-0.001937,-0.001622
2263.255659,9.018,5.328373,-0.001481,-0.000152,-0.001938,-0.001622
2265.786618,9.018,5.212039,-0.001485,-0.00015,-0.001932,-0.001623
2267.053339,9.018,5.637536,-0.00149,-0.000144,-0.001936,-0.00162
2269.567703,9.018,5.161415,-0.001485,-0.000149,-0.001934,-0.001617
2270.818521,9.018,5.412411,-0.001484,-0.000151,-0.001937,-0.001614
2273.349297,9.018,5.101654,-0.001482,-0.000152,-0.001941,-0.001615
2275.848913,9.018,5.309782,-0.001483,-0.000152,-0.001944,-0.001615
2277.099482,9.018,5.270897,-0.001481,-0.00015,-0.00194,-0.001614
2279.598722,9.018,5.083486,-0.001498,-0.000172,-0.001937,-0.001633
2280.849221,9.018,5.476633,-0.001504,-0.000173,-0.001945,-0.001637
2283.365292,9.018,5.131561,-0.001502,-0.000174,-0.001945,-0.001637
2284.631193,9.018,5.476155,-0.0015,-0.000175,-0.001941,-0.001638
2287.146379,9.018,5.647309,-0.001499,-0.000175,-0.001943,-0.001637
2289.662334,9.018,5.422875,-0.0015,-0.000176,-0.001937,-0.001641
2290.912868,9.018,5.405876,-0.0015,-0.000174,-0.001934,-0.001639
2293.426952,9.018,5.440405,-0.001494,-0.000168,-0.001935,-0.001633
2294.677189,9.018,5.03929,-0.001488,-0.000164,-0.001931,-0.001631
2297.194124,9.018,6.103881,-0.001494,-0.000163,-0.001937,-0.001629
2299.708252,9.018,5.562051,-0.001481,-0.000153,-0.001932,-0.00162
2300.974374,9.018,5.720988,-0.001478,-0.000146,-0.001932,-0.001617
2303.490376,9.018,5.178892,-0.00148,-0.000148,-0.001932,-0.001617
2304.755407,9.018,5.366036,-0.001483,-0.00015,-0.001936,-0.001617
2307.271637,9.018,5.308347,-0.001482,-0.000155,-0.001931,-0.001623
2309.802384,9.018,5.774322,-0.001486,-0.000164,-0.001931,-0.00163
2311.052805,9.018,5.123646,-0.001488,-0.000163,-0.001935,-0.001626
2313.568358,9.018,5.74229,-0.001484,-0.000164,-0.001933,-0.001628
2314.818931,9.018,5.820271,-0.001485,-0.000163,-0.00193,-0.00163
2317.333986,9.018,5.335916,-0.001479,-0.000157,-0.001932,-0.001623
2319.834737,9.018,5.306329,-0.001475,-0.000151,-0.001929,-0.001621
2321.099106,9.018,5.297617,-0.001473,-0.00015,-0.001926,-0.001619
2323.630441,9.018,5.244921,-0.001472,-0.000146,-0.001932,-0.001613
2324.896011,9.018,5.185478,-0.001467,-0.000146,-0.001926,-0.001614
2327.412936,9.018,5.889487,-0.001471,-0.000145,-0.001927,-0.001614
2328.678193,9.018,5.153606,-0.001473,-0.000146,-0.001927,-0.001614
2331.193279,9.018,5.500697,-0.001471,-0.000145,-0.001924,-0.001613
2333.708781,9.018,5.396209,-0.001468,-0.000145,-0.001928,-0.001609
2334.958787,9.018,5.30516,-0.00147,-0.000147,-0.001929,-0.001609
2337.474268,9.018,5.033606,-0.001466,-0.000144,-0.001922,-0.00161
2338.725218,9.018,5.165824,-0.001466,-0.000146,-0.001926,-0.001612
2341.2554,9.018,5.230099,-0.001466,-0.000144,-0.001927,-0.001614
2343.770277,9.018,5.554773,-0.001467,-0.000143,-0.001921,-0.001611
2345.022883,9.018,5.303885,-0.001467,-0.000142,-0.001924,-0.001609
2347.537243,9.018,5.40237,-0.001464,-0.000143,-0.001926,-0.001607
2348.802505,9.018,5.286674,-0.001462,-0.000142,-0.001923,-0.001605
2351.317631,9.018,5.218998,-0.001463,-0.000136,-0.001923,-0.0016
2353.834886,9.018,5.501971,-0.001463,-0.000133,-0.001924,-0.001599
2355.098495,9.018,5.258307,-0.001463,-0.000131,-0.001923,-0.001596
2357.598736,9.018,5.569594,-0.00146,-0.000126,-0.001923,-0.001596
2358.849865,9.018,5.010127,-0.001458,-0.000132,-0.001917,-0.001601
2361.365131,9.018,5.418626,-0.001463,-0.00014,-0.001912,-0.001613
2362.630913,9.018,5.297883,-0.001466,-0.000143,-0.001915,-0.001613
2365.147523,9.018,5.363008,-0.00147,-0.00015,-0.001907,-0.00162
2367.662923,9.018,5.278175,-0.001472,-0.000151,-0.001906,-0.001622
2368.928248,9.018,5.618571,-0.001472,-0.00015,-0.00191,-0.001618
2371.443376,9.018,5.229303,-0.001471,-0.000149,-0.001905,-0.001615
2372.69413,9.018,5.499316,-0.00147,-0.000144,-0.001907,-0.001614
2375.207967,9.018,5.23403,-0.001471,-0.000151,-0.0019,-0.001618
2377.708137,9.018,5.479183,-0.001474,-0.000153,-0.001907,-0.001621
2378.958964,9.018,5.371082,-0.001471,-0.000152,-0.001906,-0.00162
2381.474419,9.018,5.61294,-0.001466,-0.000144,-0.001911,-0.001615
2382.724816,9.018,5.515039,-0.001464,-0.000144,-0.001904,-0.001615
2385.256389,9.018,5.208234,-0.001467,-0.000144,-0.001902,-0.001614
2387.767604,9.018,5.349144,-0.00147,-0.000145,-0.001903,-0.001612
2389.022969,9.018,5.327471,-0.001469,-0.000147,-0.001896,-0.001617
2391.537486,9.018,5.435836,-0.001471,-0.000147,-0.001905,-0.001611
2392.802017,9.018,5.155146,-0.001474,-0.000149,-0.001898,-0.001611
2395.317871,9.018,5.518226,-0.00147,-0.000144,-0.001902,-0.001611
2397.833859,9.018,5.378785,-0.001465,-0.000138,-0.001901,-0.001604
2399.084176,9.018,5.779368,-0.001465,-0.000139,-0.001896,-0.001606
2401.614264,9.018,5.145797,-0.001467,-0.00014,-0.001904,-0.001604
2402.880675,9.018,5.479926,-0.001467,-0.000141,-0.0019,-0.001608
2405.397256,9.018,4.905745,-0.001466,-0.000143,-0.001896,-0.001611
2406.644475,9.018,5.400564,-0.001465,-0.000141,-0.001904,-0.001611
2409.147511,9.018,5.155146,-0.001463,-0.000141,-0.001908,-0.001607
2411.645972,9.018,5.122477,-0.001456,-0.000139,-0.001903,-0.001606
2412.911776,9.018,5.199768,-0.001456,-0.000137,-0.001899,-0.001607
2415.441085,9.018,5.554561,-0.001454,-0.000133,-0.001905,-0.001601
2416.693434,9.018,5.645504,-0.001456,-0.000136,-0.001901,-0.001609
2419.20802,9.018,5.314881,-0.001457,-0.000139,-0.001907,-0.001609
2421.708444,9.018,5.148187,-0.001457,-0.000142,-0.001904,-0.001611
2422.958834,9.018,5.059157,-0.00146,-0.000144,-0.001899,-0.001614
2425.475366,9.018,5.54553,-0.001464,-0.000141,-0.001904,-0.001613
2426.724602,9.018,5.288215,-0.001462,-0.000141,-0.001905,-0.001609
2429.240385,9.018,5.064785,-0.001461,-0.000142,-0.001904,-0.00161
2431.755962,9.018,5.250286,-0.001468,-0.000147,-0.001906,-0.001615
2433.022233,9.018,5.642316,-0.00147,-0.000151,-0.001901,-0.001617
2435.552684,9.018,5.380963,-0.001462,-0.000146,-0.001902,-0.001609
2436.803385,9.018,5.332995,-0.001467,-0.000145,-0.001904,-0.001609
2439.317514,9.018,5.322159,-0.001467,-0.000146,-0.001907,-0.001612
2441.81957,9.018,5.23079,-0.001467,-0.000148,-0.001908,-0.001615
2443.0661,9.018,5.324177,-0.001466,-0.000145,-0.001912,-0.001611
2445.567542,9.018,5.893789,-0.001467,-0.00014,-0.001909,-0.001609
2446.818836,9.018,5.095173,-0.001467,-0.000139,-0.001907,-0.001607
2449.349034,9.018,5.408055,-0.001462,-0.000138,-0.001906,-0.001607
2451.849442,9.018,5.37905,-0.001461,-0.000137,-0.001906,-0.001609
2453.115064,9.018,5.412358,-0.001462,-0.000139,-0.001907,-0.001609
2455.615242,9.018,5.467072,-0.001461,-0.000139,-0.001901,-0.001609
2456.880592,9.018,5.256502,-0.001456,-0.00014,-0.001898,-0.001606
2459.41084,9.018,5.277378,-0.001458,-0.000141,-0.001908,-0.001606
2460.662019,9.018,5.397005,-0.001454,-0.00014,-0.001902,-0.00161
2463.178604,9.018,5.433658,-0.001454,-0.000141,-0.001905,-0.001609
2465.692858,9.018,5.573791,-0.001456,-0.000135,-0.001909,-0.001604
2466.958305,9.018,5.715516,-0.001454,-0.000134,-0.001908,-0.001604
2469.45895,9.018,5.184203,-0.001454,-0.000136,-0.00191,-0.001607
2470.708826,9.018,5.223088,-0.001456,-0.000141,-0.001905,-0.001608
2473.224143,9.018,5.34925,-0.001456,-0.000142,-0.001906,-0.00161
2475.724218,9.018,5.108506,-0.00146,-0.000141,-0.001908,-0.001608
2476.975231,9.018,5.252889,-0.001459,-0.000142,-0.001908,-0.001608
2479.473753,9.018,5.445186,-0.001459,-0.000141,-0.001901,-0.001607
2480.723516,9.018,5.418519,-0.001457,-0.000139,-0.001905,-0.001603
2483.224407,9.018,5.437696,-0.001456,-0.000141,-0.001904,-0.001604
2485.755191,9.018,5.265267,-0.001456,-0.00014,-0.001901,-0.001602
2487.004983,9.018,5.582078,-0.001456,-0.000139,-0.001908,-0.001599
2489.522261,9.018,5.005559,-0.001457,-0.000132,-0.001904,-0.001599
2490.787237,9.018,5.551533,-0.001453,-0.000128,-0.001905,-0.001597
2493.302593,9.018,5.250499,-0.001448,-0.000124,-0.001903,-0.001593
2495.802318,9.018,5.414322,-0.001446,-0.000123,-0.001901,-0.001594
2497.052834,9.018,5.217723,-0.001446,-0.000126,-0.001897,-0.0016
2499.568055,9.018,5.117377,-0.001449,-0.000129,-0.001906,-0.001599
2500.834292,9.018,5.072013,-0.001452,-0.000127,-0.001902,-0.001599
2503.350375,9.018,4.588507,-0.001452,-0.000127,-0.001903,-0.001594
2505.865929,9.018,5.321096,-0.001448,-0.00013,-0.001901,-0.001596
2507.130368,9.018,5.125452,-0.001453,-0.000131,-0.001902,-0.001598
2509.630449,9.018,5.411401,-0.001451,-0.000129,-0.001903,-0.001595
2510.897386,9.018,5.071587,-0.001454,-0.000132,-0.001897,-0.001601
2513.427204,9.018,5.440192,-0.001457,-0.000129,-0.001901,-0.001598
2514.693392,9.018,5.076765,-0.001458,-0.000131,-0.001904,-0.0016
2517.209296,9.018,5.303513,-0.001456,-0.000132,-0.001902,-0.001602
2519.725054,9.018,5.251827,-0.001456,-0.000131,-0.001896,-0.001599
2520.991361,9.018,5.611241,-0.001453,-0.000126,-0.001895,-0.0016
2523.505837,9.018,5.206302,-0.001451,-0.000128,-0.001892,-0.001599
2524.770895,9.018,5.329542,-0.001453,-0.00013,-0.0019,-0.0016
2527.302474,9.018,4.78044,-0.001457,-0.000135,-0.001895,-0.001606
2529.803582,9.018,5.850762,-0.001452,-0.00013,-0.001895,-0.001604
2531.067545,9.018,5.052464,-0.001451,-0.000129,-0.001895,-0.001605
2533.59867,9.018,5.210738,-0.001454,-0.00013,-0.001899,-0.001603
2534.848821,9.018,5.692462,-0.00145,-0.00013,-0.001892,-0.001601
2537.348988,9.018,5.336552,-0.001455,-0.000132,-0.001894,-0.001602
2539.865461,9.018,5.201627,-0.001458,-0.000131,-0.001896,-0.001603
2541.130249,9.018,5.312172,-0.001458,-0.00013,-0.001895,-0.001605
2543.630597,9.018,5.638279,-0.001458,-0.000133,-0.001904,-0.001606
2544.897083,9.018,5.034828,-0.001459,-0.000134,-0.00191,-0.001605
2547.427749,9.018,5.349728,-0.001454,-0.000129,-0.001904,-0.0016
2548.693281,9.024,5.284337,-0.001453,-0.000123,-0.001901,-0.001597
2551.223786,9.026,5.321362,-0.001447,-0.000121,-0.001905,-0.001593
2553.723786,9.025,5.243062,-0.001437,-0.000107,-0.001896,-0.001587
2557.487436,9.028,5.137882,-0.00143,-0.000109,-0.001898,-0.001588
2558.739268,9.028,5.21257,-0.001433,-0.000109,-0.001908,-0.001587
2561.27197,9.026,5.12662,-0.001437,-0.000112,-0.001904,-0.001592
2563.798495,9.026,5.257617,-0.001439,-0.000119,-0.001909,-0.001591
2565.052587,9.026,5.46739,-0.001442,-0.000122,-0.001902,-0.001595
2567.568606,9.026,5.55233,-0.001445,-0.000126,-0.001908,-0.001596
2568.816035,9.026,5.979474,-0.001446,-0.000128,-0.001903,-0.001573
2571.319235,9.026,4.977817,-0.001449,-0.000131,-0.001905,-0.001574
2573.816766,9.026,5.124815,-0.001451,-0.000132,-0.001903,-0.001575
2575.068243,9.026,5.066276,-0.001452,-0.000128,-0.001908,-0.001572
2575.3355800000004,9.026,5.158068,-0.001456,-0.000133,-0.001907,-0.001575
2576.578223,9.026,5.252995,-0.001456,-0.000134,-0.001902,-0.001576
2577.8436300000003,9.026,5.391534,-0.001457,-0.000134,-0.001909,-0.001573
2580.3432700000003,9.026,5.289383,-0.001457,-0.000134,-0.001904,-0.001576
2581.6088170000003,9.026,5.319768,-0.001456,-0.000133,-0.001904,-0.001577
2584.1255020000003,9.026,5.824626,-0.001454,-0.000132,-0.001904,-0.001571
2586.639639,9.026,5.286196,-0.001445,-0.000126,-0.001898,-0.001564
2587.890068,9.026,5.421122,-0.001441,-0.000127,-0.001905,-0.001564
2590.421983,9.026,5.138785,-0.001437,-0.00013,-0.001901,-0.001564
2591.671753,9.026,5.079662,-0.001435,-0.000127,-0.001909,-0.001561
2594.2036110000004,9.025,5.257882,-0.001432,-0.000131,-0.001902,-0.001562
2597.983978,9.024,5.004004,-0.001423,-0.000127,-0.001899,-0.001552
2600.515144,9.023,4.813397,-0.001424,-0.000131,-0.001906,-0.001549
2601.766187,9.022,5.211486,-0.001424,-0.00013,-0.001903,-0.001545
2604.265318,9.021,5.260592,-0.001416,-0.00013,-0.001898,-0.001541
2606.7646240000004,9.02,4.898206,-0.001413,-0.000134,-0.001899,-0.001543
2608.014653,9.02,4.710506,-0.001412,-0.000136,-0.00191,-0.001542
2610.5321670000003,9.019,4.762073,-0.001407,-0.000132,-0.001903,-0.00154
2611.780055,9.018,5.127658,-0.001402,-0.000129,-0.001905,-0.001534
2614.296805,9.018,5.153977,-0.001393,-0.000124,-0.001908,-0.001521
2615.562746,9.017,4.879187,-0.001394,-0.000125,-0.001904,-0.00152
2618.093081,9.016,4.647745,-0.001396,-0.000129,-0.001904,-0.001522
2620.592893,9.015,4.979467,-0.001392,-0.000134,-0.001903,-0.001528
2621.843124,9.014,4.364148,-0.0014,-0.000146,-0.001906,-0.001535
2624.3589570000004,9.014,4.530367,-0.001408,-0.000161,-0.001906,-0.001548
2628.140185,9.012,4.365336,-0.001412,-0.000168,-0.001909,-0.001548
2630.6402230000003,9.011,4.382567,-0.001421,-0.00018,-0.001915,-0.001555
2631.8912530000002,9.01,4.471563,-0.001417,-0.000179,-0.001924,-0.001552
2634.389677,9.009,4.449727,-0.001406,-0.000175,-0.00192,-0.001542
2635.640021,9.009,4.223097,-0.001405,-0.000174,-0.001914,-0.001542
2638.155806,9.008,4.690707,-0.001399,-0.000169,-0.001913,-0.001538
2640.671296,9.007,4.412123,-0.001395,-0.000176,-0.001919,-0.001536
2641.9366360000004,9.006,4.372477,-0.001394,-0.000176,-0.001916,-0.001536
2644.46848,9.005,4.371236,-0.00138,-0.000162,-0.001937,-0.001521
2645.7341380000003,9.005,4.254356,-0.001377,-0.000164,-0.001937,-0.001523
2648.2656890000003,9.004,4.063701,-0.001364,-0.000159,-0.00192,-0.001521
2649.530141,9.003,4.305626,-0.001365,-0.000152,-0.001927,-0.001511
2652.03193,9.002,4.486036,-0.001372,-0.000164,-0.00193,-0.00152
2654.5262000000002,9.001,4.013953,-0.001381,-0.00017,-0.001942,-0.001516
2655.7652540000004,9.001,3.94951,-0.001379,-0.000173,-0.001937,-0.001518
2658.276346,9.0,4.073096,-0.001385,-0.00018,-0.001938,-0.001525
2659.530075,8.999,4.196894,-0.001381,-0.000183,-0.00194,-0.001525
2662.031453,8.998,4.0935,-0.001371,-0.000176,-0.00194,-0.001515
2664.544754,8.997,3.797133,-0.001367,-0.000177,-0.001934,-0.001514
2665.7966020000003,8.997,3.779477,-0.001362,-0.000171,-0.00194,-0.001507
2668.328617,8.996,4.247485,-0.001354,-0.000172,-0.00194,-0.001506
2669.593228,8.995,3.945627,-0.001353,-0.000172,-0.001942,-0.001502
2672.125186,8.994,3.879062,-0.001365,-0.000186,-0.001946,-0.001509
2674.640136,8.993,4.069017,-0.001364,-0.00019,-0.00195,-0.001502
2675.890093,8.993,3.794003,-0.001363,-0.000193,-0.001942,-0.001507
2678.3901800000003,8.992,3.829697,-0.001352,-0.000191,-0.00194,-0.001507
2679.6562320000003,8.991,3.846732,-0.001349,-0.000185,-0.001948,-0.001503
2682.1707060000003,8.99,3.670258,-0.001343,-0.00018,-0.001944,-0.001496
2684.6867770000003,8.989,3.672385,-0.001345,-0.000181,-0.00195,-0.001484
2685.936447,8.989,3.731804,-0.001343,-0.000185,-0.001949,-0.001483
2688.467576,8.988,3.874658,-0.001338,-0.000189,-0.001944,-0.001491
2689.7198430000003,8.988,3.581018,-0.001332,-0.000192,-0.001941,-0.001495
2692.2337270000003,8.986,3.633683,-0.001327,-0.000195,-0.001934,-0.001495
2694.733444,8.985,3.499206,-0.001334,-0.000198,-0.001936,-0.001494
2695.9831940000004,8.985,3.74242,-0.001334,-0.000192,-0.001946,-0.001485
2698.483446,8.984,3.43523,-0.001325,-0.000187,-0.001947,-0.001477
2699.7342240000003,8.983,3.344711,-0.001321,-0.000186,-0.001939,-0.001472
2702.250035,8.982,3.756861,-0.001305,-0.000179,-0.001943,-0.001464
2704.765698,8.981,3.342117,-0.001303,-0.000176,-0.001942,-0.001459
2706.014955,8.98,3.208791,-0.001306,-0.000181,-0.001946,-0.001459
2708.515679,8.98,3.288815,-0.001316,-0.000188,-0.00195,-0.001461
2709.781109,8.979,3.35521,-0.001318,-0.00019,-0.001945,-0.001464
2712.297073,8.978,3.341937,-0.001324,-0.000196,-0.001949,-0.001461
2713.562057,8.977,3.469762,-0.001319,-0.000198,-0.001945,-0.001458
2716.093319,8.976,3.396289,-0.001306,-0.000188,-0.001949,-0.00145
2719.858702,8.975,4.341526,-0.001299,-0.000188,-0.001945,-0.001443
2722.3908450000004,8.974,3.121769,-0.0013,-0.000197,-0.001938,-0.001455
2723.638985,8.973,3.012141,-0.001304,-0.000202,-0.001942,-0.001459
2726.1400830000002,8.972,3.17272,-0.001293,-0.0002,-0.001942,-0.001458
2728.6561060000004,8.971,3.271775,-0.001293,-0.000206,-0.001938,-0.001456
2732.4385930000003,8.969,3.00874,-0.0013,-0.000209,-0.001944,-0.001456
2733.703176,8.969,3.501232,-0.0013,-0.000211,-0.001946,-0.001456
2736.233697,8.968,3.151186,-0.001296,-0.000214,-0.001939,-0.001454
2738.733397,8.967,2.540435,-0.001296,-0.000217,-0.001936,-0.001452
2739.984205,8.967,2.957396,-0.001295,-0.000214,-0.001944,-0.001452
2742.5166010000003,8.966,2.958924,-0.001289,-0.000219,-0.001938,-0.001455
2743.780845,8.965,2.890492,-0.00129,-0.000217,-0.001946,-0.001451
2746.310105,8.964,2.81122,-0.001287,-0.000215,-0.001943,-0.001446
2747.5624110000003,8.964,3.442758,-0.001281,-0.00021,-0.001939,-0.001442
2750.0791,8.963,2.866825,-0.001273,-0.000209,-0.001938,-0.001438
2752.593037,8.961,2.40148,-0.00127,-0.00021,-0.001934,-0.001439
2753.859002,8.961,2.935671,-0.001275,-0.000221,-0.001933,-0.001444
2756.375689,8.96,2.775511,-0.001283,-0.000226,-0.00195,-0.001446
2757.624248,8.959,2.763627,-0.001279,-0.000222,-0.001949,-0.001441
2760.1404430000002,8.958,2.682791,-0.001271,-0.000222,-0.001941,-0.001438
2762.657225,8.957,2.689247,-0.001269,-0.000223,-0.001941,-0.001433
2763.906348,8.956,2.584569,-0.001266,-0.000217,-0.001937,-0.001431
2766.4216770000003,8.955,2.620438,-0.001265,-0.000223,-0.001931,-0.001429
2767.688083,8.955,2.707683,-0.001261,-0.000218,-0.001932,-0.001419
2770.2186110000002,8.953,2.569449,-0.001254,-0.000213,-0.001935,-0.001418
2772.719578,8.952,2.571821,-0.001252,-0.000218,-0.001935,-0.00142
2773.9834410000003,8.952,3.60678,-0.001249,-0.000216,-0.001933,-0.001417
2776.5001380000003,8.951,2.489011,-0.001241,-0.000211,-0.001931,-0.001408
2777.749631,8.95,2.612528,-0.001236,-0.000213,-0.001927,-0.001411
2780.250333,8.949,2.50394,-0.001234,-0.000212,-0.001925,-0.001408
2782.765674,8.948,2.466008,-0.001238,-0.000215,-0.001933,-0.001404
2784.013813,8.948,2.443216,-0.001238,-0.000218,-0.001933,-0.001405
2786.5311930000003,8.947,2.663045,-0.001238,-0.000222,-0.001934,-0.001411
2787.7809660000003,8.946,2.272933,-0.001238,-0.000219,-0.001944,-0.001406
2790.2959220000002,8.945,2.359542,-0.001232,-0.00022,-0.001943,-0.001407
2791.546572,8.945,2.269061,-0.001234,-0.00022,-0.001944,-0.001404
2794.061933,8.944,2.291327,-0.001234,-0.000216,-0.001943,-0.001399
2796.57823,8.943,2.256683,-0.001226,-0.000218,-0.00194,-0.001394
2797.84321,8.942,2.370232,-0.001224,-0.000215,-0.001944,-0.001384
2800.375163,8.941,2.241325,-0.001214,-0.000208,-0.001933,-0.001382
2801.6404890000003,8.941,2.256965,-0.00121,-0.000207,-0.001933,-0.001381
2804.1559300000004,8.94,2.090449,-0.001208,-0.000211,-0.001925,-0.001383
2806.686825,8.939,2.035274,-0.00121,-0.000211,-0.001931,-0.001382
2807.938466,8.938,2.122683,-0.001207,-0.000212,-0.001927,-0.001381
2810.4678240000003,8.937,1.481374,-0.001206,-0.000209,-0.00193,-0.001378
2811.719719,8.937,2.223563,-0.001201,-0.000209,-0.001926,-0.001374
2814.2182110000003,8.935,1.980354,-0.001194,-0.000203,-0.001923,-0.001364
2816.7334210000004,8.934,2.039221,-0.001192,-0.000207,-0.001926,-0.001369
2817.9837150000003,8.934,2.014737,-0.001193,-0.00021,-0.001926,-0.001369
2820.4991480000003,8.933,2.003289,-0.00119,-0.000207,-0.001923,-0.001367
2821.7496530000003,8.932,2.967455,-0.001189,-0.000206,-0.001931,-0.001364
2824.2645820000002,8.931,1.895417,-0.001184,-0.000202,-0.001929,-0.001355
2826.7657040000004,8.93,1.901099,-0.001177,-0.000197,-0.001925,-0.001351
2828.030554,8.93,1.863845,-0.001179,-0.000198,-0.001923,-0.001352
2830.5636790000003,8.929,1.836863,-0.001174,-0.000198,-0.001927,-0.001348
2831.829331,8.928,1.740939,-0.00117,-0.000199,-0.001925,-0.001348
2834.343808,8.927,1.772202,-0.001165,-0.000197,-0.001928,-0.001345
2835.594192,8.927,1.876016,-0.001164,-0.000197,-0.001925,-0.001347
2838.122249,8.926,1.780224,-0.001163,-0.0002,-0.001923,-0.001347
2840.6406930000003,8.925,2.343981,-0.00116,-0.000205,-0.001922,-0.001346
2841.8910760000003,8.924,1.67144,-0.001161,-0.000201,-0.001923,-0.001342
2844.3892450000003,8.923,1.659275,-0.001159,-0.000199,-0.001924,-0.001336
2845.6412990000003,8.923,1.677721,-0.001155,-0.000197,-0.001921,-0.001333
2848.1557740000003,8.921,1.644457,-0.00115,-0.000199,-0.001916,-0.001332
2850.6712770000004,8.92,1.667652,-0.001143,-0.000195,-0.001921,-0.001329
2851.937062,8.92,1.43455,-0.001139,-0.000197,-0.001915,-0.001329
2854.453703,8.919,1.616615,-0.001139,-0.000193,-0.001918,-0.001325
2855.7178190000004,8.918,1.62139,-0.001137,-0.000193,-0.001914,-0.001326
2858.234925,8.917,1.529047,-0.001142,-0.000206,-0.001918,-0.001332
2860.764149,8.916,1.573197,-0.001139,-0.000206,-0.001915,-0.001333
2862.014757,8.915,1.57011,-0.001139,-0.000203,-0.001922,-0.001329
2864.514919,8.914,1.479629,-0.001136,-0.000204,-0.001923,-0.001326
2865.765901,8.912,1.423016,-0.001135,-0.000201,-0.001921,-0.001323
2868.2652350000003,8.911,1.48921,-0.00113,-0.000199,-0.001916,-0.001322
2870.765671,8.909,1.343931,-0.001124,-0.000199,-0.001912,-0.00132
2872.016113,8.909,1.424014,-0.00112,-0.000197,-0.001912,-0.001316
2874.516431,8.909,0.655177,-0.001109,-0.000193,-0.00191,-0.001308
2875.764435,8.908,1.407949,-0.001108,-0.000192,-0.001909,-0.001308
2878.296729,8.908,1.391174,-0.001107,-0.000189,-0.001912,-0.001311
2879.56284,8.908,0.79401,-0.001112,-0.000189,-0.00191,-0.001312
2882.0935170000002,8.908,1.323532,-0.001119,-0.000182,-0.001919,-0.001306
2884.5941810000004,8.908,1.463437,-0.001119,-0.000184,-0.001917,-0.00131
2885.858665,8.908,1.406257,-0.001118,-0.000186,-0.001914,-0.001311
2888.35981,8.908,1.407201,-0.001118,-0.000182,-0.001915,-0.001311
2889.6249110000003,8.908,1.557462,-0.00112,-0.000181,-0.00191,-0.001311
2892.156262,8.909,1.567112,-0.001122,-0.000179,-0.001913,-0.001311
2894.6880490000003,8.91,1.587978,-0.001124,-0.000176,-0.001909,-0.001311
2895.953555,8.91,1.522713,-0.001126,-0.000176,-0.001913,-0.001313
2898.4834170000004,8.911,0.593052,-0.001126,-0.000173,-0.001907,-0.001312
2899.73495,8.912,1.673313,-0.001127,-0.000171,-0.001907,-0.001311
2902.234053,8.913,1.259657,-0.001129,-0.000172,-0.001908,-0.001315
2904.749556,8.914,1.544018,-0.001129,-0.000171,-0.001906,-0.001315
2906.014529,8.914,1.607177,-0.00113,-0.000173,-0.001907,-0.00132
2908.530001,8.915,1.603819,-0.001134,-0.000173,-0.0019,-0.00132
2909.7809690000004,8.916,1.708343,-0.001139,-0.000175,-0.0019,-0.001322
2912.3121600000004,8.917,1.745358,-0.001145,-0.000173,-0.0019,-0.001327
2913.5790540000003,8.917,1.785635,-0.001141,-0.000172,-0.001898,-0.001326
2916.093256,8.918,1.178083,-0.001143,-0.000166,-0.001902,-0.001325
2918.6095370000003,8.919,1.710248,-0.001149,-0.000167,-0.001899,-0.001332
2919.87492,8.92,2.227075,-0.001153,-0.000169,-0.0019,-0.001333
2922.406171,8.921,1.915004,-0.001156,-0.000172,-0.001896,-0.001336
2923.670641,8.921,1.90685,-0.001153,-0.00017,-0.0019,-0.001334
2926.187354,8.922,1.348244,-0.001157,-0.000171,-0.001903,-0.001338
2928.6879440000002,8.923,2.079355,-0.001163,-0.000171,-0.001897,-0.001341
2929.953754,8.924,1.906988,-0.001163,-0.000169,-0.001902,-0.00134
2932.4692910000003,8.925,2.006615,-0.001164,-0.000166,-0.001898,-0.00134
2933.733313,8.925,2.107473,-0.001166,-0.000166,-0.001902,-0.001339
2936.249862,8.926,2.089568,-0.001168,-0.000162,-0.001901,-0.001338
2938.7647500000003,8.927,2.084565,-0.001173,-0.000166,-0.001898,-0.001345
2940.031274,8.927,2.299502,-0.001174,-0.000165,-0.001901,-0.001345
2942.5634170000003,8.928,2.142716,-0.001176,-0.000164,-0.001899,-0.001348
2943.828575,8.929,2.264503,-0.001174,-0.000161,-0.001896,-0.001348
2946.344535,8.93,2.190373,-0.001175,-0.000157,-0.001897,-0.001349
2947.593437,8.931,2.363908,-0.001174,-0.000152,-0.001905,-0.001343
2950.108765,8.932,2.346289,-0.001175,-0.000148,-0.001904,-0.001341
2952.624404,8.932,2.339594,-0.001181,-0.000151,-0.001903,-0.001343
2953.8745390000004,8.933,2.342332,-0.001183,-0.000151,-0.001909,-0.001343
2956.3904030000003,8.934,3.300115,-0.001184,-0.000151,-0.001909,-0.001346
2957.640616,8.934,2.705556,-0.001185,-0.000152,-0.001902,-0.001351
2960.1564200000003,8.935,2.890173,-0.001188,-0.000152,-0.001906,-0.001356
2962.686704,8.936,2.371712,-0.001189,-0.000151,-0.001909,-0.001358
2963.937295,8.936,2.327525,-0.001192,-0.000152,-0.001906,-0.001359
2966.421178,8.937,2.42225,-0.001195,-0.000154,-0.001905,-0.001364
2967.688416,8.938,2.447747,-0.001196,-0.000156,-0.001904,-0.001366
2970.1852820000004,8.939,2.922164,-0.001203,-0.000156,-0.001908,-0.001369
2972.7030090000003,8.94,4.122584,-0.001209,-0.000157,-0.001908,-0.001374
2973.954145,8.94,2.4452,-0.001213,-0.000156,-0.001909,-0.001371
2976.4532900000004,8.941,2.687656,-0.001211,-0.000154,-0.001904,-0.001373
2977.7187000000004,8.942,2.648699,-0.001209,-0.000149,-0.001903,-0.00137
2980.220075,8.942,2.644694,-0.001211,-0.000149,-0.001899,-0.001372
2982.734528,8.943,2.73605,-0.001214,-0.000148,-0.001894,-0.001373
2983.9835860000003,8.944,2.70615,-0.001215,-0.000145,-0.001899,-0.00137
2986.4845010000004,8.945,2.681661,-0.001218,-0.000141,-0.001895,-0.001374
2987.7350180000003,8.945,2.677958,-0.001214,-0.000141,-0.001894,-0.001375
2990.250949,8.947,2.932536,-0.00122,-0.000142,-0.001894,-0.001376
2992.74975,8.948,2.843025,-0.001224,-0.000145,-0.001888,-0.00138
2993.99964,8.948,2.849174,-0.001224,-0.000144,-0.001893,-0.001382
2996.515793,8.949,2.900953,-0.001225,-0.000144,-0.001894,-0.001385
2997.7651730000002,8.949,2.90471,-0.001224,-0.000142,-0.001896,-0.001384
3000.281935,8.95,3.120814,-0.001226,-0.000142,-0.001893,-0.001388
3002.7962770000004,8.952,3.239736,-0.001235,-0.000142,-0.001895,-0.001393
3004.0615080000002,8.952,2.842829,-0.001236,-0.000148,-0.001896,-0.001401
3006.562244,8.953,3.132029,-0.001239,-0.000151,-0.001893,-0.001404
3007.828974,8.955,3.04219,-0.001244,-0.00015,-0.001895,-0.001406
3010.3427840000004,8.955,2.997244,-0.00125,-0.000152,-0.001896,-0.001415
3011.5931210000003,8.956,3.208775,-0.001251,-0.000151,-0.001897,-0.001414
3014.1254940000003,8.957,3.123281,-0.001253,-0.00015,-0.001897,-0.001415
3016.6558520000003,8.958,3.191718,-0.001255,-0.000138,-0.001903,-0.001407
3017.922163,8.958,3.257297,-0.001258,-0.000138,-0.0019,-0.00141
3020.4531420000003,8.959,3.381859,-0.00126,-0.000148,-0.001903,-0.001418
3021.719304,8.96,3.201767,-0.001264,-0.000149,-0.001896,-0.001422
3024.2035370000003,8.961,3.287192,-0.001273,-0.00016,-0.001895,-0.001435
3026.7187670000003,8.962,3.201724,-0.001278,-0.00016,-0.001892,-0.001437
3027.9834180000003,8.962,3.263796,-0.001279,-0.000161,-0.001894,-0.001438
3030.4845060000002,8.963,3.567405,-0.001284,-0.000161,-0.001898,-0.00144
3031.74969,8.963,3.313803,-0.001284,-0.000157,-0.001904,-0.001435
3034.249765,8.964,3.57028,-0.001281,-0.000149,-0.001908,-0.001434
3036.749901,8.965,3.709681,-0.001278,-0.000142,-0.001912,-0.00143
3038.016715,8.966,3.246936,-0.001278,-0.000141,-0.001907,-0.001432
3040.530933,8.967,3.345125,-0.001286,-0.000146,-0.001906,-0.001438
3041.7976430000003,8.967,3.459666,-0.001295,-0.000154,-0.0019,-0.001448
3044.3092380000003,8.968,3.83915,-0.001305,-0.000158,-0.001905,-0.001451
3045.563293,8.968,3.521207,-0.001307,-0.000159,-0.00191,-0.001451
3048.078585,8.969,3.73946,-0.001306,-0.000155,-0.001907,-0.001454
3050.594054,8.97,3.755694,-0.001299,-0.000147,-0.00191,-0.00145
3051.858689,8.971,3.734181,-0.001301,-0.000147,-0.001909,-0.001448
3054.3599980000004,8.972,3.850329,-0.001317,-0.000157,-0.001912,-0.001459
3055.60888,8.972,3.970264,-0.001321,-0.000158,-0.001915,-0.001464
3058.109264,8.973,4.087458,-0.001333,-0.000177,-0.001911,-0.001484
3060.6400000000003,8.974,3.711909,-0.001347,-0.000186,-0.001916,-0.001492
3061.9061030000003,8.974,3.602488,-0.001351,-0.000185,-0.001914,-0.001493
3064.4362650000003,8.975,3.08234,-0.001347,-0.00018,-0.001913,-0.00149
3065.686614,8.976,3.865915,-0.001343,-0.000173,-0.001915,-0.001484
3068.217787,8.977,3.87052,-0.001344,-0.000168,-0.00191,-0.001483
3070.719012,8.978,3.925276,-0.001344,-0.00016,-0.001914,-0.001483
3071.9834090000004,8.979,3.986127,-0.001344,-0.000165,-0.001918,-0.00149
3074.515378,8.98,4.029354,-0.001349,-0.000169,-0.001915,-0.001495
3075.7800810000003,8.98,3.882823,-0.00135,-0.000165,-0.001918,-0.00149
3078.296139,8.981,3.976726,-0.001351,-0.000163,-0.001912,-0.001489
3079.562218,8.982,4.009651,-0.001347,-0.000156,-0.001916,-0.001488
3082.093072,8.982,4.38443,-0.001355,-0.000163,-0.001908,-0.001496
3084.594321,8.983,4.313785,-0.001364,-0.000168,-0.001908,-0.001507
3085.858303,8.984,3.997205,-0.001367,-0.00017,-0.001912,-0.001509
3088.3746520000004,8.985,4.097872,-0.001366,-0.000166,-0.001915,-0.001505
3089.6398320000003,8.985,3.85218,-0.001366,-0.000161,-0.001917,-0.001504
3092.139459,8.986,4.170156,-0.001373,-0.000161,-0.001922,-0.00151
3094.6566470000002,8.987,4.253098,-0.001385,-0.000162,-0.001924,-0.001513
3095.9211880000003,8.988,4.237803,-0.001391,-0.00016,-0.001932,-0.001508
3098.45334,8.988,4.356885,-0.001397,-0.00017,-0.001929,-0.001517
3099.718527,8.989,4.199133,-0.001395,-0.000168,-0.00193,-0.001519
3102.2492500000003,8.99,4.733478,-0.00139,-0.000163,-0.001927,-0.001519
3104.766492,8.991,4.127878,-0.00139,-0.000158,-0.001925,-0.001516
3106.014149,8.991,4.24844,-0.001394,-0.000158,-0.001924,-0.001518
3108.514645,8.992,4.3071,-0.001398,-0.000157,-0.001927,-0.001521
3109.765181,8.993,4.588093,-0.001395,-0.000154,-0.001929,-0.001519
3112.281053,8.994,4.389056,-0.001401,-0.000154,-0.001935,-0.001515
3114.796252,8.995,4.436893,-0.001415,-0.000157,-0.001935,-0.001525
3116.046511,8.995,4.602762,-0.001418,-0.000156,-0.001938,-0.001529
3118.5619340000003,8.996,4.362986,-0.001425,-0.000164,-0.001941,-0.001538
3119.8284080000003,8.997,5.22415,-0.001425,-0.000166,-0.001937,-0.00154
3122.343516,8.998,4.662711,-0.001429,-0.000167,-0.001941,-0.001541
3123.6083940000003,8.998,4.390897,-0.001429,-0.000168,-0.001937,-0.001544
3126.1246530000003,8.999,4.595207,-0.001435,-0.000166,-0.001938,-0.001542
3128.624655,9.0,4.731494,-0.001433,-0.000159,-0.001938,-0.001541
3129.875668,9.0,5.077272,-0.001432,-0.000161,-0.001941,-0.001539
3132.390867,9.001,4.873563,-0.001436,-0.000163,-0.001937,-0.001546
3133.640878,9.002,4.832251,-0.001439,-0.000163,-0.001941,-0.001549
3136.155427,9.003,4.754853,-0.001451,-0.000164,-0.001947,-0.001551
3138.670196,9.004,4.541842,-0.001456,-0.00017,-0.001938,-0.001565
3139.922355,9.004,4.566899,-0.001462,-0.000176,-0.001938,-0.001571
3142.452875,9.005,5.043973,-0.001468,-0.000178,-0.001941,-0.001577
3143.719056,9.006,5.341919,-0.001464,-0.000171,-0.001939,-0.001574
3146.249897,9.007,5.094164,-0.001454,-0.000153,-0.001942,-0.001565
3148.7646250000003,9.008,5.086196,-0.001465,-0.000158,-0.001936,-0.001577
3150.0145820000002,9.008,5.110684,-0.001472,-0.000168,-0.001944,-0.001587
3152.5161590000002,9.009,5.269356,-0.001477,-0.00018,-0.001944,-0.001591
3153.7651050000004,9.01,4.967026,-0.001476,-0.000174,-0.00194,-0.001592
3156.2950520000004,9.011,5.459794,-0.00148,-0.000166,-0.001945,-0.001587
3158.791622,9.012,5.242264,-0.00149,-0.000168,-0.001943,-0.001589
3160.0254510000004,9.012,5.482636,-0.001497,-0.000172,-0.001952,-0.001593
3162.494776,9.013,5.322477,-0.001496,-0.000173,-0.001945,-0.001596
3163.7296730000003,9.014,5.21326,-0.001498,-0.000174,-0.001942,-0.001595
3166.197114,9.014,5.084283,-0.001498,-0.000174,-0.001947,-0.001596
3168.687952,9.015,5.078362,-0.001491,-0.000168,-0.001951,-0.001591
3169.952799,9.015,5.138785,-0.001491,-0.000169,-0.00195,-0.001591
3172.469116,9.015,5.25087,-0.001489,-0.000172,-0.001947,-0.00159
3173.718624,9.015,5.683644,-0.001481,-0.000174,-0.001939,-0.00159
3176.231909,9.015,5.09427,-0.001474,-0.000168,-0.001939,-0.001585
3178.718079,9.015,5.060804,-0.001471,-0.000168,-0.001935,-0.001584
3179.969512,9.015,5.083486,-0.001467,-0.000168,-0.001934,-0.001581
3182.468632,9.015,4.867701,-0.001467,-0.000165,-0.00194,-0.001575
3183.718954,9.015,5.001505,-0.00147,-0.000169,-0.001936,-0.001577
3186.249471,9.015,5.094164,-0.001473,-0.000174,-0.001945,-0.001572
3188.749542,9.015,4.778573,-0.001464,-0.000168,-0.001941,-0.001559
3190.0153800000003,9.015,5.214376,-0.001457,-0.000162,-0.001938,-0.001563
3192.5161470000003,9.014,4.72881,-0.001453,-0.00016,-0.001939,-0.001559
3193.779583,9.013,4.585647,-0.001452,-0.000161,-0.00194,-0.001551
3196.295818,9.012,5.15201,-0.001454,-0.000162,-0.001937,-0.001548
3197.563153,9.012,4.539996,-0.001453,-0.000167,-0.00194,-0.00155
3200.079008,9.011,4.693668,-0.001447,-0.000173,-0.001939,-0.001552
3202.5949370000003,9.01,4.591923,-0.001443,-0.000174,-0.00194,-0.001551
3203.8435680000002,9.009,4.756689,-0.001443,-0.000176,-0.001939,-0.001552
3206.374973,9.008,4.635013,-0.00144,-0.000188,-0.001933,-0.001561
3207.639725,9.008,4.592374,-0.001443,-0.000193,-0.001936,-0.001563
3212.655634,9.006,4.423068,-0.00144,-0.000192,-0.001934,-0.001559
3213.906102,9.006,4.559084,-0.001435,-0.000185,-0.001941,-0.00155
3216.42185,9.005,4.466088,-0.001432,-0.000184,-0.00194,-0.001543
3217.686898,9.004,4.535465,-0.001428,-0.000181,-0.001927,-0.001541
3220.20258,9.003,4.674404,-0.001419,-0.000178,-0.001926,-0.001534
3222.7340010000003,9.003,4.244084,-0.001407,-0.000178,-0.001922,-0.001524
3223.999079,9.002,4.331865,-0.001402,-0.00017,-0.00193,-0.001516
3226.513593,9.001,4.651432,-0.001394,-0.00016,-0.001927,-0.001514
3227.764587,9.0,4.207202,-0.001397,-0.000159,-0.001933,-0.001511
3230.26504,8.999,4.135603,-0.001392,-0.000157,-0.001931,-0.001505
3232.79694,8.998,4.181854,-0.001384,-0.000156,-0.001935,-0.001501
3234.06243,8.998,4.084211,-0.001376,-0.000156,-0.001934,-0.001503
3236.578523,8.997,4.007343,-0.001371,-0.000166,-0.001931,-0.001503
3237.843612,8.996,3.848047,-0.001372,-0.000173,-0.001923,-0.001504
3240.3588520000003,8.996,4.024516,-0.001377,-0.000178,-0.001927,-0.001507
3241.6245660000004,8.995,4.044575,-0.001374,-0.000179,-0.001923,-0.001507
3244.1400280000003,8.994,3.784575,-0.001374,-0.00018,-0.001921,-0.001505
3246.6400360000002,8.993,3.951166,-0.001376,-0.000187,-0.00192,-0.001509
3247.902689,8.993,4.073489,-0.001378,-0.000188,-0.001916,-0.001513
3250.421741,8.992,3.693213,-0.001372,-0.000183,-0.001928,-0.001503
3251.687002,8.991,4.014118,-0.001373,-0.000187,-0.001924,-0.001504
3254.187856,8.99,3.95341,-0.001367,-0.000188,-0.001929,-0.001499
3256.7161880000003,8.99,3.926666,-0.001365,-0.000189,-0.001924,-0.001498
3257.9635150000004,8.989,3.921743,-0.001365,-0.000188,-0.001931,-0.001497
3260.453496,8.988,3.489226,-0.001356,-0.000184,-0.001927,-0.001492
3261.718319,8.988,3.871035,-0.001351,-0.000183,-0.001927,-0.001491
3264.219099,8.987,3.882309,-0.001354,-0.000195,-0.001927,-0.001495
3266.733603,8.986,3.658772,-0.00135,-0.000193,-0.001927,-0.001493
3267.9840200000003,8.985,3.420805,-0.001349,-0.000191,-0.00193,-0.001488
3270.499693,8.984,3.028688,-0.001344,-0.000189,-0.001927,-0.001481
3271.765503,8.984,3.721984,-0.001344,-0.000185,-0.001928,-0.001475
3274.2964890000003,8.983,3.491587,-0.001336,-0.00018,-0.001924,-0.001468
3275.562957,8.982,3.489184,-0.001328,-0.000179,-0.001927,-0.001466
3278.0912000000003,8.981,3.521201,-0.00132,-0.000177,-0.001922,-0.001464
3280.5936070000002,8.98,3.2875,-0.001319,-0.000178,-0.001924,-0.001464
3281.8440440000004,8.98,3.517222,-0.001318,-0.000184,-0.00192,-0.00147
3284.360487,8.979,3.540735,-0.001316,-0.000184,-0.001921,-0.001464
3285.6085980000003,8.978,3.53882,-0.001317,-0.000185,-0.001921,-0.001459
3288.1096420000003,8.977,3.705203,-0.001311,-0.00018,-0.001918,-0.001452
3290.6233810000003,8.976,3.272189,-0.001305,-0.00018,-0.001914,-0.001452
3291.874361,8.975,3.35355,-0.001304,-0.000177,-0.001922,-0.001447
3294.3901180000003,8.974,3.371614,-0.001301,-0.000177,-0.001917,-0.001442
3295.656688,8.974,3.330594,-0.001297,-0.000178,-0.00192,-0.001442
3298.1880840000003,8.973,2.79609,-0.001292,-0.000177,-0.001917,-0.001438
3300.7034280000003,8.972,3.169489,-0.001292,-0.000177,-0.001911,-0.001437
3301.9693970000003,8.971,3.06965,-0.001292,-0.000175,-0.00191,-0.001436
3304.4839730000003,8.97,2.951205,-0.001284,-0.000175,-0.001909,-0.001431
3305.750229,8.97,3.092149,-0.001281,-0.000176,-0.001916,-0.001428
3308.280647,8.969,2.943847,-0.001276,-0.000177,-0.001916,-0.001425
3310.780556,8.968,3.149505,-0.001271,-0.000174,-0.001917,-0.001425
3312.03057,8.967,3.485232,-0.00127,-0.000175,-0.001911,-0.001421
3314.5464920000004,8.966,3.011886,-0.001265,-0.000174,-0.001907,-0.00142
3315.796816,8.966,3.001647,-0.001265,-0.000172,-0.001913,-0.001415
3318.312957,8.965,3.045187,-0.001262,-0.000173,-0.001907,-0.001415
3319.57861,8.965,3.057676,-0.00126,-0.000172,-0.00191,-0.001413
3322.094013,8.964,2.689603,-0.001256,-0.000174,-0.001911,-0.00141
3324.608088,8.963,2.811326,-0.001251,-0.000175,-0.001909,-0.001408
3325.8429730000003,8.962,2.713826,-0.00125,-0.000175,-0.001913,-0.001405
3328.343363,8.961,2.790933,-0.001249,-0.000177,-0.001914,-0.001402
3329.594234,8.96,2.884019,-0.001245,-0.000175,-0.001909,-0.001403
3332.12518,8.959,2.564123,-0.001238,-0.000168,-0.001912,-0.001395
3334.656069,8.958,2.763839,-0.001228,-0.000153,-0.00191,-0.001386
3335.922097,8.958,2.601,-0.001228,-0.000147,-0.001914,-0.001383
3338.453348,8.957,2.697815,-0.001225,-0.000145,-0.00191,-0.00138
3339.700752,8.956,2.66765,-0.001223,-0.000144,-0.001915,-0.001373
3342.218174,8.955,1.776394,-0.001219,-0.000156,-0.001912,-0.001376
3344.735657,8.954,2.685173,-0.001215,-0.000159,-0.001912,-0.001375
3346.0009840000002,8.953,3.032916,-0.001215,-0.000159,-0.001913,-0.001371
3348.5147460000003,8.952,2.588755,-0.001212,-0.000151,-0.001911,-0.001365
3349.7660140000003,8.951,3.114092,-0.001213,-0.000155,-0.001907,-0.001363
3352.265146,8.95,2.686929,-0.001204,-0.000153,-0.001908,-0.001365
3354.7807110000003,8.949,2.629569,-0.001203,-0.000158,-0.001904,-0.001367
3356.046726,8.949,2.545555,-0.001202,-0.000157,-0.001908,-0.001363
3358.577263,8.948,2.448399,-0.001194,-0.000157,-0.001911,-0.001362
3359.8280750000004,8.947,2.459986,-0.001192,-0.000159,-0.001908,-0.001358
3362.359595,8.946,2.382179,-0.001182,-0.000156,-0.001905,-0.001354
3363.624992,8.945,2.62342,-0.00118,-0.000156,-0.001902,-0.001352
3366.156203,8.944,2.35013,-0.001183,-0.000153,-0.001906,-0.001349
3368.6711750000004,8.943,2.379818,-0.001188,-0.000155,-0.001907,-0.001346
3369.9375880000002,8.942,1.916654,-0.001187,-0.000157,-0.001908,-0.001345
3372.452961,8.942,2.255474,-0.001182,-0.000155,-0.001909,-0.00134
3373.7187160000003,8.941,3.139626,-0.001183,-0.000157,-0.001909,-0.001341
3376.250575,8.94,2.276981,-0.00118,-0.00016,-0.001905,-0.001339
3378.766205,8.938,2.222189,-0.001179,-0.000155,-0.001904,-0.001337
3380.03101,8.938,2.154791,-0.001177,-0.000152,-0.001907,-0.00133
3382.562175,8.937,2.186405,-0.001168,-0.000153,-0.001902,-0.001332
3383.8281580000003,8.937,2.213748,-0.001166,-0.000154,-0.001904,-0.00133
3386.327494,8.936,2.06292,-0.001166,-0.000157,-0.001905,-0.001332
3387.578586,8.935,2.567635,-0.001164,-0.000159,-0.001903,-0.001331
3390.093946,8.934,2.088687,-0.001163,-0.00016,-0.001906,-0.001328
3392.625094,8.933,2.095987,-0.001161,-0.000161,-0.001904,-0.001325
3393.890796,8.933,2.057965,-0.001159,-0.000162,-0.0019,-0.001323
3396.3898,8.932,2.098561,-0.001156,-0.000161,-0.001905,-0.001323
3397.6568190000003,8.931,1.968364,-0.001156,-0.00016,-0.001904,-0.001322
3400.172066,8.93,1.937031,-0.001153,-0.00016,-0.001905,-0.001321
3402.704044,8.929,1.921211,-0.001148,-0.000155,-0.001909,-0.001318
3403.9686540000002,8.928,1.867835,-0.001146,-0.000154,-0.001909,-0.001314
3406.469461,8.927,1.843341,-0.001139,-0.000153,-0.001907,-0.00131
3407.7339460000003,8.927,1.786304,-0.001135,-0.000153,-0.001904,-0.00131
3410.265758,8.926,1.687382,-0.001133,-0.000156,-0.001904,-0.001309
3412.7659670000003,8.925,1.814729,-0.001134,-0.000159,-0.001902,-0.001309
3414.0128990000003,8.924,1.655694,-0.001133,-0.000156,-0.001902,-0.001305
3416.532094,8.923,1.631672,-0.001128,-0.000152,-0.001907,-0.001295
3417.780944,8.923,1.659705,-0.001127,-0.00015,-0.001908,-0.001291
3420.2965630000003,8.921,1.682798,-0.001118,-0.000143,-0.001903,-0.001288
3422.827085,8.92,1.570789,-0.001119,-0.000153,-0.001902,-0.001298
3424.078465,8.92,1.724455,-0.001121,-0.000154,-0.001903,-0.001299
3426.5770820000002,8.919,1.533652,-0.001116,-0.00015,-0.0019,-0.001294
3427.8278960000002,8.918,1.568476,-0.001112,-0.000149,-0.001897,-0.001295
3430.3270860000002,8.917,1.573123,-0.001111,-0.000148,-0.001893,-0.001287
3432.8275590000003,8.916,1.595824,-0.001115,-0.000155,-0.001894,-0.001294
3434.078039,8.916,1.433059,-0.001112,-0.00016,-0.001897,-0.001296
3436.6089490000004,8.914,0.158197,-0.001107,-0.00016,-0.001892,-0.001297
3437.874071,8.914,1.553366,-0.001108,-0.00016,-0.001899,-0.001296
3440.374448,8.914,1.570316,-0.001116,-0.000164,-0.001896,-0.001297
3441.6240690000004,8.913,1.590959,-0.001118,-0.000166,-0.001898,-0.001299
3444.1089060000004,8.913,0.888544,-0.001121,-0.000169,-0.001895,-0.001305
3446.6086,8.913,1.742095,-0.001125,-0.00017,-0.001899,-0.00131
3447.8588870000003,8.913,0.804684,-0.001128,-0.00017,-0.001905,-0.00131
3450.3761210000002,8.913,1.628812,-0.001128,-0.000168,-0.001901,-0.001312
3451.62372,8.913,1.679005,-0.001132,-0.000168,-0.001906,-0.001311
3454.139943,8.913,1.660214,-0.001135,-0.000168,-0.001906,-0.001316
3456.6398870000003,8.914,1.293435,-0.001146,-0.000181,-0.001898,-0.001331
3457.9061060000004,8.914,1.762685,-0.001153,-0.000184,-0.001898,-0.001338
3460.4380170000004,8.915,2.793039,-0.00115,-0.00018,-0.001899,-0.001334
3461.688042,8.916,1.74235,-0.001149,-0.000175,-0.001898,-0.00133
3464.203939,8.916,2.18337,-0.001146,-0.000168,-0.001897,-0.001325
3466.7180070000004,8.917,1.88565,-0.001143,-0.000166,-0.001893,-0.001323
3467.9838090000003,8.918,1.833308,-0.001145,-0.000166,-0.001897,-0.001327
3470.499938,8.919,1.90781,-0.001156,-0.000171,-0.001906,-0.001331
3471.765174,8.919,1.933901,-0.001159,-0.000172,-0.001908,-0.001335
3474.2966730000003,8.92,2.2163,-0.001165,-0.00017,-0.001914,-0.001332
3476.8134010000003,8.921,2.061965,-0.001167,-0.00017,-0.001911,-0.001336
3478.07866,8.922,1.871252,-0.001163,-0.000165,-0.001916,-0.001337
3480.593887,8.923,2.072846,-0.001165,-0.000164,-0.001911,-0.001335
3481.844161,8.923,2.081806,-0.001168,-0.000166,-0.001916,-0.001338
3484.375066,8.924,2.033592,-0.001177,-0.000171,-0.001917,-0.001345
3485.640757,8.925,2.21231,-0.001183,-0.000173,-0.00192,-0.001345
3488.1551640000002,8.926,2.23907,-0.001186,-0.000171,-0.001919,-0.001347
3490.655802,8.927,2.296043,-0.001197,-0.000174,-0.001919,-0.001351
3491.9211330000003,8.927,2.334528,-0.001197,-0.000177,-0.001921,-0.001355
3494.43811,8.928,2.189084,-0.001198,-0.000177,-0.001922,-0.001357
3495.703928,8.929,2.25567,-0.001198,-0.000175,-0.001918,-0.001362
3498.2185990000003,8.93,1.986126,-0.001207,-0.000183,-0.001919,-0.001373
3500.735126,8.931,2.272636,-0.001206,-0.000174,-0.001913,-0.001371
3501.999181,8.931,2.607472,-0.001206,-0.000175,-0.001919,-0.00137
3504.5145740000003,8.932,2.479807,-0.001207,-0.000177,-0.001917,-0.001373
3505.765762,8.933,3.806083,-0.001212,-0.000183,-0.00192,-0.001378
3508.296232,8.934,2.463779,-0.001218,-0.000184,-0.001913,-0.001378
3510.811908,8.934,2.41078,-0.001219,-0.000187,-0.001916,-0.001385
3512.078096,8.935,2.65402,-0.00122,-0.00018,-0.001922,-0.001382
3514.5940370000003,8.936,2.502677,-0.001221,-0.000173,-0.001922,-0.001376
3515.858608,8.936,2.608347,-0.001225,-0.000173,-0.001927,-0.001376
3518.359068,8.937,2.520763,-0.001229,-0.000174,-0.001931,-0.001377
3519.6251840000004,8.938,3.116081,-0.001227,-0.000172,-0.001928,-0.001382
3524.671057,8.94,2.790546,-0.00125,-0.000184,-0.001923,-0.001394
3525.921432,8.94,2.91732,-0.001257,-0.000193,-0.00193,-0.001407
3528.438156,8.941,2.642354,-0.001259,-0.000198,-0.001924,-0.001415
3529.703508,8.942,2.686664,-0.001261,-0.000202,-0.001923,-0.001419
3532.2335630000002,8.943,2.681061,-0.001256,-0.000197,-0.001927,-0.001418
3534.734022,8.944,2.343976,-0.001257,-0.000188,-0.001935,-0.001412
3536.0000520000003,8.945,2.734629,-0.001258,-0.000183,-0.001932,-0.00141
3538.532139,8.946,3.512803,-0.00126,-0.00018,-0.001925,-0.001411
3542.2960740000003,8.948,2.803729,-0.001262,-0.000178,-0.001935,-0.001409
3544.813164,8.948,3.15811,-0.001262,-0.000178,-0.001936,-0.001414
3546.0781610000004,8.949,2.826568,-0.001273,-0.000185,-0.00193,-0.001425
3548.593561,8.95,2.764025,-0.001278,-0.000188,-0.001933,-0.001432
3549.859273,8.951,3.043707,-0.00127,-0.000186,-0.001928,-0.001433
3552.375797,8.952,2.975243,-0.001274,-0.000181,-0.001932,-0.001431
3553.6245280000003,8.952,2.995896,-0.001282,-0.000182,-0.001931,-0.001433
3556.125191,8.953,3.064817,-0.001293,-0.000186,-0.001942,-0.001437
3558.637557,8.955,3.027118,-0.001298,-0.000184,-0.001944,-0.001436
3559.890073,8.955,3.385376,-0.001299,-0.000189,-0.001945,-0.001438
3562.40618,8.956,3.080881,-0.001298,-0.000188,-0.001945,-0.001436
3563.6713630000004,8.956,3.050456,-0.001303,-0.000188,-0.00194,-0.00144
3566.2040180000004,8.957,1.632563,-0.001304,-0.000189,-0.001943,-0.001445
3568.733427,8.958,3.365476,-0.001307,-0.00019,-0.001934,-0.001453
3569.984219,8.959,3.366049,-0.001313,-0.000189,-0.001939,-0.001451
3572.5157820000004,8.96,3.038932,-0.001311,-0.000184,-0.00194,-0.001448
3573.7642290000003,8.96,3.176949,-0.001312,-0.000179,-0.001943,-0.001449
3576.264912,8.961,3.295717,-0.001308,-0.000176,-0.00194,-0.001453
3578.764375,8.962,2.242985,-0.001319,-0.000177,-0.001946,-0.001452
3580.015664,8.963,3.416439,-0.001325,-0.000179,-0.001947,-0.001454
3582.5161120000002,8.964,3.285871,-0.001332,-0.000185,-0.00195,-0.00146
3583.779922,8.964,3.46696,-0.001328,-0.000189,-0.001949,-0.001463
3586.296965,8.965,3.411202,-0.001329,-0.000184,-0.001946,-0.001464
3588.8289640000003,8.966,3.508739,-0.001335,-0.000183,-0.001948,-0.001465
3590.077918,8.966,3.242845,-0.001336,-0.000182,-0.001952,-0.001469
3592.594316,8.967,3.452573,-0.001338,-0.000179,-0.001951,-0.00147
3593.857957,8.968,3.571713,-0.001343,-0.000182,-0.001946,-0.001476
3596.3590080000004,8.969,3.73781,-0.001337,-0.000176,-0.001939,-0.001476
3597.62483,8.969,3.858785,-0.001336,-0.000175,-0.00194,-0.001478
3600.156301,8.97,3.573235,-0.001339,-0.000176,-0.001939,-0.001476
3602.670773,8.971,3.650814,-0.001342,-0.000173,-0.001941,-0.001477
3603.936799,8.972,3.915626,-0.001345,-0.000174,-0.001937,-0.001479
3607.71713,8.973,3.898633,-0.001347,-0.000176,-0.001937,-0.001487
3610.233687,8.974,3.77066,-0.001355,-0.000181,-0.001933,-0.00149
3612.750357,8.975,3.725204,-0.001356,-0.000174,-0.001935,-0.001492
3614.0150510000003,8.976,4.032331,-0.001356,-0.000182,-0.001929,-0.001497
3616.515151,8.977,3.758537,-0.001357,-0.000175,-0.001932,-0.001492
3617.766149,8.977,4.057706,-0.001355,-0.000168,-0.001933,-0.00149
3620.265179,8.978,3.915286,-0.001357,-0.000167,-0.001939,-0.001492
3622.795835,8.98,4.067812,-0.001361,-0.000159,-0.001936,-0.001489
3624.029304,8.98,4.230455,-0.001364,-0.000158,-0.001933,-0.001489
3626.516344,8.981,4.006988,-0.001367,-0.000156,-0.001933,-0.001484
3627.762352,8.981,4.060756,-0.001371,-0.000161,-0.001933,-0.001483
3630.2660260000002,8.982,3.932884,-0.001375,-0.000158,-0.001938,-0.001488
3632.7633320000004,8.983,4.05082,-0.001375,-0.000159,-0.001934,-0.001493
3634.015488,8.983,4.211638,-0.001374,-0.000156,-0.001934,-0.001492
3636.5314180000005,8.984,4.028017,-0.001377,-0.000155,-0.001935,-0.001491
3637.797254,8.985,3.990791,-0.001378,-0.000154,-0.001934,-0.001493
3640.3124070000003,8.986,4.307535,-0.00138,-0.000151,-0.001934,-0.001494
3642.828041,8.987,3.819685,-0.001381,-0.000152,-0.001933,-0.001497
3644.0930550000003,8.987,4.634827,-0.001383,-0.000149,-0.001932,-0.0015
3646.5948740000003,8.988,4.178888,-0.001386,-0.000148,-0.001929,-0.001501
3647.843511,8.989,4.458481,-0.001388,-0.000147,-0.001928,-0.0015
3650.3740740000003,8.99,4.193223,-0.001395,-0.000147,-0.001927,-0.001502
3651.625126,8.99,4.133242,-0.001396,-0.000145,-0.001931,-0.001502
3654.141546,8.991,4.31327,-0.001396,-0.000139,-0.00193,-0.001502
3656.672402,8.992,4.109681,-0.001397,-0.000145,-0.001924,-0.001509
3657.9380330000004,8.992,4.35428,-0.001398,-0.000146,-0.001927,-0.00151
3660.467657,8.994,4.973201,-0.001399,-0.00014,-0.001927,-0.001514
3661.719153,8.994,4.286856,-0.0014,-0.000144,-0.001924,-0.001519
3664.232908,8.995,4.551911,-0.001401,-0.000147,-0.001921,-0.001519
3666.7350210000004,8.996,4.398605,-0.001404,-0.000142,-0.001928,-0.001516
3667.99996,8.996,4.436909,-0.001404,-0.000141,-0.001927,-0.001521
3670.5159030000004,8.997,4.58848,-0.001404,-0.000138,-0.001919,-0.001523
3671.7661660000003,8.998,4.925321,-0.001404,-0.000142,-0.001918,-0.001528
3674.296786,8.999,4.43154,-0.001416,-0.000146,-0.001922,-0.001531
3676.813423,9.0,4.620657,-0.001421,-0.000145,-0.001917,-0.001536
3678.062304,9.0,4.8895,-0.001421,-0.000144,-0.001917,-0.001535
3680.564134,9.001,4.859796,-0.001425,-0.000145,-0.001918,-0.001535
3681.8115080000002,9.001,4.959233,-0.001429,-0.000147,-0.001917,-0.001537
3684.311753,9.002,4.617792,-0.001437,-0.00015,-0.001915,-0.001543
3686.8432060000005,9.003,5.14994,-0.001433,-0.000147,-0.001909,-0.001546
3688.09378,9.004,5.111959,-0.001432,-0.000145,-0.001915,-0.001543
3690.609519,9.005,5.250818,-0.001434,-0.000144,-0.001916,-0.001545
3691.874261,9.005,5.215015,-0.001437,-0.000142,-0.001918,-0.001545
3694.390912,9.006,5.333898,-0.001436,-0.000139,-0.001914,-0.001546
3695.64004,9.007,5.07605,-0.001442,-0.000141,-0.001914,-0.001551
3698.141101,9.008,4.797603,-0.001448,-0.000143,-0.001913,-0.001553
3700.656886,9.009,5.062844,-0.001454,-0.000143,-0.001915,-0.001561
3701.905183,9.009,4.774477,-0.001456,-0.000142,-0.001915,-0.00156
3704.4060600000003,9.01,5.466859,-0.001455,-0.000139,-0.001914,-0.001558
3705.6553700000004,9.011,5.010234,-0.001454,-0.000133,-0.00191,-0.001557
3708.1712780000003,9.012,5.224522,-0.001451,-0.000134,-0.001915,-0.001559
3710.688225,9.013,5.114456,-0.001455,-0.000131,-0.001917,-0.001562
3711.9533330000004,9.013,5.393022,-0.001457,-0.000131,-0.00191,-0.001566
3714.483263,9.014,5.030472,-0.001457,-0.000127,-0.001919,-0.001564
3715.7340090000002,9.014,5.097404,-0.001456,-0.000131,-0.001912,-0.001566
3718.249682,9.014,5.685982,-0.001465,-0.000141,-0.001907,-0.001572
3720.765112,9.014,5.218944,-0.001463,-0.00014,-0.00191,-0.001567
3722.016528,9.014,5.248215,-0.00146,-0.000142,-0.001908,-0.001567
3724.514695,9.014,5.031057,-0.001455,-0.000139,-0.001911,-0.001555
3725.764203,9.014,5.282052,-0.001453,-0.000137,-0.001909,-0.001557
3728.265437,9.014,5.068294,-0.001448,-0.000139,-0.001908,-0.001556
3730.7810210000002,9.014,5.325665,-0.001442,-0.000136,-0.001909,-0.001551
3732.046267,9.014,5.054855,-0.001442,-0.000136,-0.001907,-0.001551
3734.5791400000003,9.014,5.004497,-0.001437,-0.000138,-0.001911,-0.001545
3735.828984,9.014,4.967058,-0.001435,-0.000141,-0.001908,-0.001546
3738.342955,9.014,5.418572,-0.001431,-0.000146,-0.0019,-0.001544
3739.593755,9.014,4.961551,-0.001432,-0.000148,-0.001904,-0.001539
3742.1249350000003,9.013,5.029198,-0.001428,-0.000145,-0.0019,-0.001538
3744.6554530000003,9.012,4.849212,-0.001424,-0.000141,-0.001904,-0.001536
3745.920653,9.012,4.790282,-0.001421,-0.000139,-0.001903,-0.001535
3748.4503000000004,9.011,4.97996,-0.001414,-0.000137,-0.001909,-0.001527
3749.701911,9.011,4.444236,-0.001412,-0.000142,-0.001907,-0.001527
3752.217745,9.009,5.060579,-0.001411,-0.000144,-0.001906,-0.001527
3754.720284,9.009,4.519263,-0.00141,-0.000141,-0.001911,-0.001524
3755.969246,9.008,4.463833,-0.001407,-0.00014,-0.001906,-0.001523
3758.4851660000004,9.007,4.72542,-0.001399,-0.000131,-0.00191,-0.001514
3759.749516,9.007,4.498153,-0.0014,-0.000132,-0.001912,-0.001514
3762.264853,9.006,4.867802,-0.001395,-0.000134,-0.001909,-0.001507
3764.7820970000002,9.005,4.315451,-0.001387,-0.000132,-0.001905,-0.001502
3766.028464,9.005,5.157696,-0.001385,-0.00013,-0.001905,-0.001503
3768.546037,9.004,4.403841,-0.001386,-0.000132,-0.001911,-0.001499
3769.7968,9.003,4.402765,-0.001377,-0.000134,-0.001907,-0.001497
3772.312463,9.002,4.595616,-0.001375,-0.000139,-0.001904,-0.001496
3774.828041,9.001,4.1624,-0.001372,-0.000139,-0.001901,-0.001492
3776.093605,9.0,4.63141,-0.001367,-0.000134,-0.001903,-0.001488
3778.5938290000004,8.999,4.234291,-0.001361,-0.000128,-0.001906,-0.001482
3779.860215,8.999,4.174612,-0.001355,-0.000129,-0.001911,-0.001481
3782.375144,8.998,4.186676,-0.001358,-0.000138,-0.001911,-0.001482
3783.641137,8.998,4.227224,-0.001358,-0.000143,-0.001908,-0.001485
3786.140374,8.997,4.06864,-0.001361,-0.000146,-0.00191,-0.001486
3788.6719900000003,8.996,4.016229,-0.001357,-0.000145,-0.001914,-0.00148
3789.93787,8.996,4.017402,-0.001354,-0.000144,-0.001911,-0.001479
3792.468374,8.994,3.845427,-0.001349,-0.000142,-0.001912,-0.001474
3793.7332100000003,8.994,4.206354,-0.001346,-0.000138,-0.001914,-0.001471
3796.2492660000003,8.993,4.173557,-0.001342,-0.000139,-0.001911,-0.001467
3798.764881,8.992,3.962476,-0.001341,-0.000145,-0.001909,-0.001467
3800.016001,8.992,3.890272,-0.001342,-0.000147,-0.001912,-0.001467
3802.515641,8.991,3.974747,-0.001337,-0.000147,-0.001909,-0.001463
3803.762443,8.99,4.104864,-0.001335,-0.000147,-0.001908,-0.001461
3806.24961,8.989,3.887062,-0.001334,-0.000146,-0.001908,-0.001458
3808.749613,8.988,3.793276,-0.001326,-0.000147,-0.001907,-0.001457
3810.000065,8.988,3.82629,-0.001324,-0.000149,-0.001907,-0.001457
3812.5161510000003,8.988,4.035689,-0.001316,-0.000142,-0.001904,-0.001452
3813.766006,8.987,3.697776,-0.001317,-0.000145,-0.001908,-0.00145
3816.296391,8.986,3.803568,-0.001317,-0.00015,-0.001907,-0.00145
3818.812874,8.985,3.952248,-0.001316,-0.000152,-0.001903,-0.001448
3820.078474,8.984,3.379938,-0.001318,-0.000152,-0.001908,-0.001445
3822.608482,8.983,3.651403,-0.001309,-0.00015,-0.001902,-0.001443
3823.859302,8.982,3.744653,-0.001307,-0.000145,-0.001907,-0.001442
3826.3604640000003,8.981,3.536942,-0.001304,-0.000146,-0.001904,-0.001439
3827.608485,8.981,3.560221,-0.0013,-0.000146,-0.001899,-0.001438
3830.10953,8.98,3.362213,-0.001291,-0.000144,-0.001902,-0.00143
3832.639481,8.979,3.392331,-0.001291,-0.000147,-0.001906,-0.001433
3833.8904570000004,8.978,3.441755,-0.00129,-0.000146,-0.001907,-0.001427
3836.390131,8.977,3.457124,-0.001284,-0.000143,-0.001905,-0.001421
3837.6405190000005,8.977,3.137472,-0.00128,-0.000141,-0.001901,-0.001422
3840.1401730000002,8.975,3.645922,-0.001268,-0.000135,-0.0019,-0.00141
3842.656127,8.974,3.476409,-0.001265,-0.000139,-0.001901,-0.001414
3843.9212390000002,8.974,3.182493,-0.001269,-0.000143,-0.0019,-0.001412
3846.4523520000002,8.973,3.387148,-0.00127,-0.000143,-0.001903,-0.001409
3847.703496,8.972,3.258453,-0.001268,-0.000144,-0.001902,-0.00141
3850.233982,8.971,3.232054,-0.001264,-0.000146,-0.001901,-0.001407
3852.7646210000003,8.97,3.234113,-0.001261,-0.000143,-0.001907,-0.001402
3854.0163490000004,8.97,3.129668,-0.001262,-0.000143,-0.001906,-0.001403
3856.512978,8.969,3.062419,-0.001257,-0.000145,-0.001906,-0.0014
3857.764966,8.968,3.311527,-0.001255,-0.000147,-0.001908,-0.0014
3860.281247,8.967,2.885372,-0.001254,-0.000146,-0.00191,-0.001396
3862.811256,8.966,2.953094,-0.001247,-0.000143,-0.001901,-0.001392
3864.046365,8.966,3.062,-0.001242,-0.000138,-0.001908,-0.00139
3866.5638390000004,8.965,2.905723,-0.00124,-0.000143,-0.00191,-0.001392
3867.8132510000005,8.964,2.881595,-0.00124,-0.000143,-0.001908,-0.00139
3870.344252,8.963,3.183755,-0.001239,-0.000143,-0.001911,-0.001386
3872.8420480000004,8.962,2.869074,-0.001234,-0.000147,-0.001912,-0.001386
3874.0939690000005,8.962,2.861557,-0.001232,-0.00015,-0.001911,-0.001388
3876.6243110000005,8.961,3.103832,-0.001231,-0.000155,-0.001905,-0.001388
3877.875094,8.96,2.488688,-0.001233,-0.000156,-0.00191,-0.001382
3880.390855,8.959,2.93078,-0.001235,-0.000158,-0.001907,-0.001385
3881.655815,8.959,2.881923,-0.001236,-0.000161,-0.001906,-0.001388
3884.188115,8.957,2.866082,-0.001235,-0.000165,-0.001906,-0.00139
3886.7183910000003,8.956,2.780917,-0.001254,-0.000183,-0.001906,-0.001404
3887.968357,8.956,2.857843,-0.001252,-0.000182,-0.001912,-0.001405
3890.469856,8.954,2.73239,-0.001245,-0.000178,-0.00191,-0.001398
3891.717858,8.954,2.670949,-0.001245,-0.000178,-0.001909,-0.001398
3894.234093,8.953,2.754194,-0.001242,-0.000183,-0.001912,-0.001397
3896.750113,8.952,2.693338,-0.00124,-0.000184,-0.001919,-0.001395
3897.9998480000004,8.951,2.60883,-0.001235,-0.000184,-0.001913,-0.001392
3900.514192,8.95,2.519575,-0.001234,-0.000181,-0.00192,-0.001388
3901.7651210000004,8.949,2.455705,-0.001238,-0.00019,-0.001922,-0.0014
3904.26473,8.948,2.498073,-0.001244,-0.000205,-0.001924,-0.001404
3906.781121,8.947,2.740608,-0.001242,-0.000205,-0.001921,-0.0014
3908.03171,8.946,2.506953,-0.001242,-0.000205,-0.001921,-0.0014
3910.543516,8.945,2.522434,-0.001234,-0.0002,-0.001919,-0.001391
3911.796971,8.945,2.4279,-0.00123,-0.000196,-0.001918,-0.001386
3914.3289620000005,8.944,2.319434,-0.001237,-0.000211,-0.001917,-0.001407
3916.843435,8.943,2.394265,-0.00124,-0.000217,-0.001932,-0.001405
3918.0950810000004,8.942,2.319137,-0.001237,-0.000215,-0.001934,-0.0014
3920.593452,8.941,2.106025,-0.001221,-0.0002,-0.001921,-0.001385
3921.843439,8.94,2.389527,-0.001213,-0.00019,-0.00193,-0.001378
3924.374882,8.939,2.484878,-0.001216,-0.000194,-0.001941,-0.001377
3925.641105,8.939,2.286043,-0.001215,-0.000192,-0.001937,-0.001375
3928.155537,8.938,2.396514,-0.001212,-0.000192,-0.001937,-0.001368
3930.6869500000003,8.937,2.430908,-0.001206,-0.000195,-0.001934,-0.001375
3931.953058,8.936,2.245473,-0.001204,-0.000189,-0.001939,-0.001368
3934.483548,8.935,2.159375,-0.001198,-0.00019,-0.001936,-0.001373
3935.7491440000003,8.935,2.106975,-0.001195,-0.000191,-0.001937,-0.001365
3938.264854,8.934,2.016472,-0.001195,-0.000194,-0.001937,-0.001368
3940.781078,8.933,2.104476,-0.001205,-0.00021,-0.001943,-0.00138
3942.0471880000005,8.932,2.092618,-0.001202,-0.000198,-0.001949,-0.001371
3944.5630840000003,8.931,1.979001,-0.001197,-0.000194,-0.001943,-0.001363
3945.8294800000003,8.931,2.092905,-0.001199,-0.000196,-0.001943,-0.001362
3948.343548,8.929,2.029937,-0.001199,-0.000193,-0.001945,-0.001357
3949.5943500000003,8.929,2.060039,-0.001207,-0.000203,-0.001946,-0.001366
3952.108924,8.928,2.816144,-0.001203,-0.000202,-0.001953,-0.001357
3954.640307,8.927,1.939923,-0.001203,-0.000209,-0.001947,-0.001359
3955.905356,8.926,1.724614,-0.00121,-0.000209,-0.001956,-0.001365
3958.406096,8.925,1.49651,-0.001202,-0.000229,-0.001948,-0.001376
3959.6715970000005,8.925,1.775301,-0.0012,-0.000231,-0.001944,-0.001381
3962.2028630000004,8.924,1.704614,-0.001191,-0.000224,-0.001941,-0.001372
3964.719344,8.923,1.879692,-0.001187,-0.000219,-0.001938,-0.001366
3965.968158,8.923,1.833658,-0.001206,-0.000234,-0.001942,-0.001373
3968.499287,8.922,1.801689,-0.001207,-0.000231,-0.001949,-0.001371
3969.750062,8.922,1.90451,-0.001199,-0.000225,-0.001945,-0.001365
3972.2669610000003,8.922,1.791397,-0.001183,-0.000207,-0.001949,-0.001355
3974.765171,8.922,2.27652,-0.001188,-0.000202,-0.00195,-0.001355
3976.031078,8.922,1.154963,-0.001188,-0.000202,-0.001943,-0.001357
3978.546448,8.922,1.922288,-0.001196,-0.000203,-0.001951,-0.001357
3979.8127170000002,8.922,1.96812,-0.001198,-0.000201,-0.001953,-0.001357
3982.328194,8.922,2.017825,-0.0012,-0.000209,-0.001947,-0.001367
3984.844102,8.923,2.048744,-0.001208,-0.000208,-0.001951,-0.00138
3986.094188,8.923,2.077063,-0.001209,-0.00021,-0.001942,-0.00138
3988.6094900000003,8.924,2.426632,-0.001214,-0.00021,-0.001943,-0.001384
3989.8753770000003,8.925,2.055307,-0.001218,-0.000209,-0.001945,-0.00138
3992.373027,8.926,2.482682,-0.001218,-0.000206,-0.00194,-0.001377
3993.6238940000003,8.926,2.249129,-0.001218,-0.000205,-0.001949,-0.001379
3996.140115,8.927,2.114566,-0.001222,-0.000211,-0.001944,-0.001385
3998.6400790000002,8.928,2.23195,-0.001225,-0.000211,-0.001942,-0.001388
3999.9068190000003,8.928,2.348968,-0.001228,-0.00021,-0.001933,-0.00139
4002.436146,8.929,2.267474,-0.001229,-0.000207,-0.001941,-0.001387
4003.7036510000003,8.93,2.267427,-0.001227,-0.000207,-0.001939,-0.001388
4006.2192450000002,8.931,2.388264,-0.001232,-0.000214,-0.001931,-0.001397
4008.733955,8.932,2.355695,-0.001239,-0.000211,-0.001936,-0.001398
4010.0001230000003,8.932,2.188468,-0.001243,-0.000212,-0.001934,-0.001399
4012.5307860000003,8.933,2.329047,-0.001247,-0.000211,-0.001944,-0.001405
4013.793321,8.934,2.420308,-0.001255,-0.00022,-0.001938,-0.001413
4016.311275,8.934,2.460607,-0.001262,-0.000219,-0.001948,-0.00141
4018.828181,8.935,2.519909,-0.00126,-0.000215,-0.001948,-0.001409
4020.093124,8.936,2.447529,-0.001259,-0.000207,-0.001943,-0.001408
4022.5944470000004,8.937,2.634253,-0.00125,-0.000198,-0.001943,-0.001401
4023.84126,8.937,2.752778,-0.001254,-0.000207,-0.001935,-0.001414
4026.34354,8.938,2.592076,-0.001269,-0.000218,-0.001932,-0.001422
4028.845146,8.94,2.658169,-0.001269,-0.000211,-0.001933,-0.00142
4030.093631,8.94,2.387813,-0.00127,-0.000209,-0.001938,-0.00142
4032.5932810000004,8.941,2.690515,-0.00127,-0.000209,-0.001932,-0.001424
4033.843577,8.941,2.835534,-0.001276,-0.000212,-0.001937,-0.001426
4036.375186,8.942,4.033079,-0.001283,-0.000214,-0.001932,-0.001427
4037.639892,8.943,2.714845,-0.001283,-0.000213,-0.001938,-0.001427
4040.156577,8.944,2.936934,-0.001286,-0.000209,-0.001936,-0.001429
4042.6563180000003,8.945,2.760141,-0.001284,-0.0002,-0.001932,-0.001422
4043.906213,8.946,2.5685,-0.001278,-0.000197,-0.001929,-0.001423
4046.406293,8.947,2.944122,-0.001277,-0.000197,-0.001926,-0.001429
4047.6709650000003,8.948,2.822865,-0.001279,-0.000201,-0.00193,-0.001432
4050.187382,8.948,2.501818,-0.00129,-0.000209,-0.00192,-0.00144
4052.719008,8.95,3.006852,-0.001299,-0.000212,-0.001928,-0.001446
4053.984096,8.95,4.002956,-0.001299,-0.000213,-0.001925,-0.001449
4056.5010810000003,8.951,2.996788,-0.001301,-0.000204,-0.001934,-0.001442
4057.7497700000004,8.952,3.217231,-0.001302,-0.000202,-0.001935,-0.001442
4060.281186,8.953,2.873297,-0.001304,-0.000207,-0.001926,-0.001448
4062.811602,8.954,3.029303,-0.001306,-0.000204,-0.001931,-0.001447
4064.078439,8.954,2.973322,-0.001302,-0.000198,-0.001923,-0.001448
4066.5937860000004,8.956,3.105365,-0.001303,-0.000191,-0.001928,-0.001443
4067.84387,8.956,3.143764,-0.001303,-0.000194,-0.001931,-0.001445
4070.3436930000003,8.957,3.332424,-0.001304,-0.000189,-0.001933,-0.001445
4071.6089490000004,8.958,3.189013,-0.001309,-0.000186,-0.001929,-0.001445
4074.123892,8.958,3.152964,-0.00131,-0.000183,-0.001931,-0.001446
4076.6394490000002,8.96,3.835283,-0.001313,-0.000185,-0.001933,-0.00145
4077.8898500000005,8.96,3.111073,-0.001313,-0.000185,-0.001929,-0.001453
4080.38976,8.961,3.18445,-0.00132,-0.000186,-0.001923,-0.001456
4081.6567760000003,8.961,2.984681,-0.001321,-0.000183,-0.001927,-0.001456
4084.155492,8.963,3.524846,-0.001324,-0.00018,-0.001933,-0.00146
4086.670945,8.964,3.432179,-0.001324,-0.000183,-0.001928,-0.00146
4087.938338,8.964,3.370569,-0.001327,-0.00018,-0.001933,-0.001461
4090.453447,8.965,3.34764,-0.001329,-0.00018,-0.001929,-0.00146
4091.718064,8.965,3.412104,-0.001332,-0.000182,-0.00193,-0.001464
4094.2336840000003,8.966,3.706031,-0.001338,-0.000186,-0.001929,-0.001468
4096.750078,8.967,3.484054,-0.001335,-0.000181,-0.001932,-0.001466
4098.0157930000005,8.968,3.528273,-0.001335,-0.000177,-0.001932,-0.001467
4100.51571,8.969,3.796316,-0.001342,-0.000183,-0.001928,-0.001472
4101.764773,8.969,3.686651,-0.001343,-0.000185,-0.001924,-0.001478
4104.266314,8.971,3.741152,-0.00135,-0.000191,-0.001918,-0.001488
4106.780697,8.972,3.536767,-0.001353,-0.000185,-0.001924,-0.001485
4108.046835,8.972,3.668878,-0.001357,-0.000186,-0.001929,-0.001484
4110.576735000001,8.973,3.667483,-0.001357,-0.000182,-0.001924,-0.001485
4111.843283,8.974,4.130345,-0.001358,-0.000179,-0.001927,-0.001483
4114.342968,8.975,3.949325,-0.001359,-0.000176,-0.001927,-0.001488
4116.858316,8.976,4.082471,-0.001363,-0.000181,-0.001925,-0.001491
4118.110053,8.976,3.79092,-0.001365,-0.000182,-0.001921,-0.001495
4120.6402610000005,8.978,3.772485,-0.001369,-0.000178,-0.001926,-0.001494
4121.905692,8.978,4.131963,-0.00137,-0.00018,-0.001922,-0.001499
4124.436798000001,8.979,3.925722,-0.001371,-0.000174,-0.001923,-0.001496
4125.70295,8.98,4.001603,-0.00137,-0.000172,-0.001915,-0.001497
4128.233309,8.981,3.938841,-0.00137,-0.000168,-0.001918,-0.001494
4130.7503,8.982,4.231527,-0.001374,-0.000166,-0.001918,-0.001495
4132.015058,8.982,4.063435,-0.00137,-0.000166,-0.001919,-0.001498
4134.5470510000005,8.983,4.033264,-0.001376,-0.000166,-0.001914,-0.001501
4135.809018,8.983,4.047806,-0.00138,-0.000169,-0.00192,-0.001503
4138.311817,8.984,4.067844,-0.001383,-0.000167,-0.001917,-0.001507
4140.827946,8.985,3.941431,-0.001385,-0.000163,-0.001919,-0.001505
4142.093294,8.986,4.158309,-0.001384,-0.000161,-0.001916,-0.001505
4144.609341,8.987,4.111241,-0.001383,-0.000157,-0.001916,-0.001502
4145.874313,8.987,4.024139,-0.001383,-0.000157,-0.001914,-0.001505
4148.3751760000005,8.988,4.759012,-0.001385,-0.000155,-0.001907,-0.001506
4149.641951,8.989,4.034946,-0.001386,-0.000153,-0.001905,-0.001506
4152.139937,8.99,4.483659,-0.001384,-0.000148,-0.001907,-0.0015
4154.655097,8.991,4.297843,-0.001385,-0.000149,-0.001907,-0.001505
4155.905555,8.991,4.444782,-0.001387,-0.000149,-0.001902,-0.00151
4158.42215,8.992,4.435594,-0.001393,-0.00015,-0.001905,-0.001515
4159.687425,8.993,4.141454,-0.001394,-0.000149,-0.001904,-0.001514
4162.20299,8.994,4.738906,-0.001398,-0.000146,-0.001905,-0.001513
4164.71892,8.995,4.384865,-0.001406,-0.000144,-0.001906,-0.001516
4165.969449,8.995,5.452292,-0.001407,-0.000143,-0.001907,-0.001517
4168.484093,8.996,4.307758,-0.00141,-0.000137,-0.00191,-0.001517
4169.7330440000005,8.996,4.546839,-0.001413,-0.000134,-0.001909,-0.00152
4172.2336430000005,8.997,4.700145,-0.001414,-0.000137,-0.001905,-0.001524
4174.765783,8.998,4.858995,-0.001411,-0.000128,-0.001912,-0.001519
4176.0153900000005,8.998,4.849584,-0.001408,-0.000127,-0.001906,-0.00152
4178.515670000001,8.999,4.724242,-0.001413,-0.00013,-0.001908,-0.001524
4179.780942,9.0,4.466449,-0.001413,-0.000134,-0.001911,-0.001525
4182.310992000001,9.001,4.910732,-0.001419,-0.000138,-0.001905,-0.001532
4184.843149,9.002,4.605218,-0.001421,-0.000135,-0.001904,-0.001532
4186.108636,9.002,4.689354,-0.001421,-0.000135,-0.001902,-0.001529
4188.640278,9.002,5.095073,-0.001417,-0.000134,-0.001904,-0.001529
4189.905951000001,9.002,5.07113,-0.001416,-0.000138,-0.0019,-0.001527
4192.438309,9.002,4.600486,-0.001414,-0.00014,-0.001906,-0.001522
4193.702987000001,9.002,4.87063,-0.001414,-0.000144,-0.0019,-0.001525
4196.233766,9.002,4.679736,-0.001413,-0.000142,-0.001904,-0.001518
4198.749407,9.002,4.425137,-0.001408,-0.000137,-0.001899,-0.001514
4199.999132,9.002,4.662876,-0.001405,-0.000136,-0.001897,-0.001512
4202.515670000001,9.002,4.546006,-0.001401,-0.000136,-0.001901,-0.001509
4203.764687,9.002,4.872805,-0.001399,-0.000136,-0.001901,-0.001506
4206.264758,9.002,4.439042,-0.001393,-0.000134,-0.0019,-0.001504
4208.764759,9.002,4.510445,-0.00139,-0.000135,-0.001904,-0.001499
4210.030325,9.002,4.40555,-0.001385,-0.000135,-0.001904,-0.001497
4212.546235,9.001,4.474677,-0.001379,-0.000129,-0.001907,-0.00149
4213.813425,9.0,4.37688,-0.001375,-0.000131,-0.001904,-0.00149
4216.3429940000005,9.0,4.253804,-0.001371,-0.000133,-0.001906,-0.001488
4218.843204000001,8.999,4.278468,-0.00137,-0.000132,-0.00191,-0.001483
4220.109445,8.998,4.21472,-0.001369,-0.000131,-0.001908,-0.001484
4222.625056,8.997,4.741908,-0.001364,-0.000131,-0.00191,-0.001477
4223.891026,8.997,4.013465,-0.001362,-0.000133,-0.001903,-0.001478
4226.406167,8.997,4.249767,-0.001358,-0.000132,-0.001908,-0.001474
4227.672031,8.996,4.156914,-0.001356,-0.000133,-0.001904,-0.001473
4230.182858,8.994,3.88563,-0.001349,-0.00013,-0.001902,-0.001471
4232.688594,8.993,4.2069,-0.001348,-0.000132,-0.001903,-0.001469
4233.936914,8.992,3.902697,-0.001346,-0.000132,-0.001898,-0.001469
4236.4368970000005,8.992,3.886213,-0.001341,-0.000131,-0.001901,-0.001461
4237.672421,8.991,3.879698,-0.001338,-0.000132,-0.001896,-0.00146
4240.203922000001,8.99,3.969214,-0.001337,-0.000127,-0.001902,-0.001453
4242.718657,8.99,2.797342,-0.001335,-0.000126,-0.001907,-0.001446
4243.983920000001,8.989,4.228217,-0.001331,-0.00013,-0.001903,-0.001449
4246.516015,8.988,3.877051,-0.001327,-0.000131,-0.001902,-0.001449
4247.764559,8.988,3.709315,-0.001325,-0.000132,-0.001904,-0.001447
4250.265745000001,8.987,3.826694,-0.001324,-0.000133,-0.00191,-0.001444
4252.780887,8.986,3.714159,-0.001318,-0.000132,-0.001903,-0.001445
4254.047007,8.985,3.970461,-0.001314,-0.000132,-0.001901,-0.001444
4256.56185,8.984,3.577066,-0.001307,-0.000131,-0.001899,-0.001438
4257.827668,8.984,3.582992,-0.001305,-0.00013,-0.0019,-0.001437
4260.3602470000005,8.983,4.172331,-0.001303,-0.000133,-0.001905,-0.001433
4262.859153,8.982,3.510707,-0.0013,-0.00013,-0.0019,-0.001433
4264.123768,8.981,3.956991,-0.001297,-0.000132,-0.001897,-0.001432
4266.641284,8.98,3.618086,-0.001292,-0.000128,-0.001902,-0.001423
4267.889247,8.98,3.509535,-0.001287,-0.000126,-0.001897,-0.001422
4270.390915,8.979,3.532639,-0.001287,-0.000125,-0.001904,-0.001413
4271.656163,8.978,3.438222,-0.001285,-0.000126,-0.001903,-0.001414
4274.18641,8.977,3.171123,-0.001277,-0.000126,-0.001901,-0.001411
4276.70243,8.976,3.154051,-0.001275,-0.000129,-0.001896,-0.001416
4277.953426,8.975,3.289871,-0.001276,-0.000126,-0.001901,-0.001412
4280.469204,8.974,3.30662,-0.001274,-0.000135,-0.0019,-0.001411
4281.733649,8.974,3.467464,-0.001273,-0.000135,-0.0019,-0.001412
4284.233758,8.973,3.119349,-0.001272,-0.00013,-0.001902,-0.001406
4286.749892,8.972,3.036922,-0.001267,-0.000136,-0.001898,-0.001411
4288.013382,8.971,3.472345,-0.001263,-0.000134,-0.001901,-0.001407
4290.515466,8.969,3.735878,-0.001269,-0.000146,-0.001897,-0.001415
4291.78002,8.969,2.753048,-0.001271,-0.00015,-0.001897,-0.001416
4294.281018,8.968,4.418771,-0.001271,-0.000152,-0.001896,-0.001417
4296.796925000001,8.967,2.941231,-0.001266,-0.000149,-0.001896,-0.001413
4298.062552,8.967,3.214796,-0.001268,-0.000155,-0.00189,-0.001417
4300.592234,8.966,2.851567,-0.001266,-0.000158,-0.001896,-0.001411
4301.844923000001,8.966,3.07626,-0.001263,-0.000156,-0.001902,-0.001409
4304.345009000001,8.965,3.147844,-0.001265,-0.000163,-0.001902,-0.001412
4306.843954,8.964,3.057771,-0.001268,-0.000173,-0.001903,-0.001399
4308.110372,8.964,3.053076,-0.001267,-0.000172,-0.001903,-0.001398
4310.608398,8.962,2.970718,-0.001266,-0.000175,-0.001906,-0.001398
4311.859486,8.962,3.007579,-0.001262,-0.000171,-0.001909,-0.001391
4314.374639,8.961,2.909532,-0.00126,-0.000169,-0.001913,-0.001385
4316.874617,8.96,3.096197,-0.001252,-0.000162,-0.001915,-0.001371
4318.140545,8.959,3.063947,-0.001251,-0.00016,-0.00192,-0.00137
4320.670765,8.958,3.20313,-0.001255,-0.000171,-0.001917,-0.00138
4321.936358,8.958,2.810626,-0.001255,-0.000173,-0.001921,-0.001377
4324.468619,8.957,3.056901,-0.001246,-0.000169,-0.001917,-0.001375
4325.732276000001,8.956,2.780057,-0.001242,-0.000168,-0.001914,-0.001372
4328.249483,8.955,2.68843,-0.001235,-0.000172,-0.001913,-0.001376
4330.765504,8.954,2.708733,-0.001239,-0.00018,-0.001912,-0.001379
4332.030216,8.953,2.657044,-0.00124,-0.000181,-0.001914,-0.001379
4334.546273,8.952,2.716914,-0.001237,-0.000176,-0.001918,-0.001374
4335.811794,8.952,2.591381,-0.001237,-0.00018,-0.001921,-0.001371
4338.328263,8.951,2.612363,-0.001228,-0.00018,-0.001912,-0.001368
4340.828873,8.949,2.487308,-0.00122,-0.000171,-0.001921,-0.001357
4342.078194,8.949,2.599313,-0.001221,-0.000174,-0.001925,-0.001359
4344.609461,8.948,2.929034,-0.001225,-0.000172,-0.001923,-0.001356
4345.875252,8.947,2.432155,-0.001223,-0.000173,-0.001929,-0.001353
4348.389829,8.946,2.580707,-0.001223,-0.000183,-0.001922,-0.001364
4349.640882,8.946,2.480231,-0.001221,-0.000181,-0.001922,-0.001358
4352.140031,8.944,2.429428,-0.001216,-0.000183,-0.00192,-0.001362
4354.657092,8.943,2.373521,-0.001221,-0.00019,-0.001912,-0.001362
4355.905907,8.943,2.58119,-0.001225,-0.000195,-0.001914,-0.001365
4358.436853,8.942,2.464554,-0.001221,-0.000194,-0.001921,-0.001359
4359.688246,8.941,2.344846,-0.001217,-0.000191,-0.001913,-0.001356
4362.187109,8.94,2.306123,-0.001209,-0.000187,-0.001915,-0.001349
4364.703030000001,8.939,2.340056,-0.001206,-0.000183,-0.001927,-0.001342
4365.96836,8.939,2.255962,-0.001202,-0.000177,-0.001925,-0.00134
4368.483501000001,8.938,2.124339,-0.001205,-0.000179,-0.001939,-0.001331
4369.732969000001,8.937,2.217923,-0.001204,-0.000182,-0.001935,-0.001335
4372.249278,8.936,2.333689,-0.001208,-0.000195,-0.001936,-0.001346
4374.765191,8.935,2.107213,-0.001206,-0.000199,-0.001936,-0.001353
4376.031176,8.934,2.174521,-0.001208,-0.000205,-0.001927,-0.001357
4378.561972,8.933,2.290287,-0.001204,-0.000201,-0.001936,-0.001345
4379.813485000001,8.933,2.361765,-0.001205,-0.000198,-0.001939,-0.001343
4382.3283950000005,8.932,1.725819,-0.001205,-0.000203,-0.001941,-0.001343
4384.859791,8.931,1.941307,-0.001202,-0.000209,-0.001938,-0.001345
4386.124961,8.93,2.0658,-0.001202,-0.000207,-0.001942,-0.001342
4388.655163,8.929,2.097675,-0.001189,-0.000197,-0.001937,-0.001333
4389.906514,8.928,1.921418,-0.001188,-0.000194,-0.001933,-0.00133
4392.406276,8.927,2.038749,-0.001175,-0.000189,-0.001938,-0.001321
4393.671175,8.927,1.590598,-0.001174,-0.000184,-0.001936,-0.001319
4396.189021,8.926,1.857166,-0.001182,-0.00019,-0.001938,-0.001322
4398.703459,8.925,1.941732,-0.001183,-0.000201,-0.001941,-0.001329
4399.968657,8.924,1.939355,-0.001186,-0.000202,-0.001949,-0.00133
4402.46802,8.923,1.61443,-0.001188,-0.000204,-0.001947,-0.001324
4403.719122,8.923,1.818226,-0.001185,-0.000204,-0.001939,-0.001323
4406.2333770000005,8.921,1.688592,-0.001182,-0.000208,-0.00195,-0.001324
4408.749989,8.92,1.702401,-0.001176,-0.000215,-0.001952,-0.001326
4410.015501,8.92,1.788055,-0.001177,-0.000211,-0.001947,-0.001329
4412.514973,8.919,1.808114,-0.001175,-0.000205,-0.001951,-0.001318
4413.765165000001,8.918,2.217568,-0.001174,-0.000205,-0.001948,-0.001316
4416.2652020000005,8.917,1.678071,-0.001168,-0.00021,-0.001946,-0.001323
4418.796406,8.916,1.475252,-0.00116,-0.00021,-0.00194,-0.001323
4420.045887,8.916,1.672628,-0.001154,-0.000203,-0.001943,-0.001316
4422.563128,8.914,1.946767,-0.001156,-0.000205,-0.00194,-0.001318
4423.8134900000005,8.914,1.560353,-0.00116,-0.000204,-0.001942,-0.001319
4426.328224,8.912,1.90911,-0.001161,-0.00021,-0.001949,-0.001319
4428.843287,8.911,1.464959,-0.001163,-0.00022,-0.00195,-0.001325
4430.094295,8.911,1.403127,-0.001156,-0.000218,-0.001947,-0.001322
4432.624955,8.91,0.734119,-0.00115,-0.000206,-0.00195,-0.001313
4433.890018,8.909,1.500086,-0.001147,-0.000206,-0.00195,-0.001312
4436.38971,8.909,0.72154,-0.001142,-0.000198,-0.00195,-0.001306
4437.655727,8.909,1.465612,-0.001151,-0.000205,-0.001949,-0.001305
4440.186429,8.909,1.543981,-0.001157,-0.000209,-0.00195,-0.001314
4442.687845,8.909,1.560974,-0.001161,-0.000208,-0.001947,-0.001314
4443.953735,8.909,1.453012,-0.001164,-0.000209,-0.001951,-0.001316
4446.453123,8.909,1.519476,-0.001163,-0.000209,-0.001951,-0.001317
4447.718037000001,8.909,1.585728,-0.001166,-0.000207,-0.001951,-0.001315
4450.234345,8.909,1.416873,-0.001164,-0.000201,-0.001949,-0.001311
4452.764984,8.909,1.669212,-0.001167,-0.000201,-0.001946,-0.001316
4454.030823,8.91,2.838362,-0.001174,-0.000204,-0.00195,-0.001319
4457.8287,8.91,1.673801,-0.001176,-0.000208,-0.001946,-0.00133
4460.343597,8.912,1.60836,-0.001176,-0.000206,-0.001943,-0.001329
4462.853179,8.913,1.645821,-0.001177,-0.000205,-0.00194,-0.001329
4464.093893,8.914,1.837314,-0.001178,-0.000204,-0.001946,-0.001331
4466.624638,8.914,1.826337,-0.001185,-0.000206,-0.00194,-0.001333
4467.889649000001,8.915,2.591917,-0.001188,-0.000204,-0.001948,-0.001332
4470.406371,8.916,1.904786,-0.001184,-0.000201,-0.001947,-0.001334
4471.654671,8.916,1.908898,-0.001187,-0.0002,-0.001946,-0.001333
4474.135448,8.917,1.953425,-0.0012,-0.000204,-0.001953,-0.001341
4476.608613,8.918,2.010042,-0.001201,-0.000201,-0.001953,-0.001343
4477.859322,8.919,1.939578,-0.001197,-0.000203,-0.001943,-0.001344
4480.374366,8.92,1.915391,-0.001199,-0.000198,-0.001943,-0.001345
4482.874326,8.921,2.174054,-0.001199,-0.000193,-0.001942,-0.001341
4484.125196,8.921,2.104932,-0.001199,-0.000189,-0.001948,-0.001339
4486.639822,8.923,2.292462,-0.001193,-0.000189,-0.001941,-0.001343
4487.891214,8.923,1.929742,-0.001196,-0.000192,-0.001937,-0.001347
4490.421278,8.924,2.000599,-0.001207,-0.000193,-0.001944,-0.00135
4491.687683,8.925,2.150966,-0.001213,-0.000192,-0.001943,-0.001352
4494.203444000001,8.926,2.228322,-0.001219,-0.00019,-0.001941,-0.001347
4498.000698,8.926,2.249935,-0.001219,-0.00018,-0.00194,-0.001347
4500.515538,8.928,2.315529,-0.001216,-0.000178,-0.001944,-0.001348
4501.7660080000005,8.929,2.393527,-0.001218,-0.000177,-0.001943,-0.001347
4504.2648580000005,8.93,2.301767,-0.001222,-0.00018,-0.001938,-0.001346
4506.764957,8.931,2.421889,-0.001229,-0.000182,-0.001937,-0.001351
4508.015318,8.931,2.332575,-0.001232,-0.000183,-0.001937,-0.001354
4510.51483,8.932,2.427438,-0.001239,-0.000187,-0.001941,-0.001363
4511.765567,8.933,2.364746,-0.001242,-0.00019,-0.001941,-0.001362
4514.281497,8.934,2.487382,-0.001243,-0.000191,-0.001939,-0.001366
4516.812345,8.935,2.518784,-0.001244,-0.000188,-0.001939,-0.001366
4518.075302,8.935,2.583466,-0.001243,-0.000189,-0.001936,-0.001369
4520.578447,8.936,2.770227,-0.001246,-0.000191,-0.001937,-0.001373
4521.843308,8.937,2.650126,-0.001247,-0.000194,-0.001929,-0.001376
4524.358719,8.938,2.793066,-0.001247,-0.000186,-0.001933,-0.001369
4526.874618,8.939,2.935003,-0.00125,-0.00018,-0.001935,-0.001363
4528.141253,8.939,2.781256,-0.00125,-0.000182,-0.001931,-0.001369
4530.634111,8.941,2.568935,-0.001251,-0.000184,-0.001928,-0.001375
4531.874782,8.941,2.641664,-0.001252,-0.000181,-0.001931,-0.001373
4534.38989,8.942,4.221229,-0.001253,-0.000178,-0.001929,-0.001376
4536.890254,8.943,2.837179,-0.001252,-0.000171,-0.001933,-0.00137
4538.140955,8.944,2.859912,-0.001253,-0.000169,-0.001932,-0.001372
4540.650866,8.945,2.869594,-0.001252,-0.000164,-0.001933,-0.001369
4541.889604,8.945,3.056721,-0.001255,-0.000164,-0.001934,-0.00137
4544.406983,8.947,3.167845,-0.001255,-0.000163,-0.001933,-0.001375
4545.671283,8.947,2.646344,-0.001255,-0.000163,-0.00194,-0.001371
4548.1870610000005,8.948,2.91888,-0.001258,-0.00016,-0.001933,-0.001374
4550.688451,8.949,3.017287,-0.001263,-0.000161,-0.001934,-0.001376
4551.953751,8.95,2.97154,-0.001262,-0.000159,-0.001939,-0.001379
4554.469204,8.951,3.029675,-0.001264,-0.000163,-0.001937,-0.001379
4555.733629,8.951,2.756375,-0.001267,-0.000161,-0.001934,-0.001384
4558.232987,8.952,3.370622,-0.001271,-0.000162,-0.001934,-0.001389
4560.735249,8.953,3.078748,-0.001277,-0.000165,-0.001928,-0.001392
4561.998976,8.954,3.098022,-0.001278,-0.000163,-0.001925,-0.001393
4564.515266,8.955,2.877446,-0.001275,-0.00016,-0.001925,-0.001391
4565.764765,8.956,3.072743,-0.001275,-0.000159,-0.001925,-0.001392
4568.265941,8.956,2.96589,-0.001278,-0.000157,-0.001927,-0.001395
4570.765807,8.957,3.293542,-0.001275,-0.000155,-0.001931,-0.001392
4572.0307840000005,8.958,3.219109,-0.00128,-0.000151,-0.00193,-0.001393
4574.5616150000005,8.959,3.336722,-0.00129,-0.000154,-0.00193,-0.001407
4575.828966,8.959,3.136899,-0.001289,-0.000153,-0.001926,-0.001407
4578.325968,8.96,3.299129,-0.001295,-0.000157,-0.001928,-0.001408
4580.8281130000005,8.961,3.271828,-0.001303,-0.000162,-0.001928,-0.001408
4582.09318,8.962,3.642246,-0.001305,-0.000165,-0.001923,-0.001411
4584.625223,8.963,3.367726,-0.00131,-0.000167,-0.001927,-0.001418
4585.8902880000005,8.963,3.32252,-0.001309,-0.000165,-0.001923,-0.001421
4588.421593,8.964,3.564683,-0.001312,-0.000163,-0.001924,-0.001418
4589.68708,8.965,3.21617,-0.001314,-0.00016,-0.001925,-0.001422
4592.181151000001,8.966,3.472573,-0.001312,-0.000151,-0.00192,-0.001423
4594.702035,8.966,3.50624,-0.001316,-0.000151,-0.001917,-0.001426
4595.95371,8.967,3.460435,-0.001319,-0.00015,-0.001923,-0.001427
4598.468228,8.968,3.744982,-0.001325,-0.000154,-0.001919,-0.001427
4599.718334,8.968,3.597777,-0.001325,-0.000152,-0.00192,-0.001425
4602.218309,8.969,3.45131,-0.001328,-0.000154,-0.001919,-0.001427
4604.7345430000005,8.97,3.750441,-0.001329,-0.000152,-0.001916,-0.001429
4605.999343,8.971,3.484399,-0.001329,-0.000147,-0.001922,-0.001427
4608.500155,8.972,3.718663,-0.001325,-0.000143,-0.00192,-0.001425
4609.745067,8.972,3.640538,-0.001326,-0.000143,-0.001914,-0.001432
4612.234075,8.973,3.929578,-0.001329,-0.000139,-0.001917,-0.00143
4614.764591,8.974,3.941489,-0.001328,-0.000136,-0.001914,-0.001414
4616.016307,8.975,3.844222,-0.001329,-0.000137,-0.00191,-0.001416
4618.5309290000005,8.976,3.678422,-0.001334,-0.000138,-0.001909,-0.00142
4619.780875,8.976,4.1326,-0.001334,-0.000138,-0.001914,-0.00142
4622.265966,8.977,3.817086,-0.001333,-0.000136,-0.00192,-0.001417
4624.76592,8.978,4.006977,-0.001334,-0.000134,-0.001915,-0.001423
4626.030006,8.978,3.920491,-0.001336,-0.000131,-0.001914,-0.001421
4628.546342,8.979,4.269767,-0.00134,-0.000134,-0.001911,-0.001424
4629.813213,8.98,4.268568,-0.001344,-0.00013,-0.001917,-0.001426
4632.3280429999995,8.981,3.527101,-0.001347,-0.00013,-0.001912,-0.001429
4634.843963,8.982,4.229681,-0.001348,-0.000131,-0.001913,-0.001435
4636.110093,8.982,4.047329,-0.001351,-0.000133,-0.001914,-0.001435
4638.609631,8.983,4.059547,-0.001355,-0.000136,-0.001915,-0.001439
4639.874793,8.983,4.225214,-0.001356,-0.000134,-0.001918,-0.001438
4642.406315,8.984,3.906713,-0.001359,-0.000133,-0.001911,-0.001442
4643.656104,8.985,4.38557,-0.001361,-0.000132,-0.001913,-0.001444
4646.170279,8.986,4.286956,-0.001364,-0.000129,-0.001918,-0.001443
4648.686565,8.987,4.312687,-0.001363,-0.000126,-0.00191,-0.001447
4649.937494,8.988,4.590311,-0.001366,-0.000129,-0.001912,-0.00145
4652.437341000001,8.988,4.351601,-0.001371,-0.000131,-0.001908,-0.001455
4653.703607,8.989,4.561779,-0.001373,-0.00013,-0.001907,-0.001457
4656.232384000001,8.99,4.469351,-0.001379,-0.00013,-0.001912,-0.001455
4658.730974,8.994,4.636488,-0.001382,-0.000126,-0.001907,-0.001458
4659.984723,8.996,4.7449,-0.001381,-0.000122,-0.00191,-0.001452
4662.516203,8.996,4.827349,-0.00138,-0.000121,-0.001906,-0.001452
4663.780273,8.996,4.866582,-0.001386,-0.000124,-0.001906,-0.001451
4666.27883,8.996,4.734248,-0.001392,-0.000122,-0.001907,-0.001451
4668.7958340000005,8.998,4.504763,-0.001395,-0.000128,-0.001907,-0.001458
4670.046565000001,8.998,4.538797,-0.001397,-0.000127,-0.001911,-0.001458
4672.578687,8.999,4.644997,-0.001399,-0.000126,-0.00191,-0.001462
4673.828576,8.999,4.732873,-0.001403,-0.000128,-0.001912,-0.001462
4676.3438320000005,9.0,4.483012,-0.001409,-0.000128,-0.001915,-0.001465
4678.859558,9.002,4.897543,-0.001413,-0.000127,-0.001911,-0.001468
4680.124678,9.002,4.901225,-0.001411,-0.000123,-0.001907,-0.001471
4683.890118,9.002,5.023914,-0.001412,-0.000116,-0.001906,-0.001474
4686.405813,9.004,4.534818,-0.001417,-0.00012,-0.001907,-0.00148
4687.672071,9.005,5.10601,-0.001421,-0.000123,-0.001907,-0.001482
4690.188049,9.005,4.793677,-0.001427,-0.000122,-0.001905,-0.001483
4692.688124,9.007,4.947917,-0.001429,-0.000118,-0.001906,-0.001484
4693.936693,9.007,5.009621,-0.00143,-0.000117,-0.001911,-0.001483
4696.468815,9.008,5.242211,-0.00143,-0.000119,-0.001904,-0.001483
4697.734205000001,9.009,5.290392,-0.001433,-0.000116,-0.001907,-0.001482
4700.2645919999995,9.009,5.002053,-0.001435,-0.000117,-0.001905,-0.001487
4702.765616000001,9.01,5.171136,-0.001439,-0.000117,-0.001906,-0.001492
4704.014911,9.011,5.286886,-0.001443,-0.000116,-0.001909,-0.001492
4706.530011000001,9.011,5.071142,-0.001445,-0.000113,-0.001902,-0.001494
4707.781792,9.012,5.643007,-0.001446,-0.000112,-0.0019,-0.001496
4710.280926,9.012,4.767098,-0.001443,-0.000112,-0.001895,-0.001495
4712.796288,9.012,5.281468,-0.001441,-0.000114,-0.001902,-0.001492
4714.063076,9.012,5.438387,-0.001437,-0.000113,-0.001897,-0.001491
4716.578305,9.013,5.028932,-0.001441,-0.000121,-0.001899,-0.001498
4717.8431550000005,9.013,5.431867,-0.001443,-0.000126,-0.001896,-0.001501
4720.342839000001,9.013,5.008427,-0.001446,-0.000133,-0.001896,-0.001505
4722.843068,9.013,4.928202,-0.001439,-0.000132,-0.0019,-0.001497
4724.093543,9.013,5.08763,-0.00144,-0.000132,-0.001904,-0.001496
4726.625311,9.013,4.981515,-0.001433,-0.000133,-0.001901,-0.001491
4727.889575,9.013,5.010605,-0.001433,-0.000134,-0.001905,-0.00149
4730.390251000001,9.013,5.318759,-0.001435,-0.000138,-0.001904,-0.001496
4732.8917089999995,9.012,4.710697,-0.001437,-0.000147,-0.001903,-0.0015
4734.140019,9.012,4.686978,-0.001435,-0.000148,-0.001908,-0.001499
4736.655664,9.01,4.620211,-0.001429,-0.000146,-0.001902,-0.001495
4737.906290000001,9.01,4.7979,-0.001425,-0.000144,-0.001905,-0.001488
4740.406194,9.01,4.772143,-0.001419,-0.000144,-0.001908,-0.001486
4741.671168000001,9.009,4.782769,-0.001423,-0.00015,-0.00191,-0.001494
4744.187322,9.008,5.150313,-0.001424,-0.000153,-0.001918,-0.001487
4746.688416,9.007,4.439127,-0.001412,-0.000152,-0.001907,-0.001482
4747.953237,9.007,4.65226,-0.001408,-0.000147,-0.00191,-0.001476
4750.483993,9.006,5.155572,-0.001405,-0.000145,-0.00191,-0.001476
4751.749355,9.006,4.552723,-0.001405,-0.000147,-0.001911,-0.001478
4754.2500199999995,9.005,4.597616,-0.001405,-0.000143,-0.001917,-0.001471
4756.764931,9.004,4.56858,-0.001408,-0.00015,-0.001915,-0.001471
4758.015637,9.003,4.192857,-0.001406,-0.000152,-0.001918,-0.001468
4760.515662,9.002,4.220312,-0.001394,-0.000144,-0.001924,-0.001454
4761.765520000001,9.002,4.338279,-0.001388,-0.000143,-0.001922,-0.001451
4764.280917,9.001,4.371018,-0.001388,-0.000149,-0.001918,-0.001456
4766.781818,9.0,4.16128,-0.001388,-0.000153,-0.001921,-0.001462
4768.031216,8.999,4.540378,-0.001387,-0.000155,-0.001919,-0.001463
4770.561831,8.998,4.136223,-0.001387,-0.000164,-0.001911,-0.001465
4771.828035,8.998,4.183361,-0.00139,-0.000169,-0.001918,-0.001464
4774.343546,8.997,4.249273,-0.001388,-0.000168,-0.001921,-0.00146
4776.843424000001,8.997,4.052485,-0.001384,-0.000166,-0.001917,-0.001461
4778.093777,8.996,4.100233,-0.001379,-0.00017,-0.001913,-0.001464
4780.609215,8.995,3.895933,-0.001377,-0.000172,-0.001924,-0.001461
4781.859746,8.994,3.967925,-0.001375,-0.000172,-0.001918,-0.001462
4784.374988,8.993,4.139921,-0.001372,-0.000174,-0.001914,-0.00146
4786.890787,8.992,3.819829,-0.001368,-0.000176,-0.001916,-0.001452
4788.157302,8.991,4.174915,-0.001366,-0.000171,-0.001921,-0.001447
4790.671106,8.99,4.124112,-0.001366,-0.000171,-0.001917,-0.001445
4791.937302,8.99,3.996653,-0.001366,-0.000177,-0.001919,-0.001446
4794.454180000001,8.989,4.048347,-0.001363,-0.000177,-0.001924,-0.001447
4795.703159000001,8.988,3.813945,-0.001359,-0.000174,-0.001925,-0.001442
4798.234064,8.988,3.740404,-0.001345,-0.00017,-0.001926,-0.001437
4800.7330440000005,8.987,3.696163,-0.00134,-0.000171,-0.001925,-0.001431
4801.983833,8.986,3.739003,-0.001336,-0.000167,-0.001929,-0.001424
4804.4822779999995,8.985,3.509784,-0.001333,-0.000165,-0.00193,-0.001425
4805.733795,8.985,3.856822,-0.001336,-0.000164,-0.001933,-0.001423
4808.248928,8.984,3.981294,-0.001341,-0.000168,-0.001935,-0.00142
4810.764422,8.983,4.031551,-0.001341,-0.00017,-0.00194,-0.001416
4812.015251000001,8.982,4.658441,-0.001337,-0.000165,-0.00194,-0.001414
4814.515625,8.981,3.487571,-0.001333,-0.000164,-0.001941,-0.001406
4815.780119,8.981,3.753571,-0.001334,-0.000167,-0.001941,-0.001406
4818.282012,8.98,3.520835,-0.001328,-0.000172,-0.001942,-0.001407
4820.781296,8.978,3.026852,-0.001324,-0.000176,-0.001934,-0.001406
4822.047186,8.978,3.470812,-0.001317,-0.000174,-0.001932,-0.001406
4824.54679,8.977,3.390485,-0.001315,-0.00017,-0.001936,-0.001398
4825.811281,8.976,3.417908,-0.001316,-0.000172,-0.001941,-0.001394
4828.328408,8.975,3.872971,-0.001319,-0.000182,-0.001942,-0.001401
4830.828902,8.974,3.586143,-0.001314,-0.00018,-0.001937,-0.001405
4832.078792,8.974,3.384129,-0.001309,-0.000178,-0.001939,-0.001403
4834.57899,8.972,3.280719,-0.001319,-0.000195,-0.001935,-0.001412
4835.82862,8.972,3.651928,-0.00132,-0.000201,-0.001935,-0.001417
4838.345176000001,8.971,3.17097,-0.001316,-0.000206,-0.001931,-0.001419
4840.859856,8.97,3.037081,-0.001317,-0.000209,-0.00193,-0.001421
4842.1249179999995,8.969,2.318007,-0.001317,-0.000207,-0.001935,-0.00142
4844.640373,8.968,3.083666,-0.001316,-0.00021,-0.001935,-0.001417
4845.8897799999995,8.967,2.866151,-0.00131,-0.000205,-0.001936,-0.001408
4848.405986,8.967,3.083534,-0.001303,-0.000199,-0.001935,-0.0014
4849.65642,8.966,3.350287,-0.001295,-0.000198,-0.001933,-0.001399
4852.184255,8.965,3.114336,-0.001287,-0.000178,-0.001945,-0.001379
4854.703271,8.964,3.171129,-0.001289,-0.00018,-0.00195,-0.001379
4855.9692,8.964,3.251694,-0.00129,-0.000182,-0.001955,-0.00138
4858.484153,8.963,2.979248,-0.001284,-0.000186,-0.00195,-0.001375
4859.750044,8.962,2.947688,-0.001283,-0.000189,-0.001948,-0.001374
4862.265215,8.961,2.817231,-0.001278,-0.000186,-0.00195,-0.001368
4864.765658,8.96,2.944462,-0.001266,-0.000185,-0.001944,-0.001369
4866.015447,8.96,2.911362,-0.001265,-0.000182,-0.001942,-0.001363
4868.514884,8.959,2.866162,-0.001261,-0.000185,-0.00194,-0.001367
4869.781264,8.959,2.848479,-0.001258,-0.000181,-0.001946,-0.001361
4872.313375,8.958,2.805135,-0.001257,-0.000185,-0.001936,-0.001363
4874.8286370000005,8.957,2.90132,-0.001255,-0.000181,-0.001944,-0.001355
4878.5797,8.955,2.668944,-0.001243,-0.000179,-0.001939,-0.001352
4879.826772,8.954,2.778832,-0.001243,-0.000178,-0.001939,-0.001348
4882.343276,8.953,2.669406,-0.001241,-0.000173,-0.001942,-0.001341
4884.859431000001,8.952,2.32058,-0.001233,-0.000173,-0.001944,-0.001343
4886.124891,8.952,2.702701,-0.001233,-0.000176,-0.001941,-0.001343
4888.64034,8.95,2.785474,-0.001226,-0.000173,-0.00194,-0.001336
4889.89004,8.95,2.45258,-0.001224,-0.00017,-0.001937,-0.001337
4892.40604,8.949,2.547846,-0.001223,-0.000165,-0.001936,-0.001334
4893.67219,8.948,2.561539,-0.001227,-0.000179,-0.001937,-0.001344
4896.203018,8.947,2.458867,-0.001235,-0.000193,-0.001934,-0.00135
4898.718349000001,8.946,2.367256,-0.00124,-0.000198,-0.001935,-0.001343
4899.967095,8.945,2.439465,-0.001237,-0.000201,-0.00193,-0.001343
4902.48388,8.944,2.500783,-0.00123,-0.000195,-0.001933,-0.001339
4903.735299,8.944,2.406185,-0.001221,-0.000194,-0.001931,-0.001335
4906.234646000001,8.943,2.442145,-0.001219,-0.000192,-0.001932,-0.001331
4908.750493,8.942,2.370046,-0.001217,-0.000193,-0.001923,-0.001334
4909.999581,8.941,2.347796,-0.001215,-0.000195,-0.001927,-0.001331
4912.500286,8.94,2.247314,-0.001212,-0.000197,-0.001929,-0.001326
4913.764561,8.94,2.229446,-0.001209,-0.000195,-0.001929,-0.001325
4916.280582,8.939,2.327938,-0.00121,-0.00019,-0.001927,-0.001321
4918.79689,8.938,2.257347,-0.001202,-0.000184,-0.001925,-0.001312
4920.062040000001,8.937,2.276005,-0.001193,-0.000181,-0.001926,-0.001308
4922.544415,8.936,2.231505,-0.001189,-0.000185,-0.001931,-0.001306
4923.797164,8.936,2.22499,-0.001184,-0.000184,-0.001927,-0.001309
4926.328473,8.935,1.966327,-0.001183,-0.000184,-0.001928,-0.001303
4928.842955,8.934,2.088088,-0.001179,-0.000184,-0.001924,-0.001302
4930.093203,8.933,2.024462,-0.001178,-0.000186,-0.001925,-0.001302
4932.624044,8.932,2.047264,-0.001174,-0.000183,-0.001929,-0.001298
4933.875506,8.931,2.10507,-0.001169,-0.000182,-0.00193,-0.001295
4936.390504,8.93,2.425672,-0.001168,-0.000183,-0.001927,-0.00129
4938.890901000001,8.929,2.088597,-0.001163,-0.00018,-0.001928,-0.001289
4940.140532,8.928,2.526408,-0.001164,-0.000178,-0.001926,-0.001288
4942.671198,8.927,1.93353,-0.001161,-0.000175,-0.001923,-0.001285
4943.921566,8.927,1.816539,-0.001157,-0.000171,-0.001924,-0.00128
4946.451232,8.926,1.197782,-0.001148,-0.000172,-0.001919,-0.00128
4947.702331,8.925,1.839139,-0.001146,-0.000176,-0.001925,-0.00128
4950.218877,8.924,1.136114,-0.001145,-0.000175,-0.001924,-0.001276
4952.735869,8.923,1.844784,-0.001146,-0.000177,-0.001922,-0.001278
4953.999166,8.923,1.825632,-0.001144,-0.000177,-0.001922,-0.001275
4956.500049,8.921,1.798389,-0.001146,-0.000182,-0.001921,-0.001278
4957.765865,8.921,1.708083,-0.001148,-0.000186,-0.001915,-0.001278
4960.266525,8.92,1.705749,-0.001151,-0.000189,-0.001917,-0.001278
4962.780695,8.919,1.181458,-0.001148,-0.000192,-0.001917,-0.001281
4964.031182000001,8.918,1.63711,-0.001148,-0.000194,-0.001913,-0.001279
4966.561763,8.917,1.66519,-0.001147,-0.000193,-0.001914,-0.001274
4967.828530000001,8.917,1.659636,-0.001146,-0.000192,-0.001909,-0.001277
4970.344875000001,8.916,1.601782,-0.001142,-0.000189,-0.001915,-0.001271
4972.844641,8.915,1.544544,-0.001129,-0.00018,-0.001915,-0.001262
4974.093799,8.914,1.470546,-0.001126,-0.000174,-0.001913,-0.001258
4976.608815,8.913,1.403111,-0.001119,-0.000173,-0.001915,-0.001255
4977.872263,8.912,1.620849,-0.001116,-0.000171,-0.001918,-0.001256
4980.375042,8.911,1.114935,-0.001111,-0.000172,-0.001919,-0.001259
4982.889762000001,8.91,1.458742,-0.001115,-0.000175,-0.001917,-0.00126
4984.140488,8.91,1.528532,-0.001114,-0.000178,-0.001917,-0.001262
4986.657755,8.909,1.543307,-0.00111,-0.000179,-0.001917,-0.001258
4987.907018,8.908,2.00836,-0.001108,-0.000176,-0.001915,-0.001257
4990.421277,8.907,1.389795,-0.001105,-0.000178,-0.00191,-0.001258
4991.688289,8.906,1.279875,-0.001104,-0.000178,-0.001912,-0.001253
4994.20363,8.905,1.354419,-0.001101,-0.000177,-0.001908,-0.001253
4996.718341,8.904,1.404289,-0.001098,-0.000179,-0.00191,-0.001254
4997.968493,8.904,0.781272,-0.001099,-0.000181,-0.001915,-0.001253
5000.482664,8.903,1.26892,-0.0011,-0.000179,-0.001911,-0.001253
5001.733771,8.903,1.297229,-0.001098,-0.000175,-0.001915,-0.001248
5004.261716,8.903,1.331495,-0.001101,-0.000176,-0.001915,-0.001249
5006.78088,8.903,1.193463,-0.001104,-0.000178,-0.001906,-0.001253
5008.031893,8.903,1.405827,-0.001106,-0.000177,-0.001906,-0.001253
5010.546982,8.903,1.494197,-0.00111,-0.000176,-0.001912,-0.001254
5011.8115880000005,8.903,1.421632,-0.001108,-0.00018,-0.001907,-0.001256
5014.32888,8.903,1.466625,-0.001111,-0.00018,-0.001909,-0.001257
5016.828212,8.903,1.527928,-0.00111,-0.000174,-0.001914,-0.001255
5018.0785909999995,8.903,1.54179,-0.00111,-0.000176,-0.001912,-0.00126
5020.59433,8.904,1.559823,-0.001115,-0.00018,-0.001908,-0.001264
5021.859007,8.905,1.553085,-0.001119,-0.00018,-0.00191,-0.001265
5024.388421,8.905,1.572184,-0.001118,-0.000176,-0.001906,-0.001266
5026.8901989999995,8.906,1.591744,-0.001122,-0.000172,-0.001909,-0.00127
5028.1565040000005,8.907,1.78928,-0.001122,-0.000169,-0.001913,-0.001267
5030.672244,8.908,1.672389,-0.001125,-0.000167,-0.001912,-0.001265
5031.9375390000005,8.908,1.596965,-0.001124,-0.00016,-0.001914,-0.00126
5034.467972,8.909,1.716147,-0.001126,-0.000166,-0.001908,-0.00127
5035.718603,8.91,1.689679,-0.001129,-0.000169,-0.001908,-0.001275
5038.233981,8.91,1.458991,-0.001136,-0.000172,-0.001913,-0.001278
5040.749895000001,8.912,1.718322,-0.001139,-0.000171,-0.001914,-0.001281
5042.015024,8.912,1.786092,-0.001141,-0.00017,-0.001915,-0.001279
5044.546082000001,8.913,1.864827,-0.001136,-0.000164,-0.001912,-0.001274
5045.812107,8.914,1.762255,-0.001138,-0.000164,-0.001915,-0.001272
5048.343874,8.915,1.503794,-0.001144,-0.000166,-0.001908,-0.001276
5050.858609000001,8.916,1.863341,-0.00115,-0.000168,-0.001907,-0.001283
5052.125648,8.916,1.965722,-0.001153,-0.00017,-0.001908,-0.001288
5054.640024,8.917,2.02738,-0.001154,-0.000166,-0.001911,-0.001289
5055.891284,8.917,2.476305,-0.001158,-0.000171,-0.001913,-0.001293
5058.421200000001,8.918,2.08544,-0.001162,-0.000174,-0.001906,-0.001293
5059.686403,8.919,2.187121,-0.001164,-0.000172,-0.001909,-0.001295
5062.217837,8.92,2.072411,-0.001165,-0.00017,-0.001911,-0.001295
5064.734158,8.921,2.036133,-0.001164,-0.000169,-0.001908,-0.001291
5065.984056,8.922,2.264201,-0.001167,-0.000167,-0.001912,-0.001293
5068.512315,8.923,2.150955,-0.001169,-0.00016,-0.001912,-0.001291
5069.766117,8.923,1.948395,-0.001166,-0.00016,-0.001908,-0.001291
5072.296268,8.924,1.894436,-0.001162,-0.000153,-0.001914,-0.001288
5074.812723,8.925,2.35135,-0.001166,-0.000155,-0.001912,-0.001296
5076.078387,8.926,2.32753,-0.001168,-0.000159,-0.001909,-0.001302
5078.609172,8.927,2.593615,-0.001178,-0.000162,-0.001914,-0.001306
5079.859401,8.927,2.514635,-0.001178,-0.00016,-0.001907,-0.001309
5082.374848,8.928,2.33744,-0.00118,-0.00016,-0.001908,-0.001305
5084.891117,8.929,3.089444,-0.001181,-0.000156,-0.001914,-0.001305
5086.140101,8.93,2.632799,-0.001181,-0.000158,-0.001913,-0.001304
5088.641206,8.931,2.794588,-0.001185,-0.000164,-0.001906,-0.001311
5089.889313,8.931,2.359717,-0.00119,-0.000163,-0.001911,-0.00131
5092.390573000001,8.932,3.253334,-0.001192,-0.00016,-0.001914,-0.001309
5094.890573000001,8.933,2.350422,-0.00119,-0.000156,-0.001914,-0.001312
5096.139598,8.934,2.452845,-0.001192,-0.000154,-0.001913,-0.001313
5098.656508,8.934,2.650381,-0.001192,-0.000149,-0.001914,-0.00131
5099.9211,8.935,2.762561,-0.001192,-0.000151,-0.001914,-0.001311
5102.438853,8.936,2.608321,-0.001192,-0.000152,-0.001907,-0.001318
5103.688115000001,8.936,2.592129,-0.001199,-0.000152,-0.001909,-0.001324
5106.202377,8.938,3.028874,-0.001206,-0.000147,-0.001915,-0.001322
5108.718166000001,8.939,2.905553,-0.001205,-0.000149,-0.001913,-0.001325
5109.967866,8.939,2.670435,-0.001209,-0.000153,-0.001906,-0.001331
5112.468102000001,8.94,2.973418,-0.001213,-0.000153,-0.001906,-0.001333
5113.719722,8.941,2.531729,-0.001214,-0.000154,-0.001906,-0.001331
5116.219103,8.942,2.80026,-0.00122,-0.000154,-0.001913,-0.001337
5118.749594000001,8.943,2.994644,-0.001223,-0.000156,-0.001906,-0.00134
5120.000177,8.943,2.874141,-0.001227,-0.000156,-0.001911,-0.001341
5122.515058,8.944,2.6601,-0.001232,-0.000157,-0.00191,-0.001341
5123.780992,8.945,2.751632,-0.001236,-0.000158,-0.001911,-0.001345
5126.28035,8.946,2.677454,-0.001235,-0.000155,-0.001912,-0.001347
5128.796365,8.947,2.873101,-0.00124,-0.000153,-0.001908,-0.001352
5130.061193,8.948,2.958611,-0.00124,-0.000155,-0.00191,-0.001354
5132.562737,8.949,3.241413,-0.00124,-0.000152,-0.001907,-0.001347
5133.812367,8.949,3.045813,-0.001242,-0.000153,-0.001902,-0.001354
5136.343062,8.95,3.1231,-0.001249,-0.000157,-0.001912,-0.001355
5138.844165,8.951,3.020009,-0.001252,-0.000155,-0.00191,-0.001358
5140.10731,8.952,3.074738,-0.001253,-0.000152,-0.001908,-0.001359
5142.625169000001,8.953,3.134263,-0.001251,-0.000147,-0.001908,-0.001357
5143.875558,8.953,2.755117,-0.00125,-0.000148,-0.001907,-0.001357
5146.405153,8.955,3.098235,-0.001251,-0.000139,-0.001911,-0.001353
5148.9221,8.956,2.899367,-0.001252,-0.000134,-0.001912,-0.001357
5150.187741,8.956,3.090107,-0.001249,-0.000138,-0.001908,-0.00136
5152.718125,8.957,3.374352,-0.001252,-0.00013,-0.001915,-0.001358
5153.969825,8.958,3.316063,-0.001253,-0.000133,-0.001915,-0.001362
5156.467966,8.959,3.326063,-0.001259,-0.000143,-0.001908,-0.00137
5157.719586,8.959,3.359036,-0.001261,-0.000146,-0.001907,-0.001373
5160.233193,8.96,3.358134,-0.00127,-0.000142,-0.001907,-0.001377
5162.748813,8.961,3.345608,-0.001275,-0.000148,-0.001906,-0.001381
5163.999470000001,8.962,3.225603,-0.001282,-0.00015,-0.001913,-0.001381
5166.513903,8.963,3.622128,-0.001276,-0.000142,-0.001911,-0.001378
5167.764667,8.963,3.313607,-0.001278,-0.00014,-0.001911,-0.001379
5170.264271,8.964,3.41516,-0.001278,-0.000141,-0.001911,-0.001376
5172.767078000001,8.965,3.868388,-0.001281,-0.00014,-0.001914,-0.00138
5174.016976000001,8.966,3.50563,-0.001287,-0.000139,-0.001906,-0.001389
5176.516099,8.966,3.594302,-0.001292,-0.000141,-0.001908,-0.001389
5177.780842,8.967,3.798937,-0.001296,-0.000141,-0.001908,-0.001389
5180.280014,8.968,4.303021,-0.001304,-0.000145,-0.001908,-0.00139
5182.796223,8.969,3.47904,-0.001316,-0.000151,-0.001913,-0.001406
5184.030716,8.969,3.69446,-0.001321,-0.000161,-0.001913,-0.001418
5186.546311,8.97,3.875746,-0.001331,-0.000166,-0.001915,-0.001421
5187.795886,8.971,3.644044,-0.001334,-0.000167,-0.001909,-0.001429
5190.31221,8.972,3.809165,-0.001332,-0.000162,-0.001913,-0.001427
5192.829180000001,8.973,3.734319,-0.001335,-0.000162,-0.001918,-0.00143
5194.0920590000005,8.974,3.901954,-0.001348,-0.000176,-0.001918,-0.001445
5196.594116,8.974,3.45296,-0.001352,-0.000177,-0.00192,-0.001446
5197.84395,8.975,3.588674,-0.00135,-0.000168,-0.001913,-0.001442
5200.343125,8.976,3.679568,-0.00135,-0.000164,-0.001912,-0.001446
5202.8439180000005,8.977,4.051138,-0.001345,-0.000156,-0.001919,-0.001443
5204.108719,8.977,3.760028,-0.001356,-0.000175,-0.001923,-0.00146
5206.640561,8.979,3.926332,-0.001382,-0.000191,-0.001935,-0.001469
5207.906219,8.979,3.964041,-0.00138,-0.000183,-0.001934,-0.001464
5210.437841000001,8.979,4.575132,-0.001373,-0.000176,-0.001932,-0.001463
5211.703292,8.98,3.737788,-0.001377,-0.000182,-0.001931,-0.001472
5214.233548,8.981,4.213638,-0.001379,-0.00018,-0.001932,-0.001471
5216.750683,8.982,4.051902,-0.001379,-0.000165,-0.001933,-0.001455
5217.999274,8.983,4.303106,-0.001379,-0.000158,-0.001932,-0.001455
5220.516197000001,8.984,4.385475,-0.001374,-0.000152,-0.001931,-0.001451
5221.764707,8.984,4.15328,-0.001377,-0.000148,-0.001943,-0.001449
5224.281131,8.985,4.404632,-0.001376,-0.000152,-0.001941,-0.001452
5226.813741,8.986,4.134022,-0.001376,-0.000152,-0.001941,-0.00145
5228.06124,8.987,4.34247,-0.00138,-0.00015,-0.001943,-0.00145
5230.57809,8.988,4.390334,-0.001392,-0.000157,-0.001937,-0.001463
5231.843054000001,8.988,4.320268,-0.001398,-0.000159,-0.00194,-0.001465
5234.359648,8.989,3.930862,-0.001397,-0.000159,-0.001939,-0.001466
5236.890118,8.99,4.401056,-0.001399,-0.000154,-0.001947,-0.001467
5238.140045,8.99,4.480975,-0.0014,-0.000156,-0.001937,-0.001471
5240.63994,8.991,4.493076,-0.001405,-0.000158,-0.001933,-0.001474
5241.8909650000005,8.992,4.716889,-0.00141,-0.000159,-0.001942,-0.001479
5244.421124,8.993,5.87865,-0.00142,-0.000162,-0.001939,-0.001489
5245.687337,8.993,4.369904,-0.001423,-0.000162,-0.001944,-0.001487
5248.187947,8.993,4.768779,-0.001426,-0.000169,-0.00194,-0.001489
5250.703201,8.993,4.440713,-0.001423,-0.000164,-0.001944,-0.001488
5251.9530780000005,8.993,4.110525,-0.001426,-0.000166,-0.001947,-0.001488
5254.468833000001,8.993,4.489219,-0.001425,-0.00017,-0.001943,-0.001491
5255.733393,8.993,4.442793,-0.001424,-0.000167,-0.001945,-0.001493
5258.234449,8.993,4.367495,-0.001439,-0.000173,-0.001954,-0.001495
5260.7476480000005,8.993,4.441615,-0.00143,-0.000169,-0.001946,-0.001491
5261.999555,8.993,4.730773,-0.001423,-0.000161,-0.001949,-0.001486
5264.500154,8.993,4.146972,-0.001416,-0.000159,-0.001952,-0.001477
5265.749599000001,8.993,4.467478,-0.001412,-0.000161,-0.001944,-0.001481
5268.265323,8.993,4.083028,-0.001415,-0.000159,-0.001951,-0.001481
5270.764664,8.993,4.333176,-0.001413,-0.000162,-0.001946,-0.001486
5272.031353,8.993,4.696681,-0.001416,-0.000169,-0.001944,-0.001486
5274.5459009999995,8.993,4.73142,-0.001412,-0.00016,-0.001953,-0.001487
5275.796104,8.993,5.021081,-0.001411,-0.000159,-0.001944,-0.001487
5278.29618,8.993,4.500243,-0.001411,-0.000161,-0.00194,-0.001483
5280.797195,8.993,4.531995,-0.001413,-0.00016,-0.001941,-0.00148
5282.063313000001,8.993,4.619994,-0.001415,-0.000162,-0.001943,-0.001481
5284.5781019999995,8.993,4.47186,-0.001423,-0.000169,-0.00194,-0.001491
5285.843262,8.993,4.361744,-0.001426,-0.000173,-0.001944,-0.001492
5288.344475,8.993,4.45361,-0.00143,-0.000175,-0.001947,-0.001493
5290.843489000001,8.993,4.722772,-0.00143,-0.000178,-0.001949,-0.001494
5292.109393000001,8.993,4.363193,-0.001426,-0.000174,-0.001948,-0.001495
5294.608971,8.993,4.639512,-0.001434,-0.000181,-0.001948,-0.0015
5295.858363,8.993,4.703185,-0.001435,-0.000187,-0.001942,-0.001509
5298.374906,8.993,4.414993,-0.001432,-0.000188,-0.001943,-0.00151
5300.905582,8.993,4.60629,-0.001429,-0.000179,-0.001948,-0.001504
5302.171163,8.993,4.35723,-0.001431,-0.000177,-0.001949,-0.001506
5304.703205,8.993,4.583658,-0.001426,-0.000184,-0.001942,-0.001511
5305.968211,8.993,4.513316,-0.001426,-0.000186,-0.001946,-0.001511
5308.4838230000005,8.993,4.397751,-0.001428,-0.000183,-0.001943,-0.001504
5309.734561,8.994,4.10018,-0.00143,-0.000184,-0.001944,-0.001504
5312.249939,8.994,4.562517,-0.00143,-0.000183,-0.001944,-0.001501
5314.780546,8.994,4.29362,-0.001432,-0.000184,-0.001941,-0.001505
5316.031232,8.994,4.606184,-0.001431,-0.000181,-0.00194,-0.0015
5318.561953,8.994,4.519639,-0.001436,-0.000191,-0.001935,-0.001513
5319.82866,8.994,4.545168,-0.001438,-0.000192,-0.001942,-0.00151
5322.327717,8.994,4.338051,-0.001447,-0.000198,-0.001942,-0.001518
5324.843543,8.994,4.407067,-0.001442,-0.000191,-0.001943,-0.001512
5326.094202,8.994,4.484264,-0.001442,-0.000193,-0.001945,-0.001511
5328.624935,8.994,4.699387,-0.00144,-0.000189,-0.001945,-0.001508
5329.89008,8.994,4.742471,-0.001437,-0.000188,-0.001944,-0.001504
5332.391142,8.994,4.391013,-0.001432,-0.00018,-0.00194,-0.001498
5334.890522,8.994,4.655772,-0.001427,-0.000176,-0.001938,-0.0015
5336.141081,8.994,4.441153,-0.001429,-0.000177,-0.001944,-0.001498
5338.656222,8.994,4.670945,-0.001427,-0.000178,-0.001937,-0.001497
5339.92167,8.994,4.49089,-0.001427,-0.000174,-0.00194,-0.001494
5342.452563000001,8.994,4.674919,-0.001426,-0.000173,-0.001938,-0.001496
5343.7195759999995,8.994,4.690532,-0.001426,-0.000172,-0.001939,-0.001496
5346.218272,8.994,4.417179,-0.001425,-0.000177,-0.001932,-0.001499
5348.734294,8.994,4.69363,-0.001434,-0.000188,-0.001933,-0.001507
5349.99916,8.994,4.538563,-0.001432,-0.000185,-0.001933,-0.001504
5352.49981,8.994,4.713822,-0.001425,-0.000181,-0.001934,-0.0015
5353.765762,8.994,4.481511,-0.001423,-0.000177,-0.001934,-0.001498
5356.265924,8.994,4.435217,-0.001424,-0.000174,-0.001938,-0.001492
5358.781195,8.994,4.683741,-0.001422,-0.000171,-0.001935,-0.001493
5360.031199,8.994,4.058942,-0.001429,-0.000172,-0.001941,-0.001493
5362.530901,8.994,4.652175,-0.00143,-0.000181,-0.001943,-0.001494
5363.796742,8.994,4.627734,-0.00143,-0.00018,-0.001939,-0.001494
5366.313194,8.994,4.437042,-0.001425,-0.000175,-0.001939,-0.001495
5368.8284189999995,8.994,4.4185,-0.001427,-0.00017,-0.001943,-0.00149
5370.078383,8.994,4.480922,-0.001423,-0.000168,-0.001935,-0.001491
5372.578049,8.994,4.414134,-0.001423,-0.000174,-0.001929,-0.001498
5373.827447,8.994,4.401438,-0.001425,-0.000175,-0.001935,-0.001497
5376.343318,8.994,4.505315,-0.001424,-0.000179,-0.001932,-0.0015
5378.857975000001,8.994,4.22081,-0.001425,-0.000177,-0.001926,-0.0015
5380.109552,8.994,4.609914,-0.001425,-0.000177,-0.001931,-0.001501
5382.609549000001,8.994,4.455876,-0.001422,-0.000177,-0.001936,-0.001497
5383.859174,8.994,4.556405,-0.001421,-0.000175,-0.001932,-0.001495
5386.373829,8.994,4.683535,-0.001422,-0.000178,-0.001925,-0.001499
5388.890887,8.994,4.20281,-0.001417,-0.000171,-0.001932,-0.001493
5390.140944000001,8.994,4.347431,-0.001418,-0.00017,-0.00193,-0.00149
5392.656306000001,8.994,4.380063,-0.001414,-0.000167,-0.001925,-0.001487
5393.922171,8.994,4.800181,-0.001416,-0.00017,-0.001928,-0.001488
5396.43689,8.994,4.409895,-0.001425,-0.000174,-0.001925,-0.001497
5397.703598,8.994,4.411911,-0.001426,-0.000174,-0.001931,-0.001498
5400.234189000001,8.994,4.636774,-0.00142,-0.000169,-0.001924,-0.001492
5402.750095,8.994,4.530356,-0.001417,-0.000169,-0.00192,-0.001491
5403.9997459999995,8.994,4.486444,-0.001416,-0.000166,-0.001925,-0.001488
5406.515799000001,8.994,4.338502,-0.001419,-0.000165,-0.001919,-0.001487
5407.766105000001,8.994,4.268059,-0.001418,-0.000164,-0.00192,-0.001487
5410.29608,8.994,4.916658,-0.001414,-0.000163,-0.001919,-0.001488
5412.811906000001,8.994,4.449101,-0.001415,-0.000162,-0.001916,-0.001484
5414.078785,8.994,4.427912,-0.001415,-0.00016,-0.001923,-0.001484
5416.593548000001,8.994,4.436474,-0.001413,-0.000158,-0.001919,-0.001485
5417.8444739999995,8.994,4.4576,-0.001411,-0.000156,-0.001922,-0.001482
5420.359925000001,8.994,4.2746,-0.001405,-0.000153,-0.001925,-0.001478
5422.869797,8.994,4.317064,-0.001399,-0.000146,-0.001919,-0.001477
5424.124684,8.994,4.589929,-0.001397,-0.000149,-0.001917,-0.001477
5426.625045000001,8.994,4.351601,-0.001393,-0.000149,-0.001913,-0.001475
5427.889961000001,8.994,4.830835,-0.00139,-0.000147,-0.001913,-0.001473
5430.390778,8.994,4.021126,-0.001387,-0.000142,-0.001917,-0.001472
5432.905925,8.994,4.726279,-0.001393,-0.000142,-0.001916,-0.001471
5434.172060000001,8.994,4.454295,-0.0014,-0.000144,-0.00192,-0.001472
5436.670237,8.994,4.360137,-0.001403,-0.000144,-0.001918,-0.001472
5437.921824,8.994,4.934786,-0.001406,-0.000147,-0.001917,-0.001479
5440.452558,8.994,4.776265,-0.001405,-0.000149,-0.001923,-0.001477
5441.702451,8.994,4.488041,-0.001405,-0.00015,-0.001916,-0.001478
5444.233917,8.994,4.561291,-0.001399,-0.000143,-0.00192,-0.001471
5446.7496599999995,8.994,4.185392,-0.001401,-0.000144,-0.001921,-0.001467
5448.0154569999995,8.994,4.48749,-0.001403,-0.000146,-0.00192,-0.001468
5450.5308079999995,8.994,4.509395,-0.001404,-0.000148,-0.00192,-0.001475
5451.781281,8.994,4.456915,-0.001405,-0.000154,-0.001911,-0.001479
5454.296309,8.994,4.589212,-0.001402,-0.00015,-0.001913,-0.001473
5456.813245,8.994,4.566448,-0.001399,-0.000146,-0.001916,-0.00147
5458.076935,8.994,4.557816,-0.001396,-0.000145,-0.001912,-0.001473
5460.578536,8.994,4.411455,-0.001397,-0.000145,-0.001913,-0.001472
5461.843132,8.994,4.3834,-0.001396,-0.000145,-0.001913,-0.001469
5464.3436679999995,8.994,4.631983,-0.001391,-0.000142,-0.001917,-0.001462
5466.875548,8.994,4.861048,-0.001386,-0.000135,-0.00191,-0.001463
5468.140929,8.994,4.415948,-0.001386,-0.000135,-0.001911,-0.001464
5470.656069000001,8.994,4.470656,-0.001386,-0.000138,-0.001908,-0.001468
5471.905084,8.994,5.082712,-0.001388,-0.000138,-0.001911,-0.001467
5474.421296,8.994,4.529703,-0.001385,-0.000136,-0.001909,-0.001463
5476.937168,8.994,4.355341,-0.001382,-0.000136,-0.001905,-0.001462
5478.203104,8.994,4.402865,-0.001382,-0.000134,-0.00191,-0.001458
5480.71898,8.994,4.62784,-0.001384,-0.000129,-0.001906,-0.00146
5481.969375000001,8.994,4.15606,-0.001386,-0.000131,-0.001908,-0.001459
5484.484454,8.994,4.424458,-0.001382,-0.00013,-0.001909,-0.001459
5485.74995,8.994,4.692426,-0.001381,-0.000134,-0.001905,-0.001462
5488.282660000001,8.994,4.555651,-0.001381,-0.000134,-0.001904,-0.001465
5490.780496,8.994,4.423736,-0.001387,-0.000134,-0.001909,-0.001461
5492.031892,8.994,4.585849,-0.001384,-0.000133,-0.001904,-0.001463
5494.545779,8.994,4.781931,-0.001387,-0.000133,-0.001904,-0.001459
5495.81217,8.994,4.711907,-0.001388,-0.000132,-0.001902,-0.001458
5498.328049,8.994,4.215526,-0.001387,-0.000131,-0.001901,-0.001462
5500.858658,8.994,4.418405,-0.001389,-0.000132,-0.001908,-0.001459
5502.109406,8.994,4.431381,-0.001385,-0.000133,-0.001902,-0.001459
5504.6400300000005,8.994,3.845798,-0.001385,-0.000133,-0.001906,-0.001458
5505.888346,8.994,4.72543,-0.001385,-0.000132,-0.001898,-0.001459
5508.390464,8.994,4.300474,-0.001381,-0.000129,-0.001904,-0.001455
5510.90569,8.994,4.268653,-0.001379,-0.000127,-0.001903,-0.001454
5512.156686,8.994,4.446554,-0.001378,-0.000128,-0.001905,-0.001454
5514.656010000001,8.994,4.554389,-0.001381,-0.000129,-0.001911,-0.001456
5515.905878,8.994,4.45943,-0.00138,-0.00013,-0.001907,-0.001455
5518.421897,8.994,4.708294,-0.001381,-0.000131,-0.001906,-0.001457
5520.952298,8.994,4.365607,-0.001385,-0.000128,-0.00191,-0.001458
5522.218127,8.994,4.34021,-0.001385,-0.000131,-0.001904,-0.001457
5524.749891,8.994,4.390828,-0.001386,-0.000127,-0.001908,-0.001451
5526.015891,8.994,4.695137,-0.001384,-0.000128,-0.001903,-0.001454
5528.545647000001,8.994,4.818739,-0.001386,-0.000129,-0.001907,-0.001453
5529.796874,8.994,4.326258,-0.001386,-0.000131,-0.0019,-0.001453
5532.328048,8.994,4.388196,-0.001382,-0.000124,-0.001899,-0.001453
5534.845479,8.994,4.660791,-0.001378,-0.000119,-0.001901,-0.001451
5536.094158,8.994,4.42536,-0.001377,-0.000116,-0.001899,-0.001452
5538.624541,8.994,4.369384,-0.001383,-0.000122,-0.001901,-0.001454
5539.874572000001,8.994,4.59638,-0.001382,-0.000126,-0.001901,-0.001461
5542.390076,8.994,4.590581,-0.001385,-0.000137,-0.001896,-0.001469
5544.890753,8.994,4.404781,-0.001384,-0.000135,-0.001896,-0.001463
5546.154913,8.995,4.42997,-0.00139,-0.000137,-0.001897,-0.001464
5548.65552,8.995,4.802765,-0.001393,-0.000143,-0.0019,-0.001472
5549.905973000001,8.995,4.520218,-0.001395,-0.000146,-0.001895,-0.001476
5552.406405,8.996,4.810585,-0.00139,-0.000137,-0.001897,-0.001466
5554.937804,8.996,4.448846,-0.001393,-0.000142,-0.001903,-0.001473
5556.188716000001,8.996,4.473261,-0.001391,-0.000141,-0.001902,-0.001472
5558.718658,8.996,4.303397,-0.001389,-0.000137,-0.001908,-0.001467
5559.983094,8.996,4.402956,-0.001389,-0.000136,-0.001906,-0.001468
5562.484359,8.996,4.706225,-0.001389,-0.000135,-0.001907,-0.001465
5563.7499370000005,8.996,4.433318,-0.001398,-0.000144,-0.001911,-0.001475
5566.2649710000005,8.996,4.493723,-0.001403,-0.000152,-0.001908,-0.001479
5568.766302,8.996,4.57552,-0.0014,-0.000148,-0.001904,-0.001474
5570.014891000001,8.996,4.385857,-0.001397,-0.000146,-0.001904,-0.001474
5572.531197,8.996,4.451042,-0.001411,-0.00016,-0.001919,-0.001485
5573.781099,8.996,4.702665,-0.00141,-0.00016,-0.001912,-0.001489
5576.281136,8.996,4.671147,-0.001406,-0.000158,-0.001907,-0.001486
5578.781162,8.996,4.463282,-0.001407,-0.000153,-0.001909,-0.001479
5580.045494,8.996,4.245023,-0.001401,-0.000149,-0.001912,-0.001475
5582.547071,8.996,4.268574,-0.0014,-0.000145,-0.001906,-0.001472
5583.811908,8.996,4.475362,-0.001394,-0.000144,-0.001899,-0.001477
5586.328159000001,8.996,4.884216,-0.001387,-0.000132,-0.001907,-0.001467
5588.8434369999995,8.996,4.658106,-0.001385,-0.000129,-0.001911,-0.001461
5590.109091,8.996,4.623102,-0.001388,-0.000129,-0.00191,-0.001459
5592.624514,8.996,4.464629,-0.001395,-0.000139,-0.001915,-0.001465
5593.891119,8.996,4.468677,-0.001395,-0.000141,-0.001913,-0.001466
5596.405172000001,8.996,4.910785,-0.001395,-0.000143,-0.001916,-0.001468
5598.904007,8.996,4.580422,-0.0014,-0.000146,-0.001916,-0.00147
5600.155597,8.996,4.518149,-0.001398,-0.000143,-0.001923,-0.001467
5602.671096,8.996,4.310406,-0.001402,-0.000146,-0.001925,-0.001469
5603.91751,8.996,4.354264,-0.0014,-0.000146,-0.001919,-0.00147
5606.405296000001,8.996,4.787571,-0.001403,-0.000147,-0.001926,-0.001473
5608.905512,8.996,4.429811,-0.0014,-0.000146,-0.001926,-0.001468
5610.1710060000005,8.996,4.428983,-0.001399,-0.000145,-0.001926,-0.001467
5612.685124,8.996,4.402743,-0.0014,-0.000148,-0.001924,-0.001471
5613.937009,8.996,4.401682,-0.001394,-0.000142,-0.001917,-0.001472
5616.46903,8.996,4.097421,-0.001397,-0.000139,-0.001924,-0.001472
5617.734255,8.996,4.535608,-0.001395,-0.000141,-0.001922,-0.001474
5620.249248,8.996,4.801269,-0.001396,-0.000139,-0.001924,-0.001468
5622.7489829999995,8.996,4.662377,-0.001404,-0.000146,-0.001925,-0.001471
5623.999825000001,8.996,4.833297,-0.001413,-0.000158,-0.001932,-0.001484
5626.515222,8.996,4.412346,-0.001415,-0.000165,-0.001928,-0.00149
5627.780604,8.996,4.306761,-0.001419,-0.000167,-0.001925,-0.00149
5630.278817,8.996,4.533767,-0.001416,-0.00017,-0.001928,-0.001485
5632.781244,8.996,4.808993,-0.00141,-0.000164,-0.001926,-0.001485
5634.045853,8.996,4.560596,-0.001409,-0.00016,-0.001925,-0.001485
5636.54686,8.996,5.063836,-0.001402,-0.000156,-0.001925,-0.001485
5637.811088,8.996,4.660632,-0.0014,-0.000153,-0.001927,-0.001482
5640.328389,8.996,4.039222,-0.001413,-0.000165,-0.001928,-0.001494
5642.84412,8.996,5.00269,-0.001418,-0.000169,-0.001921,-0.001494
5644.109144,8.996,4.524499,-0.00142,-0.000173,-0.001929,-0.001497
5646.639483000001,8.996,4.572082,-0.001425,-0.000181,-0.001926,-0.001505
5647.890928000001,8.996,4.922085,-0.001424,-0.000176,-0.001932,-0.001497
5650.42191,8.996,4.383103,-0.001413,-0.00017,-0.001926,-0.001495
5652.95414,8.996,4.935656,-0.001414,-0.000172,-0.001928,-0.001491
5654.218512,8.996,4.482842,-0.001409,-0.000169,-0.001933,-0.001492
5656.73362,8.996,4.173694,-0.001405,-0.000162,-0.001928,-0.001485
5657.98518,8.996,4.827079,-0.001409,-0.00016,-0.001936,-0.001483
5660.515401000001,8.996,4.186337,-0.00141,-0.000156,-0.001934,-0.001484
5661.764708000001,8.996,4.640992,-0.001407,-0.000152,-0.001937,-0.001482
5664.265101,8.996,4.64861,-0.001413,-0.000167,-0.001933,-0.001496
5666.765173,8.996,4.42971,-0.001425,-0.000181,-0.00193,-0.001504
5668.015132,8.996,4.418033,-0.001418,-0.000172,-0.001929,-0.001494
5670.515482000001,8.996,4.450024,-0.001406,-0.000154,-0.001934,-0.001487
5671.780785000001,8.996,4.550044,-0.001412,-0.000167,-0.001934,-0.001497
5674.2806,8.996,4.617086,-0.001433,-0.00019,-0.00193,-0.001511
5676.795291,8.996,4.609574,-0.001437,-0.000188,-0.001938,-0.001512
5678.046756,8.996,4.412298,-0.001433,-0.000188,-0.001931,-0.001513
5680.562474,8.996,4.459939,-0.001434,-0.000193,-0.001928,-0.001513
5681.828387,8.996,4.529194,-0.001434,-0.000192,-0.001932,-0.001511
5684.343564000001,8.996,4.599096,-0.001426,-0.00018,-0.001929,-0.001501
5686.859437,8.996,4.626609,-0.00142,-0.000169,-0.001925,-0.001493
5688.109155,8.996,4.416627,-0.001416,-0.000161,-0.001934,-0.001487
5690.640491,8.996,4.459488,-0.00141,-0.000155,-0.001934,-0.001486
5691.905981,8.996,4.367649,-0.001408,-0.000154,-0.00194,-0.001482
5694.422622,8.996,4.532192,-0.001408,-0.000154,-0.001942,-0.00148
5696.936915,8.996,4.49983,-0.001419,-0.000164,-0.001937,-0.001486
5698.187211,8.996,4.559673,-0.001422,-0.000167,-0.001942,-0.001488
5700.703368,8.996,4.634286,-0.001413,-0.000162,-0.001944,-0.001485
5701.967543000001,8.996,4.397199,-0.001413,-0.000162,-0.001942,-0.001487
5704.468013,8.996,4.731224,-0.001408,-0.000161,-0.001937,-0.001488
5706.968188000001,8.996,4.572055,-0.001408,-0.000159,-0.001939,-0.001484
5708.218464,8.996,4.510562,-0.001408,-0.000156,-0.001936,-0.001482
5710.733746,8.996,4.668956,-0.001414,-0.000158,-0.001934,-0.001486
5711.983972,8.996,4.465834,-0.001418,-0.000158,-0.00194,-0.001487
5714.499407,8.996,4.544155,-0.001414,-0.000156,-0.00194,-0.001482
5715.750114,8.996,4.381788,-0.001416,-0.000159,-0.001932,-0.001485
5718.279931,8.996,4.727839,-0.001418,-0.000169,-0.001936,-0.001495
5720.78078,8.996,4.081288,-0.001419,-0.000166,-0.001937,-0.001491
5722.028709,8.996,4.389427,-0.001421,-0.000169,-0.001939,-0.001488
5724.546886,8.996,4.450713,-0.00142,-0.000172,-0.001934,-0.001493
5725.796877000001,8.996,4.313902,-0.001421,-0.00017,-0.001941,-0.001495
5728.328738,8.996,4.861255,-0.001422,-0.000171,-0.001937,-0.001495
5730.827983,8.996,4.606184,-0.001421,-0.000167,-0.001941,-0.001489
5732.0788649999995,8.996,4.948749,-0.001421,-0.000165,-0.001941,-0.001487
5734.576346,8.996,4.423137,-0.001419,-0.000167,-0.00194,-0.001487
5735.829161,8.996,4.839875,-0.001417,-0.000163,-0.001933,-0.001489
5738.32791,8.996,4.474959,-0.001415,-0.000159,-0.001937,-0.001483
5740.842851,8.996,4.389576,-0.001408,-0.000159,-0.001937,-0.001483
5742.109243000001,8.996,4.562373,-0.001407,-0.000158,-0.001937,-0.001482
5744.625373000001,8.996,4.74794,-0.001408,-0.000155,-0.001938,-0.001479
5745.889924,8.996,4.189796,-0.001409,-0.000158,-0.001933,-0.001483
5748.406018,8.996,4.3037,-0.00141,-0.000163,-0.001934,-0.001482
5750.905688000001,8.996,4.686468,-0.001408,-0.000159,-0.001928,-0.001483
5752.157096000001,8.996,4.26077,-0.001408,-0.00016,-0.001922,-0.001481
5754.671487,8.996,4.533359,-0.001406,-0.000158,-0.001915,-0.001484
5755.937828,8.996,4.490747,-0.001404,-0.000156,-0.00192,-0.001482
5758.468858,8.996,4.498466,-0.001405,-0.000158,-0.001916,-0.001482
5760.983507000001,8.996,4.30536,-0.001345,-0.000157,-0.001886,-0.001471
5762.233814,8.996,4.631771,-0.001348,-0.000159,-0.00187,-0.001472
5764.74995,8.996,4.490704,-0.001347,-0.000152,-0.001866,-0.001468
5766.000058,8.996,4.829111,-0.001351,-0.000152,-0.00188,-0.001465
5768.51415,8.996,4.57561,-0.001349,-0.000147,-0.001881,-0.001465
5769.763983000001,8.996,4.282282,-0.001347,-0.000145,-0.001882,-0.001464
5772.2811710000005,8.996,4.4099,-0.001347,-0.000145,-0.001883,-0.00146
5774.813161,8.996,4.536149,-0.001344,-0.000143,-0.00188,-0.001458
5776.079116000001,8.996,4.757628,-0.001347,-0.000139,-0.001883,-0.001459
5778.594459,8.997,4.578931,-0.001346,3.4e-05,-0.00188,-0.001554
5779.84412,8.997,4.713875,-0.001345,3.1e-05,-0.001875,-0.00156
5782.358443,8.998,4.819582,-0.001348,3.2e-05,-0.001879,-0.001559
5784.890162,8.999,4.980151,-0.001351,2.9e-05,-0.001877,-0.001566
5786.155687,8.999,4.647241,-0.001353,2.8e-05,-0.001881,-0.001569
5788.653518,9.0,4.883399,-0.001357,2.9e-05,-0.001879,-0.001568
5789.905506,9.001,4.726656,-0.00136,2.8e-05,-0.001873,-0.001575
5792.422175,9.001,5.014005,-0.001362,3e-05,-0.001871,-0.001574
5794.954048,9.002,4.691731,-0.001363,3e-05,-0.001878,-0.001577
5796.219079,9.003,4.717483,-0.001367,2.6e-05,-0.001872,-0.001582
5798.733753,9.004,4.951625,-0.001369,3.3e-05,-0.001877,-0.001581
5799.9823240000005,9.004,4.879044,-0.001372,3.4e-05,-0.001874,-0.001583
5802.484162000001,9.005,4.947036,-0.001372,3.5e-05,-0.001876,-0.00158
5803.734978,9.005,5.799448,-0.001377,3.3e-05,-0.001874,-0.001587
5806.265098,9.006,4.811985,-0.001379,3.6e-05,-0.001876,-0.001589
5808.780004,9.007,5.042318,-0.001383,3.4e-05,-0.001875,-0.001592
5810.031162,9.007,4.881856,-0.001387,3.5e-05,-0.001875,-0.001594
5812.545626,9.01,5.09087,-0.001392,3.5e-05,-0.001877,-0.001598
5813.796420000001,9.01,5.123593,-0.001394,3.1e-05,-0.001872,-0.001595
5816.3271540000005,9.011,4.905756,-0.001398,2.8e-05,-0.00187,-0.001605
5818.826867,9.012,4.87811,-0.001406,2.5e-05,-0.001874,-0.00161
5820.078206,9.012,5.212198,-0.001407,2.6e-05,-0.001875,-0.001606
5822.5935420000005,9.013,5.220219,-0.001407,2.9e-05,-0.001877,-0.001607
5823.85948,9.013,5.584627,-0.001404,3.5e-05,-0.001881,-0.001603
5826.390303,9.014,5.210976,-0.001407,3.4e-05,-0.001874,-0.00161
5828.890134,9.015,5.382716,-0.001407,4e-05,-0.001876,-0.001606
5830.139586,9.016,5.433871,-0.001406,4.3e-05,-0.001881,-0.001607
5832.642201000001,9.017,5.306966,-0.001412,4.3e-05,-0.001882,-0.001611
5833.890581,9.017,5.699049,-0.001412,4.4e-05,-0.001877,-0.001611
5836.421843,9.018,5.716101,-0.001413,5e-05,-0.001878,-0.001612
5838.936879000001,9.019,5.540059,-0.001415,5.6e-05,-0.001877,-0.001609
5840.188099,9.019,5.366461,-0.001415,5.4e-05,-0.00187,-0.001612
5842.717925000001,9.02,5.395677,-0.001421,5.1e-05,-0.001878,-0.001619
5843.968972000001,9.021,5.379476,-0.001426,4.7e-05,-0.001877,-0.001623
5846.484593,9.022,5.389622,-0.001424,5.1e-05,-0.001872,-0.001624
5848.982013000001,9.022,6.012142,-0.001427,5.5e-05,-0.001871,-0.001624
5850.24852,9.023,5.787761,-0.00143,5.7e-05,-0.001877,-0.001626
5852.7493429999995,9.024,5.551958,-0.001436,5.3e-05,-0.001879,-0.001633
5853.9995770000005,9.024,6.104891,-0.001439,5e-05,-0.001872,-0.001638
5856.515979,9.025,5.714189,-0.001446,5e-05,-0.001873,-0.001638
5857.780029,9.026,6.149406,-0.001447,4.9e-05,-0.001875,-0.001639
5860.297445,9.027,5.973205,-0.00145,5.6e-05,-0.001881,-0.001635
5862.812482,9.028,5.502025,-0.001452,5.8e-05,-0.001882,-0.001637
5864.062777,9.028,5.773578,-0.001452,5.9e-05,-0.001883,-0.001638
5866.578041000001,9.029,6.1493,-0.001455,5.6e-05,-0.001877,-0.00164
5867.825069,9.03,5.756154,-0.001457,5.5e-05,-0.001875,-0.001645
5870.327902,9.031,6.327149,-0.001461,5.6e-05,-0.001879,-0.001647
5872.843435000001,9.031,5.893152,-0.001468,5.4e-05,-0.001881,-0.001649
5874.109032,9.032,6.098994,-0.001471,5.1e-05,-0.001877,-0.001653
5876.624712000001,9.033,6.137879,-0.001477,5.1e-05,-0.001878,-0.001656
5877.874828,9.034,6.296871,-0.001477,5.1e-05,-0.001876,-0.001657
5880.390746,9.035,6.063032,-0.001482,5e-05,-0.001874,-0.001667
5882.906238,9.036,5.919978,-0.001486,4.9e-05,-0.001873,-0.001668
5884.171959,9.036,6.371452,-0.00149,5.1e-05,-0.001872,-0.001665
5886.688552,9.037,6.131982,-0.001491,5.5e-05,-0.001876,-0.001661
5887.937919,9.038,6.562261,-0.001493,5.5e-05,-0.001874,-0.001664
5890.453812,9.038,6.119606,-0.001494,5.6e-05,-0.001868,-0.001671
5892.969331,9.04,6.252194,-0.001503,5.7e-05,-0.001867,-0.001666
5894.234668,9.04,6.400243,-0.001505,5.7e-05,-0.001872,-0.001666
5896.749486000001,9.041,6.965712,-0.001508,5.6e-05,-0.001865,-0.001679
5898.015458,9.042,6.182606,-0.00151,5.6e-05,-0.001868,-0.001677
5900.515067,9.043,6.846191,-0.001511,5.5e-05,-0.001866,-0.001678
5901.7656640000005,9.043,6.296711,-0.001513,5.4e-05,-0.001863,-0.001684
5904.264959,9.044,6.943455,-0.001517,5.3e-05,-0.00186,-0.001686
5906.765699,9.046,6.193656,-0.001524,6e-05,-0.001864,-0.001691
5908.016256000001,9.046,6.108875,-0.001522,6e-05,-0.001867,-0.001693
5910.530802,9.047,6.66558,-0.001524,5.6e-05,-0.001864,-0.001696
5911.78183,9.047,6.469246,-0.001529,5.5e-05,-0.001866,-0.001698
5914.280259,9.049,6.980746,-0.001531,5.7e-05,-0.001863,-0.001701
5916.781581,9.05,6.812352,-0.001531,6.4e-05,-0.001866,-0.001693
5918.031355,9.05,6.096179,-0.001533,6.5e-05,-0.001865,-0.001692
5920.562948000001,9.051,6.599817,-0.001536,6.3e-05,-0.001858,-0.001701
5921.828528,9.052,6.690547,-0.001538,5.9e-05,-0.001865,-0.001703
5924.343937,9.052,6.840879,-0.001542,5.7e-05,-0.001861,-0.001706
5926.844794000001,9.053,6.376976,-0.001549,6e-05,-0.00186,-0.00171
5928.093146,9.054,7.22032,-0.001552,6.5e-05,-0.001864,-0.001709
5930.609431000001,9.055,7.122949,-0.001557,6e-05,-0.001865,-0.001715
5931.87406,9.055,6.525448,-0.001558,5.8e-05,-0.00186,-0.001719
5934.374943000001,9.056,6.720295,-0.001557,6.2e-05,-0.00186,-0.001718
5936.891261000001,9.057,6.947015,-0.00156,6.4e-05,-0.001863,-0.001713
5938.155106,9.058,6.751902,-0.001563,6.7e-05,-0.001862,-0.001714
5940.67252,9.059,7.061383,-0.001562,6.9e-05,-0.001863,-0.001719
5941.937439,9.059,6.838117,-0.001559,7.2e-05,-0.001862,-0.001718
5944.452346,9.06,7.216283,-0.00156,7.5e-05,-0.001869,-0.001718
5946.952992,9.061,7.113388,-0.001568,7.1e-05,-0.001865,-0.001725
5948.218064000001,9.062,6.856868,-0.001573,7.3e-05,-0.001867,-0.001728
5950.718454,9.062,7.435405,-0.001576,7e-05,-0.001866,-0.001729
5951.969307,9.063,7.181914,-0.001576,7.2e-05,-0.001866,-0.001732
5954.483154,9.064,7.388235,-0.001581,7.5e-05,-0.001868,-0.001731
5956.998809000001,9.065,7.610013,-0.001585,7.2e-05,-0.001864,-0.001738
5958.249719,9.065,7.248898,-0.001588,6.9e-05,-0.001862,-0.001741
5960.780814,9.067,7.076628,-0.00159,7.4e-05,-0.001867,-0.001735
5962.031081,9.067,7.424941,-0.001592,7.5e-05,-0.001864,-0.001741
5964.5301899999995,9.068,7.585684,-0.001594,7.4e-05,-0.001866,-0.001746
5965.780129000001,9.068,7.49012,-0.001598,7.1e-05,-0.001869,-0.001745
5968.281279000001,9.069,7.421328,-0.001599,7.1e-05,-0.001862,-0.001749
5970.7954389999995,9.07,7.345632,-0.001598,7.5e-05,-0.001867,-0.001749
5972.047782,9.071,7.540956,-0.001601,7.5e-05,-0.001868,-0.001752
5974.545601,9.072,7.264304,-0.001613,7e-05,-0.001864,-0.001758
5975.796835,9.072,7.547225,-0.001626,6.4e-05,-0.001865,-0.001766
5978.311749,9.073,7.211555,-0.001639,4.9e-05,-0.001868,-0.001784
5980.826914,9.075,7.749773,-0.001649,4.1e-05,-0.00187,-0.001796
5982.078534,9.075,7.94138,-0.001651,4.3e-05,-0.001879,-0.001795
5984.594309,9.076,7.970331,-0.00165,4.6e-05,-0.001875,-0.001793
5985.858301,9.077,7.656706,-0.001651,4.9e-05,-0.001875,-0.00179
5988.360277,9.078,8.085603,-0.001644,5.9e-05,-0.001881,-0.001785
5990.874698,9.079,7.716308,-0.001644,6.5e-05,-0.001883,-0.001778
5992.125078,9.079,8.341962,-0.001644,6.9e-05,-0.001878,-0.001781
5994.639402000001,9.08,7.876998,-0.001664,5.8e-05,-0.00189,-0.001786
5995.891415,9.081,7.89915,-0.001667,5.6e-05,-0.001891,-0.00179
5998.405868,9.082,7.745948,-0.001678,5e-05,-0.001892,-0.001804
6000.906116,9.083,8.363105,-0.001686,4.1e-05,-0.001896,-0.00182
6002.15607,9.083,7.636308,-0.001685,3.7e-05,-0.001895,-0.001825
6004.655616,9.084,7.925869,-0.001677,4.2e-05,-0.001887,-0.001826
6005.9215189999995,9.085,8.179467,-0.001678,4.1e-05,-0.001887,-0.001825
6008.436919,9.086,8.688363,-0.001686,3.3e-05,-0.00189,-0.00183
6010.937957,9.087,8.039388,-0.001694,3.6e-05,-0.001897,-0.001834
6012.203054,9.087,8.510621,-0.001695,4e-05,-0.0019,-0.001834
6014.718498,9.088,8.07211,-0.001699,4.9e-05,-0.0019,-0.001828
6015.983922,9.089,8.134367,-0.001698,5.1e-05,-0.001902,-0.001828
6018.498645,9.09,8.701111,-0.001697,5.6e-05,-0.0019,-0.001826
6021.001262,9.09,8.428496,-0.001699,4.9e-05,-0.001894,-0.001835
6022.250661,9.09,7.809906,-0.001704,3.9e-05,-0.001902,-0.00184
6024.765094,9.09,8.353756,-0.0017,3.7e-05,-0.0019,-0.001842
6026.015085,9.091,8.567938,-0.001704,2.9e-05,-0.001894,-0.001852
6028.546596,9.091,8.488629,-0.001715,2e-05,-0.0019,-0.001863
6029.81344,9.091,7.929163,-0.001718,1.4e-05,-0.001899,-0.001863
6032.313668000001,9.091,7.833067,-0.001712,2.6e-05,-0.001898,-0.001854
6034.828521,9.091,8.327514,-0.001715,2.2e-05,-0.0019,-0.001856
6036.094052,9.091,8.706689,-0.001717,1.7e-05,-0.001897,-0.001862
6038.609413,9.091,7.888419,-0.001714,1.7e-05,-0.001902,-0.001857
6039.860111,9.091,7.996838,-0.001708,2.5e-05,-0.001894,-0.001852
6042.390031000001,9.091,8.854948,-0.001697,3.7e-05,-0.001898,-0.00184
6044.889645,9.091,8.21118,-0.001701,3.6e-05,-0.001904,-0.001845
6046.1395919999995,9.091,8.263928,-0.0017,3.6e-05,-0.001896,-0.001845
6048.652025,9.091,8.032269,-0.001695,4.1e-05,-0.001906,-0.001835
6049.905654,9.091,8.055218,-0.001693,4.2e-05,-0.0019,-0.001833
6052.405049,9.091,7.792429,-0.001694,4.4e-05,-0.001898,-0.001834
6054.906882,9.091,8.055058,-0.001699,5e-05,-0.0019,-0.001829
6056.171783,9.091,8.543875,-0.001701,4.9e-05,-0.001906,-0.001829
6058.686533,9.091,7.711526,-0.001702,4.1e-05,-0.001904,-0.001838
6059.938093000001,9.091,8.443158,-0.001704,3.8e-05,-0.001908,-0.001838
6062.468888,9.091,7.79551,-0.001704,3.6e-05,-0.0019,-0.001843
6064.953538,9.091,7.707277,-0.001705,3.6e-05,-0.001902,-0.001842
6066.218734,9.091,8.594126,-0.001708,3.5e-05,-0.001898,-0.001842
6068.733894,9.091,8.28029,-0.001704,3.6e-05,-0.001896,-0.001842
6069.983685,9.091,8.009109,-0.001706,3.3e-05,-0.001903,-0.001848
6072.484039,9.091,8.168099,-0.001708,2.6e-05,-0.001894,-0.001852
6074.999404,9.091,7.74972,-0.001711,2.3e-05,-0.00189,-0.001855
6076.264029,9.091,8.520608,-0.001715,1.9e-05,-0.001899,-0.001856
6078.766929,9.091,8.555827,-0.001717,2e-05,-0.001902,-0.001856
6080.030447,9.091,8.001566,-0.001714,2.3e-05,-0.001903,-0.001854
6082.546909000001,9.091,8.107117,-0.001703,3.1e-05,-0.0019,-0.001848
6083.813045000001,9.091,7.821274,-0.001701,3.3e-05,-0.001897,-0.001845
6086.32701,9.091,7.942814,-0.001695,3.5e-05,-0.001891,-0.00184
6088.828799000001,9.091,8.845281,-0.001696,4e-05,-0.001888,-0.001837
6090.092936,9.091,8.467752,-0.001694,4e-05,-0.001888,-0.001835
6092.593359,9.091,8.310515,-0.001686,4.6e-05,-0.001892,-0.001824
6093.844411,9.091,8.419891,-0.00168,5e-05,-0.001888,-0.001824
6096.359101,9.091,7.815855,-0.001679,5.7e-05,-0.001894,-0.001818
6098.875154,9.091,7.901646,-0.001677,6e-05,-0.001898,-0.001818
6100.139406,9.091,8.359227,-0.001674,6.3e-05,-0.001898,-0.001819
6102.654673,9.091,8.440555,-0.001669,6.4e-05,-0.001898,-0.001817
6103.906017,9.091,8.510727,-0.001673,5.7e-05,-0.001894,-0.001822
6106.421165,9.091,7.697184,-0.00168,5.3e-05,-0.001895,-0.001827
6108.936941,9.091,7.995245,-0.001679,5.9e-05,-0.001893,-0.001819
6110.202552000001,9.091,8.790142,-0.001677,6e-05,-0.001892,-0.001818
6112.7199120000005,9.091,7.829826,-0.001671,6.2e-05,-0.001884,-0.001819
6113.968401,9.091,8.376332,-0.001668,6.4e-05,-0.001884,-0.001817
6116.48517,9.091,8.745733,-0.001668,5.9e-05,-0.001885,-0.001819
6119.016071,9.091,7.47923,-0.001678,5.6e-05,-0.00188,-0.001829
6120.280517,9.091,7.719442,-0.001678,5.7e-05,-0.00188,-0.001829
6122.796647,9.091,7.818192,-0.001679,5.3e-05,-0.00187,-0.001827
6124.046815,9.091,7.705577,-0.001683,5.3e-05,-0.001873,-0.001826
6126.561801,9.091,8.141698,-0.001679,5.6e-05,-0.001873,-0.001823
6127.828397,9.091,8.351843,-0.001678,5.6e-05,-0.001874,-0.001824
6130.358902,9.091,7.941327,-0.001682,5.2e-05,-0.001871,-0.00183
6132.8742409999995,9.091,8.077262,-0.001683,4.7e-05,-0.00187,-0.001832
6134.124516,9.091,7.730491,-0.001684,4.9e-05,-0.001874,-0.001829
6136.625001,9.091,7.853465,-0.001685,4.9e-05,-0.001876,-0.001827
6137.889687000001,9.091,8.123584,-0.001685,4.9e-05,-0.001874,-0.001828
6140.390423000001,9.091,7.989933,-0.001688,4.5e-05,-0.00188,-0.001833
6142.901773,9.091,8.336385,-0.001687,4.3e-05,-0.001883,-0.001835
6144.156296,9.091,8.70244,-0.001688,4.4e-05,-0.001878,-0.001838
6146.6721529999995,9.091,8.339094,-0.001691,4.5e-05,-0.00188,-0.001833
6147.936863000001,9.091,7.794182,-0.001686,4.8e-05,-0.001877,-0.001831
6150.436897,9.091,7.695537,-0.001686,4.7e-05,-0.001874,-0.001832
6152.93638,9.091,7.808472,-0.001685,4.9e-05,-0.001877,-0.00183
6154.187157,9.091,8.09612,-0.001684,5.1e-05,-0.001875,-0.001826
6156.719048000001,9.091,7.653678,-0.001682,5.3e-05,-0.001874,-0.001824
6157.969788,9.091,7.971394,-0.001681,5.7e-05,-0.001878,-0.001823
6160.483891,9.091,8.04146,-0.001682,5.4e-05,-0.001872,-0.001826
6162.99903,9.091,8.39009,-0.001678,5.8e-05,-0.001874,-0.001822
6164.2651989999995,9.091,8.046347,-0.001679,5.5e-05,-0.001872,-0.001823
6166.781272,9.091,7.939733,-0.001678,5.7e-05,-0.001873,-0.001825
6168.046905,9.091,7.782389,-0.001679,5.8e-05,-0.001872,-0.001823
6170.577591,9.091,7.371926,-0.001676,6.1e-05,-0.001873,-0.001821
6171.827932,9.091,8.024408,-0.001672,6.1e-05,-0.00187,-0.001819
6174.3434720000005,9.091,7.820371,-0.001667,6.2e-05,-0.001867,-0.001816
6176.85953,9.091,8.198802,-0.001664,6.8e-05,-0.00187,-0.001816
6178.124735,9.091,9.219252,-0.001664,6.8e-05,-0.00187,-0.001818
6180.6398229999995,9.091,7.939415,-0.001666,6.4e-05,-0.001869,-0.001819
6181.889634,9.091,8.503821,-0.001668,6.6e-05,-0.001872,-0.001813
6184.3909189999995,9.091,8.121725,-0.001668,6.7e-05,-0.001864,-0.001812
6186.889802,9.091,7.20534,-0.001665,6.9e-05,-0.001869,-0.001811
6188.1416420000005,9.091,8.436837,-0.001666,6.8e-05,-0.001871,-0.001814
6190.640975,9.091,7.775908,-0.001667,6.6e-05,-0.001863,-0.001815
6191.906008,9.091,8.094952,-0.001667,6.7e-05,-0.001861,-0.001813
6194.406034,9.091,7.579575,-0.001665,6.6e-05,-0.00186,-0.001813
6196.921164,9.091,8.248842,-0.001666,6.5e-05,-0.00186,-0.001819
6198.186753,9.091,8.143398,-0.001665,6.1e-05,-0.001862,-0.001816
6200.717475,9.091,7.850755,-0.001665,6.3e-05,-0.001866,-0.001819
6201.967868,9.091,8.067011,-0.001668,5.9e-05,-0.001863,-0.001823
6204.483512000001,9.091,7.838644,-0.00167,5.5e-05,-0.001858,-0.001826
6206.984004,9.091,8.353224,-0.001673,5.6e-05,-0.001862,-0.001826
6208.233497,9.091,8.065735,-0.001673,5.9e-05,-0.00187,-0.001821
6210.733439,9.091,8.085125,-0.00167,6.5e-05,-0.001875,-0.00182
6211.984647,9.091,8.558376,-0.001668,6.1e-05,-0.001868,-0.001822
6214.49975,9.091,8.037794,-0.00167,6.2e-05,-0.001869,-0.001823
6217.015243,9.091,8.044965,-0.001672,6.4e-05,-0.001871,-0.001819
6218.264878,9.091,8.041991,-0.001676,5.9e-05,-0.001865,-0.001823
6220.7812890000005,9.091,8.243583,-0.001676,5.8e-05,-0.001871,-0.001822
6222.031495,9.091,7.975908,-0.001674,6e-05,-0.00187,-0.001823
6224.562980000001,9.091,8.534047,-0.001671,6.4e-05,-0.001865,-0.001818
6225.82852,9.091,7.777608,-0.001669,6.5e-05,-0.001864,-0.001818
6228.359270000001,9.091,7.765815,-0.001672,6.4e-05,-0.001868,-0.00182
6230.876249000001,9.091,8.593276,-0.00167,6.2e-05,-0.001868,-0.001822
6232.12537,9.091,8.455694,-0.001669,6.3e-05,-0.00187,-0.00182
6234.655898,9.091,7.121728,-0.001665,6.5e-05,-0.001873,-0.001819
6235.905058,9.091,7.712695,-0.001664,6.5e-05,-0.001872,-0.001817
6238.405262,9.091,8.088312,-0.001662,7e-05,-0.001869,-0.001817
6240.922107,9.091,7.964912,-0.001664,6.9e-05,-0.001874,-0.001816
6242.187629,9.091,7.74563,-0.001664,6.7e-05,-0.001869,-0.001817
6244.686758,9.091,7.762522,-0.00166,7.4e-05,-0.001867,-0.001808
6245.938041,9.091,8.398589,-0.001658,7.5e-05,-0.001865,-0.001805
6248.43724,9.091,8.224778,-0.001658,7.3e-05,-0.001867,-0.001813
6250.968652,9.091,8.332029,-0.001664,6e-05,-0.001865,-0.001822
6252.234006000001,9.091,7.88316,-0.001663,6e-05,-0.00186,-0.001821
6254.749986000001,9.091,8.067754,-0.001662,6.6e-05,-0.001866,-0.001816
6256.015768,9.091,7.921778,-0.001659,6.9e-05,-0.001867,-0.001815
6258.53125,9.091,8.665308,-0.001655,7.4e-05,-0.001862,-0.001813
6259.797631,9.091,8.467009,-0.001655,7.4e-05,-0.001864,-0.001812
6262.296641000001,9.091,7.929056,-0.001655,7.6e-05,-0.001866,-0.001806
6264.827775,9.091,8.649425,-0.001655,7.5e-05,-0.001863,-0.001807
6266.0779139999995,9.091,7.579841,-0.001657,7.4e-05,-0.001865,-0.001809
6268.609006000001,9.091,8.81224,-0.001655,7.6e-05,-0.001862,-0.001808
6269.874563,9.091,8.155456,-0.001651,7.8e-05,-0.00186,-0.001808
6272.37484,9.091,7.851128,-0.001658,7e-05,-0.001864,-0.00181
6274.891122,9.091,8.218776,-0.001659,6.6e-05,-0.001865,-0.001816
6276.156385,9.091,8.207674,-0.001657,6.7e-05,-0.001864,-0.001811
6278.670879,9.091,7.984514,-0.00166,7e-05,-0.001867,-0.001811
6279.921329000001,9.091,7.843903,-0.001662,7.4e-05,-0.001872,-0.001808
6282.4540369999995,9.091,8.284061,-0.001658,7.7e-05,-0.001867,-0.00181
6284.985273,9.091,7.827914,-0.001652,7.9e-05,-0.00187,-0.001805
6286.248922000001,9.091,8.368895,-0.001653,7.3e-05,-0.00187,-0.001809
6288.750007000001,9.091,7.980637,-0.001655,7.1e-05,-0.00187,-0.00181
6290.015806,9.091,8.259732,-0.001653,7.7e-05,-0.001865,-0.001807
6292.5468550000005,9.091,8.074979,-0.001649,8.2e-05,-0.001871,-0.001802
6293.7970000000005,9.091,8.138564,-0.00165,8.1e-05,-0.001864,-0.001806
6296.312900000001,9.091,7.749455,-0.00165,8.1e-05,-0.001866,-0.001806
6298.82984,9.091,8.323158,-0.00165,7.6e-05,-0.001861,-0.001804
6300.078381,9.091,7.720769,-0.001647,8e-05,-0.001861,-0.001804
6302.608973,9.091,8.401139,-0.00165,7.8e-05,-0.001869,-0.001806
6303.874610000001,9.091,8.301751,-0.001652,7.6e-05,-0.001865,-0.00181
6306.389948,9.091,7.705842,-0.001651,7.5e-05,-0.00187,-0.001807
6308.905694,9.091,7.977131,-0.001654,7.7e-05,-0.00187,-0.001805
6310.17097,9.091,7.837635,-0.00165,7.7e-05,-0.001871,-0.001803
6312.688497,9.091,8.02632,-0.001647,8e-05,-0.001864,-0.001802
6313.936139,9.091,7.970118,-0.001649,7.9e-05,-0.001866,-0.001806
6316.467618000001,9.091,7.419098,-0.001647,8.4e-05,-0.00187,-0.001803
6318.982114,9.091,8.042522,-0.001643,8.9e-05,-0.001864,-0.001801
6320.234112,9.091,7.899733,-0.001643,8.8e-05,-0.001867,-0.001803
6322.734573,9.091,8.055589,-0.001642,8.6e-05,-0.001866,-0.001804
6323.998749,9.091,8.713223,-0.00164,8.5e-05,-0.001865,-0.001801
6326.4996169999995,9.091,8.056227,-0.001643,8.4e-05,-0.001864,-0.001805
6327.764891000001,9.091,8.343609,-0.001645,8.6e-05,-0.001868,-0.001803
6330.281388,9.091,8.241777,-0.001647,7.9e-05,-0.001865,-0.001809
6332.795139,9.091,7.970171,-0.001651,7.4e-05,-0.001866,-0.001811
6334.047882000001,9.091,8.043956,-0.001652,7.6e-05,-0.00187,-0.00181
6336.57862,9.091,7.757795,-0.00165,7.8e-05,-0.001868,-0.001806
6337.827863,9.091,7.932721,-0.001649,8.3e-05,-0.001868,-0.001804
6340.326997,9.091,8.533835,-0.001645,8.3e-05,-0.001867,-0.001803
6342.828362,9.091,8.710195,-0.001648,8.2e-05,-0.001865,-0.001801
6344.093078,9.091,8.584671,-0.001644,8.3e-05,-0.001862,-0.001801
6346.610259,9.091,7.989189,-0.001646,8.3e-05,-0.001865,-0.0018
6347.875057,9.091,7.570385,-0.001647,7.9e-05,-0.001862,-0.001804
6350.390103,9.091,8.08709,-0.001645,7.6e-05,-0.001864,-0.001807
6352.891521,9.091,8.499785,-0.001645,7.7e-05,-0.001861,-0.001806
6354.156147,9.091,7.923425,-0.001647,7.9e-05,-0.00186,-0.001803
6356.656373,9.091,7.89166,-0.001647,7.9e-05,-0.001863,-0.001802
6357.921937,9.091,8.430143,-0.001649,8.1e-05,-0.001867,-0.001801
6360.43794,9.091,7.977237,-0.001647,8.3e-05,-0.001866,-0.001802
6362.968606,9.091,8.335695,-0.001644,8.6e-05,-0.001863,-0.001805
6364.23418,9.091,7.935697,-0.001645,8.4e-05,-0.001863,-0.001802
6366.764595000001,9.091,7.245552,-0.001647,8e-05,-0.001868,-0.001809
6368.015032,9.091,8.695268,-0.001645,7.8e-05,-0.001865,-0.001809
6370.516082,9.091,8.044275,-0.001647,8e-05,-0.001863,-0.001804
6373.016434,9.091,7.949933,-0.001649,7.6e-05,-0.00186,-0.001806
6374.265886,9.091,8.595242,-0.001648,7.7e-05,-0.001861,-0.001806
6376.780964,9.091,7.854474,-0.001656,7.4e-05,-0.001863,-0.001811
6378.030982,9.091,8.502441,-0.001654,7.1e-05,-0.001853,-0.001814
6380.546373,9.091,8.041831,-0.001661,6.4e-05,-0.001861,-0.001818
6381.811636,9.091,8.268762,-0.001665,6.3e-05,-0.001867,-0.001818
6384.31208,9.091,8.350675,-0.001673,5.3e-05,-0.001867,-0.00183
6386.828600000001,9.091,8.413782,-0.001678,4.7e-05,-0.001881,-0.001841
6388.093885,9.091,7.67567,-0.001678,4.9e-05,-0.001883,-0.001836
6390.593831,9.091,8.425044,-0.001675,5.6e-05,-0.001883,-0.001829
6391.843728,9.091,8.560501,-0.001669,5.1e-05,-0.001876,-0.001836
6394.344152,9.091,7.669295,-0.001681,3.8e-05,-0.001875,-0.001845
6396.8592960000005,9.091,8.244911,-0.001676,4.3e-05,-0.001881,-0.001841
6398.125058,9.091,7.906693,-0.001672,4.7e-05,-0.001885,-0.001836
6400.624402,9.091,8.172986,-0.001677,4.9e-05,-0.00189,-0.001838
6401.874825000001,9.091,7.945471,-0.001668,5.1e-05,-0.001882,-0.001835
6404.389766,9.091,8.050384,-0.001668,5.2e-05,-0.001874,-0.001836
6406.921963000001,9.091,7.981061,-0.001673,4e-05,-0.001881,-0.001844
6408.187239000001,9.091,8.320342,-0.001683,3.5e-05,-0.001884,-0.001851
6410.718657,9.091,8.640395,-0.001691,3e-05,-0.001887,-0.00185
6411.983372000001,9.091,8.410383,-0.001682,3.6e-05,-0.001901,-0.001845
6414.49994,9.091,9.222811,-0.001684,4.2e-05,-0.001904,-0.001838
6417.0000199999995,9.091,7.707118,-0.001693,3.4e-05,-0.001906,-0.001844
6418.250043,9.091,8.665786,-0.001698,2.9e-05,-0.001908,-0.001852
6420.750087,9.091,7.877476,-0.001696,2.5e-05,-0.001901,-0.001852
6422.01706,9.091,8.334845,-0.00169,3.3e-05,-0.001898,-0.001854
6424.51449,9.091,8.096545,-0.001691,2.5e-05,-0.00189,-0.001854
6427.014602,9.091,8.131074,-0.001687,3.1e-05,-0.001896,-0.00185
6428.265678,9.091,8.152057,-0.001685,2.8e-05,-0.001892,-0.001853
6430.764593,9.091,7.623028,-0.001681,3.3e-05,-0.001893,-0.001847
6432.014947,9.091,7.6515,-0.001681,3.3e-05,-0.001904,-0.001846
6434.515565,9.091,8.2694,-0.001682,3.7e-05,-0.001905,-0.001843
6437.031611,9.091,7.898459,-0.001684,3.8e-05,-0.001907,-0.001842
6438.296564,9.091,7.91822,-0.001688,2.6e-05,-0.001904,-0.001859
6440.796156,9.091,7.408421,-0.001689,2.6e-05,-0.001901,-0.001859
6442.046994,9.091,8.006241,-0.001686,3.2e-05,-0.001904,-0.001851
6444.546355,9.091,7.843584,-0.001691,4e-05,-0.001913,-0.00184
6445.796031,9.091,8.537128,-0.00169,3.7e-05,-0.001912,-0.001841
6448.313333,9.091,7.918857,-0.001701,2e-05,-0.001914,-0.001863
6450.828267000001,9.091,7.950092,-0.001696,3.5e-05,-0.001912,-0.001851
6452.093025,9.091,7.870783,-0.001687,3.6e-05,-0.001907,-0.001852
6454.6087179999995,9.091,8.371976,-0.00169,4.3e-05,-0.00192,-0.001842
6455.859042,9.091,8.167834,-0.001693,3.4e-05,-0.001917,-0.001843
6458.3748510000005,9.091,7.67312,-0.001696,3.7e-05,-0.001915,-0.001844
6460.890265,9.091,7.855377,-0.0017,2.9e-05,-0.001914,-0.001853
6462.140405,9.091,7.963054,-0.001707,2.1e-05,-0.001908,-0.001855
6464.640077,9.091,8.605069,-0.001708,2e-05,-0.001913,-0.001854
6465.890259,9.091,7.972244,-0.001708,2.7e-05,-0.001915,-0.001853
6468.390752,9.091,7.919654,-0.001698,4.2e-05,-0.001916,-0.001844
6470.8910479999995,9.091,8.152854,-0.001692,4.6e-05,-0.001906,-0.001839
6472.15571,9.091,7.67498,-0.001687,4.5e-05,-0.001905,-0.001833
6474.656642,9.091,8.375322,-0.001695,3.3e-05,-0.001912,-0.001846
6475.921246,9.091,8.132189,-0.001699,2.8e-05,-0.001912,-0.001851
6478.453095000001,9.091,7.583081,-0.001698,2.6e-05,-0.001911,-0.001854
6480.983359,9.091,8.051234,-0.001692,3e-05,-0.001909,-0.001844
6482.233433,9.091,8.418032,-0.001695,3.1e-05,-0.001911,-0.001848
6484.734276,9.091,8.124805,-0.001695,3.4e-05,-0.00191,-0.001843
6485.998750000001,9.091,7.969799,-0.00169,3.4e-05,-0.001911,-0.001843
6488.499726,9.091,8.184725,-0.001687,3.7e-05,-0.001913,-0.00184
6491.0152689999995,9.091,7.759866,-0.001691,3.2e-05,-0.001909,-0.001843
6492.280554000001,9.091,8.873169,-0.001697,2.9e-05,-0.001904,-0.001847
6494.79691,9.091,7.907808,-0.001698,3.5e-05,-0.001909,-0.001841
6496.0633290000005,9.091,8.188178,-0.001695,4e-05,-0.001907,-0.001838
6498.578585,9.091,8.560182,-0.001684,4.8e-05,-0.001899,-0.001837
6499.843189,9.091,8.319439,-0.001676,4.9e-05,-0.001895,-0.001839
6502.358706,9.091,8.144566,-0.001678,4.3e-05,-0.001903,-0.001844
6504.859578,9.091,8.162999,-0.001674,4.1e-05,-0.001904,-0.001848
6506.125794,9.091,7.871314,-0.001677,4e-05,-0.00191,-0.001848
6508.624712000001,9.091,8.229719,-0.001683,3.2e-05,-0.001902,-0.00185
6509.874903,9.091,7.679548,-0.001682,3.6e-05,-0.001903,-0.001846
6512.374974,9.091,7.672111,-0.001679,3.8e-05,-0.0019,-0.001846
6514.890776,9.091,7.94648,-0.00169,2.2e-05,-0.001899,-0.00186
6516.156233,9.091,8.07875,-0.001692,2.5e-05,-0.001902,-0.001861
6518.672023,9.091,7.734793,-0.001693,2.5e-05,-0.001902,-0.001857
6519.935887,9.091,8.250914,-0.001697,2e-05,-0.001901,-0.001858
6522.437861,9.091,8.178033,-0.0017,1.7e-05,-0.0019,-0.001864
6524.968537000001,9.091,7.801778,-0.001701,2e-05,-0.0019,-0.00186
6526.2191330000005,9.091,7.897874,-0.001697,2.8e-05,-0.001901,-0.001853
6528.719589,9.091,8.575162,-0.001694,3e-05,-0.0019,-0.001851
6529.968718,9.091,8.450541,-0.00169,3.3e-05,-0.001897,-0.00185
6532.483708,9.091,7.942974,-0.001687,2.7e-05,-0.001892,-0.001857
6534.999047,9.091,8.444486,-0.001699,1.6e-05,-0.001892,-0.001868
6536.2495340000005,9.091,8.263504,-0.001702,1.8e-05,-0.001905,-0.001861
6538.749579,9.091,8.301591,-0.001695,2.8e-05,-0.001904,-0.001854
6539.999968,9.091,8.18377,-0.001691,2.9e-05,-0.001901,-0.001853
6542.500459000001,9.091,8.865573,-0.001692,3.3e-05,-0.001901,-0.00185
6545.013537000001,9.091,8.682094,-0.001693,2.8e-05,-0.001897,-0.001856
6546.266788000001,9.091,8.482998,-0.001699,1.9e-05,-0.001899,-0.001859
6548.796999,9.091,8.297129,-0.001698,2.1e-05,-0.001897,-0.00186
6550.062277,9.091,7.696068,-0.001696,2.3e-05,-0.001901,-0.001856
6552.5788059999995,9.091,7.843159,-0.001694,2.1e-05,-0.001898,-0.00186
6553.843666000001,9.091,7.336547,-0.001694,2.3e-05,-0.001898,-0.001857
6556.360512,9.092,8.111472,-0.001693,2.5e-05,-0.001896,-0.001855
6558.890813,9.092,7.864515,-0.001697,2.5e-05,-0.001905,-0.001854
6560.155278,9.092,8.688681,-0.001699,2e-05,-0.001903,-0.00186
6562.671429,9.092,8.088843,-0.001697,2.6e-05,-0.001905,-0.001857
6563.921724,9.092,8.407248,-0.001695,2.3e-05,-0.001899,-0.00186
6566.4212800000005,9.092,8.355137,-0.001698,2e-05,-0.0019,-0.001858
6568.938188,9.092,8.112375,-0.001697,2.8e-05,-0.001905,-0.001855
6570.188281000001,9.092,7.879814,-0.001696,2.7e-05,-0.001901,-0.001854
6572.687431,9.092,8.325602,-0.001695,2.8e-05,-0.001903,-0.001853
6573.937939,9.092,8.264672,-0.001696,2.7e-05,-0.001904,-0.001853
6576.438004,9.092,8.117262,-0.001688,3.3e-05,-0.001897,-0.001849
6578.968941,9.092,8.515349,-0.001688,3.2e-05,-0.001896,-0.001846
6580.219737,9.092,7.886401,-0.001685,3.4e-05,-0.001893,-0.001847
6582.718676,9.092,8.242361,-0.001684,3.6e-05,-0.001889,-0.001845
6583.983854,9.092,7.173839,-0.001683,3.9e-05,-0.001887,-0.001843
6586.4838230000005,9.092,8.207833,-0.001681,4.1e-05,-0.001884,-0.001844
6588.999538,9.092,8.115403,-0.001684,4.1e-05,-0.001884,-0.001846
6590.249944,9.092,7.894687,-0.001686,4.2e-05,-0.001891,-0.001843
6592.765056,9.092,7.943293,-0.001683,4.3e-05,-0.001893,-0.001839
6594.030718,9.092,8.710248,-0.001681,4.3e-05,-0.001895,-0.001839
6596.531044,9.092,8.458297,-0.001675,4.5e-05,-0.001893,-0.001843
6599.031839,9.092,7.877317,-0.001682,3.5e-05,-0.001884,-0.001845
6600.2805339999995,9.092,8.173517,-0.001682,3.3e-05,-0.001881,-0.001848
6602.778258,9.092,8.007038,-0.001683,3.6e-05,-0.001894,-0.001848
6604.030654,9.092,8.339306,-0.001682,3.8e-05,-0.001892,-0.001846
6606.53128,9.092,8.621378,-0.00168,4.2e-05,-0.001887,-0.001843
6609.0470000000005,9.092,8.008312,-0.001677,4.9e-05,-0.00189,-0.001834
6610.3130089999995,9.092,7.63158,-0.001674,4.4e-05,-0.001887,-0.001841
6612.843098,9.092,8.32183,-0.001677,4.1e-05,-0.001891,-0.001843
6614.109028000001,9.092,7.910623,-0.001678,3.9e-05,-0.001888,-0.001843
6616.607708,9.092,7.979043,-0.001679,4.2e-05,-0.001888,-0.001841
6617.858572,9.092,8.177555,-0.001679,4e-05,-0.001887,-0.001841
6620.3588,9.092,8.116307,-0.001674,4.7e-05,-0.001881,-0.001837
6622.853927,9.092,8.24608,-0.001668,5e-05,-0.001877,-0.001833
6624.09289,9.092,8.292773,-0.00167,5.1e-05,-0.00187,-0.001833
6626.60931,9.092,8.036838,-0.001667,5.5e-05,-0.001863,-0.001832
6627.859346,9.092,8.297448,-0.001665,5.5e-05,-0.001868,-0.001828
6630.3738410000005,9.092,8.239705,-0.001664,5.4e-05,-0.001867,-0.001829
6632.875269,9.092,7.31259,-0.001661,6.2e-05,-0.001874,-0.001823
6634.125764,9.092,8.286186,-0.00166,5.9e-05,-0.001871,-0.001828
6636.641819,9.092,7.565232,-0.001664,5.8e-05,-0.001874,-0.001831
6637.89021,9.092,7.711792,-0.001663,5.6e-05,-0.001873,-0.001829
6640.390517,9.092,8.856701,-0.001663,5.8e-05,-0.001875,-0.001824
6642.920391,9.092,7.480558,-0.001662,6.3e-05,-0.001877,-0.001823
6644.17219,9.092,9.15046,-0.001658,6.1e-05,-0.001878,-0.001822
6646.703196,9.092,8.673701,-0.001656,6.3e-05,-0.001874,-0.001822
6647.967837,9.092,8.128949,-0.001655,6.6e-05,-0.001874,-0.001816
6650.484168,9.092,7.981858,-0.001656,6.5e-05,-0.001873,-0.001818
6652.998691000001,9.092,8.237315,-0.001656,7.1e-05,-0.001873,-0.001815
6654.249342,9.092,7.88401,-0.001659,6.7e-05,-0.001874,-0.001818
6656.766202000001,9.092,7.983239,-0.001664,6.1e-05,-0.001875,-0.001823
6658.015488,9.092,7.595033,-0.001663,6.4e-05,-0.001875,-0.001821
6660.531487,9.092,8.193065,-0.001663,6.3e-05,-0.001877,-0.001821
6661.796983,9.092,7.939733,-0.001661,6.7e-05,-0.001872,-0.001822
6664.326919,9.092,7.635192,-0.001658,6.5e-05,-0.00187,-0.00182
6666.827867,9.092,8.526716,-0.001657,6.7e-05,-0.001871,-0.001821
6668.094359000001,9.092,7.920982,-0.001657,6.8e-05,-0.001866,-0.001821
6670.593424000001,9.092,7.986586,-0.001657,6.6e-05,-0.001872,-0.001817
6671.84345,9.092,8.043584,-0.001655,6.6e-05,-0.001867,-0.001817
6674.359284,9.092,7.805285,-0.001653,6.8e-05,-0.001868,-0.001816
6676.889837000001,9.092,7.754979,-0.001651,7.1e-05,-0.001868,-0.001815
6678.139824,9.092,7.938405,-0.00165,7e-05,-0.001866,-0.001815
6680.656155000001,9.092,7.988126,-0.001646,7.1e-05,-0.001868,-0.001814
6681.921254999999,9.092,7.759282,-0.001644,7.1e-05,-0.001862,-0.001816
6684.45354,9.092,8.006612,-0.001643,7.5e-05,-0.001868,-0.001811
6686.984423,9.092,8.042309,-0.001639,7.7e-05,-0.001862,-0.001809
6688.250424,9.092,7.970437,-0.001641,7.7e-05,-0.001866,-0.001806
6690.766532,9.092,8.689053,-0.001641,8e-05,-0.001863,-0.001808
6692.016025999999,9.092,8.175324,-0.001643,8.1e-05,-0.001862,-0.001806
6694.531093,9.092,8.206292,-0.001645,8e-05,-0.001864,-0.001808
6697.046292999999,9.092,8.084169,-0.001641,8.1e-05,-0.001861,-0.001806
6698.312744000001,9.092,8.270781,-0.001638,8.2e-05,-0.001866,-0.001804
6700.843779000001,9.092,7.857236,-0.00163,8.6e-05,-0.001861,-0.001802
6702.093894,9.092,7.972828,-0.001631,8.8e-05,-0.001867,-0.001799
6704.593176,9.092,8.140955,-0.00163,8.6e-05,-0.001863,-0.001798
6705.859778,9.092,8.219838,-0.001631,8.7e-05,-0.001857,-0.001801
6708.374571,9.092,7.88895,-0.001635,8.7e-05,-0.001864,-0.001802
6710.87391,9.092,7.745099,-0.001633,8.9e-05,-0.001863,-0.0018
6712.125094999999,9.092,8.087675,-0.001631,8.8e-05,-0.00186,-0.001797
6714.6565709999995,9.092,7.449855,-0.001631,8.9e-05,-0.001859,-0.001797
6715.9203880000005,9.092,8.08879,-0.001632,8.7e-05,-0.001861,-0.0018
6718.436944000001,9.092,7.648525,-0.001633,8.5e-05,-0.001864,-0.001803
6720.953802,9.092,7.896121,-0.001632,8.6e-05,-0.001864,-0.001801
6722.203008,9.092,7.582975,-0.001633,8.5e-05,-0.001862,-0.001802
6724.7321790000005,9.092,8.179201,-0.001634,8.3e-05,-0.001867,-0.001802
6725.983838,9.092,8.307222,-0.001632,8.2e-05,-0.001864,-0.001801
6728.484446,9.092,7.711952,-0.001633,8.5e-05,-0.001866,-0.0018
6731.014089,9.092,8.247833,-0.001637,8e-05,-0.001864,-0.001808
6732.265262000001,9.092,7.977343,-0.001638,8.5e-05,-0.001869,-0.001806
6734.763838999999,9.092,8.137873,-0.001637,8.4e-05,-0.001868,-0.001803
6736.0154299999995,9.092,7.707171,-0.001635,8.4e-05,-0.001863,-0.001803
6738.5462800000005,9.092,8.216545,-0.001633,8.6e-05,-0.001869,-0.001798
6739.811371,9.092,8.245708,-0.001633,8.5e-05,-0.001863,-0.001797
6742.343525,9.092,7.860796,-0.001631,9.2e-05,-0.00187,-0.001793
6744.852682000001,9.092,8.142548,-0.001636,9e-05,-0.001868,-0.001797
6746.093059000001,9.092,7.60741,-0.001638,9e-05,-0.001862,-0.0018
6748.5933700000005,9.092,7.938352,-0.001634,9.2e-05,-0.00186,-0.001804
6749.859186,9.092,7.92247,-0.001631,9.3e-05,-0.001861,-0.001802
6752.374664000001,9.092,8.066373,-0.001625,9.3e-05,-0.001857,-0.0018
6754.874409,9.092,7.874077,-0.001627,9.1e-05,-0.001856,-0.001798
6756.124791,9.092,8.078803,-0.001629,9.1e-05,-0.001861,-0.001797
6758.624997000001,9.092,8.175589,-0.001633,8.9e-05,-0.001858,-0.0018
6759.890181000001,9.092,8.16045,-0.001636,8.3e-05,-0.001855,-0.001805
6762.405504,9.092,8.166505,-0.00164,8.1e-05,-0.00186,-0.001811
6764.906038000001,9.092,7.71211,-0.001634,8.2e-05,-0.00186,-0.00181
6766.155891,9.092,7.992589,-0.001633,8.2e-05,-0.001857,-0.001814
6768.655269999999,9.092,8.299041,-0.001639,7.9e-05,-0.001858,-0.001816
6769.906428,9.092,7.753598,-0.001643,8.1e-05,-0.001864,-0.001814
6772.422279,9.092,7.927357,-0.001646,7.8e-05,-0.001868,-0.001815
6774.936883,9.092,7.951738,-0.001647,7e-05,-0.001867,-0.00182
6776.202986,9.092,8.010437,-0.001646,7.9e-05,-0.00187,-0.001817
6778.718454,9.092,7.790251,-0.001638,8.4e-05,-0.001869,-0.001811
6779.969285000001,9.092,7.960822,-0.001637,8.3e-05,-0.001862,-0.001816
6782.484517000001,9.092,8.324326,-0.001642,7.8e-05,-0.001863,-0.00182
6785.016117000001,9.092,8.163318,-0.001638,8e-05,-0.00187,-0.001814
6786.2815310000005,9.092,7.810172,-0.00164,7.9e-05,-0.001868,-0.001812
6788.81201,9.092,8.217182,-0.001636,8.4e-05,-0.001864,-0.001806
6790.0783950000005,9.092,8.891177,-0.001634,8.5e-05,-0.001867,-0.001808
6792.608400000001,9.092,8.024939,-0.001637,8.1e-05,-0.001865,-0.00181
6793.858067000001,9.092,7.477052,-0.001639,9.1e-05,-0.001875,-0.001802
6796.374858000001,9.092,8.314712,-0.001644,8.4e-05,-0.001871,-0.00181
6798.874817,9.092,8.381856,-0.001643,7.7e-05,-0.001872,-0.001819
6800.124390999999,9.092,7.849587,-0.001641,7.3e-05,-0.001868,-0.001823
6802.624608,9.092,7.977502,-0.001649,6.6e-05,-0.00187,-0.001828
6803.874285,9.092,7.820955,-0.001648,7e-05,-0.001876,-0.001823
6806.374718000001,9.092,8.77394,-0.001644,7.6e-05,-0.001876,-0.001819
6808.890025000001,9.092,7.770118,-0.001642,7.5e-05,-0.001873,-0.001818
6810.139835,9.092,7.917688,-0.00165,6.9e-05,-0.00187,-0.00182
6812.639986,9.092,8.138829,-0.001655,5.6e-05,-0.00187,-0.001832
6813.89071,9.092,8.366611,-0.001651,5.9e-05,-0.001865,-0.001826
6816.405277,9.092,7.644648,-0.001646,6.5e-05,-0.001864,-0.001825
6818.921276000001,9.092,7.872483,-0.001659,5.6e-05,-0.001867,-0.001835
6820.187645,9.092,8.085284,-0.001661,5.6e-05,-0.00187,-0.001837
6822.718968000001,9.092,7.79466,-0.001656,5.5e-05,-0.00188,-0.001832
6823.969392999999,9.092,8.28608,-0.001656,5.6e-05,-0.001877,-0.001833
6826.4833610000005,9.092,8.288151,-0.001653,5.7e-05,-0.001874,-0.001835
6828.98359,9.092,7.828817,-0.001661,5.4e-05,-0.001875,-0.001836
6830.234639,9.092,8.037529,-0.001661,5.8e-05,-0.001883,-0.001832
6832.765157,9.092,7.948126,-0.001655,5.9e-05,-0.00188,-0.001828
6834.015848000001,9.092,8.901801,-0.001656,6.2e-05,-0.001888,-0.001826
6836.5306980000005,9.092,8.415429,-0.001654,6.2e-05,-0.001886,-0.001825
6839.031449,9.092,7.843425,-0.001656,6.2e-05,-0.001887,-0.001825
6840.296249999999,9.092,7.765391,-0.001654,6.5e-05,-0.001885,-0.001824
6842.796120000001,9.092,8.089374,-0.001651,6.6e-05,-0.001884,-0.001823
6844.046165,9.092,8.273756,-0.001655,5.8e-05,-0.001888,-0.00183
6846.561878,9.092,7.952908,-0.001662,4.9e-05,-0.001879,-0.001838
6847.8132669999995,9.092,7.918379,-0.00166,4.8e-05,-0.001883,-0.001843
6850.3278439999995,9.092,8.149985,-0.001669,3.6e-05,-0.001885,-0.001849
6852.843556,9.092,8.830885,-0.001668,4e-05,-0.001881,-0.001843
6854.0941459999995,9.092,7.816652,-0.001674,3.6e-05,-0.001881,-0.00185
6856.609849,9.092,8.482998,-0.001674,4.8e-05,-0.001891,-0.001836
6857.859743000001,9.092,8.258191,-0.001671,5e-05,-0.001889,-0.001833
6860.374035000001,9.092,8.426478,-0.001669,4.8e-05,-0.001891,-0.001834
6862.868896,9.092,7.948764,-0.001672,4.4e-05,-0.001889,-0.001842
6864.108765000001,9.092,8.181114,-0.00167,5.3e-05,-0.001894,-0.001831
6866.608738999999,9.092,8.382335,-0.001659,5.4e-05,-0.001894,-0.001829
6867.858959000001,9.092,8.492348,-0.001663,5.1e-05,-0.001886,-0.00183
6870.373993000001,9.092,7.600611,-0.001663,5.6e-05,-0.001889,-0.001835
6872.889421,9.092,8.032322,-0.001672,5.8e-05,-0.001899,-0.001831
6874.140235000001,9.092,8.212932,-0.001673,5.4e-05,-0.001897,-0.001833
6876.671885,9.092,7.691606,-0.00167,5.5e-05,-0.001894,-0.001832
6877.938728000001,9.092,7.789295,-0.001666,5.7e-05,-0.001893,-0.001831
6880.468389,9.092,8.641829,-0.001667,5.3e-05,-0.001896,-0.001832
6882.96852,9.092,8.012083,-0.001667,5.2e-05,-0.0019,-0.001832
6884.219268999999,9.092,8.040769,-0.001667,5e-05,-0.001895,-0.001832
6886.734401,9.092,8.484008,-0.001666,4.4e-05,-0.001893,-0.001842
6887.999537,9.092,8.019042,-0.001676,3.3e-05,-0.001896,-0.001853
6890.499904,9.092,8.292242,-0.001679,3.2e-05,-0.001904,-0.001856
6892.999738,9.092,8.731337,-0.001677,3.9e-05,-0.001905,-0.001847
6894.265813,9.092,7.697609,-0.001677,4e-05,-0.001903,-0.001847
6896.781636,9.092,8.479121,-0.001674,5.4e-05,-0.001904,-0.001836
6898.030085,9.092,7.884541,-0.001677,4.6e-05,-0.001902,-0.001839
6900.530531,9.092,7.921566,-0.001676,4.1e-05,-0.001901,-0.001843
6903.031777,9.092,7.771075,-0.001674,4.7e-05,-0.0019,-0.001836
6904.2820059999995,9.092,7.676413,-0.001675,4.9e-05,-0.001904,-0.001835
6906.781860000001,9.092,8.316358,-0.00167,5e-05,-0.001901,-0.001836
6908.046946,9.092,7.689535,-0.001668,4.8e-05,-0.001902,-0.001834
6910.578707000001,9.092,8.209905,-0.001671,4.5e-05,-0.001902,-0.001837
6911.842911,9.092,8.704883,-0.00167,4.4e-05,-0.001899,-0.001839
6914.344267,9.092,8.19211,-0.001671,4.7e-05,-0.001905,-0.001835
6916.858725,9.092,7.68895,-0.00168,3.9e-05,-0.001903,-0.001842
6918.106222,9.092,9.125494,-0.001676,4.2e-05,-0.001905,-0.001838
6920.594397000001,9.092,7.85782,-0.001679,4.3e-05,-0.001906,-0.001843
6921.843774000001,9.092,7.906321,-0.001676,4.2e-05,-0.001898,-0.001843
6924.343997,9.092,7.932296,-0.001682,3.5e-05,-0.001901,-0.001846
6926.858722000001,9.092,8.018989,-0.001684,3.4e-05,-0.001901,-0.001848
6928.108324000001,9.092,7.731553,-0.00168,3.9e-05,-0.001904,-0.001846
6930.609793,9.092,8.430302,-0.001674,3.6e-05,-0.0019,-0.001848
6931.874978,9.092,7.811022,-0.001675,3.1e-05,-0.001894,-0.001853
6934.406997,9.092,7.819202,-0.001677,2.9e-05,-0.001892,-0.001852
6936.921496999999,9.092,7.411395,-0.001675,3.5e-05,-0.001881,-0.001851
6938.1729749999995,9.092,7.745205,-0.001674,3.6e-05,-0.001886,-0.00185
6940.70377,9.092,8.105098,-0.001664,4.3e-05,-0.001891,-0.001843
6941.969220000001,9.092,7.923691,-0.001659,4.5e-05,-0.001892,-0.00184
6944.484941000001,9.092,7.770331,-0.001658,4.5e-05,-0.001896,-0.00184
6946.9844840000005,9.092,7.972456,-0.001661,5.4e-05,-0.001898,-0.001836
6948.250045000001,9.092,8.141433,-0.001664,5.6e-05,-0.001895,-0.001835
6950.764599,9.092,7.798644,-0.001664,5.6e-05,-0.001898,-0.001828
6952.014502,9.092,8.521405,-0.001663,5.7e-05,-0.001889,-0.001829
6954.515074000001,9.092,7.968791,-0.00166,5.7e-05,-0.001887,-0.001828
6957.0168109999995,9.092,8.238378,-0.001657,6.2e-05,-0.001893,-0.001826
6958.266393,9.092,8.042788,-0.001655,6.6e-05,-0.001895,-0.001822
6960.781165,9.092,7.827595,-0.00165,7e-05,-0.001896,-0.001819
6962.047347,9.092,7.919016,-0.001649,6.7e-05,-0.001894,-0.00182
6964.561302,9.092,7.992695,-0.001648,6.3e-05,-0.001893,-0.001818
6965.8121360000005,9.092,8.499094,-0.001649,6.2e-05,-0.001889,-0.001819
6968.328246000001,9.092,8.185682,-0.001649,6.5e-05,-0.00189,-0.001824
6970.843865000001,9.092,8.949664,-0.001648,6.5e-05,-0.001891,-0.001822
6972.093642,9.092,8.080025,-0.001648,6.3e-05,-0.001884,-0.001826
6974.6083419999995,9.092,7.585259,-0.001649,6.2e-05,-0.001888,-0.001823
6975.859286999999,9.092,7.56895,-0.001649,6.3e-05,-0.001886,-0.001823
6978.375196000001,9.092,8.240609,-0.001648,6.3e-05,-0.001878,-0.001826
6980.889736000001,9.092,7.848152,-0.001646,6.8e-05,-0.00188,-0.001821
6982.140278000001,9.092,8.145735,-0.001643,6.8e-05,-0.001878,-0.001821
6984.672318000001,9.092,7.980583,-0.001646,6.1e-05,-0.001879,-0.001823
6985.931565000001,9.092,7.826214,-0.001647,6.3e-05,-0.00188,-0.001819
6988.420690999999,9.092,7.78138,-0.001644,6.6e-05,-0.001877,-0.001818
6990.922224,9.092,7.802415,-0.001649,6.1e-05,-0.001878,-0.001819
6992.188125000001,9.092,7.529057,-0.001651,6e-05,-0.001877,-0.001828
6994.717855999999,9.092,8.717791,-0.001656,5.3e-05,-0.001868,-0.001831
6995.969214000001,9.092,9.214576,-0.001661,5.3e-05,-0.001873,-0.001833
6998.4835459999995,9.092,8.273331,-0.001661,5.2e-05,-0.00187,-0.001836
7001.000015,9.092,7.802204,-0.001661,5e-05,-0.00187,-0.001836
7002.249824,9.092,8.572453,-0.00166,5.3e-05,-0.001875,-0.001832
7004.751106,9.092,8.570169,-0.001655,5.4e-05,-0.001877,-0.001833
7006.015852,9.092,7.879814,-0.001654,5.2e-05,-0.001873,-0.001834
7008.546238999999,9.092,8.608044,-0.001657,5.4e-05,-0.001878,-0.001829
7011.063260000001,9.092,8.371764,-0.001655,5.2e-05,-0.001873,-0.001831
7012.328869999999,9.092,7.767197,-0.001656,5.7e-05,-0.001876,-0.001828
7014.859263,9.092,8.259838,-0.001652,5.5e-05,-0.001872,-0.001827
7016.124464,9.092,7.666268,-0.00165,5.9e-05,-0.001868,-0.001825
7018.625728999999,9.092,8.403371,-0.001647,6.5e-05,-0.001871,-0.001825
7019.875102,9.092,7.813305,-0.001648,6.4e-05,-0.001877,-0.001823
7022.390488000001,9.092,7.881142,-0.001647,6.7e-05,-0.001875,-0.001827
7024.90544,9.092,8.148072,-0.001645,6.2e-05,-0.00187,-0.00183
7026.156067,9.092,8.640661,-0.001648,6.1e-05,-0.001875,-0.001829
7028.688088999999,9.092,7.677688,-0.00165,6.1e-05,-0.001873,-0.001828
7029.936538,9.092,8.458031,-0.00165,6.3e-05,-0.001873,-0.001825
7032.468720999999,9.092,8.604007,-0.001647,6.7e-05,-0.001868,-0.001825
7034.984215,9.092,7.729588,-0.00164,7.3e-05,-0.00187,-0.001823
7036.233022,9.092,8.541378,-0.001639,7.1e-05,-0.001867,-0.001823
7038.718739,9.092,8.17867,-0.00164,7.3e-05,-0.001875,-0.001815
7039.969496,9.092,8.357155,-0.001639,7.3e-05,-0.001869,-0.001818
7042.468827000001,9.092,7.353706,-0.001638,7.4e-05,-0.001869,-0.001815
7044.9666560000005,9.092,7.891182,-0.001643,7.1e-05,-0.001866,-0.001821
7046.217873,9.092,8.538562,-0.001643,7.2e-05,-0.001869,-0.001821
7048.719736999999,9.092,7.951738,-0.001641,6.7e-05,-0.001871,-0.001823
7049.983873000001,9.092,7.944408,-0.001645,6.5e-05,-0.001872,-0.001826
7052.484033000001,9.092,7.888791,-0.001651,6.6e-05,-0.001872,-0.001825
7055.000608,9.092,8.487779,-0.001652,6.7e-05,-0.001875,-0.001824
7056.265262999999,9.092,7.527304,-0.001651,7.1e-05,-0.001878,-0.001822
7058.764838000001,9.092,7.372405,-0.001645,7.3e-05,-0.001877,-0.001819
7060.014862,9.092,7.792961,-0.001644,7.3e-05,-0.00187,-0.001823
7062.514691,9.092,8.039281,-0.001643,6.9e-05,-0.001865,-0.001825
7065.031833999999,9.092,7.841194,-0.001644,6.9e-05,-0.001867,-0.001823
7066.296131000001,9.092,7.640451,-0.001642,6.9e-05,-0.001867,-0.001822
7068.828457,9.092,7.982973,-0.001643,7.1e-05,-0.001871,-0.00182
7070.0934689999995,9.092,8.135961,-0.001643,7e-05,-0.001865,-0.001824
7072.608848,9.092,8.10786,-0.001642,6.8e-05,-0.001869,-0.001821
7073.859624000001,9.092,8.157421,-0.001641,6.8e-05,-0.001872,-0.00182
7076.389342,9.092,8.121937,-0.001642,7.3e-05,-0.001875,-0.001818
7078.905807000001,9.092,7.898565,-0.00164,7.6e-05,-0.001873,-0.001818
7080.1558430000005,9.092,8.541856,-0.001641,7.2e-05,-0.001862,-0.001823
7082.655643,9.092,7.225313,-0.001648,6.8e-05,-0.001863,-0.001823
7083.921182,9.092,7.633917,-0.00165,7.1e-05,-0.001866,-0.001818
7086.453461000001,9.092,8.812612,-0.001646,6.9e-05,-0.001861,-0.001821
7088.9833,9.092,8.488151,-0.00164,7.1e-05,-0.001866,-0.001817
7090.233878999999,9.092,8.406346,-0.00164,7e-05,-0.001859,-0.001821
7092.734623,9.092,7.604754,-0.001641,7.1e-05,-0.001861,-0.001819
7093.984166,9.092,7.650916,-0.001642,7.3e-05,-0.001866,-0.001814
7096.5155859999995,9.092,7.42765,-0.00164,7.5e-05,-0.001861,-0.001815
7099.0462370000005,9.092,8.509558,-0.00164,7.4e-05,-0.001864,-0.001817
7100.3128959999995,9.092,7.790995,-0.001638,7.3e-05,-0.001861,-0.001817
7102.838143000001,9.092,8.024726,-0.001642,7.4e-05,-0.001861,-0.001816
7104.078352,9.092,8.11381,-0.00164,7.3e-05,-0.001861,-0.001816
7106.594333000001,9.092,8.074447,-0.001641,6.6e-05,-0.001861,-0.001822
7107.858184000001,9.092,8.624671,-0.001643,6.7e-05,-0.001866,-0.001819
7110.374320999999,9.092,8.147382,-0.001642,6.9e-05,-0.001865,-0.001817
7112.872391000001,9.092,7.934421,-0.001641,7.1e-05,-0.001867,-0.001813
7114.124882,9.092,8.612719,-0.001643,7.5e-05,-0.001865,-0.001814
7116.640077,9.092,8.295269,-0.001639,7.4e-05,-0.001865,-0.001808
7117.906097000001,9.092,8.367779,-0.001635,7.5e-05,-0.001862,-0.00181
7120.438457,9.092,7.301382,-0.001632,8e-05,-0.001865,-0.001814
7122.9212179999995,9.092,8.328417,-0.001633,7.2e-05,-0.001861,-0.001823
7124.18759,9.092,7.787223,-0.001634,7.4e-05,-0.001865,-0.00182
7126.702999000001,9.092,7.946533,-0.001633,7.1e-05,-0.001863,-0.00182
7127.968745,9.092,7.529854,-0.001635,7.1e-05,-0.001866,-0.001816
7130.466833,9.092,8.90961,-0.001637,7.3e-05,-0.001864,-0.001815
7132.968709000001,9.092,8.41171,-0.001636,7.9e-05,-0.001866,-0.001812
7134.21869,9.092,7.987702,-0.001635,7.6e-05,-0.001858,-0.001815
7136.734593000001,9.092,7.30919,-0.001634,7.4e-05,-0.001859,-0.001814
7137.999506,9.092,7.9315,-0.001633,7.7e-05,-0.001856,-0.001814
7140.513412,9.092,8.033119,-0.001637,8e-05,-0.001858,-0.001812
7143.015142,9.092,8.355934,-0.001636,8.1e-05,-0.001858,-0.00181
7144.265535,9.092,7.52332,-0.001634,8.5e-05,-0.001859,-0.001809
7146.765197000001,9.092,8.147754,-0.001633,8.1e-05,-0.001863,-0.001808
7148.031228,9.092,8.466478,-0.001634,7.8e-05,-0.001861,-0.001812
7150.546741,9.092,7.569057,-0.001632,8.1e-05,-0.001866,-0.001812
7153.063101,9.092,7.853677,-0.001628,8.2e-05,-0.001868,-0.00181
7154.328461000001,9.092,8.481617,-0.00163,8e-05,-0.001868,-0.001811
7156.828566,9.092,8.069507,-0.001633,8e-05,-0.001864,-0.001813
7158.078468,9.092,8.589718,-0.001631,8.2e-05,-0.001866,-0.001813
7160.594563000001,9.092,8.296757,-0.001628,8.1e-05,-0.001866,-0.001809
7161.842962000001,9.092,7.555724,-0.001629,8.6e-05,-0.001866,-0.001805
7164.343433,9.092,8.576012,-0.001624,8.8e-05,-0.001867,-0.001803
7166.843847,9.092,7.519548,-0.001626,8.7e-05,-0.001868,-0.001805
7168.094198000001,9.092,7.98887,-0.001629,8.5e-05,-0.001863,-0.001808
7170.608319000001,9.092,7.868977,-0.001632,7.9e-05,-0.00186,-0.001814
7171.874766000001,9.092,8.104885,-0.001633,7.7e-05,-0.001864,-0.001814
7174.375818,9.092,8.426213,-0.001637,7.1e-05,-0.001858,-0.001819
7176.874881,9.092,8.025523,-0.001636,7.2e-05,-0.001864,-0.001815
7178.1248319999995,9.092,7.957635,-0.001634,7.4e-05,-0.001861,-0.001815
7180.624879999999,9.092,7.609694,-0.00163,7.9e-05,-0.001862,-0.001812
7181.87509,9.092,7.843,-0.001627,8.5e-05,-0.001867,-0.001806
7184.391089000001,9.092,7.642311,-0.001626,8.5e-05,-0.001864,-0.001806
7186.890814,9.092,8.030995,-0.001629,8.2e-05,-0.001866,-0.001808
7188.1559689999995,9.092,8.020636,-0.001628,8.3e-05,-0.001863,-0.001809
7190.670957,9.092,7.827755,-0.001629,8.4e-05,-0.001866,-0.001807
7191.936568000001,9.092,8.475296,-0.00163,8.3e-05,-0.001864,-0.001808
7194.4684560000005,9.092,8.151684,-0.001629,8.1e-05,-0.001865,-0.00181
7196.983882,9.092,8.489161,-0.001628,8e-05,-0.00186,-0.001809
7198.234677,9.092,7.308978,-0.001628,8.3e-05,-0.001866,-0.00181
7200.74921,9.092,7.458035,-0.001633,8e-05,-0.001864,-0.00181
7202.000126000001,9.092,8.765068,-0.001634,7.7e-05,-0.00186,-0.001813
7204.515379,9.092,7.802257,-0.001638,7.6e-05,-0.001863,-0.001814
7207.031911,9.092,7.969162,-0.001638,7.4e-05,-0.001861,-0.001816
7208.296204,9.092,8.423557,-0.001648,6e-05,-0.001861,-0.00183
7210.812042,9.092,8.724963,-0.001655,5.6e-05,-0.00187,-0.001836
7212.078807,9.092,8.015802,-0.001653,5.5e-05,-0.001864,-0.001838
7214.594926,9.092,9.009903,-0.00165,5.6e-05,-0.001873,-0.001833
7215.859452000001,9.092,7.666692,-0.00165,5.6e-05,-0.001872,-0.001832
7218.375171,9.092,8.231791,-0.001654,5.1e-05,-0.001875,-0.00184
7220.891262000001,9.092,8.742864,-0.00166,5e-05,-0.001876,-0.001847
7222.1400140000005,9.092,7.787595,-0.001659,4.5e-05,-0.00188,-0.001848
7224.655366000001,9.092,6.837533,-0.00167,2.8e-05,-0.001881,-0.001863
7225.917923999999,9.092,7.75312,-0.001679,2.4e-05,-0.001889,-0.001861
7228.421068,9.092,8.166293,-0.001678,2.3e-05,-0.001894,-0.00186
7230.9383259999995,9.092,7.979149,-0.001675,2.6e-05,-0.001888,-0.001858
7232.202221,9.092,8.306425,-0.001676,3e-05,-0.001893,-0.001856
7234.718326,9.092,7.702921,-0.001673,2.9e-05,-0.001888,-0.001861
7235.9838230000005,9.092,8.087727,-0.001672,2.9e-05,-0.001889,-0.001857
7238.499191000001,9.092,8.032217,-0.001668,3.2e-05,-0.001879,-0.00186
7241.016693,9.092,7.807728,-0.001672,2.7e-05,-0.001886,-0.001863
7242.264965,9.092,7.965869,-0.001671,2.8e-05,-0.001887,-0.001861
7244.781247999999,9.092,8.556729,-0.00167,3.1e-05,-0.001892,-0.001859
7246.046945,9.092,8.077581,-0.001663,3.8e-05,-0.001895,-0.001854
7248.578688,9.092,8.739517,-0.001655,4e-05,-0.001893,-0.001848
7249.8438320000005,9.092,8.061858,-0.001665,3.2e-05,-0.001892,-0.001857
7252.359424,9.092,8.297713,-0.001664,3.3e-05,-0.001887,-0.00185
7254.874562999999,9.092,8.702174,-0.001658,4e-05,-0.001889,-0.001843
7256.140761000001,9.092,7.930491,-0.001658,4.2e-05,-0.001895,-0.001843
7258.671418,9.092,8.022761,-0.001668,3e-05,-0.001892,-0.001857
7259.9381809999995,9.092,8.103238,-0.001669,3e-05,-0.001901,-0.001855
7262.451279999999,9.092,8.05543,-0.001667,4.7e-05,-0.0019,-0.001847
7264.968679,9.092,8.091181,-0.001676,3.8e-05,-0.001905,-0.001848
7266.219415,9.092,7.687304,-0.001685,3.4e-05,-0.001914,-0.001852
7268.7341830000005,9.092,7.861752,-0.001684,3.1e-05,-0.001909,-0.00185
7269.999831000001,9.092,8.697978,-0.001685,2.4e-05,-0.001913,-0.001858
7272.530013,9.092,7.546056,-0.001682,1.8e-05,-0.001903,-0.001864
7275.030692,9.092,8.01389,-0.001679,1.2e-05,-0.001897,-0.001873
7276.281285000001,9.092,7.571448,-0.001688,6e-06,-0.001895,-0.001874
7278.811065,9.092,8.088046,-0.001673,2.8e-05,-0.001905,-0.001861
7280.063545000001,9.092,7.494848,-0.001676,3.4e-05,-0.001909,-0.001854
7282.577938,9.092,8.101327,-0.001682,2.7e-05,-0.001919,-0.001854
7283.843439,9.092,8.605123,-0.001681,2.7e-05,-0.001912,-0.001855
7286.343677000001,9.092,7.710517,-0.001674,2.9e-05,-0.001908,-0.001854
7288.858688,9.092,8.140104,-0.001675,3.5e-05,-0.001912,-0.001846
7290.109057,9.092,7.831738,-0.001677,3.1e-05,-0.001911,-0.001853
7292.625188,9.092,7.814368,-0.001681,2.8e-05,-0.001908,-0.001857
7293.890289000001,9.092,8.466903,-0.001682,2.8e-05,-0.001913,-0.001855
7296.389564000001,9.092,8.33936,-0.001681,2.7e-05,-0.001915,-0.001853
7298.8897560000005,9.092,8.268497,-0.001689,3e-05,-0.001915,-0.001855
7300.140445999999,9.092,7.861486,-0.001685,2.8e-05,-0.001912,-0.001858
7302.671673999999,9.092,7.963957,-0.001677,2.7e-05,-0.001911,-0.001853
7303.9372459999995,9.092,7.978406,-0.001673,2.8e-05,-0.001907,-0.001856
7306.453255,9.092,7.614156,-0.001668,3.3e-05,-0.001917,-0.00185
7308.968534,9.092,8.733197,-0.001664,3.7e-05,-0.001913,-0.001846
7310.234257,9.092,7.540372,-0.001664,4.1e-05,-0.001912,-0.001844
7312.749677,9.092,8.146638,-0.001661,5e-05,-0.001908,-0.001837
7313.99819,9.092,8.573516,-0.001663,4.7e-05,-0.001907,-0.001837
7316.498412999999,9.092,7.862229,-0.001662,5e-05,-0.001902,-0.001834
7318.999695,9.092,8.1145,-0.001661,5e-05,-0.001902,-0.001836
7320.249804000001,9.092,8.063876,-0.001664,5e-05,-0.001909,-0.001832
7322.764501,9.092,8.276358,-0.001663,4.5e-05,-0.001901,-0.001837
7324.015579999999,9.092,8.164115,-0.001666,4.3e-05,-0.001906,-0.00184
7326.546177,9.092,7.840132,-0.001677,3.7e-05,-0.001901,-0.001848
7329.063021,9.092,8.258669,-0.001678,3.5e-05,-0.001901,-0.001852
7330.328552000001,9.092,8.683901,-0.001679,3.1e-05,-0.001904,-0.001853
7332.859317,9.092,8.018511,-0.001673,3.4e-05,-0.001901,-0.001852
7334.125069,9.092,8.423822,-0.00167,3.8e-05,-0.001896,-0.001847
7336.640783000001,9.092,8.821217,-0.001663,3.6e-05,-0.001894,-0.00185
7337.906191,9.092,8.077528,-0.001664,3.9e-05,-0.001896,-0.00185
7340.436364000001,9.092,7.683585,-0.001658,4.5e-05,-0.001889,-0.001844
7342.966834999999,9.092,8.173146,-0.001659,4.5e-05,-0.001888,-0.001846
7344.218871000001,9.092,7.714501,-0.001659,4.6e-05,-0.001887,-0.001845
7346.719075999999,9.092,8.075351,-0.001658,5e-05,-0.001894,-0.00184
7347.969294,9.092,8.14191,-0.00166,4.9e-05,-0.001895,-0.001836
7350.484173000001,9.092,7.631952,-0.001655,5.2e-05,-0.001892,-0.001833
7353.000164000001,9.092,7.949774,-0.001651,6.1e-05,-0.001891,-0.001828
7354.266287,9.092,8.046453,-0.001649,6.3e-05,-0.00189,-0.001824
7356.765256000001,9.092,8.059414,-0.001641,6.9e-05,-0.001897,-0.001817
7358.016185,9.092,7.766135,-0.001638,6.5e-05,-0.00189,-0.001821
7360.547296000001,9.092,8.032907,-0.001639,5.7e-05,-0.001895,-0.00183
7363.063118,9.092,7.660105,-0.001646,5.3e-05,-0.001889,-0.001834
7364.329479,9.092,7.988339,-0.001647,5e-05,-0.001884,-0.001837
7366.859292000001,9.092,8.039813,-0.001648,4.8e-05,-0.001884,-0.001835
7368.124913,9.092,8.099626,-0.001652,4.6e-05,-0.001883,-0.001833
7370.6401989999995,9.092,8.680235,-0.001656,4.4e-05,-0.00188,-0.001835
7371.906403000001,9.092,8.149932,-0.001659,4.2e-05,-0.001878,-0.001839
7374.43828,9.092,7.681992,-0.001659,4.2e-05,-0.00188,-0.001843
7376.953412000001,9.092,8.567991,-0.00166,4e-05,-0.001879,-0.001845
7378.218656999999,9.092,7.674767,-0.001663,4.1e-05,-0.001885,-0.001843
7380.7182840000005,9.092,8.925123,-0.00166,4.5e-05,-0.001884,-0.001839
7381.968955,9.092,7.673386,-0.001659,4.1e-05,-0.001878,-0.001843
7384.48388,9.092,8.056971,-0.001657,4.4e-05,-0.00188,-0.001838
7386.99944,9.092,8.346265,-0.001656,4.9e-05,-0.001882,-0.001833
7388.2498350000005,9.092,7.61166,-0.001655,4.8e-05,-0.001874,-0.001837
7390.764832000001,9.092,8.015856,-0.001656,4.7e-05,-0.001878,-0.001838
7392.015297,9.092,8.139679,-0.001658,4.5e-05,-0.001876,-0.00184
7394.5305100000005,9.092,7.786479,-0.001653,4.5e-05,-0.001873,-0.001842
7397.031266,9.092,7.593173,-0.001656,4.5e-05,-0.00187,-0.001838
7398.2962210000005,9.092,8.764219,-0.001658,4.8e-05,-0.001876,-0.001838
7400.8135409999995,9.092,8.001991,-0.001657,4.7e-05,-0.001874,-0.001841
7402.078697999999,9.092,8.179148,-0.001655,5e-05,-0.001881,-0.001836
7404.577644000001,9.092,8.37681,-0.001652,5.4e-05,-0.001878,-0.001828
7407.078004999999,9.092,7.582496,-0.001645,5.9e-05,-0.001879,-0.001828
7408.328181000001,9.092,7.485126,-0.001641,6.3e-05,-0.001879,-0.001827
7410.843409000001,9.092,8.18446,-0.001638,6.9e-05,-0.001877,-0.001821
7412.095136,9.092,7.911101,-0.001635,6.8e-05,-0.001878,-0.001822
7414.608972,9.092,8.396518,-0.00164,6.1e-05,-0.001874,-0.001829
7415.87427,9.092,8.1979,-0.001646,5.2e-05,-0.00187,-0.001834
7418.389596999999,9.092,8.496651,-0.001653,5e-05,-0.001874,-0.001833
7420.891065,9.092,8.41171,-0.001648,5.4e-05,-0.001871,-0.00183
7422.140251000001,9.092,7.718964,-0.001643,5.9e-05,-0.001867,-0.001827
7424.655068,9.092,7.858564,-0.001643,5.7e-05,-0.001868,-0.001833
7425.921274,9.092,7.665949,-0.001645,5.8e-05,-0.001869,-0.00183
7428.438077000001,9.092,7.679282,-0.001645,5.7e-05,-0.001869,-0.00183
7430.969263999999,9.092,7.587331,-0.00164,6.2e-05,-0.001874,-0.001824
7432.233845000001,9.092,7.51498,-0.001641,6.1e-05,-0.001871,-0.001826
7434.7479220000005,9.093,7.767622,-0.001643,6.1e-05,-0.001876,-0.001823
7435.9993030000005,9.093,8.013837,-0.001643,6e-05,-0.001868,-0.001827
7438.516296,9.093,8.258404,-0.00164,6.3e-05,-0.001869,-0.001824
7441.015163,9.093,7.740531,-0.001639,6.1e-05,-0.001871,-0.001823
7442.281115,9.093,7.853039,-0.00164,5.8e-05,-0.001866,-0.001829
7444.796751,9.093,7.660743,-0.001643,5.6e-05,-0.001871,-0.001831
7446.064156,9.093,8.108019,-0.001645,5.8e-05,-0.001875,-0.001828
7448.579519999999,9.093,8.313702,-0.001646,5.7e-05,-0.001873,-0.001834
7449.842925000001,9.093,8.061805,-0.001645,5.7e-05,-0.001871,-0.001833
7452.359816,9.093,8.774205,-0.001642,6.5e-05,-0.001871,-0.001828
7454.8761159999995,9.093,8.46159,-0.001643,6.2e-05,-0.001873,-0.001829
7456.125215,9.093,6.965606,-0.001643,5.9e-05,-0.001872,-0.001828
7458.640133000001,9.093,8.276784,-0.001639,6.1e-05,-0.001872,-0.001827
7459.906267,9.093,7.722575,-0.001638,6.3e-05,-0.001876,-0.001824
7462.436016,9.093,7.782973,-0.001639,6.5e-05,-0.001876,-0.001822
7464.936777999999,9.093,8.169161,-0.001634,6.8e-05,-0.001872,-0.001823
7466.188391,9.093,7.660478,-0.001637,6.8e-05,-0.001867,-0.001824
7468.68828,9.093,8.019202,-0.001633,7.2e-05,-0.001867,-0.001823
7469.952752000001,9.093,8.210276,-0.001634,7e-05,-0.001868,-0.001821
7472.468604,9.093,7.972828,-0.001636,7.2e-05,-0.00187,-0.001819
7474.999159000001,9.093,7.639388,-0.001634,7.2e-05,-0.001863,-0.001818
7476.249877,9.093,7.698512,-0.001637,7.3e-05,-0.001866,-0.001816
7478.764646,9.093,7.678008,-0.001633,7.7e-05,-0.001867,-0.001811
7480.000151,9.093,8.018989,-0.001631,7.6e-05,-0.001862,-0.001817
7482.499728000001,9.093,8.029773,-0.001633,6.9e-05,-0.001864,-0.00182
7485.014446000001,9.093,8.099042,-0.00163,7.4e-05,-0.001865,-0.001816
7486.2639039999995,9.093,7.596945,-0.001632,6.9e-05,-0.001867,-0.001819
7488.764725000001,9.093,7.990251,-0.001633,6.9e-05,-0.001871,-0.001823
7490.014553999999,9.093,8.300901,-0.001633,6.8e-05,-0.001863,-0.001825
7492.515769,9.093,8.147807,-0.001633,6.9e-05,-0.001864,-0.001821
7495.015168,9.093,7.826798,-0.001633,7.2e-05,-0.001863,-0.001819
7496.265147,9.093,8.073225,-0.001632,7.5e-05,-0.001868,-0.001817
7498.796297999999,9.093,8.119334,-0.00163,7.2e-05,-0.001865,-0.001819
7500.063258,9.093,7.987489,-0.00163,7.5e-05,-0.001866,-0.001816
7502.577934000001,9.093,7.216761,-0.001631,7.8e-05,-0.001865,-0.001815
7505.094263000001,9.093,8.287036,-0.001634,7.4e-05,-0.001863,-0.00182
7506.358523999999,9.093,7.987011,-0.001634,7.3e-05,-0.001867,-0.001818
7508.8751219999995,9.093,7.623081,-0.001631,7.5e-05,-0.001869,-0.001817
7510.140235000001,9.093,7.934846,-0.001628,7.4e-05,-0.001864,-0.001818
7512.656383,9.093,8.269612,-0.001627,7.3e-05,-0.001868,-0.001816
7513.9212800000005,9.093,7.608791,-0.00163,7.4e-05,-0.001862,-0.001821
7516.438754000001,9.093,7.567304,-0.001631,7.3e-05,-0.001862,-0.001822
7518.953153,9.093,8.361299,-0.001631,7.3e-05,-0.001864,-0.001817
7520.217742000001,9.093,7.981752,-0.001632,7.1e-05,-0.001859,-0.001821
7522.718097999999,9.093,7.840822,-0.001631,7e-05,-0.001859,-0.001825
7523.9683270000005,9.093,8.024089,-0.001631,7.3e-05,-0.001869,-0.001819
7526.482266000001,9.093,7.639283,-0.001628,7.8e-05,-0.001866,-0.001814
7529.000233000001,9.093,7.625258,-0.001629,7.8e-05,-0.00186,-0.001809
7530.264293,9.093,8.100476,-0.001627,7.9e-05,-0.001864,-0.00181
7532.765295000001,9.093,7.899999,-0.001629,7.6e-05,-0.001865,-0.001814
7534.016233,9.093,7.776228,-0.001628,7.5e-05,-0.001861,-0.001818
7536.5290509999995,9.093,8.378669,-0.00163,7.4e-05,-0.00186,-0.001816
7539.031367,9.093,7.954926,-0.001626,7.3e-05,-0.001861,-0.001818
7540.296085,9.093,7.764488,-0.001629,7.7e-05,-0.001865,-0.001814
7542.828511,9.093,8.568204,-0.001628,7.6e-05,-0.001858,-0.001816
7544.09339,9.093,7.749879,-0.001627,7.6e-05,-0.001863,-0.001816
7546.593017000001,9.093,8.122734,-0.001627,7.9e-05,-0.001865,-0.001814
7549.093656999999,9.093,8.104195,-0.001625,8.1e-05,-0.001867,-0.001811
7550.358532,9.093,7.901752,-0.001625,7.9e-05,-0.001864,-0.001814
7552.874213000001,9.093,8.341272,-0.001625,8.1e-05,-0.001868,-0.001815
7554.124285,9.093,7.698193,-0.001624,8e-05,-0.001862,-0.001816
7556.624704,9.093,7.718804,-0.001624,7.9e-05,-0.001857,-0.001814
7557.874761000001,9.093,7.939574,-0.001628,8e-05,-0.001861,-0.00181
7560.359280000001,9.093,7.390306,-0.001628,7.7e-05,-0.00186,-0.001816
7562.874689,9.093,7.848897,-0.001623,8.4e-05,-0.001865,-0.001813
7564.125119,9.093,7.766293,-0.001624,8.1e-05,-0.001862,-0.001815
7566.65518,9.093,7.69166,-0.001621,8.3e-05,-0.001864,-0.001811
7567.905135000001,9.093,7.780795,-0.001621,8.2e-05,-0.001866,-0.00181
7570.406351,9.093,7.395034,-0.001624,8.2e-05,-0.001866,-0.001812
7572.936873000001,9.093,7.830251,-0.001622,8.1e-05,-0.001861,-0.001813
7574.188649,9.093,8.536969,-0.001624,8.1e-05,-0.001866,-0.001812
7576.718608000001,9.093,7.798272,-0.001623,8e-05,-0.001863,-0.001807
7577.983252,9.093,8.228125,-0.001625,8.1e-05,-0.001866,-0.001809
7580.499718000001,9.093,8.136333,-0.001628,7.7e-05,-0.001865,-0.001811
7582.998514999999,9.093,7.855802,-0.001622,8e-05,-0.001863,-0.001811
7584.249237,9.093,8.009799,-0.001622,7.9e-05,-0.001859,-0.00181
7586.766072,9.093,7.522683,-0.001622,8.7e-05,-0.001865,-0.001804
7588.015114,9.093,7.629615,-0.001626,8.5e-05,-0.001862,-0.001806
7590.531073,9.093,7.666002,-0.001627,8.2e-05,-0.001862,-0.00181
7593.061288999999,9.093,8.060901,-0.001628,7.9e-05,-0.001858,-0.001812
7594.312062000001,9.093,7.892615,-0.001627,7.9e-05,-0.00186,-0.001809
7596.843235,9.093,8.89309,-0.001626,8.1e-05,-0.001856,-0.001814
7598.094207,9.093,7.881779,-0.001628,8.2e-05,-0.001864,-0.001813
7600.608426000001,9.093,8.368523,-0.001626,8.1e-05,-0.001861,-0.001811
7603.108762,9.093,8.212774,-0.001626,7.9e-05,-0.001864,-0.001812
7604.359134,9.093,7.920557,-0.001624,8.2e-05,-0.001861,-0.001813
7606.874626000001,9.093,7.926985,-0.001622,8.3e-05,-0.001865,-0.001814
7608.13955,9.093,8.20029,-0.001619,8e-05,-0.001863,-0.001815
7610.639777,9.093,8.300156,-0.001621,8.4e-05,-0.001862,-0.001815
7611.890583,9.093,8.491657,-0.001621,8.5e-05,-0.001867,-0.001813
7614.388108000001,9.093,7.796466,-0.001619,8.6e-05,-0.001866,-0.00181
7616.906241000001,9.093,8.088949,-0.001618,8.4e-05,-0.001866,-0.001808
7618.172376,9.093,8.499678,-0.00162,8.3e-05,-0.001864,-0.001811
7620.687861,9.093,8.267115,-0.001621,8.5e-05,-0.001866,-0.001808
7621.953141,9.093,8.432906,-0.001621,8e-05,-0.001861,-0.001811
7624.480807,9.093,7.970703,-0.001623,7.9e-05,-0.001864,-0.001816
7626.983032,9.093,8.407036,-0.001626,7.9e-05,-0.001866,-0.001815
7628.233491999999,9.093,7.759282,-0.001626,7.9e-05,-0.001858,-0.001817
7630.734277,9.093,7.941434,-0.001624,8e-05,-0.001862,-0.001817
7632.000222000001,9.093,7.863239,-0.00162,8.3e-05,-0.001862,-0.001813
7634.500022,9.093,7.78786,-0.00162,8.6e-05,-0.001865,-0.001809
7637.0312030000005,9.093,7.957954,-0.001619,8.3e-05,-0.001857,-0.001811
7638.296242,9.093,7.509562,-0.001623,8e-05,-0.001861,-0.001813
7640.829110000001,9.093,7.82138,-0.001628,7.4e-05,-0.001865,-0.00182
7642.077453,9.093,8.199334,-0.001629,7.3e-05,-0.001861,-0.001818
7644.578122999999,9.093,8.076306,-0.001631,7.1e-05,-0.001855,-0.00182
7647.093328999999,9.093,7.735112,-0.001643,6.6e-05,-0.001862,-0.001829
7648.356691000001,9.093,8.241246,-0.001644,6.1e-05,-0.001865,-0.001836
7650.858222000001,9.093,7.851765,-0.001644,5.7e-05,-0.001873,-0.001838
7652.108977,9.093,7.912058,-0.001643,5.4e-05,-0.001871,-0.001841
7654.624345,9.093,8.017396,-0.001644,5.1e-05,-0.00187,-0.001844
7655.875101,9.093,8.861695,-0.001645,5.1e-05,-0.001876,-0.001839
7658.406231999999,9.093,8.36422,-0.001645,5.1e-05,-0.001875,-0.001839
7660.922119999999,9.093,8.074713,-0.001648,4.3e-05,-0.001872,-0.001848
7662.186503000001,9.093,8.560501,-0.001649,4.1e-05,-0.001879,-0.001847
7664.686362,9.093,7.461435,-0.001648,4.8e-05,-0.001884,-0.00184
7665.953602,9.093,8.048046,-0.001649,5.3e-05,-0.001889,-0.001841
7668.468537000001,9.093,7.752961,-0.001664,3.9e-05,-0.001898,-0.001848
7670.998797,9.093,8.529054,-0.001662,3.1e-05,-0.001895,-0.00186
7672.249353000001,9.093,8.587752,-0.001667,2.7e-05,-0.001899,-0.001862
7674.764599,9.093,8.263822,-0.001655,3.3e-05,-0.001886,-0.001856
7676.014605,9.093,8.046399,-0.001656,3.3e-05,-0.001887,-0.001853
7678.514255,9.093,8.537128,-0.001658,4.3e-05,-0.001892,-0.001849
7681.030486,9.093,8.183982,-0.001675,2.6e-05,-0.001904,-0.001858
7682.280095,9.093,7.946055,-0.001672,3.3e-05,-0.001901,-0.001856
7684.811321000001,9.093,8.458828,-0.001655,5.2e-05,-0.001897,-0.001846
7686.078238,9.093,8.007091,-0.001649,5.2e-05,-0.001893,-0.001844
7688.5942319999995,9.093,7.994022,-0.001645,5.7e-05,-0.001897,-0.001835
7691.109595,9.093,7.784248,-0.001665,3.5e-05,-0.001906,-0.001852
7692.359700999999,9.093,7.854368,-0.001666,3.6e-05,-0.001902,-0.001853
7694.875064,9.093,7.941274,-0.001672,2.6e-05,-0.001903,-0.001862
7696.139313,9.093,8.390144,-0.001666,3.3e-05,-0.001906,-0.001862
7698.639857,9.093,8.312534,-0.001664,4.2e-05,-0.001908,-0.001849
7699.905219,9.093,8.052456,-0.001663,4.6e-05,-0.001912,-0.001845
7702.406746000001,9.093,8.328682,-0.001664,5e-05,-0.001914,-0.001845
7704.921942999999,9.093,7.975005,-0.001665,3e-05,-0.001911,-0.001864
7706.18734,9.093,7.933359,-0.001664,3.3e-05,-0.001909,-0.00186
7708.718022999999,9.093,7.814156,-0.001663,3.5e-05,-0.001906,-0.001855
7709.968688999999,9.093,8.159015,-0.001662,3.9e-05,-0.00191,-0.001854
7712.481165000001,9.093,8.478217,-0.001662,4.1e-05,-0.001908,-0.00185
7714.983717000001,9.093,7.902708,-0.001681,2.2e-05,-0.001915,-0.001871
7716.233822,9.093,8.450382,-0.001681,1.5e-05,-0.001912,-0.001872
7718.750132000001,9.093,7.837369,-0.001667,3.7e-05,-0.001909,-0.001854
7720.015332999999,9.093,7.371555,-0.001663,4.1e-05,-0.001909,-0.001847
7722.514558999999,9.093,8.701855,-0.001659,3.9e-05,-0.001907,-0.00185
7725.014721,9.093,8.784989,-0.001662,2.6e-05,-0.001905,-0.001865
7726.265448,9.093,8.130489,-0.001681,1.8e-05,-0.001915,-0.001873
7728.765534,9.093,8.183504,-0.001675,1.9e-05,-0.001913,-0.001869
7730.016228,9.093,7.730384,-0.001672,2.6e-05,-0.001912,-0.001862
7732.545516,9.093,8.066798,-0.001662,3.3e-05,-0.001905,-0.001855
7735.061705,9.093,7.988445,-0.001663,2.9e-05,-0.001912,-0.001862
7736.313083000001,9.093,7.724328,-0.001667,2.6e-05,-0.001909,-0.00187
7738.8281019999995,9.093,7.692244,-0.001673,2.7e-05,-0.00191,-0.001863
7740.093896,9.093,8.394287,-0.001671,3.3e-05,-0.001911,-0.001854
7742.593627,9.093,7.853677,-0.001667,3.2e-05,-0.001905,-0.001854
7745.094354999999,9.093,7.767462,-0.001668,3.7e-05,-0.001903,-0.001852
7746.3434720000005,9.093,8.433331,-0.001668,3.8e-05,-0.001908,-0.00185
7748.842443,9.093,7.949401,-0.00167,3.2e-05,-0.001912,-0.001854
7750.093344000001,9.093,8.916517,-0.001667,3.2e-05,-0.001915,-0.001851
7752.609118,9.093,8.033863,-0.001661,4e-05,-0.001908,-0.001842
7753.873719000001,9.093,8.085549,-0.001657,4.2e-05,-0.001911,-0.001839
7756.390574000001,9.093,7.999866,-0.00166,4.6e-05,-0.00191,-0.001837
7758.905991,9.093,8.554818,-0.001665,4.1e-05,-0.001907,-0.001841
7760.172191,9.093,7.931446,-0.001667,4.2e-05,-0.001909,-0.001837
7762.688166,9.093,7.940689,-0.001662,4.9e-05,-0.001903,-0.001845
7763.936861,9.093,7.985895,-0.001653,4.6e-05,-0.001904,-0.001848
7766.454064,9.093,7.936121,-0.001656,3.9e-05,-0.001906,-0.00186
7768.953214000001,9.093,7.756998,-0.001667,2.8e-05,-0.001892,-0.001864
7770.2179909999995,9.093,7.976811,-0.001669,2.2e-05,-0.001887,-0.001864
7772.731390999999,9.093,7.805443,-0.001667,2.9e-05,-0.001891,-0.001859
7773.985073,9.093,7.333838,-0.001669,2.8e-05,-0.001897,-0.00186
7776.516132000001,9.093,7.635724,-0.001671,3.2e-05,-0.001899,-0.001856
7779.014691,9.093,8.20794,-0.001663,4.6e-05,-0.001893,-0.001854
7780.265088,9.093,7.925869,-0.001665,3.8e-05,-0.0019,-0.001856
7782.781072,9.093,7.868818,-0.001667,3.1e-05,-0.001895,-0.001859
7784.031282,9.093,8.234341,-0.001665,2.8e-05,-0.001891,-0.001861
7786.561616999999,9.093,7.755351,-0.001664,2.9e-05,-0.001899,-0.001859
7789.0790799999995,9.093,7.187278,-0.001671,1.9e-05,-0.001895,-0.001867
7790.343292,9.093,8.023186,-0.001674,2.1e-05,-0.001903,-0.001866
7792.842963000001,9.093,7.858352,-0.00168,1.9e-05,-0.001906,-0.001867
7794.109009,9.093,7.875777,-0.001679,1.9e-05,-0.001902,-0.001869
7796.640124,9.093,8.353649,-0.001676,2e-05,-0.00191,-0.001868
7797.890074999999,9.093,7.990888,-0.001678,1.6e-05,-0.001903,-0.001871
7800.421285,9.093,7.918964,-0.001671,2.1e-05,-0.001906,-0.001866
7802.952182000001,9.093,8.187276,-0.001676,1.4e-05,-0.001899,-0.001872
7804.202433,9.093,8.344193,-0.001681,1.7e-05,-0.001903,-0.001872
7806.719036,9.093,7.850225,-0.001674,2.2e-05,-0.001903,-0.001864
7807.983679000001,9.093,7.665789,-0.001675,2.2e-05,-0.001904,-0.001863
7810.483679000001,9.093,7.953811,-0.001668,2.8e-05,-0.0019,-0.001861
7812.983945,9.093,8.793541,-0.001667,2.3e-05,-0.0019,-0.001861
7814.249330000001,9.093,7.662178,-0.001666,2.4e-05,-0.001898,-0.00186
7816.750144,9.093,7.875617,-0.001675,1.9e-05,-0.001903,-0.001863
7818.015206,9.093,6.754345,-0.001675,1.8e-05,-0.001904,-0.001864
7820.515993999999,9.093,7.792429,-0.001671,2.6e-05,-0.001904,-0.001862
7822.998817,9.093,8.232534,-0.001668,2.6e-05,-0.001901,-0.001861
7824.249691000001,9.093,7.899096,-0.001667,2.8e-05,-0.0019,-0.00186
7826.749943000001,9.093,7.818565,-0.001668,2.5e-05,-0.0019,-0.001862
7828.014998000001,9.093,8.424141,-0.001673,2.2e-05,-0.001905,-0.001864
7830.546303000001,9.093,7.689269,-0.001671,2.4e-05,-0.0019,-0.001864
7833.061702999999,9.093,8.085868,-0.001669,2.8e-05,-0.001902,-0.001863
7834.327772000001,9.093,7.499363,-0.001669,2.6e-05,-0.001896,-0.001864
7836.843369,9.093,7.812349,-0.001668,2.7e-05,-0.001897,-0.00186
7838.108559,9.093,7.916413,-0.001668,2.6e-05,-0.001891,-0.001861
7840.609703,9.093,8.563688,-0.001669,2.6e-05,-0.00189,-0.001865
7841.875180000001,9.093,7.939946,-0.001668,2.4e-05,-0.001892,-0.001862
7844.390498000001,9.093,7.432165,-0.001664,3.3e-05,-0.001891,-0.001861
7846.921617,9.093,8.484805,-0.001663,3.5e-05,-0.001892,-0.001855
7848.172060999999,9.093,7.66154,-0.001663,3.5e-05,-0.001888,-0.001857
7850.688548,9.093,8.013093,-0.001668,3.5e-05,-0.001892,-0.001856
7851.953208999999,9.093,7.952058,-0.001667,3.4e-05,-0.001894,-0.001856
7854.467452000001,9.093,8.201458,-0.001661,4.1e-05,-0.001893,-0.001851
7856.970006,9.093,7.752111,-0.001657,3.9e-05,-0.001887,-0.001851
7858.218441000001,9.093,7.936121,-0.001657,4e-05,-0.001884,-0.001853
7860.734537,9.093,7.879123,-0.001655,4.3e-05,-0.001885,-0.001851
7862.0002810000005,9.093,7.925763,-0.001654,4.1e-05,-0.001882,-0.00185
7864.514931,9.093,8.662705,-0.001655,4.4e-05,-0.001884,-0.001846
7867.031209000001,9.093,7.712589,-0.001653,4.3e-05,-0.001882,-0.001846
7868.281293,9.093,8.076147,-0.001653,3.9e-05,-0.001878,-0.001849
7870.796770000001,9.093,7.909667,-0.001652,4.4e-05,-0.001881,-0.001849
7872.062261000001,9.093,8.186638,-0.001653,4.4e-05,-0.001877,-0.001849
7874.578052999999,9.093,7.992323,-0.001654,4.2e-05,-0.001881,-0.001847
7877.092933,9.093,7.731765,-0.001651,4.4e-05,-0.001881,-0.001841
7878.358917,9.093,8.302016,-0.00165,4.5e-05,-0.00188,-0.001841
7880.874312,9.093,8.073597,-0.001643,4.7e-05,-0.00188,-0.001839
7882.125477,9.093,8.457873,-0.001644,4.8e-05,-0.001876,-0.001843
7884.639959,9.093,8.157369,-0.001647,5.3e-05,-0.001885,-0.001837
7885.890670000001,9.093,7.814368,-0.001643,5.3e-05,-0.001878,-0.001837
7888.421316,9.093,7.913758,-0.001646,4.8e-05,-0.001884,-0.001843
7890.953386000001,9.093,7.805125,-0.001644,5e-05,-0.001877,-0.001841
7892.204299999999,9.093,7.595829,-0.001645,5.1e-05,-0.001877,-0.001842
7894.718516999999,9.093,8.091233,-0.001641,5.4e-05,-0.001881,-0.001837
7895.98407,9.093,8.032057,-0.001642,5.6e-05,-0.001883,-0.001832
7898.515148,9.093,7.393121,-0.00164,5e-05,-0.001875,-0.001838
7901.016045,9.093,8.506318,-0.001643,5.3e-05,-0.001874,-0.001839
7902.282171000001,9.093,7.760132,-0.001643,5.4e-05,-0.001876,-0.001835
7904.811297,9.093,8.032642,-0.001641,5.7e-05,-0.001875,-0.001835
7906.064063,9.093,8.047462,-0.001642,5.8e-05,-0.001874,-0.001839
7908.578133000001,9.093,7.290757,-0.001642,5.8e-05,-0.001872,-0.001838
7911.108894999999,9.093,8.036307,-0.001638,6.5e-05,-0.001878,-0.001831
7912.360092000001,9.093,8.217235,-0.001638,6.2e-05,-0.001875,-0.001833
7914.874521,9.093,8.061433,-0.001636,6.5e-05,-0.00188,-0.001828
7916.125016,9.093,8.400024,-0.001635,6.2e-05,-0.001873,-0.001832
7918.639835,9.093,8.149878,-0.001633,6.5e-05,-0.001874,-0.001828
7919.905948,9.093,7.695644,-0.001632,6.5e-05,-0.00187,-0.001829
7922.422216999999,9.093,7.876945,-0.001631,6.3e-05,-0.001873,-0.001831
7924.953669,9.093,7.845284,-0.001634,6e-05,-0.001872,-0.001834
7926.218441000001,9.093,8.246292,-0.001636,5.9e-05,-0.001872,-0.00183
7928.718793,9.093,7.940584,-0.001634,6.3e-05,-0.001869,-0.001829
7929.983538,9.093,7.739733,-0.001636,6.3e-05,-0.00187,-0.001832
7932.4835459999995,9.093,8.230887,-0.001634,6.3e-05,-0.001868,-0.001832
7934.983064,9.093,8.176014,-0.00163,6.8e-05,-0.001868,-0.001825
7936.233630000001,9.093,7.956838,-0.00163,6.8e-05,-0.001863,-0.001828
7938.764643,9.093,7.901593,-0.001629,6.8e-05,-0.001867,-0.001824
7940.014669,9.093,7.664834,-0.001628,6.6e-05,-0.00186,-0.001828
7942.515471000001,9.093,8.077953,-0.001626,6.6e-05,-0.001859,-0.001828
7945.0309,9.093,8.235934,-0.001629,6.7e-05,-0.001861,-0.001828
7946.295903,9.093,8.232906,-0.001629,6.8e-05,-0.00186,-0.001828
7948.796795,9.093,7.614103,-0.001623,7.3e-05,-0.001859,-0.001823
7950.063559,9.093,8.504087,-0.001622,7.4e-05,-0.001858,-0.001821
7952.578697000001,9.093,7.348288,-0.00162,7.3e-05,-0.001859,-0.001822
7955.109039999999,9.093,8.035404,-0.001621,7.5e-05,-0.001863,-0.001819
7956.359732000001,9.093,8.136651,-0.001621,7.5e-05,-0.00186,-0.001818
7958.873038,9.093,8.132827,-0.001616,7.9e-05,-0.001866,-0.001811
7960.124427000001,9.093,8.405708,-0.001614,8.2e-05,-0.001863,-0.001812
7962.63969,9.093,8.258244,-0.001609,9e-05,-0.001868,-0.001806
7963.890722,9.093,8.11211,-0.001609,8.9e-05,-0.001868,-0.001806
7966.406305,9.093,7.937662,-0.001605,8.8e-05,-0.001861,-0.001808
7968.921824999999,9.093,8.049321,-0.001604,9.2e-05,-0.001867,-0.001803
7970.171288,9.093,8.488576,-0.001607,9e-05,-0.001865,-0.0018
7972.68642,9.093,7.642947,-0.001607,9e-05,-0.001863,-0.001802
7973.953808,9.093,8.243211,-0.00161,9.2e-05,-0.001867,-0.0018
7976.468135000001,9.093,7.965922,-0.001613,8.7e-05,-0.00186,-0.001809
7978.983658000001,9.093,7.973943,-0.001614,8.5e-05,-0.001865,-0.00181
7980.234085,9.093,8.003637,-0.001612,8.6e-05,-0.001865,-0.001808
7982.764528,9.093,8.264831,-0.001612,8.9e-05,-0.001865,-0.001807
7984.014621,9.093,8.194819,-0.001611,9e-05,-0.001866,-0.001806
7986.515915,9.093,7.633121,-0.001609,9e-05,-0.001864,-0.001806
7989.016068000001,9.093,7.740371,-0.00161,9.2e-05,-0.001866,-0.001803
7990.265179,9.093,7.656122,-0.00161,9.4e-05,-0.001867,-0.001803
7992.797305,9.093,7.893731,-0.001611,9.2e-05,-0.001868,-0.001804
7994.047294,9.093,8.339253,-0.00161,9.1e-05,-0.001868,-0.001806
7996.578082,9.093,7.681142,-0.001609,9.1e-05,-0.001868,-0.001805
7999.094267,9.093,7.832269,-0.001607,9e-05,-0.001863,-0.001804
8000.3586319999995,9.093,7.660478,-0.001606,9.1e-05,-0.001866,-0.001804
8002.853986,9.093,7.881779,-0.001607,9.3e-05,-0.001866,-0.001802
8004.0937460000005,9.093,8.028232,-0.001611,8.6e-05,-0.001861,-0.001811
8006.592135999999,9.093,8.390675,-0.001615,8.4e-05,-0.001862,-0.001807
8009.1100750000005,9.093,7.961141,-0.001613,9e-05,-0.001866,-0.001805
8010.374664000001,9.093,8.359227,-0.001609,9.1e-05,-0.001863,-0.001804
8012.875459999999,9.093,7.716785,-0.001607,9.3e-05,-0.001854,-0.001803
8014.140096000001,9.093,8.385522,-0.001605,9.4e-05,-0.001853,-0.001804
8016.671283,9.093,8.856595,-0.001605,9.4e-05,-0.001859,-0.001799
8017.938011,9.093,7.713757,-0.001603,9.2e-05,-0.001854,-0.001799
8020.452999000001,9.093,8.172242,-0.001609,9.3e-05,-0.001856,-0.0018
8022.968973999999,9.093,8.329479,-0.001609,9.3e-05,-0.00186,-0.001799
8024.234270999999,9.093,7.354928,-0.001612,8.9e-05,-0.00186,-0.001804
8026.749716,9.093,8.386159,-0.001618,8.3e-05,-0.001861,-0.00181
8028.001271000001,9.093,7.820689,-0.001618,7.9e-05,-0.001861,-0.001818
8030.499421,9.093,7.596839,-0.001613,8e-05,-0.001856,-0.00182
8033.0172760000005,9.093,7.918645,-0.001613,8.5e-05,-0.001857,-0.001815
8034.265064000001,9.093,8.025311,-0.001611,8.4e-05,-0.001855,-0.001815
8036.7809990000005,9.093,7.596202,-0.001619,7.2e-05,-0.001855,-0.001827
8038.046517000001,9.093,8.0779,-0.00162,7.2e-05,-0.001854,-0.001826
8040.578081,9.093,7.887303,-0.00162,7.6e-05,-0.001859,-0.001822
8043.093887000001,9.093,8.181698,-0.001621,7.4e-05,-0.001857,-0.001822
8044.359474000001,9.093,7.932456,-0.001619,7.5e-05,-0.001861,-0.001823
8046.859181,9.093,7.480186,-0.001625,7e-05,-0.001859,-0.001827
8048.12443,9.093,7.36603,-0.001628,6.6e-05,-0.001859,-0.001831
8050.624701000001,9.093,7.876679,-0.00163,6.5e-05,-0.001858,-0.001833
8053.124946,9.093,8.199174,-0.001633,5.9e-05,-0.001863,-0.001836
8054.390289999999,9.093,7.198116,-0.001631,5.9e-05,-0.001863,-0.001836
8056.906262,9.093,8.024939,-0.001633,5.6e-05,-0.001869,-0.00184
8058.172157000001,9.093,8.141008,-0.001635,5.6e-05,-0.001866,-0.00184
8060.686536000001,9.093,7.972562,-0.001634,6e-05,-0.001871,-0.001837
8061.935264,9.093,7.709083,-0.001636,5.9e-05,-0.001869,-0.001836
8064.436352000001,9.093,8.381272,-0.001626,6.2e-05,-0.00186,-0.001835
8066.936976000001,9.093,8.497819,-0.001634,5.5e-05,-0.001874,-0.001845
8068.186573999999,9.093,7.60656,-0.001638,5.3e-05,-0.001877,-0.001843
8070.703023,9.093,7.901061,-0.00164,4.9e-05,-0.001876,-0.001846
8071.968401,9.093,7.932934,-0.001642,5.3e-05,-0.001878,-0.001843
8074.485243000001,9.093,8.066798,-0.001631,6.2e-05,-0.001875,-0.001837
8077.015536000001,9.093,8.123955,-0.001632,5.5e-05,-0.001873,-0.001839
8078.265582,9.093,7.900424,-0.001633,5.6e-05,-0.001879,-0.001838
8080.7660209999995,9.093,7.881991,-0.001636,5.9e-05,-0.001885,-0.001836
8082.032286,9.093,8.068073,-0.001634,6.3e-05,-0.001881,-0.001834
8084.531204000001,9.093,7.643532,-0.001627,6.5e-05,-0.001882,-0.001831
8087.04653,9.093,8.107807,-0.00163,6.2e-05,-0.001879,-0.00183
8088.3112249999995,9.093,8.11296,-0.001631,6.6e-05,-0.001883,-0.001824
8090.843615,9.093,7.927144,-0.001627,6.6e-05,-0.001877,-0.001827
8092.093041,9.093,8.721616,-0.001629,6.8e-05,-0.001884,-0.001827
8094.609028000001,9.093,8.050384,-0.001631,6e-05,-0.001881,-0.001835
8097.1376230000005,9.093,8.194022,-0.00163,5.7e-05,-0.001879,-0.001841
8098.389598,9.093,7.906268,-0.001632,5.5e-05,-0.001885,-0.001837
8100.906725000001,9.093,8.472108,-0.00163,6.7e-05,-0.001884,-0.001826
8102.171068,9.093,7.937078,-0.001632,7.3e-05,-0.001892,-0.001822
8104.703615,9.093,7.798856,-0.001632,7.2e-05,-0.001884,-0.001822
8105.968175,9.093,8.070569,-0.001636,6.6e-05,-0.001884,-0.001826
8108.485264000001,9.093,8.10531,-0.001639,5.6e-05,-0.001884,-0.001838
8110.999586,9.093,7.864621,-0.00165,5.1e-05,-0.001889,-0.001842
8112.248546000001,9.093,8.066001,-0.001649,5e-05,-0.001885,-0.001842
8114.750298000001,9.093,8.370329,-0.001642,5.8e-05,-0.001882,-0.001838
8116.015176000001,9.093,8.360449,-0.001633,5.7e-05,-0.001888,-0.001837
8118.53116,9.093,7.90547,-0.001627,6.4e-05,-0.001885,-0.001833
8121.062986999999,9.093,7.785948,-0.00163,5.6e-05,-0.00189,-0.001842
8122.328368,9.093,7.687304,-0.001643,4.3e-05,-0.001884,-0.001849
8124.859162000001,9.093,7.957476,-0.001644,4e-05,-0.001886,-0.001852
8126.125167,9.093,8.638058,-0.001645,3.8e-05,-0.001882,-0.001852
8128.641525000001,9.093,7.79057,-0.001639,4.7e-05,-0.001891,-0.001844
8129.9058700000005,9.093,8.306212,-0.001634,5.1e-05,-0.001883,-0.00184
8132.437264,9.093,8.112481,-0.00163,5.8e-05,-0.00189,-0.001832
8134.953253,9.093,7.927994,-0.001638,5.3e-05,-0.00189,-0.001838
8136.218688000001,9.093,8.464247,-0.001639,5e-05,-0.001895,-0.001844
8138.749909,9.093,7.674076,-0.00164,4.5e-05,-0.001888,-0.00185
8140.01513,9.093,8.443955,-0.001644,3.6e-05,-0.001894,-0.001859
8142.547136000001,9.093,8.134739,-0.001648,3.6e-05,-0.001883,-0.001858
8145.0781879999995,9.093,7.685444,-0.001657,3.2e-05,-0.00189,-0.001862
8146.343353,9.093,7.511634,-0.00165,3.5e-05,-0.001887,-0.001859
8148.843013,9.093,8.132243,-0.001639,4.3e-05,-0.001893,-0.00185
8150.093595,9.093,7.907595,-0.001637,4.3e-05,-0.001893,-0.001844
8152.608971,9.093,7.826585,-0.001639,4.5e-05,-0.001891,-0.001845
8155.140058000001,9.093,7.943771,-0.001648,4.9e-05,-0.001897,-0.001841
8156.3907930000005,9.093,7.788392,-0.001646,5e-05,-0.001901,-0.001838
8158.920980000001,9.093,8.539838,-0.001648,4.9e-05,-0.0019,-0.001841
8160.186881,9.093,7.529269,-0.001653,4.3e-05,-0.001899,-0.001846
8162.703503000001,9.093,7.602204,-0.00165,4.5e-05,-0.001905,-0.001845
8163.953137,9.093,7.734687,-0.001651,4.5e-05,-0.001904,-0.001845
8166.483052,9.093,7.94478,-0.001656,3.6e-05,-0.001901,-0.001852
8168.984372999999,9.093,7.840185,-0.001651,3.9e-05,-0.001895,-0.001851
8170.232989,9.093,8.022814,-0.001647,4.8e-05,-0.001898,-0.001843
8172.749613,9.093,8.313012,-0.001646,4e-05,-0.001896,-0.001853
8173.999949999999,9.093,8.027701,-0.00165,3.6e-05,-0.001893,-0.001851
8176.515996,9.093,7.438274,-0.001642,4.9e-05,-0.00189,-0.001849
8179.031897999999,9.093,8.127568,-0.001632,4.7e-05,-0.001889,-0.001845
8180.279839000001,9.093,8.486664,-0.001631,5e-05,-0.001889,-0.001842
8182.813620000001,9.093,7.897981,-0.001636,5e-05,-0.001895,-0.001842
8184.061820999999,9.093,8.281564,-0.001637,5.1e-05,-0.001892,-0.001843
8186.5941060000005,9.093,8.230356,-0.001639,5.2e-05,-0.001899,-0.001843
8189.109197,9.093,7.938565,-0.001646,5e-05,-0.001898,-0.001843
8190.359455,9.093,8.369638,-0.001646,5.2e-05,-0.001897,-0.00184
8192.889812,9.093,7.940796,-0.001647,5.4e-05,-0.001896,-0.00184
8194.139998,9.093,8.012083,-0.001646,5.5e-05,-0.001898,-0.001835
8196.655331,9.093,8.673011,-0.001648,5.6e-05,-0.001897,-0.001836
8197.905522000001,9.093,8.241777,-0.001644,5.7e-05,-0.001893,-0.001842
8200.421426,9.093,7.681938,-0.00164,4.1e-05,-0.001892,-0.001854
8202.937505,9.093,8.503343,-0.001647,3.5e-05,-0.001891,-0.001854
8204.202974,9.093,7.565498,-0.001647,3.5e-05,-0.001887,-0.001857
8206.734476,9.093,8.022018,-0.001648,3.7e-05,-0.001891,-0.001852
8208.000602,9.093,7.946745,-0.001648,3.7e-05,-0.001889,-0.001854
8210.515489,9.093,8.161618,-0.001649,4.1e-05,-0.001888,-0.001851
8213.01513,9.093,7.713227,-0.001647,4.2e-05,-0.001886,-0.001846
8214.280024,9.093,7.659734,-0.001645,4.5e-05,-0.001885,-0.001844
8216.79775,9.093,8.061592,-0.001636,4.7e-05,-0.001882,-0.001839
8218.046739,9.093,7.841512,-0.001634,5.3e-05,-0.001884,-0.001836
8220.561748,9.093,7.859095,-0.001631,5.3e-05,-0.001888,-0.001836
8223.093223,9.093,7.244862,-0.001632,5.6e-05,-0.00189,-0.001838
8224.343628,9.093,7.926081,-0.001634,5.2e-05,-0.001885,-0.001841
8226.858344,9.093,7.913279,-0.001636,5e-05,-0.001886,-0.001842
8228.107889,9.093,8.504884,-0.001639,4.8e-05,-0.001881,-0.001844
8230.608646,9.093,8.033651,-0.001639,5e-05,-0.001881,-0.001841
8233.124153,9.093,7.855643,-0.001635,5.4e-05,-0.001878,-0.001838
8234.375009,9.093,8.050171,-0.001635,5.6e-05,-0.001882,-0.001836
8236.890714000001,9.093,8.056174,-0.001634,6.1e-05,-0.001885,-0.001831
8238.139000000001,9.093,7.87652,-0.001632,5.9e-05,-0.00188,-0.001832
8240.639796,9.093,7.873651,-0.001631,5.5e-05,-0.001878,-0.001836
8243.139636,9.093,8.167037,-0.001635,5.2e-05,-0.001879,-0.001835
8244.406507,9.093,7.803053,-0.001638,5.3e-05,-0.001882,-0.001833
8246.935302,9.093,7.926241,-0.001636,4.9e-05,-0.001876,-0.001837
8248.184796,9.093,8.335907,-0.001637,5.2e-05,-0.001875,-0.001836
8250.687354,9.093,8.154819,-0.001639,5.1e-05,-0.001879,-0.001838
8251.953501,9.093,7.777343,-0.00164,5e-05,-0.001872,-0.001842
8254.46779,9.093,7.852774,-0.00164,5.1e-05,-0.001879,-0.001841
8256.983579,9.093,8.262866,-0.001638,5.1e-05,-0.001881,-0.00184
8258.233514,9.093,7.992589,-0.001637,5e-05,-0.001873,-0.001843
8260.733975000001,9.093,7.764382,-0.001637,5.4e-05,-0.001872,-0.001839
8261.999962,9.093,8.141538,-0.001636,5.5e-05,-0.001875,-0.001837
8264.515076,9.093,8.306318,-0.001637,5.4e-05,-0.00187,-0.001836
8267.016037,9.093,7.828976,-0.001635,5.6e-05,-0.00187,-0.001838
8268.264714,9.093,7.939681,-0.001637,5.8e-05,-0.001874,-0.001838
8270.781133,9.093,7.62988,-0.001635,6.1e-05,-0.001873,-0.001833
8272.047512000001,9.093,8.082309,-0.001631,6e-05,-0.001872,-0.001833
8274.578242,9.093,8.084221,-0.00163,5.8e-05,-0.001875,-0.001835
8277.092873,9.093,7.920822,-0.001631,5.3e-05,-0.001871,-0.001839
8278.358522,9.093,7.856121,-0.001632,5.6e-05,-0.001874,-0.001834
8280.859192,9.093,7.972934,-0.00163,5.6e-05,-0.001873,-0.001838
8282.110024,9.093,7.669561,-0.001627,5.7e-05,-0.001875,-0.001836
8284.609395,9.093,8.634339,-0.001624,6.1e-05,-0.001871,-0.001834
8287.108735,9.093,7.720982,-0.001629,6.1e-05,-0.001864,-0.001832
8288.373722,9.093,7.962628,-0.001631,6.1e-05,-0.001863,-0.001832
8290.87439,9.093,7.853093,-0.001627,6.5e-05,-0.001869,-0.001831
8292.139834,9.093,7.874077,-0.00163,6.5e-05,-0.001871,-0.00183
8294.671649,9.093,7.617396,-0.001625,6.5e-05,-0.001863,-0.00183
8295.93799,9.093,7.390413,-0.001627,6.7e-05,-0.00187,-0.001826
8298.468453,9.093,7.728153,-0.001618,7.2e-05,-0.001864,-0.001824
8300.982022,9.093,8.085815,-0.001615,7e-05,-0.001871,-0.001821
8302.235166,9.093,7.744674,-0.001619,6.8e-05,-0.001869,-0.001827
8304.734351000001,9.093,8.194606,-0.001625,5.9e-05,-0.00187,-0.001831
8305.999967,9.093,7.89405,-0.001626,6e-05,-0.001872,-0.001831
8308.515729,9.093,8.181379,-0.001624,6.5e-05,-0.001869,-0.001831
8311.015969,9.093,7.7247,-0.001624,6.9e-05,-0.00187,-0.001827
8312.265126,9.093,8.463662,-0.001621,7e-05,-0.00187,-0.001825
8314.781219,9.093,8.034076,-0.001617,7.2e-05,-0.001869,-0.001825
8316.047209,9.093,7.923744,-0.001616,7.2e-05,-0.001865,-0.001826
8318.57854,9.093,8.41851,-0.001618,7.4e-05,-0.001869,-0.001825
8321.095205,9.093,8.226266,-0.001616,7e-05,-0.001866,-0.001829
8322.343455,9.093,8.541324,-0.001617,6.9e-05,-0.001867,-0.00183
8324.858486000001,9.093,8.262069,-0.00162,7.3e-05,-0.001867,-0.001825
8326.109910000001,9.093,7.86563,-0.00162,7.3e-05,-0.001862,-0.001823
8328.609955,9.093,8.490967,-0.001621,7.1e-05,-0.001864,-0.001825
8331.126084,9.093,8.491445,-0.001624,7e-05,-0.001868,-0.001829
8332.376449,9.093,8.190888,-0.00162,6.9e-05,-0.001861,-0.001828
8334.889596,9.093,8.172508,-0.001621,7.3e-05,-0.001866,-0.00182
8336.140345,9.093,8.24013,-0.00162,7.4e-05,-0.001869,-0.001822
8338.639986,9.093,8.032482,-0.001623,6.9e-05,-0.001871,-0.001828
8341.155076000001,9.093,8.538456,-0.001626,6.7e-05,-0.001875,-0.00183
8342.406329,9.093,7.888472,-0.001625,6.5e-05,-0.001871,-0.00183
8344.937349,9.093,7.945736,-0.001623,6.6e-05,-0.001872,-0.001827
8346.188436,9.093,8.111898,-0.001621,6.7e-05,-0.001871,-0.001827
8348.688282000001,9.093,7.544249,-0.00162,7e-05,-0.001871,-0.001825
8349.952009,9.093,7.769906,-0.001621,7.1e-05,-0.001876,-0.001826
8352.468126,9.093,7.993332,-0.001621,7.1e-05,-0.001874,-0.001824
8354.983599000001,9.093,7.811022,-0.00162,6.8e-05,-0.001868,-0.001826
8356.233576,9.093,7.974793,-0.001622,7e-05,-0.001873,-0.001823
8358.733158000001,9.093,8.121087,-0.00162,7.3e-05,-0.001872,-0.001822
8359.984097,9.093,8.310515,-0.001618,7.2e-05,-0.001871,-0.00182
8362.499816,9.093,8.178563,-0.001614,7.8e-05,-0.001866,-0.001822
8364.999314,9.093,8.421485,-0.00161,7.5e-05,-0.001864,-0.001822
8366.264602,9.093,8.028232,-0.001612,7.7e-05,-0.001868,-0.001819
8368.766206,9.093,7.727994,-0.001612,7.2e-05,-0.001864,-0.001825
8370.014737,9.093,7.846559,-0.001611,7.2e-05,-0.001865,-0.001822
8372.545149,9.093,8.374366,-0.001615,7.2e-05,-0.001871,-0.001822
8375.063061,9.093,8.103558,-0.001612,7e-05,-0.001867,-0.001826
8376.325705,9.093,7.56996,-0.001613,7.4e-05,-0.001867,-0.001826
8378.827861,9.093,8.487779,-0.001613,7.5e-05,-0.001862,-0.001824
8380.078198000001,9.093,7.664515,-0.001612,7.5e-05,-0.00186,-0.001824
8382.578845,9.093,8.068923,-0.001611,7.2e-05,-0.001861,-0.001825
8385.108918,9.093,7.771499,-0.001615,7.7e-05,-0.001869,-0.001816
8386.358722,9.093,7.513865,-0.001612,7.7e-05,-0.001859,-0.00182
8388.858393,9.093,8.175854,-0.001611,7.3e-05,-0.001861,-0.001822
8390.10932,9.093,8.137873,-0.001612,7.3e-05,-0.001868,-0.001821
8392.624868,9.093,7.830835,-0.001613,7.4e-05,-0.001863,-0.00182
8395.124807,9.093,7.777343,-0.001612,7.9e-05,-0.001868,-0.001818
8396.38983,9.093,7.987542,-0.001608,7.8e-05,-0.001866,-0.001819
8398.890427,9.093,8.120875,-0.001606,8e-05,-0.001867,-0.001819
8400.157239,9.093,8.26361,-0.001609,7.6e-05,-0.001866,-0.001823
8402.686533,9.093,7.776121,-0.001612,7.4e-05,-0.001871,-0.001821
8403.938112,9.093,8.57325,-0.001611,7.8e-05,-0.001867,-0.001822
8406.468693,9.093,7.557742,-0.001615,7.7e-05,-0.001869,-0.001822
8408.984108,9.093,8.238271,-0.001616,7.7e-05,-0.001868,-0.001821
8410.232295,9.093,8.239653,-0.001617,7.7e-05,-0.001867,-0.001823
8412.749576,9.093,8.178033,-0.001611,8e-05,-0.001871,-0.001819
8413.999846,9.093,7.240081,-0.00161,8.2e-05,-0.001867,-0.001816
8416.532171,9.093,8.120715,-0.001607,8.6e-05,-0.001868,-0.001813
8419.046208,9.093,7.949561,-0.001604,8.7e-05,-0.001867,-0.001813
8420.31136,9.093,7.864781,-0.001603,8.6e-05,-0.001864,-0.001815
8422.823744,9.093,7.969321,-0.001607,8.1e-05,-0.001866,-0.001817
8424.062202000001,9.093,7.423666,-0.001606,8e-05,-0.001864,-0.001818
8426.592814,9.093,7.541753,-0.001608,8.1e-05,-0.001865,-0.001821
8429.109689,9.093,7.575219,-0.001609,8.2e-05,-0.001866,-0.001818
8430.358471,9.093,7.908605,-0.001605,8.1e-05,-0.00186,-0.00182
8432.873559,9.093,8.205921,-0.001605,8.3e-05,-0.001866,-0.001816
8434.124807,9.093,7.71806,-0.001603,8.3e-05,-0.001864,-0.001814
8436.641075,9.093,7.824248,-0.001609,8e-05,-0.001864,-0.001816
8439.139726,9.093,7.964966,-0.001607,8.2e-05,-0.001859,-0.001817
8440.405572,9.093,8.106267,-0.001606,8.5e-05,-0.001865,-0.001814
8442.921001,9.093,7.672802,-0.001604,8.6e-05,-0.001863,-0.001812
8444.186913,9.093,8.184885,-0.001604,8.5e-05,-0.001866,-0.001812
8446.703271,9.093,7.883691,-0.001604,8.4e-05,-0.001865,-0.001815
8447.967702,9.093,8.227328,-0.001607,8.6e-05,-0.001864,-0.001816
8450.500055,9.093,8.129055,-0.001604,8.6e-05,-0.001862,-0.001812
8453.030468,9.093,7.740424,-0.001604,8.5e-05,-0.00186,-0.001818
8454.280968000001,9.093,8.694844,-0.001605,8.3e-05,-0.001866,-0.001816
8456.812327,9.093,8.383609,-0.001608,7.9e-05,-0.001854,-0.00182
8458.078339,9.093,7.887676,-0.001609,7.8e-05,-0.001859,-0.001818
8460.592965,9.093,8.195881,-0.001606,8.2e-05,-0.001857,-0.001818
8463.091717,9.093,7.811818,-0.001602,8.4e-05,-0.00186,-0.001816
8464.343859,9.093,7.965709,-0.001604,8.7e-05,-0.001863,-0.001812
8466.856946,9.093,7.689109,-0.001603,8.6e-05,-0.001863,-0.001815
8468.108554,9.093,7.686666,-0.001609,7.7e-05,-0.001857,-0.001822
8470.609334,9.093,7.835138,-0.001611,7.4e-05,-0.001856,-0.001824
8473.12447,9.093,8.349187,-0.001616,7.2e-05,-0.001855,-0.001826
8474.37432,9.093,7.802735,-0.001621,6.9e-05,-0.001864,-0.001825
8476.890107,9.093,7.739893,-0.001633,5.2e-05,-0.00187,-0.001843
8478.156869,9.093,7.664196,-0.001637,4.6e-05,-0.001874,-0.001851
8480.686846,9.093,7.439815,-0.001635,4.5e-05,-0.001877,-0.001849
8481.953601000001,9.093,7.81628,-0.001641,4.4e-05,-0.001882,-0.00185
8484.468609,9.093,7.912217,-0.001641,4.2e-05,-0.001882,-0.001853
8486.983565,9.093,7.862655,-0.001635,5e-05,-0.001879,-0.001843
8488.249081,9.093,7.914288,-0.001633,5.2e-05,-0.001883,-0.00184
8490.75009,9.093,7.671208,-0.001638,5.2e-05,-0.001885,-0.001843
8492.016612,9.093,7.711367,-0.001645,5.1e-05,-0.001891,-0.001846
8494.515147,9.093,8.142229,-0.001648,3.4e-05,-0.001885,-0.001861
8497.016455,9.093,7.77798,-0.001643,4.2e-05,-0.001887,-0.001856
8498.26598,9.093,8.222441,-0.001638,4.9e-05,-0.001892,-0.001844
8500.797023000001,9.093,7.556627,-0.001623,5.4e-05,-0.00188,-0.001843
8502.062816,9.093,7.559389,-0.001623,5.5e-05,-0.001881,-0.001843
8504.594187,9.093,8.203371,-0.001627,5.2e-05,-0.001881,-0.001843
8507.09377,9.093,7.908286,-0.00164,4.8e-05,-0.001893,-0.001842
8508.360213,9.093,8.280821,-0.001649,4.1e-05,-0.001902,-0.001848
8510.874366,9.093,8.437527,-0.001647,4.5e-05,-0.0019,-0.001854
8512.12279,9.093,7.836944,-0.001645,3.8e-05,-0.001896,-0.001858
8514.639877,9.093,8.48677,-0.001633,4.4e-05,-0.001896,-0.001854
8517.156089,9.093,7.883904,-0.001635,4.8e-05,-0.001906,-0.001849
8518.421287000001,9.093,7.993545,-0.001644,3.7e-05,-0.0019,-0.001861
8520.937882,9.093,7.52842,-0.001651,2.9e-05,-0.001903,-0.001862
8522.203931,9.093,7.712802,-0.001647,3.4e-05,-0.001896,-0.001862
8524.719351,9.093,7.434715,-0.001662,2.8e-05,-0.001906,-0.001861
8525.98355,9.093,8.15636,-0.001659,2.8e-05,-0.001902,-0.001861
8528.484544,9.093,7.938458,-0.001648,2.9e-05,-0.001901,-0.001871
8531.000098,9.093,8.002681,-0.001653,3e-05,-0.001906,-0.001868
8532.25117,9.093,8.371551,-0.001652,3.5e-05,-0.001908,-0.001861
8534.749455000001,9.093,7.502125,-0.001664,2.2e-05,-0.001911,-0.001865
8535.996418,9.093,8.605654,-0.001659,2.6e-05,-0.001908,-0.001862
8538.515145,9.093,8.174314,-0.001655,3.3e-05,-0.00191,-0.001858
8541.046441,9.093,7.875139,-0.001659,3.1e-05,-0.001908,-0.00186
8542.312928,9.093,7.436468,-0.001659,2.8e-05,-0.001911,-0.00186
8544.824909,9.093,8.239758,-0.00166,2.6e-05,-0.001909,-0.001866
8546.078079,9.093,8.147807,-0.001658,2.7e-05,-0.001905,-0.001868
8548.592073,9.093,8.71811,-0.001656,3.1e-05,-0.001906,-0.001862
8551.093133,9.093,7.784886,-0.001649,2.8e-05,-0.001898,-0.001869
8552.343582,9.093,7.675883,-0.001649,3.3e-05,-0.001895,-0.001865
8554.859546,9.093,7.636998,-0.001637,4.7e-05,-0.001899,-0.001855
8556.12516,9.093,7.843425,-0.001635,4.9e-05,-0.001895,-0.001848
8558.639639,9.093,7.834766,-0.001648,4.1e-05,-0.001901,-0.001853
8561.157416,9.093,8.223557,-0.001654,3.3e-05,-0.001908,-0.001856
8562.407317000001,9.093,7.909986,-0.001655,3.1e-05,-0.001902,-0.00186
8564.9189,9.093,8.535375,-0.001658,3.4e-05,-0.001908,-0.001859
8566.17216,9.093,7.703027,-0.001657,3.5e-05,-0.001909,-0.00186
8568.703894,9.093,7.933306,-0.00165,3.6e-05,-0.001902,-0.001854
8569.953694,9.093,7.590889,-0.001648,3.7e-05,-0.001907,-0.001852
8572.453415,9.093,8.014952,-0.001646,3.8e-05,-0.001901,-0.001853
8574.969007,9.093,7.935697,-0.001647,4.2e-05,-0.001899,-0.001857
8576.233179,9.093,8.445867,-0.001648,3.7e-05,-0.001897,-0.001864
8578.734869,9.093,7.602204,-0.001652,2.8e-05,-0.0019,-0.001865
8579.999506,9.093,8.905572,-0.001653,3e-05,-0.001902,-0.001861
8582.514523,9.093,7.973997,-0.00165,3.5e-05,-0.001892,-0.001858
8585.015554,9.093,8.110835,-0.001644,4.1e-05,-0.001893,-0.001853
8586.26563,9.093,8.394605,-0.001644,3.9e-05,-0.001891,-0.001851
8588.796058,9.093,7.69081,-0.001634,4.5e-05,-0.001894,-0.001849
8590.062818,9.093,7.783558,-0.001634,4.6e-05,-0.001892,-0.00185
8592.577919,9.093,8.041885,-0.001638,4.3e-05,-0.001893,-0.001848
8595.077762,9.093,8.278484,-0.001637,4.3e-05,-0.00189,-0.001844
8596.343569,9.093,8.662652,-0.001632,4.5e-05,-0.001883,-0.001841
8598.843533,9.093,7.609748,-0.001634,4.4e-05,-0.001877,-0.001848
8600.091171,9.093,7.619841,-0.001637,4.4e-05,-0.001878,-0.001846
8602.578363,9.093,8.190409,-0.001641,4.6e-05,-0.00188,-0.001847
8605.093467,9.093,8.298563,-0.001642,4.6e-05,-0.001888,-0.001846
8606.344341,9.093,7.825417,-0.001637,4.5e-05,-0.001884,-0.001845
8608.87505,9.093,7.94478,-0.001637,5e-05,-0.001889,-0.001844
8610.140195,9.093,7.823186,-0.001635,4.8e-05,-0.001878,-0.001843
8612.655037,9.093,8.091393,-0.001632,5.3e-05,-0.001878,-0.001841
8615.171036,9.093,8.247196,-0.001631,5.5e-05,-0.001877,-0.00184
8616.436963,9.093,8.015111,-0.001631,5.1e-05,-0.001875,-0.001842
8618.969105,9.093,8.199281,-0.001631,4.9e-05,-0.00188,-0.001841
8620.218776,9.093,8.153862,-0.001636,4.5e-05,-0.001872,-0.001845
8622.749037,9.093,8.079228,-0.001634,4.5e-05,-0.001873,-0.001846
8624.016136,9.093,8.671204,-0.001635,4.1e-05,-0.001872,-0.00185
8626.547283,9.093,7.757369,-0.001637,4.7e-05,-0.001878,-0.001842
8629.077709000001,9.093,7.768312,-0.001632,5.3e-05,-0.001879,-0.001841
8630.342896,9.093,7.806665,-0.001633,5.2e-05,-0.00188,-0.001843
8632.858525,9.093,7.861539,-0.001631,5.1e-05,-0.001874,-0.001839
8634.109652000001,9.093,8.132295,-0.001629,5.1e-05,-0.001869,-0.001843
8636.624281,9.093,8.325389,-0.001633,5.1e-05,-0.001873,-0.001843
8639.125127,9.093,7.893518,-0.001632,5.1e-05,-0.001872,-0.001842
8640.389643,9.093,7.562577,-0.001632,5.3e-05,-0.00187,-0.001841
8642.905064,9.093,7.849109,-0.001627,5.5e-05,-0.001869,-0.001838
8644.155299,9.093,7.80385,-0.001625,6e-05,-0.001871,-0.001833
8646.671801,9.093,8.158219,-0.001617,6.4e-05,-0.001874,-0.001828
8647.937895000001,9.093,7.608207,-0.001621,6.1e-05,-0.001872,-0.001834
8650.438364,9.093,7.97304,-0.001623,5.8e-05,-0.001874,-0.001834
8652.953994,9.093,8.323795,-0.001622,6e-05,-0.00187,-0.001832
8654.202388,9.093,7.172671,-0.001621,6.1e-05,-0.001869,-0.001834
8656.718302,9.093,7.465631,-0.001618,6.1e-05,-0.001868,-0.001836
8657.970025,9.093,7.831048,-0.00162,6.2e-05,-0.001868,-0.001833
8660.467796,9.093,7.807781,-0.001623,5.9e-05,-0.001875,-0.001834
8662.982432,9.093,8.111101,-0.001619,6.2e-05,-0.001869,-0.001832
8664.23341,9.093,8.277634,-0.001618,6.6e-05,-0.001866,-0.00183
8666.735397,9.093,7.833545,-0.001609,7.3e-05,-0.001873,-0.001824
8667.983426,9.093,7.818724,-0.001606,7.2e-05,-0.001873,-0.001823
8670.483752,9.093,8.338988,-0.00161,7.2e-05,-0.001875,-0.001822
8673.01504,9.093,7.522949,-0.001618,6.1e-05,-0.001871,-0.001828
8674.264386,9.093,8.049905,-0.00162,6.4e-05,-0.001876,-0.001827
8676.765717,9.093,7.800397,-0.001615,6.4e-05,-0.001876,-0.001827
8678.03116,9.093,7.444383,-0.001614,6.6e-05,-0.001873,-0.001831
8680.563396,9.093,8.214685,-0.00162,6.6e-05,-0.001879,-0.001828
8683.093801,9.093,7.574582,-0.001619,6.7e-05,-0.001879,-0.001828
8684.359197,9.093,8.134208,-0.00162,6.6e-05,-0.00188,-0.00183
8686.859147000001,9.093,8.164912,-0.001619,6.7e-05,-0.001879,-0.001829
8688.109898,9.093,7.319337,-0.001616,6.6e-05,-0.001878,-0.001832
8690.609263,9.093,7.653785,-0.001613,6.6e-05,-0.001877,-0.001832
8693.125422000001,9.093,8.869557,-0.001613,6.9e-05,-0.001869,-0.001831
8694.390121,9.093,7.888419,-0.001616,6.9e-05,-0.001873,-0.00183
8696.919966,9.093,7.579893,-0.001614,6.3e-05,-0.001868,-0.001831
8698.17193,9.093,8.226054,-0.001616,6.6e-05,-0.001873,-0.001829
8700.703286,9.093,7.898884,-0.001615,7.1e-05,-0.001866,-0.001822
8701.968903,9.093,8.040662,-0.001615,7.5e-05,-0.001872,-0.001821
8704.499671,9.093,8.140901,-0.00161,7.3e-05,-0.001868,-0.001828
8707.030501,9.093,7.821805,-0.001611,7.2e-05,-0.001869,-0.001824
8708.280754,9.093,7.355725,-0.001611,7.2e-05,-0.001865,-0.001825
8710.813454000001,9.093,8.119388,-0.001612,7.7e-05,-0.001863,-0.00182
8712.062775,9.093,8.404592,-0.001612,7.6e-05,-0.001864,-0.001821
8714.59326,9.093,7.468075,-0.001613,7.8e-05,-0.001867,-0.001822
8717.094121,9.093,7.710464,-0.001614,7.5e-05,-0.00187,-0.001822
8718.35864,9.093,7.788126,-0.001611,7.3e-05,-0.001868,-0.001822
8720.875205,9.093,7.629136,-0.001609,7.1e-05,-0.001871,-0.001826
8722.13979,9.093,8.148975,-0.001612,6.9e-05,-0.00187,-0.001826
8724.671304,9.093,7.937078,-0.001613,7.1e-05,-0.001874,-0.001825
8725.937395,9.093,8.457766,-0.001611,7.2e-05,-0.001869,-0.001824
8728.453593,9.093,7.984036,-0.001607,7.7e-05,-0.001871,-0.001821
8730.9684,9.093,8.206505,-0.001603,7.9e-05,-0.001869,-0.001818
8732.219506,9.093,5.784308,-0.001603,7.8e-05,-0.001866,-0.001821
8734.749606,9.093,8.291711,-0.001603,8.1e-05,-0.00187,-0.001819
8735.999043,9.093,7.799653,-0.001601,8.2e-05,-0.001868,-0.00182
8738.499421,9.093,7.857342,-0.001604,7.8e-05,-0.001867,-0.001824
8741.01513,9.093,8.552958,-0.001607,7.8e-05,-0.001868,-0.001825
8742.265524,9.093,8.247248,-0.001606,7.4e-05,-0.001862,-0.001829
8744.766084,9.093,8.19774,-0.00161,7.8e-05,-0.001869,-0.001825
8746.015927,9.093,7.94494,-0.001608,7.6e-05,-0.001862,-0.001825
8748.515148,9.093,7.625099,-0.001607,7.6e-05,-0.001868,-0.001822
8751.04718,9.093,8.048153,-0.001606,7.5e-05,-0.001862,-0.001822
8752.311479,9.093,8.100157,-0.001607,7.5e-05,-0.001862,-0.001825
8754.828584,9.093,7.476043,-0.001604,7.6e-05,-0.00186,-0.001825
8756.093804,9.093,7.420373,-0.001604,7.6e-05,-0.001858,-0.001826
8758.609348,9.093,7.781858,-0.001606,7.7e-05,-0.001862,-0.001825
8761.140382,9.093,7.700902,-0.001606,8e-05,-0.001868,-0.00182
8762.406743,9.093,7.860423,-0.001603,8.2e-05,-0.001868,-0.001818
8764.93801,9.093,7.797316,-0.001605,8.2e-05,-0.001865,-0.001816
8766.186271,9.093,8.372772,-0.001605,8.1e-05,-0.001865,-0.001814
8768.703706,9.093,7.876838,-0.001604,8.3e-05,-0.00186,-0.001821
8769.952515,9.093,7.946798,-0.001605,8.1e-05,-0.001864,-0.00182
8772.453588,9.093,8.550887,-0.001606,7.8e-05,-0.001869,-0.00182
8774.968394,9.093,7.929906,-0.001602,7.9e-05,-0.00187,-0.00182
8776.218878,9.093,7.683107,-0.001604,7.9e-05,-0.001863,-0.001824
8778.749287,9.093,7.714979,-0.001604,8.1e-05,-0.001865,-0.001816
8779.99981,9.093,7.954714,-0.001602,8.3e-05,-0.001859,-0.001816
8782.515115,9.093,8.530063,-0.001605,8.3e-05,-0.001863,-0.001814
8785.031138,9.093,7.764062,-0.001606,7.9e-05,-0.001861,-0.001821
8786.281264,9.093,8.070304,-0.001607,7.7e-05,-0.001862,-0.001822
8788.797189,9.093,8.105576,-0.001608,8.1e-05,-0.001865,-0.001819
8790.06335,9.093,7.684754,-0.001606,8.1e-05,-0.001861,-0.001821
8792.593147,9.093,7.814474,-0.001606,7.9e-05,-0.00186,-0.00182
8795.108017,9.093,7.756998,-0.001606,7.7e-05,-0.001857,-0.001823
8796.374494,9.093,7.766665,-0.001604,7.8e-05,-0.001857,-0.00182
8798.875069,9.093,7.868818,-0.001603,8.1e-05,-0.001856,-0.001819
8800.140738,9.093,8.472161,-0.001603,8e-05,-0.001859,-0.001822
8802.656371000001,9.093,7.887197,-0.001604,7.8e-05,-0.001857,-0.001822
8805.186365,9.093,7.753811,-0.001602,8.3e-05,-0.001868,-0.001821
8806.436,9.093,8.650647,-0.001602,8.2e-05,-0.00186,-0.001819
8808.96859,9.093,7.470359,-0.001602,8.3e-05,-0.001859,-0.00182
8810.234024,9.093,8.185469,-0.001603,8.1e-05,-0.001856,-0.001821
8812.765166000001,9.093,8.142176,-0.001604,8.1e-05,-0.001861,-0.00182
8814.015386000001,9.093,8.225469,-0.001602,8.1e-05,-0.001859,-0.001819
8816.531377,9.093,8.328629,-0.001603,8.4e-05,-0.001866,-0.001814
8819.063726,9.093,7.874661,-0.001606,8e-05,-0.001859,-0.001816
8820.312823,9.093,8.229719,-0.001606,8.1e-05,-0.001861,-0.001816
8822.843473,9.093,7.612138,-0.001604,7.9e-05,-0.001854,-0.001822
8824.094166,9.093,7.809693,-0.001609,7.9e-05,-0.001861,-0.001822
8826.625181,9.093,8.182972,-0.001607,7.8e-05,-0.001856,-0.001822
8829.141253,9.093,8.856011,-0.001605,8.3e-05,-0.001861,-0.001817
8830.406342,9.093,8.090596,-0.001605,8.3e-05,-0.001861,-0.001814
8832.905920000001,9.093,7.869561,-0.001606,8.1e-05,-0.001856,-0.001817
8834.17103,9.093,7.601832,-0.001607,8.3e-05,-0.001862,-0.001813
8836.687992000001,9.093,7.541009,-0.001607,8.1e-05,-0.001855,-0.001817
8837.951943,9.093,7.862495,-0.001608,8.3e-05,-0.001859,-0.001816
8840.484173,9.093,8.262016,-0.001608,8e-05,-0.001859,-0.001821
8842.981563,9.093,8.327407,-0.001608,8.1e-05,-0.001863,-0.001817
8844.233506,9.093,7.683479,-0.001607,8.1e-05,-0.001861,-0.001816
8846.733338,9.094,8.065417,-0.001601,8.1e-05,-0.001858,-0.001815
8847.982554,9.094,8.865892,-0.001601,8.3e-05,-0.001865,-0.001813
8850.499299000001,9.094,7.504462,-0.001604,8.4e-05,-0.001864,-0.001813
8853.030597,9.094,7.810384,-0.001604,8.6e-05,-0.001855,-0.001816
8854.2811,9.094,7.885869,-0.001603,8.5e-05,-0.00186,-0.001815
8856.813867,9.094,8.304407,-0.001608,7.9e-05,-0.001856,-0.001823
8858.06313,9.094,7.504834,-0.00161,7.8e-05,-0.001858,-0.001826
8860.593235,9.094,8.739305,-0.001612,6.8e-05,-0.001857,-0.001834
8863.093446,9.094,7.870251,-0.001623,5.6e-05,-0.001862,-0.00184
8864.344248,9.094,7.450333,-0.001624,5.7e-05,-0.001865,-0.001841
8866.874447,9.094,8.055271,-0.001631,4.3e-05,-0.001871,-0.001851
8868.125172,9.094,7.924116,-0.001634,4.8e-05,-0.001878,-0.001849
8870.62487,9.094,7.360878,-0.001635,4.4e-05,-0.001878,-0.001853
8873.13999,9.094,7.870518,-0.001631,5.3e-05,-0.001881,-0.001846
8874.39111,9.094,8.118856,-0.001625,5.2e-05,-0.001876,-0.001847
8876.92237,9.094,7.825364,-0.001633,4.4e-05,-0.001882,-0.001857
8878.186992,9.094,7.605764,-0.001634,4.2e-05,-0.001883,-0.001856
8880.719564,9.094,7.586746,-0.001636,4.8e-05,-0.001897,-0.001849
8881.984835,9.094,8.048312,-0.001629,4.7e-05,-0.001894,-0.001853
8884.515213,9.094,8.009268,-0.001638,3.5e-05,-0.001893,-0.001866
8887.046492,9.094,7.923001,-0.001642,3e-05,-0.001884,-0.001866
8888.297254000001,9.094,7.659255,-0.001638,3.6e-05,-0.001887,-0.00186
8890.82874,9.094,7.363002,-0.001639,2.9e-05,-0.001883,-0.001864
8892.092915,9.094,7.713811,-0.001643,2.8e-05,-0.001887,-0.001866
8894.59398,9.094,8.394287,-0.001637,3.1e-05,-0.001892,-0.001861
8897.124994,9.094,7.740531,-0.001637,3.8e-05,-0.001896,-0.00186
8898.390446,9.094,7.831632,-0.001636,4.1e-05,-0.001896,-0.001861
8900.906463,9.094,7.733306,-0.001636,4.4e-05,-0.00191,-0.001848
8902.171991000001,9.094,7.906693,-0.001639,4.3e-05,-0.001904,-0.001852
8904.688469,9.094,8.030941,-0.001643,4.1e-05,-0.001904,-0.001851
8905.952893,9.094,7.965922,-0.001654,3.1e-05,-0.00191,-0.001862
8908.469484,9.094,8.539412,-0.001662,1.5e-05,-0.001911,-0.001878
8910.983002,9.094,7.861911,-0.001656,1.7e-05,-0.001908,-0.001879
8912.233204,9.094,7.580903,-0.001651,2.1e-05,-0.001902,-0.001874
8914.733735,9.094,7.864142,-0.001654,1.8e-05,-0.001896,-0.001873
8915.984587,9.094,7.594448,-0.001661,8e-06,-0.001902,-0.001881
8918.500132000001,9.094,7.857183,-0.001654,1.8e-05,-0.001902,-0.001876
8921.015525,9.094,7.848578,-0.001667,1e-05,-0.001909,-0.001883
8922.265618,9.094,7.647622,-0.001667,7e-06,-0.001915,-0.001885
8924.766102,9.094,8.10037,-0.001653,1.6e-05,-0.001909,-0.001882
8926.013388,9.094,7.980795,-0.001648,2.4e-05,-0.00191,-0.001877
8928.517092,9.094,8.070517,-0.001649,3.8e-05,-0.001909,-0.001867
8931.015154,9.094,8.513915,-0.00165,4.1e-05,-0.001909,-0.001858
8932.266364000001,9.094,7.775749,-0.001648,3.8e-05,-0.00191,-0.001855
8934.796977,9.094,8.00316,-0.001654,2.7e-05,-0.001908,-0.001868
8936.046567,9.094,7.759866,-0.001653,3e-05,-0.001912,-0.001865
8938.578581,9.094,7.935059,-0.001647,3.1e-05,-0.001905,-0.001871
8941.093827,9.094,7.770065,-0.001645,3.1e-05,-0.001903,-0.001865
8942.359021,9.094,7.941008,-0.001647,3.3e-05,-0.001905,-0.001867
8944.875174,9.094,7.678114,-0.001649,3.7e-05,-0.001916,-0.001863
8946.140969,9.094,8.26701,-0.001647,3.9e-05,-0.001917,-0.001858
8948.657152,9.094,7.666533,-0.001648,3.9e-05,-0.001917,-0.001853
8951.171082,9.094,7.820795,-0.001654,3.2e-05,-0.001914,-0.001858
8952.420746,9.094,8.12709,-0.001655,3.3e-05,-0.001917,-0.001859
8954.953354,9.094,8.256704,-0.001668,1.1e-05,-0.001907,-0.001879
8956.21738,9.094,7.821274,-0.001667,1.1e-05,-0.001905,-0.001878
8958.718336,9.094,7.95057,-0.001654,2.2e-05,-0.00191,-0.001865
8959.983803000001,9.094,7.877529,-0.001651,2.9e-05,-0.001916,-0.001861
8962.499951,9.094,8.443371,-0.001654,2.9e-05,-0.001914,-0.001861
8965.016039,9.094,7.439284,-0.001652,3e-05,-0.001912,-0.001859
8966.265023,9.094,8.066586,-0.001648,3.2e-05,-0.001912,-0.001855
8968.779904,9.094,7.739946,-0.001652,3e-05,-0.001905,-0.001859
8970.03098,9.094,7.274078,-0.001656,3e-05,-0.001905,-0.001865
8972.562083,9.094,8.240184,-0.001655,1.9e-05,-0.001909,-0.001873
8975.078457,9.094,8.052243,-0.001655,2.3e-05,-0.001903,-0.001871
8976.327002,9.094,7.809481,-0.001653,3e-05,-0.001906,-0.001863
8978.843719,9.094,7.781965,-0.001636,3.9e-05,-0.001904,-0.001859
8980.109238000001,9.094,7.74887,-0.001632,4.2e-05,-0.001897,-0.001858
8982.624960000001,9.094,6.290388,-0.001635,4e-05,-0.001896,-0.001854
8985.139587,9.094,7.72316,-0.001637,4.4e-05,-0.001895,-0.001855
8986.391076,9.094,8.036785,-0.001637,5e-05,-0.001896,-0.00185
8988.907463,9.094,7.770491,-0.00163,5.3e-05,-0.001896,-0.001851
8990.15607,9.094,8.520183,-0.001631,4.6e-05,-0.0019,-0.001858
8992.657206,9.094,7.479495,-0.001642,2.7e-05,-0.0019,-0.001868
8995.171136,9.094,8.159971,-0.001652,2e-05,-0.001904,-0.001873
8996.436356,9.094,7.735484,-0.001652,2.4e-05,-0.001907,-0.001873
8998.953205,9.094,7.773147,-0.00165,2e-05,-0.001906,-0.001871
9000.218102,9.094,7.915192,-0.00165,2.6e-05,-0.001908,-0.00187
9002.719351,9.094,8.212932,-0.001659,2e-05,-0.001907,-0.001872
9003.984341,9.094,8.107169,-0.001658,2.7e-05,-0.001905,-0.001869
9006.499664,9.094,7.955829,-0.001648,2.5e-05,-0.001903,-0.001868
9009.0161,9.094,7.637476,-0.001659,1.6e-05,-0.001904,-0.001879
9010.264525,9.094,8.420051,-0.001662,1.4e-05,-0.001908,-0.001879
9012.764938,9.094,8.538191,-0.001664,1.2e-05,-0.001911,-0.001879
9014.015971,9.094,7.952908,-0.001664,1.3e-05,-0.001905,-0.001879
9016.516425,9.094,7.780902,-0.00166,1.1e-05,-0.001905,-0.001881
9019.031849,9.094,7.774475,-0.001663,1.2e-05,-0.001907,-0.00188
9020.280081,9.094,7.943983,-0.00166,1.3e-05,-0.001908,-0.001879
9022.797624,9.094,8.22446,-0.001656,1.8e-05,-0.001911,-0.001874
9024.031257,9.094,7.91822,-0.001657,1.6e-05,-0.001904,-0.001877
9026.562071,9.094,8.047249,-0.001658,1.7e-05,-0.001911,-0.001874
9029.077448,9.094,7.505418,-0.001656,1.3e-05,-0.00191,-0.001878
9030.34337,9.094,8.201671,-0.001658,1.7e-05,-0.001909,-0.001872
9032.858504,9.094,7.977821,-0.00165,2.6e-05,-0.001904,-0.001869
9034.109023,9.094,8.292188,-0.001644,2.9e-05,-0.001898,-0.001866
9036.624363,9.094,7.7281,-0.001645,3.4e-05,-0.001896,-0.001865
9039.141090000001,9.094,7.781433,-0.001648,2.6e-05,-0.001893,-0.001867
9040.389379,9.094,7.968206,-0.001648,2.8e-05,-0.001894,-0.001868
9042.890814,9.094,7.6132,-0.001646,3.2e-05,-0.001897,-0.001865
9044.139978000001,9.094,8.114288,-0.001649,3e-05,-0.0019,-0.001864
9046.672001,9.094,8.48576,-0.00165,2.2e-05,-0.001891,-0.001872
9049.187873,9.094,7.997635,-0.001648,2.5e-05,-0.001896,-0.00187
9050.436949,9.094,8.549081,-0.001648,2.6e-05,-0.001897,-0.001868
9052.953922,9.094,8.020848,-0.001647,2.6e-05,-0.001892,-0.00187
9054.203831,9.094,8.110675,-0.001648,2.7e-05,-0.001896,-0.001867
9056.717283,9.094,7.448898,-0.001645,2.5e-05,-0.001896,-0.001866
9057.967835,9.094,7.721088,-0.001645,2.5e-05,-0.001899,-0.001866
9060.469987,9.094,7.939574,-0.001642,3e-05,-0.00189,-0.001862
9062.968432,9.094,7.896228,-0.001642,3.2e-05,-0.001895,-0.001855
9064.218761,9.094,7.98972,-0.001642,3.6e-05,-0.001892,-0.001855
9066.731031,9.094,7.675776,-0.001639,4.1e-05,-0.001882,-0.001855
9067.983462,9.094,7.66903,-0.00164,3.9e-05,-0.001885,-0.001859
9070.483449,9.094,7.763212,-0.001644,3.2e-05,-0.001892,-0.001862
9073.000137,9.094,7.650066,-0.001643,3.5e-05,-0.00189,-0.00186
9074.264967000001,9.094,8.289585,-0.001641,3.6e-05,-0.001894,-0.001859
9076.765817,9.094,7.873439,-0.001639,3.8e-05,-0.001887,-0.001858
9078.015181,9.094,9.148814,-0.001638,4.5e-05,-0.001881,-0.001854
9080.516027,9.094,7.491714,-0.00163,5e-05,-0.001884,-0.001848
9083.030384,9.094,8.019255,-0.001627,5.3e-05,-0.00188,-0.001849
9084.280981,9.094,8.410011,-0.001625,5.3e-05,-0.001884,-0.001847
9086.781283,9.094,7.958485,-0.001619,5.1e-05,-0.001887,-0.001847
9088.045673,9.094,7.897131,-0.00162,4.9e-05,-0.001883,-0.001846
9090.562161,9.094,8.483477,-0.001624,5e-05,-0.001882,-0.001844
9093.093317,9.094,7.346269,-0.001629,4.8e-05,-0.001877,-0.001848
9094.34317,9.094,8.159281,-0.001627,4.8e-05,-0.001879,-0.001849
9096.843319,9.094,7.651819,-0.001629,5.2e-05,-0.001879,-0.001845
9098.093508,9.094,7.865789,-0.001624,5.4e-05,-0.001878,-0.001844
9100.609067,9.094,8.247993,-0.001623,5.4e-05,-0.00188,-0.001843
9103.140236,9.094,7.724594,-0.001624,5.3e-05,-0.001876,-0.001846
9104.405317,9.094,7.997528,-0.001623,5.5e-05,-0.001874,-0.001845
9106.920714,9.094,8.277102,-0.001622,5.6e-05,-0.001876,-0.001842
9108.1881,9.094,8.059202,-0.001621,5.8e-05,-0.001881,-0.001838
9110.687168,9.094,7.774475,-0.001616,6.3e-05,-0.001882,-0.001833
9113.202940000001,9.094,7.773359,-0.00162,6e-05,-0.001877,-0.001841
9114.469086000001,9.094,7.79806,-0.001621,5.9e-05,-0.00188,-0.00184
9116.985081,9.094,7.96146,-0.001616,6e-05,-0.001881,-0.001835
9118.24981,9.094,8.237687,-0.001614,6e-05,-0.001879,-0.001839
9120.765707,9.094,8.017608,-0.001615,6.3e-05,-0.001878,-0.001837
9122.031308,9.094,8.038113,-0.001614,6e-05,-0.001872,-0.001837
9124.561543,9.094,8.065098,-0.001612,6.4e-05,-0.001879,-0.001833
9127.078633000001,9.094,8.079494,-0.001612,6.5e-05,-0.001874,-0.001834
9128.327924,9.094,8.325442,-0.001611,6.8e-05,-0.001874,-0.001833
9130.842991,9.094,8.153862,-0.001611,6.6e-05,-0.001875,-0.001831
9132.108047,9.094,7.38016,-0.001612,6.7e-05,-0.001872,-0.001835
9134.608957,9.094,7.844859,-0.001613,6.8e-05,-0.00187,-0.001833
9137.12565,9.094,7.723531,-0.001611,7.1e-05,-0.001876,-0.00183
9138.374688,9.094,8.737286,-0.001608,7.3e-05,-0.001875,-0.001831
9140.888752,9.094,7.39854,-0.001605,7.3e-05,-0.00187,-0.001829
9142.14107,9.094,8.250117,-0.001604,7.4e-05,-0.001869,-0.001833
9144.655833,9.094,7.826267,-0.001606,7.1e-05,-0.001871,-0.001832
9147.18835,9.094,7.587383,-0.001605,7.2e-05,-0.001873,-0.001827
9148.453819,9.094,7.976758,-0.001604,7e-05,-0.001868,-0.001829
9150.967915,9.094,8.121778,-0.001604,7.2e-05,-0.001871,-0.001828
9152.218544,9.094,7.716998,-0.001602,7.2e-05,-0.001863,-0.001826
9154.732931,9.094,7.542178,-0.001601,7.8e-05,-0.001865,-0.001822
9155.984782,9.094,7.691606,-0.001603,7.9e-05,-0.001866,-0.001819
9158.48254,9.094,7.670198,-0.001602,8e-05,-0.001869,-0.00182
9160.983085,9.094,8.086505,-0.001602,7.6e-05,-0.00187,-0.001825
9162.234362000001,9.094,7.639973,-0.001601,7.6e-05,-0.001866,-0.001826
9164.750097,9.094,8.744511,-0.001598,8.2e-05,-0.001864,-0.001824
9166.014638,9.094,8.524804,-0.001602,8.4e-05,-0.001869,-0.001822
9168.516294000001,9.094,8.531338,-0.001604,8.4e-05,-0.001869,-0.001818
9171.046435,9.094,7.579628,-0.001596,8.6e-05,-0.001866,-0.00182
9172.296892,9.094,8.232003,-0.001594,9.2e-05,-0.001868,-0.001816
9174.828716,9.094,7.824726,-0.001591,9.5e-05,-0.001862,-0.001814
9176.078622,9.094,7.640238,-0.001589,9.5e-05,-0.001862,-0.001816
9178.593057,9.094,7.895537,-0.001593,8.8e-05,-0.001869,-0.00182
9181.094811,9.094,8.197793,-0.001587,8.8e-05,-0.00187,-0.001815
9182.343283,9.094,7.707383,-0.001589,9e-05,-0.001867,-0.001813
9184.859868,9.094,8.140583,-0.001589,9e-05,-0.001864,-0.001812
9186.124749,9.094,7.805125,-0.001592,8.8e-05,-0.001867,-0.001811
9188.654909,9.094,8.46839,-0.001596,8.2e-05,-0.00186,-0.001818
9191.171129,9.094,7.95907,-0.001598,8.1e-05,-0.001863,-0.001821
9192.420499,9.094,8.08454,-0.001594,8.4e-05,-0.001866,-0.001818
9194.936782,9.094,8.528576,-0.001593,8.5e-05,-0.001862,-0.001814
9196.203523,9.094,7.885922,-0.001592,8.9e-05,-0.001863,-0.001813
9198.734023,9.094,7.938565,-0.001588,9.4e-05,-0.001868,-0.00181
9199.98425,9.094,7.590092,-0.001587,9.6e-05,-0.001868,-0.001811
9202.499916,9.094,7.310359,-0.001586,9.4e-05,-0.001866,-0.00181
9205.030116,9.094,7.625205,-0.001584,9.8e-05,-0.001869,-0.001805
9206.280065,9.094,7.534051,-0.001583,9.5e-05,-0.001863,-0.001807
9208.796104000001,9.094,7.644488,-0.001584,9.4e-05,-0.001864,-0.001806
9210.063185,9.094,8.192056,-0.001584,9.2e-05,-0.001867,-0.001807
9212.593288,9.094,7.615165,-0.001586,9e-05,-0.001865,-0.00181
9215.108419,9.094,7.88656,-0.001587,9.1e-05,-0.001866,-0.001808
9216.359348,9.094,7.692244,-0.001587,8.9e-05,-0.001864,-0.001812
9218.875327,9.094,8.173996,-0.001589,8.5e-05,-0.00186,-0.001814
9220.139349000001,9.094,8.708123,-0.00159,8.7e-05,-0.001865,-0.00181
9222.640479,9.094,8.136067,-0.001589,8.6e-05,-0.001859,-0.001813
9225.155831,9.094,8.23944,-0.001589,9.1e-05,-0.001864,-0.001811
9226.422006,9.094,8.507328,-0.00159,9.1e-05,-0.001861,-0.001815
9228.937129,9.094,8.052402,-0.001592,9.5e-05,-0.001862,-0.001812
9230.203789000001,9.094,8.274818,-0.001592,9.5e-05,-0.001861,-0.001808
9232.718782,9.094,7.463931,-0.001589,9.3e-05,-0.001852,-0.001808
9233.984571,9.094,7.971075,-0.001584,9.5e-05,-0.001849,-0.001805
9236.499435,9.094,8.747645,-0.001589,9.1e-05,-0.001848,-0.001812
9238.999931,9.094,8.074394,-0.001591,8.9e-05,-0.001849,-0.001815
9240.264803,9.094,7.712589,-0.001591,9.1e-05,-0.001856,-0.001813
9242.781147,9.094,7.888844,-0.001592,8.6e-05,-0.001853,-0.001817
9244.047285,9.094,7.842947,-0.001593,8.8e-05,-0.001851,-0.001818
9246.562115,9.094,7.830569,-0.001602,7.4e-05,-0.001858,-0.00183
9249.093777,9.094,8.137927,-0.001601,7.5e-05,-0.001857,-0.00183
9250.358908,9.094,7.764116,-0.001599,7.8e-05,-0.00186,-0.001826
9252.873677,9.094,7.777131,-0.001596,7.9e-05,-0.001855,-0.001826
9254.124043,9.094,8.304194,-0.001597,7.9e-05,-0.00185,-0.001826
9256.640201,9.094,7.989826,-0.001596,8e-05,-0.001856,-0.001828
9259.155175,9.094,7.547596,-0.001602,7.4e-05,-0.001865,-0.001827
9260.40554,9.094,7.639123,-0.001602,7.3e-05,-0.001865,-0.001827
9262.916703,9.094,7.91498,-0.001601,7.7e-05,-0.001862,-0.00183
9264.156065000001,9.094,7.706533,-0.001599,7.4e-05,-0.001859,-0.001832
9266.671224,9.094,7.566985,-0.001605,6.9e-05,-0.001858,-0.001832
9269.20327,9.094,7.378514,-0.001606,6.9e-05,-0.001861,-0.001832
9270.468622,9.094,7.615909,-0.001608,6.3e-05,-0.001859,-0.001841
9272.985167,9.094,8.023027,-0.00161,6.7e-05,-0.001866,-0.001835
9274.250073000001,9.094,6.136444,-0.001607,6.8e-05,-0.001867,-0.001835
9276.766278000001,9.094,7.486242,-0.001603,7.4e-05,-0.00187,-0.001828
9278.031288,9.094,8.224353,-0.001606,7.5e-05,-0.001868,-0.001829
9280.562117,9.094,7.764222,-0.001607,7.1e-05,-0.001867,-0.00183
9283.094898,9.094,7.808312,-0.001604,7.3e-05,-0.001864,-0.001823
9284.343928,9.094,7.370279,-0.001607,7.3e-05,-0.001867,-0.001827
9286.843295,9.094,7.707702,-0.001604,7.6e-05,-0.00187,-0.001826
9288.09428,9.094,7.537237,-0.001605,7.6e-05,-0.001872,-0.001825
9290.609301,9.094,7.968578,-0.001614,6.9e-05,-0.001874,-0.001828
9293.125875,9.094,8.123,-0.001607,6.6e-05,-0.00187,-0.001834
9294.375021,9.094,7.862177,-0.00161,6.5e-05,-0.001872,-0.001839
9296.890099,9.094,7.688632,-0.001608,7.3e-05,-0.001882,-0.001823
9298.156345,9.094,7.653147,-0.001613,6.4e-05,-0.001877,-0.001831
9300.686909,9.094,8.001725,-0.001616,6.3e-05,-0.001883,-0.001833
9303.200606,9.094,7.505524,-0.001609,7.1e-05,-0.001885,-0.00183
9304.448003,9.094,7.611925,-0.001608,7.3e-05,-0.001881,-0.00183
9306.953855,9.094,7.94648,-0.001615,6.8e-05,-0.001884,-0.001837
9308.218656000001,9.094,7.572722,-0.001616,6.9e-05,-0.001888,-0.001832
9310.749916,9.094,8.168365,-0.001611,7.2e-05,-0.001882,-0.001833
9312.016037,9.094,7.74563,-0.001611,7.3e-05,-0.00188,-0.001834
9314.516016,9.094,8.366079,-0.001607,7.1e-05,-0.001883,-0.001833
9317.047138,9.094,7.971394,-0.001606,6.5e-05,-0.001881,-0.001843
9318.313888,9.094,7.816758,-0.001606,5.8e-05,-0.001879,-0.001847
9320.828321,9.094,7.740424,-0.001616,5.1e-05,-0.001876,-0.001852
9322.078748,9.094,8.271843,-0.001622,4e-05,-0.001868,-0.001863
9324.579,9.094,8.92082,-0.001624,4.1e-05,-0.001877,-0.00186
9327.078133,9.094,7.848578,-0.001622,4.9e-05,-0.001877,-0.001851
9328.342413,9.094,8.598217,-0.001623,5.1e-05,-0.001879,-0.001845
9330.843504,9.094,7.90223,-0.00163,3.7e-05,-0.001882,-0.001861
9332.10889,9.094,7.966559,-0.001628,3.6e-05,-0.001881,-0.001862
9334.640188,9.094,8.894789,-0.001631,3.7e-05,-0.001885,-0.001863
9337.155454,9.094,8.122521,-0.001642,3.4e-05,-0.00189,-0.001865
9338.406169,9.094,8.451816,-0.001637,3.8e-05,-0.001886,-0.001864
9340.920669000001,9.094,8.078007,-0.001624,4.6e-05,-0.001882,-0.001853
9342.186883,9.094,7.981274,-0.001618,4.9e-05,-0.001883,-0.001849
9344.718783,9.094,8.233916,-0.001619,5.6e-05,-0.001882,-0.001846
9345.983461,9.094,7.458566,-0.001613,6.9e-05,-0.001882,-0.001844
9348.499284,9.094,7.840609,-0.001619,5.6e-05,-0.001883,-0.001849
9351.014117,9.094,7.859042,-0.00161,5.7e-05,-0.001885,-0.001845
9352.264962,9.094,7.672058,-0.001614,5.3e-05,-0.00189,-0.001849
9354.764908000001,9.094,7.47089,-0.001627,3.3e-05,-0.001892,-0.001867
9356.015626,9.094,8.75147,-0.001631,3.6e-05,-0.001889,-0.001864
9358.515159,9.094,8.046187,-0.001632,3.1e-05,-0.001884,-0.00187
9361.030803,9.094,7.425578,-0.001634,2.4e-05,-0.001884,-0.001875
9362.280661,9.094,7.832323,-0.001645,1.6e-05,-0.001892,-0.001878
9364.813259,9.094,7.692988,-0.001641,1.9e-05,-0.001893,-0.001874
9366.061625,9.094,7.924381,-0.001637,2.7e-05,-0.001892,-0.001869
9368.578639,9.094,8.347912,-0.00163,3.3e-05,-0.00189,-0.00186
9371.093785000001,9.094,7.798644,-0.001628,4.1e-05,-0.001899,-0.001856
9372.340704,9.094,7.547171,-0.001624,4.2e-05,-0.001894,-0.00186
9374.828266,9.094,8.303397,-0.001634,3e-05,-0.001901,-0.001869
9376.0727,9.094,8.382122,-0.001644,2.5e-05,-0.0019,-0.001874
9378.57766,9.094,8.5043,-0.001639,3.1e-05,-0.001899,-0.001866
9381.079566,9.094,8.106585,-0.001651,1.6e-05,-0.001904,-0.001882
9382.328022,9.094,8.071048,-0.001653,1.5e-05,-0.001905,-0.00188
9384.844897,9.094,8.842518,-0.00165,2.4e-05,-0.001903,-0.001873
9386.088837,9.094,7.885922,-0.001649,2.4e-05,-0.001904,-0.001876
9388.593661,9.094,8.029082,-0.001642,1.5e-05,-0.001902,-0.00188
9391.094882,9.094,8.596889,-0.001648,1.8e-05,-0.001907,-0.001879
9392.343099,9.094,7.836572,-0.001644,2.4e-05,-0.001904,-0.001873
9394.860965,9.094,8.037847,-0.001636,3.5e-05,-0.001896,-0.001865
9396.108798,9.094,7.872855,-0.001633,3.9e-05,-0.001896,-0.001862
9398.624802,9.094,7.109935,-0.001633,4.5e-05,-0.001901,-0.00185
9401.140602,9.094,8.377022,-0.001628,4.7e-05,-0.001905,-0.001846
9402.390508,9.094,7.818245,-0.001627,4.8e-05,-0.001903,-0.001846
9404.90617,9.094,8.039813,-0.001635,4.5e-05,-0.001909,-0.001847
9406.156195,9.094,7.675245,-0.001638,4.1e-05,-0.001915,-0.001853
9408.686727,9.094,7.697237,-0.001638,3.9e-05,-0.001907,-0.001855
9411.20277,9.094,7.6515,-0.001639,3.5e-05,-0.001906,-0.001862
9412.453407,9.094,8.342759,-0.001638,3.9e-05,-0.001909,-0.001858
9414.968318,9.094,8.075085,-0.00164,3.6e-05,-0.001908,-0.001857
9416.233365,9.094,7.836466,-0.001642,3.5e-05,-0.00191,-0.001856
9418.734137,9.094,7.904674,-0.001639,3.7e-05,-0.001906,-0.001857
9419.999811,9.094,6.690707,-0.001642,3.5e-05,-0.001901,-0.001862
9422.515188,9.094,8.681245,-0.00164,3.5e-05,-0.001901,-0.001859
9425.031691,9.094,7.899202,-0.00164,3.3e-05,-0.001903,-0.001864
9426.28061,9.094,7.704355,-0.001646,3e-05,-0.0019,-0.001866
9428.794441,9.094,7.924806,-0.001654,1.9e-05,-0.001906,-0.001874
9430.046784,9.094,7.745948,-0.001653,2e-05,-0.001908,-0.001873
9432.562222,9.094,7.883798,-0.001646,2.4e-05,-0.001907,-0.001871
9435.092951,9.094,7.877848,-0.001644,2.3e-05,-0.001895,-0.001872
9436.342985,9.094,8.47758,-0.001642,2.7e-05,-0.001898,-0.001866
9438.843368,9.094,7.810968,-0.001638,3.1e-05,-0.001895,-0.001866
9440.093285,9.094,7.779787,-0.001634,3.2e-05,-0.00189,-0.001863
9442.625008,9.094,7.61559,-0.001632,3.8e-05,-0.001885,-0.001861
9445.139945,9.094,8.478696,-0.001628,4.3e-05,-0.001885,-0.001856
9446.406187,9.094,7.707702,-0.001627,4.4e-05,-0.001879,-0.001856
9448.904511,9.094,8.049055,-0.001621,4.5e-05,-0.00188,-0.001853
9450.156276,9.094,7.884116,-0.001621,4.9e-05,-0.001888,-0.001849
9452.670596,9.094,7.928578,-0.00162,5.2e-05,-0.00189,-0.001841
9455.187648000001,9.094,8.016386,-0.001622,4.9e-05,-0.001887,-0.001846
9456.453244,9.094,8.041725,-0.001622,4.7e-05,-0.001892,-0.001848
9458.968488,9.094,8.159121,-0.00162,4.7e-05,-0.001889,-0.001847
9460.21904,9.094,7.776599,-0.001617,4.7e-05,-0.001883,-0.001849
9462.733757,9.094,8.088843,-0.001617,5e-05,-0.001882,-0.001847
9463.999722,9.094,8.4226,-0.001617,4.8e-05,-0.001881,-0.001847
9466.530552,9.094,8.138458,-0.001617,5.1e-05,-0.001884,-0.001846
9469.03119,9.094,7.953917,-0.001621,4.7e-05,-0.001878,-0.001848
9470.28175,9.094,7.720238,-0.001621,4.7e-05,-0.001874,-0.001849
9472.780595,9.094,7.427597,-0.001622,4.9e-05,-0.001878,-0.001845
9474.046275,9.094,8.151525,-0.001622,5.1e-05,-0.00188,-0.001844
9476.546998,9.094,7.691925,-0.001621,5.1e-05,-0.001879,-0.001845
9479.061788,9.094,7.933306,-0.001614,5.9e-05,-0.001882,-0.001841
9480.311998000001,9.094,7.648578,-0.001613,5.5e-05,-0.001875,-0.00184
9482.827115,9.094,7.795032,-0.001617,5.4e-05,-0.001872,-0.001843
9484.078702,9.094,7.78632,-0.00162,5.1e-05,-0.001872,-0.001847
9486.578457,9.094,7.813252,-0.00162,5.5e-05,-0.001883,-0.00184
9489.095167,9.094,7.656812,-0.001621,4.9e-05,-0.001881,-0.001846
9490.343097,9.094,7.83381,-0.00162,4.9e-05,-0.001883,-0.001847
9492.843109,9.094,7.825682,-0.001621,4.9e-05,-0.001878,-0.001849
9494.09449,9.094,7.902018,-0.001622,5e-05,-0.001881,-0.001846
9496.595013,9.094,7.469297,-0.001619,5.2e-05,-0.001876,-0.001843
9499.093763,9.094,7.957582,-0.001617,5.4e-05,-0.001876,-0.00184
9500.34311,9.094,8.036998,-0.001617,5.3e-05,-0.001871,-0.001842
9502.838357,9.094,7.907171,-0.001614,5.6e-05,-0.001871,-0.001841
9504.07801,9.094,7.586375,-0.001615,5.5e-05,-0.001872,-0.001845
9506.592587000001,9.094,8.853568,-0.001615,5.5e-05,-0.001877,-0.001844
9509.093326,9.094,7.955989,-0.001612,6e-05,-0.001876,-0.00184
9510.343348,9.094,8.22924,-0.00161,6.3e-05,-0.001874,-0.001839
9512.843498,9.094,8.211817,-0.001609,6e-05,-0.001873,-0.001838
9514.109601,9.094,7.837103,-0.001607,6.3e-05,-0.001874,-0.001835
9516.624695,9.094,7.541222,-0.001603,6.3e-05,-0.001877,-0.001838
9519.139976,9.094,7.860583,-0.001604,6.5e-05,-0.001878,-0.001839
9520.390339,9.094,7.297238,-0.001606,6.4e-05,-0.001877,-0.001838
9522.905804,9.094,8.007781,-0.001613,6.1e-05,-0.001874,-0.001842
9524.171129,9.094,7.914342,-0.001613,5.9e-05,-0.001871,-0.001843
9526.687329,9.094,8.619465,-0.001616,5.6e-05,-0.001869,-0.001845
9529.203014,9.094,8.018458,-0.001617,5.7e-05,-0.001872,-0.00184
9530.452725000001,9.094,8.087462,-0.001616,5.7e-05,-0.001872,-0.001839
9532.968912,9.094,8.33171,-0.001612,5.9e-05,-0.001867,-0.00184
9534.23332,9.094,7.629349,-0.001612,6.1e-05,-0.00187,-0.001838
9536.748728,9.094,8.076253,-0.00161,5.9e-05,-0.001868,-0.001841
9537.99959,9.094,7.811712,-0.001611,6.3e-05,-0.001871,-0.001837
9540.531329,9.094,7.999919,-0.001613,6e-05,-0.00187,-0.001841
9543.046836,9.094,7.771552,-0.001609,6.2e-05,-0.001866,-0.001839
9544.310992,9.094,7.723372,-0.001608,6.4e-05,-0.001868,-0.001835
9546.828581,9.094,7.9264,-0.001607,6.7e-05,-0.001868,-0.00183
9548.076835,9.094,7.562577,-0.001607,6.8e-05,-0.00187,-0.00183
9550.593437,9.094,7.959282,-0.001609,7e-05,-0.001873,-0.001828
9553.110075,9.094,7.686507,-0.001606,7.1e-05,-0.001872,-0.00183
9554.375169,9.094,8.029135,-0.001606,7e-05,-0.001872,-0.00183
9556.890393,9.094,7.473653,-0.001604,7.2e-05,-0.001874,-0.001828
9558.13774,9.094,8.415854,-0.001604,6.9e-05,-0.001868,-0.001831
9560.639676,9.094,8.56916,-0.001601,7.2e-05,-0.001866,-0.001829
9563.140748,9.094,7.929003,-0.0016,7.4e-05,-0.001868,-0.001827
9564.405275000001,9.094,7.404065,-0.0016,7.2e-05,-0.001871,-0.00183
9566.922296,9.094,7.991791,-0.001604,6.7e-05,-0.001863,-0.001833
9568.170625,9.094,7.946586,-0.001605,6.6e-05,-0.001866,-0.001834
9570.672227000001,9.094,7.918751,-0.001605,6.2e-05,-0.001867,-0.001836
9573.188218,9.094,7.689959,-0.00161,6.2e-05,-0.001871,-0.001834
9574.453708000001,9.094,7.707277,-0.00161,6.3e-05,-0.001871,-0.00183
9576.953597,9.094,8.038059,-0.001605,6.7e-05,-0.001874,-0.001829
9578.20118,9.094,7.795723,-0.001604,6.7e-05,-0.001874,-0.00183
9580.702875,9.094,7.374105,-0.001602,7e-05,-0.001877,-0.001829
9583.218973000001,9.094,8.294313,-0.001601,7.3e-05,-0.001872,-0.001828
9584.468117,9.094,8.080238,-0.001602,7.6e-05,-0.001874,-0.001825
9586.984131000001,9.094,8.010437,-0.001604,7.4e-05,-0.001876,-0.00183
9588.249388,9.094,8.066479,-0.001604,7.2e-05,-0.00187,-0.001833
9590.75001,9.094,8.303397,-0.001602,7.2e-05,-0.001866,-0.001832
9592.014483,9.094,8.273437,-0.0016,7.1e-05,-0.001867,-0.00183
9594.51552,9.094,8.030676,-0.001597,7.5e-05,-0.001866,-0.001826
9597.030155,9.094,7.749773,-0.001598,7.3e-05,-0.001864,-0.001829
9598.279292,9.094,8.383981,-0.001599,7.7e-05,-0.00187,-0.001824
9600.797247,9.094,7.862867,-0.001597,7.8e-05,-0.00187,-0.001827
9602.062734000001,9.094,7.829773,-0.001596,7.6e-05,-0.001865,-0.00183
9604.593613000001,9.094,8.270197,-0.001601,7.5e-05,-0.001871,-0.001828
9607.109336,9.094,8.006346,-0.001599,7.5e-05,-0.001867,-0.00183
9608.359272,9.094,7.935802,-0.0016,7.6e-05,-0.001873,-0.001828
9610.890832000001,9.094,8.246452,-0.001597,7.5e-05,-0.001865,-0.001828
9612.140208,9.094,8.393437,-0.001593,7.7e-05,-0.001866,-0.001827
9614.655196,9.094,8.125602,-0.001593,7.6e-05,-0.001865,-0.001826
9617.140844,9.094,8.413464,-0.001597,7.5e-05,-0.00186,-0.001824
9618.390015,9.094,7.852402,-0.001597,7.5e-05,-0.001861,-0.001825
9620.890009,9.094,8.082788,-0.001591,8.2e-05,-0.001862,-0.00182
9622.140271,9.094,7.726559,-0.00159,8.1e-05,-0.001863,-0.001822
9624.639475,9.094,7.906002,-0.001596,7.5e-05,-0.001864,-0.001825
9627.139659,9.094,8.347859,-0.001597,7e-05,-0.001869,-0.001827
9628.390984,9.094,7.898193,-0.001595,7.3e-05,-0.001867,-0.001826
9630.90574,9.094,8.029082,-0.001593,7.8e-05,-0.001865,-0.001826
9632.155852,9.094,7.775324,-0.001593,8.1e-05,-0.001869,-0.001822
9634.671127,9.094,7.634289,-0.001595,7.7e-05,-0.001863,-0.001825
9637.188085,9.094,8.20709,-0.001593,7.9e-05,-0.001863,-0.001824
9638.453532,9.094,7.909561,-0.001592,8e-05,-0.001864,-0.00182
9640.97012,9.094,8.087515,-0.001594,8.1e-05,-0.001868,-0.001822
9642.218252,9.094,7.765975,-0.001593,8e-05,-0.001865,-0.001823
9644.718826,9.094,8.118803,-0.00159,7.8e-05,-0.001857,-0.001827
9647.21956,9.094,8.003,-0.001593,7.9e-05,-0.00186,-0.001827
9648.468355,9.094,8.135801,-0.001593,7.3e-05,-0.00186,-0.001829
9650.983457,9.094,8.330701,-0.001594,7.4e-05,-0.001867,-0.001832
9652.250264,9.094,8.181645,-0.001593,7.3e-05,-0.001863,-0.001831
9654.764575000001,9.094,7.709827,-0.001594,7.5e-05,-0.001866,-0.001825
9656.0162,9.094,7.079019,-0.001594,7.7e-05,-0.001865,-0.001825
9658.51541,9.094,7.638964,-0.001592,7.8e-05,-0.001864,-0.001825
9661.016446,9.094,8.121937,-0.001595,7.4e-05,-0.001864,-0.00183
9662.264476,9.094,7.526401,-0.001595,7.6e-05,-0.001865,-0.001825
9664.780061,9.094,7.991791,-0.001596,8.1e-05,-0.001865,-0.001821
9666.026065,9.094,8.027489,-0.001594,8.5e-05,-0.001859,-0.001819
9668.546412,9.094,7.902761,-0.001594,8.1e-05,-0.001867,-0.001823
9671.063144,9.094,8.365229,-0.001594,8e-05,-0.001864,-0.001822
9672.328327,9.094,7.331714,-0.001592,8e-05,-0.001863,-0.001824
9674.843674,9.094,7.804115,-0.001589,8.3e-05,-0.00186,-0.001826
9676.093472,9.094,8.433437,-0.001591,8.2e-05,-0.00186,-0.001826
9678.609168,9.094,7.504568,-0.001593,7.7e-05,-0.001863,-0.001823
9681.10808,9.094,7.831632,-0.001594,7.6e-05,-0.001862,-0.001823
9682.360555,9.094,7.767038,-0.001594,7.7e-05,-0.001861,-0.001825
9684.874102,9.094,7.689056,-0.00159,7.8e-05,-0.00186,-0.001825
9686.124238,9.094,8.310621,-0.001591,8.1e-05,-0.001866,-0.001821
9688.624703,9.094,7.847993,-0.001591,7.9e-05,-0.001864,-0.001821
9691.140208,9.094,7.620637,-0.001587,8.1e-05,-0.00186,-0.001821
9692.390061,9.094,8.314234,-0.00159,8.3e-05,-0.00186,-0.001819
9694.905243000001,9.094,7.372882,-0.001589,8.4e-05,-0.001863,-0.00182
9696.155494,9.094,8.177555,-0.001587,8.1e-05,-0.001859,-0.001823
9698.671696,9.094,8.004594,-0.001589,8.5e-05,-0.001863,-0.001822
9701.187183,9.094,7.701168,-0.00159,8.3e-05,-0.001865,-0.001821
9702.453464,9.094,7.643001,-0.001588,8.3e-05,-0.001866,-0.001821
9704.967978,9.094,7.937502,-0.001588,8.5e-05,-0.001865,-0.001821
9706.21841,9.094,7.65219,-0.001588,8.3e-05,-0.001858,-0.001823
9708.718251,9.094,8.061379,-0.001588,8.5e-05,-0.001857,-0.001815
9711.233899,9.094,7.518964,-0.001592,8.3e-05,-0.001857,-0.001822
9712.499086,9.094,7.635139,-0.001591,8.3e-05,-0.001857,-0.001825
9715.01457,9.094,7.738034,-0.001591,8.2e-05,-0.001858,-0.001824
9716.265187,9.094,7.643797,-0.001591,8.5e-05,-0.001864,-0.001818
9718.749937,9.094,8.386425,-0.001588,8.8e-05,-0.001863,-0.001818
9720.014595,9.094,7.654262,-0.001585,8.6e-05,-0.001857,-0.001817
9722.530377000001,9.094,7.453413,-0.001589,8.5e-05,-0.00186,-0.001817
9725.046665,9.094,7.706161,-0.001589,8.4e-05,-0.001856,-0.001818
9726.296285,9.094,7.86919,-0.00159,8.7e-05,-0.001856,-0.001818
9728.796569,9.094,8.115988,-0.00159,8.6e-05,-0.001855,-0.001816
9730.063317,9.094,7.742602,-0.00159,8.2e-05,-0.001852,-0.001821
9732.578351,9.094,7.700105,-0.001598,7.7e-05,-0.001852,-0.001827
9735.108108,9.094,7.766241,-0.001602,7.2e-05,-0.001858,-0.001831
9736.358013000001,9.094,7.996732,-0.001609,6.1e-05,-0.001862,-0.001841
9738.891268,9.094,7.409801,-0.001622,4.8e-05,-0.001881,-0.001848
9740.155713,9.094,8.391206,-0.001626,4.5e-05,-0.001885,-0.001852
9742.67182,9.094,7.829083,-0.001621,5e-05,-0.00188,-0.001851
9745.186973,9.094,7.338088,-0.001614,5.5e-05,-0.001873,-0.001845
9746.438177,9.094,8.022443,-0.001612,6e-05,-0.001877,-0.00184
9748.938292,9.094,8.284486,-0.001609,5.8e-05,-0.001871,-0.001841
9750.203578,9.094,8.605441,-0.001609,5.9e-05,-0.001869,-0.001842
9752.733439,9.094,7.803053,-0.0016,6.7e-05,-0.001878,-0.001837
9755.250306,9.094,7.71227,-0.0016,7e-05,-0.00188,-0.001837
9756.514668,9.094,8.565814,-0.0016,7.3e-05,-0.001882,-0.001838
9759.013808,9.094,8.36762,-0.001612,5.9e-05,-0.001879,-0.001848
9760.26526,9.094,8.121671,-0.001611,5.7e-05,-0.001881,-0.001851
9762.763281,9.094,8.237687,-0.001626,3.8e-05,-0.001883,-0.001867
9764.000259,9.094,7.370971,-0.001638,2.2e-05,-0.001889,-0.001877
9766.515714000001,9.094,7.772296,-0.001636,2.7e-05,-0.001888,-0.001871
9769.015256,9.094,8.240609,-0.001628,3.3e-05,-0.001887,-0.001865
9770.280562,9.094,7.606825,-0.001633,2.5e-05,-0.00189,-0.001871
9772.780359,9.094,8.424885,-0.001624,3.9e-05,-0.001883,-0.001858
9774.031280000001,9.094,7.546852,-0.001622,4e-05,-0.001884,-0.001859
9776.562807,9.094,7.99891,-0.001617,4.6e-05,-0.001888,-0.001849
9779.077811000001,9.094,7.893838,-0.001611,6.1e-05,-0.001891,-0.001843
9780.34397,9.094,7.636361,-0.001609,6.5e-05,-0.001898,-0.001841
9782.843169,9.094,7.465897,-0.001612,5.5e-05,-0.001898,-0.001844
9784.093551,9.094,8.101539,-0.001614,5.3e-05,-0.001902,-0.001849
9786.608911,9.094,7.089484,-0.001617,5.7e-05,-0.001904,-0.001842
9789.124289,9.094,7.923691,-0.001623,4.9e-05,-0.001912,-0.001846
9790.374687,9.094,7.40773,-0.001626,4.4e-05,-0.001907,-0.001852
9792.889845,9.094,8.162149,-0.001624,4.5e-05,-0.001906,-0.001852
9794.139546,9.094,7.782018,-0.00163,3.6e-05,-0.0019,-0.001865
9796.641005,9.094,8.011659,-0.001652,1e-05,-0.001906,-0.001887
9799.140227,9.094,7.320239,-0.001642,1.9e-05,-0.001901,-0.001877
9800.38987,9.094,8.158749,-0.001635,2.7e-05,-0.001901,-0.001867
9802.885049,9.094,8.219838,-0.001629,2.9e-05,-0.0019,-0.001871
9804.124755,9.094,7.873864,-0.001639,1.6e-05,-0.001887,-0.001881
9806.640357,9.094,7.537716,-0.001641,1.9e-05,-0.001893,-0.001875
9809.155134,9.094,8.663608,-0.001638,2.3e-05,-0.00191,-0.001871
9810.405223,9.094,7.551581,-0.001638,1.9e-05,-0.001904,-0.001876
9812.921694,9.094,7.283745,-0.001646,1e-05,-0.001911,-0.001885
9814.187247,9.094,7.699096,-0.001651,3e-06,-0.00191,-0.001893
9816.703788,9.094,7.953333,-0.001652,6e-06,-0.001913,-0.00189
9819.219175,9.094,7.767197,-0.001662,-0.0,-0.001915,-0.001891
9820.483008000001,9.094,7.782921,-0.001661,1e-06,-0.001917,-0.001892
9822.999891,9.094,8.195403,-0.001672,-4e-06,-0.001924,-0.001891
9824.250727,9.094,7.843956,-0.001663,2e-06,-0.001917,-0.001885
9826.764052,9.094,8.036891,-0.001645,2.3e-05,-0.00191,-0.001867
9828.015183,9.094,7.999548,-0.001638,2.8e-05,-0.001902,-0.001863
9830.531088,9.094,8.006241,-0.001626,3.7e-05,-0.001901,-0.001858
9833.060912,9.094,7.779733,-0.001628,4.4e-05,-0.001907,-0.001854
9834.31189,9.094,7.585737,-0.001628,4.5e-05,-0.001902,-0.001855
9836.827099,9.094,8.288045,-0.001629,4.9e-05,-0.001912,-0.001849
9838.078075,9.094,8.181379,-0.001629,4.6e-05,-0.001906,-0.001848
9840.577565,9.094,8.532773,-0.001625,4.4e-05,-0.001906,-0.001844
9843.078537,9.094,7.307385,-0.001626,3.9e-05,-0.001903,-0.001849
9844.328666,9.094,8.053411,-0.001629,3.6e-05,-0.001903,-0.001853
9846.828546,9.094,7.871526,-0.001633,3.5e-05,-0.001907,-0.00186
9848.093187,9.094,7.793385,-0.001634,3.1e-05,-0.001908,-0.001866
9850.593496,9.094,7.942814,-0.001633,2.9e-05,-0.001905,-0.001867
9853.124446,9.094,7.368208,-0.001632,3.3e-05,-0.001895,-0.001866
9854.374806,9.094,8.371657,-0.001635,3.3e-05,-0.001903,-0.001866
9856.890679,9.094,8.287461,-0.001636,3.4e-05,-0.0019,-0.001862
9858.139975,9.094,7.966665,-0.001637,3.6e-05,-0.001903,-0.001862
9860.639287,9.094,7.768046,-0.001638,3.4e-05,-0.001907,-0.001859
9863.15612,9.094,7.714767,-0.001636,3.5e-05,-0.001908,-0.00186
9864.40568,9.094,8.759597,-0.001634,3.5e-05,-0.0019,-0.001862
9866.921279,9.094,8.242733,-0.001627,4.1e-05,-0.001892,-0.001857
9868.188253,9.094,7.603957,-0.001623,4.1e-05,-0.001885,-0.001858
9870.71904,9.094,7.849427,-0.001622,4.3e-05,-0.001882,-0.001854
9873.231727,9.094,7.711686,-0.001616,4.8e-05,-0.001881,-0.001848
9874.483918,9.094,7.134158,-0.001614,5.2e-05,-0.00189,-0.001843
9876.999896,9.094,7.822389,-0.001612,4.9e-05,-0.001891,-0.001845
9878.265684,9.094,8.424938,-0.001607,5e-05,-0.001891,-0.001842
9880.780742,9.094,7.637529,-0.00161,4.9e-05,-0.001889,-0.001843
9882.031549,9.094,8.013731,-0.001613,5e-05,-0.001891,-0.001843
9884.530701,9.094,7.923266,-0.001619,4.5e-05,-0.001886,-0.001851
9887.046344,9.094,7.60996,-0.001622,4.5e-05,-0.001886,-0.001853
9888.296785,9.094,8.524539,-0.00162,4.5e-05,-0.001879,-0.001854
9890.780238,9.094,7.273334,-0.001618,5e-05,-0.001875,-0.001848
9892.031171,9.094,7.757635,-0.00162,4.9e-05,-0.001877,-0.001849
9894.546536,9.094,8.172773,-0.001618,5.1e-05,-0.00188,-0.001845
9897.061556,9.094,7.474874,-0.001611,5.5e-05,-0.001876,-0.001843
9898.327927,9.094,8.044541,-0.001612,5.3e-05,-0.001878,-0.001841
9900.842423,9.094,7.741486,-0.001611,5.2e-05,-0.001872,-0.001842
9902.093398,9.094,7.726719,-0.001612,5.7e-05,-0.001875,-0.00184
9904.592936000001,9.094,7.931978,-0.00161,5.4e-05,-0.001878,-0.001844
9907.092888000001,9.094,8.106957,-0.001608,5.7e-05,-0.001879,-0.001841
9908.343332,9.094,7.816599,-0.001608,5.7e-05,-0.001872,-0.001843
9910.859282,9.094,7.883532,-0.00161,5.8e-05,-0.001873,-0.001842
9912.124557000001,9.094,7.572456,-0.001609,6.1e-05,-0.001872,-0.001842
9914.640616,9.094,7.784779,-0.001606,6.3e-05,-0.001873,-0.001842
9917.156164,9.094,8.070145,-0.001608,6.2e-05,-0.001874,-0.001838
9918.420802,9.094,7.693093,-0.001607,6.3e-05,-0.001875,-0.001839
9920.936952,9.094,8.234128,-0.001601,6.6e-05,-0.001877,-0.001837
9922.186919,9.094,7.504462,-0.001598,6.7e-05,-0.001873,-0.001837
9924.672136000001,9.094,7.821061,-0.001599,6.7e-05,-0.001874,-0.001838
9927.186392,9.094,8.327939,-0.0016,6.4e-05,-0.001871,-0.001839
9928.45212,9.094,7.688472,-0.001603,6.2e-05,-0.001872,-0.001843
9930.953054,9.094,7.886985,-0.001609,5.7e-05,-0.001873,-0.001843
9932.21716,9.094,8.289851,-0.00161,5.9e-05,-0.001875,-0.001841
9934.719581,9.094,8.13628,-0.001606,6.3e-05,-0.001873,-0.001843
9937.219666,9.094,7.549881,-0.001606,5.8e-05,-0.001869,-0.001846
9938.468379,9.094,8.188497,-0.001608,6.3e-05,-0.001873,-0.001844
9940.983514,9.094,7.677954,-0.001607,6.4e-05,-0.001874,-0.001839
9942.23341,9.094,8.012349,-0.001609,6.3e-05,-0.001868,-0.001842
9944.764878,9.094,8.327832,-0.001603,6.7e-05,-0.001872,-0.001833
9946.030772,9.094,7.653147,-0.0016,6.3e-05,-0.001871,-0.001834
9948.547043,9.094,7.484382,-0.001601,6.2e-05,-0.001869,-0.001836
9951.063133,9.094,8.36746,-0.001607,6e-05,-0.001865,-0.001839
9952.312378,9.094,8.311471,-0.001609,6e-05,-0.001871,-0.001837
9954.827248,9.094,8.368523,-0.001608,5.7e-05,-0.001867,-0.001841
9956.078132,9.094,7.727835,-0.00161,5.6e-05,-0.001867,-0.001843
9958.592901,9.094,8.011659,-0.001607,5.9e-05,-0.001872,-0.00184
9961.092951,9.094,8.171976,-0.001607,6.1e-05,-0.00187,-0.001839
9962.343587,9.094,8.270941,-0.001607,6e-05,-0.001865,-0.001841
9964.843009,9.094,8.262707,-0.001607,6.3e-05,-0.001865,-0.001837
9966.093724,9.094,7.506641,-0.001606,6.7e-05,-0.001868,-0.001832
9968.609507000001,9.094,7.766665,-0.001601,6.8e-05,-0.00187,-0.001831
9971.123865,9.094,7.633386,-0.001603,6.6e-05,-0.001873,-0.00183
9972.37462,9.094,7.840928,-0.001601,6.6e-05,-0.001867,-0.001832
9974.905172,9.094,8.255961,-0.001603,7.1e-05,-0.001873,-0.00183
9976.155548,9.094,8.283423,-0.001601,6.7e-05,-0.001867,-0.001833
9978.686999,9.094,7.726878,-0.001601,7e-05,-0.00187,-0.001829
9981.186992,9.094,7.539097,-0.001597,7.5e-05,-0.00187,-0.001825
9982.437751,9.094,7.844275,-0.001594,7.5e-05,-0.001866,-0.001827
9984.968852,9.094,7.893678,-0.00159,7.9e-05,-0.001872,-0.001826
9986.233763,9.094,8.057343,-0.001591,7.6e-05,-0.001878,-0.001824
9988.750076,9.094,7.141595,-0.001594,6.9e-05,-0.001873,-0.00183
9991.266154,9.094,7.513227,-0.001593,7.1e-05,-0.001871,-0.001824
9992.515032,9.094,7.650862,-0.001597,6.9e-05,-0.001869,-0.001828
9995.015167,9.094,7.588658,-0.001598,7.2e-05,-0.001875,-0.001827
9996.265863,9.094,7.915085,-0.001597,7.5e-05,-0.001874,-0.001823
9998.781154,9.094,8.400609,-0.001594,7.6e-05,-0.001876,-0.001823
10000.046108,9.094,7.882044,-0.001598,7.3e-05,-0.001879,-0.001828
10002.561187,9.094,7.772615,-0.001599,6.8e-05,-0.001873,-0.001833
10005.078781,9.094,7.935962,-0.001596,7.2e-05,-0.001874,-0.001829
10006.328302,9.094,7.629136,-0.001592,7.2e-05,-0.001866,-0.001832
10008.842883,9.094,8.447408,-0.001594,7.4e-05,-0.001863,-0.00183
10010.093885,9.094,7.765709,-0.001594,7.7e-05,-0.001867,-0.001827
10012.594282,9.094,7.976015,-0.001596,7.4e-05,-0.001864,-0.001826
10015.108112,9.095,8.52592,-0.001595,7e-05,-0.001856,-0.001831
10016.36019,9.095,7.632536,-0.001597,6.6e-05,-0.001857,-0.001834
10018.860194,9.095,8.051871,-0.001595,7e-05,-0.001858,-0.001833
10020.108761,9.096,7.451766,-0.001596,7.2e-05,-0.001859,-0.001832
10022.609096,9.096,7.816758,-0.001595,7.2e-05,-0.001865,-0.001831
10025.109647,9.096,7.505684,-0.001594,7.5e-05,-0.001864,-0.00183
10026.373521,9.097,7.681248,-0.001593,7.4e-05,-0.001861,-0.00183
10028.874075,9.097,7.580425,-0.001596,7.3e-05,-0.001866,-0.001831
10030.125232,9.097,7.779149,-0.001597,7.1e-05,-0.001872,-0.001831
10032.640671000001,9.097,8.064407,-0.001596,6.8e-05,-0.00187,-0.001836
10035.156112,9.097,7.612882,-0.001593,7.1e-05,-0.001871,-0.001832
10036.405852,9.097,7.536759,-0.001594,7.1e-05,-0.001871,-0.001828
10038.905511,9.097,7.50834,-0.001593,7.5e-05,-0.001879,-0.001827
10040.156354,9.097,7.966878,-0.001595,7.3e-05,-0.001875,-0.001833
10042.671975,9.097,7.871101,-0.001598,7.4e-05,-0.001876,-0.001828
10045.187973,9.097,7.942336,-0.00159,8.2e-05,-0.001878,-0.001824
10046.452373,9.097,8.563901,-0.001587,8.2e-05,-0.00188,-0.001824
10048.969122,9.097,8.115403,-0.001586,8e-05,-0.001877,-0.001827
10050.233123,9.097,7.836253,-0.001586,8.2e-05,-0.001877,-0.001825
10052.733967,9.097,8.1945,-0.001581,8.3e-05,-0.001879,-0.001819
10055.233994,9.097,8.369957,-0.00158,8.8e-05,-0.001879,-0.001814
10056.484402,9.097,8.434021,-0.001576,9e-05,-0.001872,-0.001816
10056.751485,9.097,8.218936,-0.001573,8.7e-05,-0.001873,-0.001815
10057.991465,9.097,8.109029,-0.001578,8.5e-05,-0.001872,-0.00182
10059.258083,9.097,8.093571,-0.001581,8.4e-05,-0.00187,-0.001821
10061.756323,9.097,7.783717,-0.001582,8.9e-05,-0.001866,-0.001818
10063.00819,9.097,7.903771,-0.001583,8.8e-05,-0.001874,-0.001816
10065.522924,9.097,7.740583,-0.001584,8.5e-05,-0.001874,-0.001819
10068.038262,9.097,7.738884,-0.001584,8.3e-05,-0.00187,-0.001819
10069.288504,9.097,8.001779,-0.001586,8.2e-05,-0.001874,-0.001815
10071.805049,9.097,7.526879,-0.001584,8.1e-05,-0.00187,-0.001814
10073.05372,9.097,8.064461,-0.001583,7.8e-05,-0.001871,-0.001812
10075.585698,9.097,8.282042,-0.001581,7.8e-05,-0.001869,-0.001806
10078.099728,9.097,7.377823,-0.001575,8.1e-05,-0.001868,-0.001802
10079.350859,9.097,8.401352,-0.001573,8.3e-05,-0.001872,-0.0018
10081.834763,9.097,7.377982,-0.001572,8.4e-05,-0.001872,-0.001794
10083.100891,9.097,8.149294,-0.001569,8.4e-05,-0.001866,-0.001796
10085.616409,9.096,6.847785,-0.001568,7.8e-05,-0.001871,-0.001793
10088.133181,9.095,7.725604,-0.001566,7.5e-05,-0.001869,-0.00179
10089.397561,9.095,6.746165,-0.001563,7.5e-05,-0.00187,-0.00179
10091.928156,9.094,7.475884,-0.001553,7.4e-05,-0.001862,-0.001789
10093.17845,9.094,7.275937,-0.001553,7.8e-05,-0.001867,-0.001785
10095.678431,9.093,7.399974,-0.001547,7.5e-05,-0.001866,-0.001782
10098.178547,9.092,7.055752,-0.001545,7.9e-05,-0.001868,-0.001772
10099.443983,9.092,7.659255,-0.001543,7.9e-05,-0.001865,-0.00177
10101.944691,9.09,7.291342,-0.001534,8.3e-05,-0.001867,-0.001765
10103.194151,9.09,7.916626,-0.001532,8e-05,-0.001866,-0.001764
10105.695034,9.089,7.535751,-0.001529,8e-05,-0.001868,-0.001761
10106.960562,9.089,6.70967,-0.001527,8.2e-05,-0.001869,-0.001759
10109.475716,9.088,6.973362,-0.001522,8e-05,-0.00187,-0.001755
10112.00712,9.087,6.997532,-0.001515,8.2e-05,-0.001864,-0.001751
10113.273531,9.086,7.302444,-0.001513,8.2e-05,-0.001865,-0.001746
10115.803905,9.085,7.117691,-0.001513,8.4e-05,-0.001864,-0.001745
10117.069412,9.085,7.323958,-0.001509,8.4e-05,-0.00186,-0.001743
10119.600571,9.084,7.388181,-0.001502,8.1e-05,-0.001865,-0.001739
10122.116052,9.083,6.711689,-0.001501,7.9e-05,-0.001866,-0.001738
10123.367053,9.082,6.643323,-0.001498,7.9e-05,-0.001869,-0.001736
10125.881745,9.081,6.744518,-0.001493,7.8e-05,-0.001872,-0.001734
10127.148219,9.08,6.707705,-0.001491,7.8e-05,-0.001871,-0.001732
10129.663274,9.08,6.794557,-0.001485,8e-05,-0.001875,-0.001727
10132.179735,9.079,6.500907,-0.001479,7.9e-05,-0.001866,-0.001728
10133.42872,9.078,6.882738,-0.001478,8.1e-05,-0.00187,-0.001725
10135.928568,9.077,6.790785,-0.001476,8.3e-05,-0.001871,-0.001719
10137.179722,9.076,6.771237,-0.001474,8e-05,-0.001872,-0.001719
10139.678493,9.076,6.5042,-0.00147,7.8e-05,-0.001869,-0.001718
10142.179436,9.074,6.48343,-0.001466,7.4e-05,-0.001869,-0.001714
10143.429471,9.074,6.715408,-0.001466,7.3e-05,-0.001874,-0.001713
10145.944542,9.074,6.596099,-0.001473,7.3e-05,-0.001871,-0.001717
10147.19466,9.074,6.408318,-0.001473,7.2e-05,-0.00187,-0.001719
10149.710961,9.074,6.325874,-0.001479,6.9e-05,-0.001874,-0.001725
10150.975552,9.074,6.669989,-0.00148,6.9e-05,-0.001868,-0.001727
10153.475412,9.074,6.509778,-0.001483,7e-05,-0.001867,-0.001731
10155.990804000001,9.074,6.813575,-0.001504,4.6e-05,-0.001869,-0.001753
10157.240816,9.074,6.626378,-0.001508,4.5e-05,-0.001866,-0.001756
10159.741513,9.074,7.153175,-0.001513,4.6e-05,-0.001871,-0.00176
10160.992305,9.074,6.963853,-0.001517,4.8e-05,-0.001874,-0.001759
10163.492161,9.074,6.862393,-0.001517,5e-05,-0.001871,-0.001761
10165.975792,9.075,6.597373,-0.00152,5.3e-05,-0.001881,-0.001761
10167.227177,9.075,6.898675,-0.001518,5.5e-05,-0.001881,-0.001761
10169.694541,9.076,7.027439,-0.00152,6.5e-05,-0.001891,-0.001758
10170.945038,9.076,6.869989,-0.001519,6.2e-05,-0.001886,-0.001763
10173.476778,9.077,7.417397,-0.001526,6.1e-05,-0.001895,-0.001764
10175.991551,9.078,6.907971,-0.001535,5.1e-05,-0.001891,-0.001778
10177.241892,9.079,7.154132,-0.001539,5e-05,-0.001893,-0.001783
10179.742127,9.079,7.16364,-0.001538,4.6e-05,-0.001896,-0.001792
10181.004738,9.08,7.27854,-0.00154,4.9e-05,-0.001895,-0.001785
10183.50772,9.081,7.412245,-0.001544,4.9e-05,-0.001888,-0.001791
10186.038277,9.082,6.919232,-0.001552,4.5e-05,-0.001902,-0.001793
10187.303539,9.082,6.915514,-0.001556,4e-05,-0.001905,-0.001803
10189.835188000001,9.083,7.094105,-0.001574,4e-05,-0.001899,-0.001809
10191.101687,9.084,6.939365,-0.001581,3.8e-05,-0.001901,-0.001811
10193.616676,9.085,8.013253,-0.001593,3.5e-05,-0.001905,-0.001815
10196.148074,9.086,7.817502,-0.001589,5e-05,-0.001902,-0.001815
10197.413307,9.086,7.168208,-0.001586,4.6e-05,-0.001898,-0.001812
10199.943995,9.087,7.486985,-0.001593,4.6e-05,-0.00191,-0.001821
10201.209594,9.088,6.948661,-0.001596,4.6e-05,-0.001904,-0.001824
10203.72516,9.088,7.331342,-0.001618,3.2e-05,-0.001918,-0.001834
10204.976172,9.089,7.06951,-0.001617,3.2e-05,-0.001913,-0.001836
10207.491797,9.09,7.417079,-0.001613,3.9e-05,-0.001907,-0.001833
10209.992303,9.091,7.931606,-0.001624,3e-05,-0.001909,-0.001842
10211.257307,9.092,7.544249,-0.001625,3.1e-05,-0.001915,-0.001843
10213.757787,9.092,7.686453,-0.00162,3.4e-05,-0.001915,-0.001846
10215.022523,9.093,7.667702,-0.001623,3.8e-05,-0.00192,-0.001847
10217.522532,9.094,7.473812,-0.00163,2.8e-05,-0.001915,-0.001863
10220.022486,9.094,7.92555,-0.00163,3e-05,-0.001909,-0.00186
10221.288354,9.095,7.432006,-0.001637,2.5e-05,-0.001906,-0.001867
10223.819252,9.096,7.528951,-0.001637,2.3e-05,-0.00191,-0.00187
10225.085418,9.096,7.836838,-0.001638,2.6e-05,-0.001915,-0.001867
10227.616753,9.097,7.936493,-0.001644,3.6e-05,-0.001916,-0.00187
10230.130835,9.098,8.024992,-0.001642,3.6e-05,-0.001921,-0.001875
10231.382169,9.098,8.187116,-0.001642,3.6e-05,-0.00192,-0.001871
10233.881735,9.098,8.441936,-0.001646,3.3e-05,-0.001922,-0.00187
10235.132191,9.098,7.252724,-0.001643,2.6e-05,-0.001915,-0.001872
10237.648303,9.098,9.008309,-0.001644,2.3e-05,-0.001915,-0.001867
10240.163192,9.098,7.686347,-0.001642,3e-05,-0.00192,-0.001862
10241.414384,9.098,8.02733,-0.001634,3.9e-05,-0.001914,-0.001863
10243.929545,9.098,8.033438,-0.001628,4e-05,-0.001916,-0.001853
10245.178311,9.098,7.718272,-0.001627,4.2e-05,-0.001914,-0.001844
10247.710359,9.098,8.10053,-0.001623,4.4e-05,-0.001913,-0.001835
10248.976286,9.098,7.875458,-0.001625,3.9e-05,-0.001916,-0.001836
10251.506657,9.098,7.736865,-0.001622,3.8e-05,-0.001921,-0.001838
10254.006405,9.097,7.409111,-0.001614,4.2e-05,-0.001918,-0.001832
10255.27268,9.096,7.733359,-0.001614,4e-05,-0.001914,-0.001829
10257.802752,9.096,7.816705,-0.001614,3.6e-05,-0.001919,-0.001829
10259.053001,9.095,7.292723,-0.00161,3.4e-05,-0.00191,-0.001832
10261.568823,9.094,7.633068,-0.001616,2.1e-05,-0.001918,-0.001841
10264.069798,9.093,7.966241,-0.001619,1.3e-05,-0.001916,-0.001842
10265.334842,9.093,7.333467,-0.00162,9e-06,-0.001921,-0.001844
10267.852414,9.092,7.091874,-0.001617,9e-06,-0.001921,-0.00184
10269.101662000001,9.091,6.598648,-0.001614,7e-06,-0.001918,-0.001835
10271.63211,9.09,7.335114,-0.001595,1.9e-05,-0.001902,-0.001825
10274.14752,9.09,7.741115,-0.001587,2.6e-05,-0.001896,-0.001816
10275.412793,9.089,6.776602,-0.001585,2.4e-05,-0.001892,-0.001815
10277.92816,9.088,7.395884,-0.001576,2.4e-05,-0.001895,-0.001809
10279.178779,9.088,7.583452,-0.001572,2.7e-05,-0.001892,-0.001806
10281.694404,9.087,7.247571,-0.001562,4.2e-05,-0.001893,-0.001794
10284.194542,9.086,7.387331,-0.001553,4.4e-05,-0.001895,-0.001794
10285.459443,9.085,6.766404,-0.001551,4.5e-05,-0.001896,-0.001791
10287.976839,9.084,7.242365,-0.001557,2.3e-05,-0.001894,-0.001801
10289.225525,9.084,7.113175,-0.001557,2.6e-05,-0.001905,-0.001794
10291.758393,9.083,7.536707,-0.001552,3.4e-05,-0.001901,-0.00179
10293.007401,9.082,6.687572,-0.001551,3.8e-05,-0.001898,-0.001787
10295.507634,9.081,6.840029,-0.001539,3.6e-05,-0.001905,-0.001781
10298.023645,9.08,6.604864,-0.001552,2.1e-05,-0.001909,-0.001789
10299.288228,9.08,6.647147,-0.001555,1.7e-05,-0.001914,-0.001792
10301.818798,9.079,6.824784,-0.001554,1.2e-05,-0.001912,-0.001792
10303.069295,9.078,6.606882,-0.001551,1.1e-05,-0.001913,-0.001793
10305.569765,9.077,6.53161,-0.001547,9e-06,-0.001913,-0.001787
10308.069028,9.076,6.913708,-0.001541,8e-06,-0.001903,-0.001784
10309.334908,9.076,6.811822,-0.001537,1e-05,-0.001904,-0.001776
10311.851747,9.075,6.629724,-0.001532,1.5e-05,-0.001899,-0.001773
10313.116757,9.074,6.998966,-0.001527,1.5e-05,-0.001897,-0.00177
10315.628699,9.073,7.091981,-0.001524,1.3e-05,-0.001894,-0.001773
10318.116897,9.072,6.995407,-0.001521,1.2e-05,-0.001902,-0.001768
10319.36639,9.072,7.289695,-0.001521,1.5e-05,-0.001897,-0.001765
10321.881724,9.071,6.358012,-0.001512,1.8e-05,-0.001905,-0.00176
10323.1328,9.071,7.13283,-0.001512,1.7e-05,-0.0019,-0.001763
10325.647507,9.071,6.975646,-0.001508,2.1e-05,-0.001898,-0.001758
10328.164393,9.071,6.132301,-0.001508,2.4e-05,-0.001899,-0.001761
10329.428658,9.071,6.384148,-0.00151,2.1e-05,-0.001897,-0.001763
10331.943545,9.071,6.121677,-0.001511,2.2e-05,-0.0019,-0.001765
10333.179647,9.071,6.550202,-0.001513,1.8e-05,-0.001898,-0.001771
10335.694135,9.071,6.941596,-0.001523,1.6e-05,-0.0019,-0.001779
10336.959732,9.071,6.594505,-0.001526,1.2e-05,-0.001899,-0.001782
10339.461099,9.071,6.973202,-0.001538,1.2e-05,-0.001903,-0.001786
10341.97687,9.071,7.002525,-0.001538,1.7e-05,-0.001907,-0.001783
10343.241517,9.071,7.014902,-0.001538,1.5e-05,-0.001903,-0.001786
10345.772161,9.072,6.296976,-0.001542,1.6e-05,-0.001908,-0.001786
10347.022369,9.072,6.769963,-0.001545,1.4e-05,-0.001902,-0.00179
10349.522083,9.073,6.640561,-0.001544,1.9e-05,-0.001903,-0.001787
10352.053653,9.074,6.671636,-0.001545,2.6e-05,-0.001902,-0.001786
10353.303291,9.075,6.966404,-0.001546,2.8e-05,-0.001896,-0.001788
10355.804754,9.076,6.950786,-0.001551,2.7e-05,-0.001893,-0.001795
10357.068607,9.076,7.056761,-0.001555,2.9e-05,-0.001892,-0.001792
10359.569618,9.077,6.835833,-0.001557,3.3e-05,-0.001896,-0.001797
10362.085516,9.078,7.243905,-0.001557,3.3e-05,-0.001895,-0.001795
10363.351018,9.079,7.051928,-0.00156,3.6e-05,-0.001897,-0.001794
10365.850628,9.08,6.971238,-0.001566,3.4e-05,-0.001899,-0.001796
10367.099766,9.08,7.276044,-0.001565,3.6e-05,-0.001892,-0.001798
10369.601641,9.081,7.20943,-0.001567,3.3e-05,-0.00189,-0.001807
10372.117193,9.082,7.723319,-0.001575,3.3e-05,-0.001891,-0.001812
10373.381813,9.083,7.455857,-0.001576,3.6e-05,-0.001893,-0.001809
10375.88074,9.084,7.369324,-0.001577,4.4e-05,-0.001898,-0.001806
10377.132733,9.084,7.207836,-0.001578,4.8e-05,-0.001897,-0.001803
10379.632369,9.085,7.355141,-0.001582,4.5e-05,-0.001891,-0.001815
10382.162645,9.086,7.295538,-0.001586,4.7e-05,-0.001892,-0.001812
10383.413622,9.087,7.300054,-0.001587,4.4e-05,-0.001884,-0.001819
10385.92803,9.087,7.629508,-0.001594,4.3e-05,-0.001886,-0.001822
10387.178325,9.088,7.523532,-0.001597,4.1e-05,-0.001887,-0.00182
10389.695245,9.089,7.605179,-0.0016,4.6e-05,-0.001888,-0.001823
10392.20894,9.089,7.469349,-0.001597,4.9e-05,-0.001884,-0.001825
10393.459384,9.091,7.369536,-0.001599,5.2e-05,-0.001886,-0.001824
10395.976086,9.092,7.622602,-0.001599,5.3e-05,-0.001882,-0.001828
10397.241994,9.092,7.401886,-0.001605,5.1e-05,-0.001884,-0.001831
10399.758118,9.093,7.407996,-0.001609,5.1e-05,-0.001884,-0.001834
10401.022625,9.094,8.011659,-0.001611,5.2e-05,-0.001884,-0.001836
10403.538524,9.094,6.394241,-0.001619,5e-05,-0.001888,-0.001842
10406.053634,9.095,7.983771,-0.00162,5.1e-05,-0.001887,-0.001843
10407.304757,9.096,7.957954,-0.001619,5e-05,-0.001884,-0.001845
10409.81984,9.097,8.485229,-0.001624,6.1e-05,-0.001884,-0.001844
10411.084738,9.097,8.244274,-0.001624,6e-05,-0.001884,-0.001846
10413.60063,9.098,7.730278,-0.001623,6.2e-05,-0.001887,-0.001845
10416.13212,9.1,8.267222,-0.001627,6.6e-05,-0.001891,-0.001847
10417.383491,9.1,8.651072,-0.00163,6.4e-05,-0.00189,-0.001848
10419.897997,9.1,7.868392,-0.001629,6.1e-05,-0.001886,-0.001851
10421.148373,9.1,7.036257,-0.00163,6.2e-05,-0.001882,-0.001848
10423.679136,9.101,8.165868,-0.001624,6.2e-05,-0.001877,-0.001844
10426.178243,9.101,8.008047,-0.001623,6.6e-05,-0.001876,-0.00184
10427.444078,9.101,7.750889,-0.001622,6.6e-05,-0.001874,-0.00184
10429.960378,9.101,8.105363,-0.001617,6.6e-05,-0.001874,-0.001836
10431.226286000001,9.101,7.943664,-0.001613,6.8e-05,-0.001879,-0.001832
10433.75762,9.101,8.067541,-0.001608,6.6e-05,-0.00188,-0.001831
10435.007384,9.101,8.370382,-0.001607,6.7e-05,-0.001883,-0.001828
10437.523022,9.101,7.7749,-0.001602,6.6e-05,-0.001879,-0.001826
10440.034082,9.101,7.742389,-0.001598,6.6e-05,-0.001879,-0.00182
10441.272397,9.1,7.872801,-0.001597,6.7e-05,-0.00188,-0.001818
10443.788853,9.099,7.181966,-0.001591,6.8e-05,-0.00188,-0.001812
10445.038122,9.099,7.599761,-0.001589,6.3e-05,-0.001873,-0.001814
10447.554297,9.098,6.877214,-0.001588,6.1e-05,-0.001877,-0.001812
10450.054873000001,9.097,7.628765,-0.001581,6.3e-05,-0.001871,-0.001809
10451.30324,9.096,8.051977,-0.001578,6.5e-05,-0.001876,-0.001806
10453.804315,9.095,7.575538,-0.001573,6.8e-05,-0.001873,-0.001798
10455.069071,9.095,7.560876,-0.001569,6.9e-05,-0.00187,-0.001798
10457.60163,9.094,7.53506,-0.001563,7.1e-05,-0.001875,-0.001793
10460.126834,9.093,7.250439,-0.001554,7.2e-05,-0.001869,-0.001789
10461.366755000001,9.093,7.473281,-0.001552,7.5e-05,-0.001874,-0.001784
10463.882365,9.092,7.687197,-0.001544,8.1e-05,-0.001872,-0.001778
10465.133282,9.092,7.287145,-0.001541,8.1e-05,-0.00187,-0.001778
10467.631264,9.09,7.210598,-0.001535,7.7e-05,-0.001864,-0.001776
10470.132639,9.089,7.226216,-0.001532,7.2e-05,-0.001865,-0.001774
10471.397632,9.089,7.501594,-0.001533,7.5e-05,-0.001869,-0.001769
10475.162718,9.088,7.6447,-0.00153,7.6e-05,-0.001868,-0.001759
10477.678268,9.087,6.825262,-0.001523,7.7e-05,-0.001868,-0.001757
10480.177795,9.086,6.907068,-0.00152,7.6e-05,-0.00187,-0.001755
10481.428605000001,9.085,7.040559,-0.00152,7.3e-05,-0.001865,-0.001758
10483.944512,9.084,6.692565,-0.001514,7.4e-05,-0.001868,-0.001752
10485.19373,9.084,7.263295,-0.001511,7.4e-05,-0.001874,-0.00175
10487.694792,9.083,6.956841,-0.001507,7.5e-05,-0.001874,-0.001745
10490.195535,9.082,6.742764,-0.001504,7.6e-05,-0.001872,-0.001743
10491.459363,9.081,7.006244,-0.001503,7.3e-05,-0.001868,-0.001745
10493.975679,9.08,6.754558,-0.001501,7.3e-05,-0.001873,-0.001738
10495.225239,9.08,6.623509,-0.001496,7.4e-05,-0.00187,-0.001736
10497.726197,9.079,6.856656,-0.001492,7.3e-05,-0.001874,-0.001733
10498.991471,9.078,6.936549,-0.001489,7.4e-05,-0.001877,-0.00173
10501.507655,9.077,6.491663,-0.00149,6.6e-05,-0.001878,-0.00173
10504.022842,9.077,6.443589,-0.001489,6.7e-05,-0.001869,-0.001732
10505.271977,9.077,6.57501,-0.001489,6.9e-05,-0.001875,-0.001734
10507.78836,9.077,6.895434,-0.001488,6.9e-05,-0.001876,-0.001734
10509.053351,9.077,6.465688,-0.001491,6.7e-05,-0.001874,-0.001738
10511.56936,9.077,6.542553,-0.001493,6.8e-05,-0.001875,-0.001738
10514.100275,9.077,7.322895,-0.001494,7.1e-05,-0.001865,-0.001739
10515.366684,9.077,6.847307,-0.001495,7.6e-05,-0.001867,-0.001737
10517.881333,9.077,6.911901,-0.001496,7.8e-05,-0.001866,-0.001739
10519.132466,9.077,6.480933,-0.001498,8.2e-05,-0.00187,-0.001736
10521.662856,9.077,6.852194,-0.0015,7.7e-05,-0.001864,-0.001746
10524.178823,9.077,6.668874,-0.0015,8.3e-05,-0.001868,-0.001744
10525.444865,9.077,6.747439,-0.001504,8.1e-05,-0.001864,-0.001751
10527.959832,9.078,6.683588,-0.001511,7.8e-05,-0.001867,-0.001756
10529.212087,9.078,7.007891,-0.001514,7.6e-05,-0.001865,-0.001759
10531.710663,9.079,7.248261,-0.001518,7.9e-05,-0.001866,-0.001758
10532.976786,9.08,6.838967,-0.001521,7.7e-05,-0.00187,-0.00176
10535.507455,9.081,7.448367,-0.001527,7.9e-05,-0.001863,-0.001767
10538.023443,9.082,7.951845,-0.001529,8.1e-05,-0.001865,-0.001771
10539.287343,9.082,6.603801,-0.001535,7.7e-05,-0.001865,-0.001775
10541.788588,9.083,7.564808,-0.001542,6.9e-05,-0.00187,-0.001785
10543.054113,9.084,7.145738,-0.001542,6.9e-05,-0.001874,-0.001785
10545.569774,9.084,7.055858,-0.001546,7e-05,-0.001871,-0.001788
10548.100351000001,9.085,7.14287,-0.001553,6.6e-05,-0.001867,-0.001799
10549.352324,9.086,7.099311,-0.001554,6.5e-05,-0.001864,-0.0018
10551.86697,9.087,7.305312,-0.001555,7.4e-05,-0.001869,-0.001795
10553.115599,9.087,7.318752,-0.001558,7.5e-05,-0.00187,-0.001794
10555.631204,9.088,7.592643,-0.001558,8.4e-05,-0.001874,-0.001788
10558.163086,9.089,7.467172,-0.00157,6.7e-05,-0.001872,-0.001812
10559.41337,9.09,7.378779,-0.001574,6.4e-05,-0.001878,-0.001813
10561.928495,9.091,7.624462,-0.001569,7.7e-05,-0.001874,-0.001808
10563.178694,9.091,7.679654,-0.001573,7.9e-05,-0.001874,-0.001805
10565.695244,9.092,7.810862,-0.00159,7.9e-05,-0.001883,-0.001811
10568.210344,9.093,7.497451,-0.001593,8e-05,-0.001886,-0.001816
10569.476607,9.094,7.442258,-0.001595,7.6e-05,-0.001885,-0.001822
10572.00773,9.094,7.715616,-0.0016,6.7e-05,-0.001882,-0.001827
10573.272161,9.095,7.965869,-0.001599,7.3e-05,-0.001885,-0.001823
10575.788749,9.096,7.864727,-0.0016,7.2e-05,-0.001884,-0.001833
10577.053502,9.096,8.019892,-0.0016,7.3e-05,-0.001885,-0.001831
10579.553508,9.097,7.760238,-0.001616,7e-05,-0.001888,-0.001833
10582.069685,9.098,7.94563,-0.001625,6.3e-05,-0.00189,-0.001844
10583.334435,9.099,8.022336,-0.001627,6.6e-05,-0.001889,-0.001851
10585.850452,9.1,7.954608,-0.00163,5.9e-05,-0.001887,-0.001857
10587.117215,9.1,9.237046,-0.001629,5.8e-05,-0.001881,-0.001863
10589.63205,9.101,7.878538,-0.001627,5.4e-05,-0.001878,-0.001864
10592.131661,9.101,8.521086,-0.001625,6.2e-05,-0.001884,-0.001851
10593.397466,9.101,8.607195,-0.001624,6.7e-05,-0.001884,-0.001846
10595.912678,9.101,8.473755,-0.001621,6.4e-05,-0.001882,-0.00185
10597.162435,9.101,7.550571,-0.00162,6e-05,-0.001884,-0.00185
10599.663559,9.101,8.623981,-0.001617,7e-05,-0.00189,-0.001838
10602.178666,9.101,7.862707,-0.001617,6.9e-05,-0.001891,-0.001831
10603.444232,9.101,8.135801,-0.001614,6.7e-05,-0.001889,-0.001829
10605.944316000001,9.101,8.433118,-0.001606,6.9e-05,-0.001888,-0.001828
10607.194349,9.101,7.558167,-0.001603,7e-05,-0.001894,-0.001822
10609.709446,9.101,7.244968,-0.0016,6.8e-05,-0.001893,-0.001821
10612.224861,9.1,8.174261,-0.001594,6.9e-05,-0.00189,-0.001822
10613.491691,9.099,7.959229,-0.001591,5.9e-05,-0.001892,-0.001825
10616.00201,9.098,7.712535,-0.001589,5.6e-05,-0.001897,-0.001824
10617.258122,9.098,7.742177,-0.001589,5.8e-05,-0.0019,-0.00182
10619.772721,9.097,7.643001,-0.001596,4.3e-05,-0.001894,-0.001832
10621.038573,9.097,7.492882,-0.001597,4.1e-05,-0.001897,-0.001834
10623.554422,9.096,7.540903,-0.001595,3.9e-05,-0.001887,-0.001826
10626.069750999999,9.095,7.66324,-0.001586,4.5e-05,-0.001895,-0.001821
10627.334796,9.094,7.143933,-0.001581,4.5e-05,-0.001898,-0.001814
10629.850056,9.093,7.305312,-0.001575,4.2e-05,-0.001891,-0.001813
10631.116703,9.093,7.089431,-0.001581,3.7e-05,-0.001894,-0.00182
10633.647046,9.092,7.051397,-0.001579,3.2e-05,-0.001889,-0.001821
10636.147093,9.091,6.900162,-0.001564,4.6e-05,-0.001896,-0.001804
10637.413747,9.09,7.097983,-0.001559,4.9e-05,-0.001894,-0.0018
10639.943728,9.089,7.803,-0.001571,3.7e-05,-0.001899,-0.00181
10641.194459,9.089,7.420319,-0.001568,3.2e-05,-0.001892,-0.001811
10643.710335,9.088,7.054531,-0.001556,4.3e-05,-0.001895,-0.001797
10646.225524,9.087,6.884173,-0.001556,5.1e-05,-0.001906,-0.001787
10647.491682,9.087,7.398593,-0.001556,4.8e-05,-0.001902,-0.001789
10650.007328,9.086,6.800029,-0.001556,4e-05,-0.001905,-0.001789
10651.271576,9.085,6.840613,-0.001554,3.8e-05,-0.001902,-0.001788
10653.772151,9.084,6.979631,-0.001543,4.2e-05,-0.001901,-0.001781
10655.023352,9.084,6.841676,-0.001544,4.4e-05,-0.001906,-0.001779
10657.554549,9.082,7.048475,-0.001549,3.2e-05,-0.001909,-0.001788
10660.069972,9.081,6.930122,-0.00154,4.2e-05,-0.001908,-0.001772
10661.319787,9.081,6.982818,-0.001534,4.6e-05,-0.001906,-0.001768
10663.850665,9.08,7.046456,-0.001534,4.4e-05,-0.001906,-0.001765
10665.116779,9.079,7.35684,-0.001526,4.3e-05,-0.001902,-0.001764
10667.630543,9.078,6.912008,-0.001528,4e-05,-0.001911,-0.001764
10670.148421,9.078,6.738515,-0.001527,4.1e-05,-0.001911,-0.001765
10671.41307,9.077,6.983295,-0.001522,2.9e-05,-0.001905,-0.001778
10673.928919,9.076,6.307175,-0.001535,7e-06,-0.001902,-0.001787
10675.178613,9.076,6.592008,-0.001534,8e-06,-0.001901,-0.001786
10677.678828,9.076,6.846351,-0.001521,1.6e-05,-0.001895,-0.00178
10680.194454,9.076,7.124118,-0.001524,2.6e-05,-0.001911,-0.001776
10681.444569,9.076,6.737559,-0.001527,2.5e-05,-0.001905,-0.001775
10683.97656,9.076,6.815168,-0.001528,2.8e-05,-0.001916,-0.001775
10685.242056,9.076,6.599498,-0.00153,2.8e-05,-0.001916,-0.001776
10687.757426,9.076,6.810015,-0.001538,2.5e-05,-0.001914,-0.001783
10689.022675,9.076,6.799922,-0.001541,2.1e-05,-0.00191,-0.001785
10691.523728,9.076,7.34696,-0.001542,2.3e-05,-0.001908,-0.001782
10694.05326,9.076,7.098248,-0.001548,2.3e-05,-0.001916,-0.001786
10695.304043,9.076,6.949192,-0.001551,2.1e-05,-0.001912,-0.001797
10697.804762,9.076,7.38356,-0.001556,2e-05,-0.00191,-0.001801
10699.068787,9.076,6.90303,-0.001556,2.2e-05,-0.00191,-0.001799
10701.584751,9.077,6.857931,-0.001561,1.6e-05,-0.001909,-0.001806
10704.084937,9.078,7.169165,-0.001564,2.4e-05,-0.001908,-0.001806
10705.350711,9.079,6.510787,-0.001562,2.5e-05,-0.001908,-0.001802
10707.86641,9.079,6.784783,-0.001564,2.8e-05,-0.001909,-0.001806
10709.116035,9.08,7.218088,-0.001568,2.3e-05,-0.001906,-0.001812
10711.632687,9.081,7.121303,-0.001575,2e-05,-0.001893,-0.001813
10714.147955,9.082,7.29097,-0.001574,2.9e-05,-0.001897,-0.001812
10715.397755,9.083,7.408686,-0.001574,3.2e-05,-0.001893,-0.001813
10717.898694,9.084,7.769693,-0.001571,3.3e-05,-0.001889,-0.001813
10719.16372,9.084,7.351475,-0.001575,3.3e-05,-0.001892,-0.001815
10721.663579,9.085,7.543293,-0.001574,3.8e-05,-0.001894,-0.001817
10724.163028,9.086,7.550253,-0.001575,4.1e-05,-0.001896,-0.00182
10725.413712,9.086,7.911155,-0.001574,4.2e-05,-0.001891,-0.001823
10727.929279,9.087,8.36422,-0.001575,4.5e-05,-0.001898,-0.00182
10729.178571,9.088,7.549615,-0.001578,4.7e-05,-0.001895,-0.001821
10731.678571,9.089,7.87822,-0.001582,4.9e-05,-0.001895,-0.001823
10734.178474,9.09,7.638167,-0.001586,4.9e-05,-0.001893,-0.001824
10735.429418,9.09,6.566351,-0.001587,5.3e-05,-0.001895,-0.001821
10737.928178,9.091,8.257979,-0.001593,5.3e-05,-0.001897,-0.001826
10739.178824,9.092,7.557636,-0.001595,5.2e-05,-0.001894,-0.001829
10741.69473,9.093,7.725125,-0.001597,5.2e-05,-0.001887,-0.001827
10744.225628,9.094,8.529851,-0.001605,5.4e-05,-0.001893,-0.001831
10745.475461,9.094,7.712855,-0.001603,5.3e-05,-0.001885,-0.00183
10747.9758,9.094,7.968471,-0.001601,5.6e-05,-0.001883,-0.001828
10749.241718,9.094,7.261754,-0.001603,5.7e-05,-0.001886,-0.001827
10751.754924,9.094,7.814049,-0.001603,5.2e-05,-0.001883,-0.001828
10753.006789,9.094,7.475884,-0.001602,5.4e-05,-0.00189,-0.001826
10755.506085,9.094,7.597689,-0.001597,5.5e-05,-0.00189,-0.001823
10758.021438,9.094,7.523267,-0.001591,5.9e-05,-0.001892,-0.001818
10759.257258,9.094,7.409748,-0.001589,5.9e-05,-0.001888,-0.001816
10761.756638,9.094,7.607463,-0.001584,5.5e-05,-0.001884,-0.001815
10763.007569,9.094,8.062708,-0.001586,5.4e-05,-0.001886,-0.001812
10765.507185,9.094,7.299363,-0.001584,5e-05,-0.001882,-0.001809
10768.022546,9.094,7.359178,-0.00158,5.3e-05,-0.001881,-0.001806
10769.272705,9.094,7.79381,-0.001578,5.8e-05,-0.001877,-0.001802
10771.787434,9.093,6.959817,-0.001568,6.7e-05,-0.001885,-0.001796
10773.038208,9.092,7.326614,-0.001565,6.1e-05,-0.001882,-0.001794
10775.570145,9.092,7.51838,-0.001562,5.7e-05,-0.001884,-0.001793
10778.070306,9.091,7.202578,-0.001559,5.5e-05,-0.001881,-0.001792
10779.318942,9.09,7.111317,-0.001561,5.2e-05,-0.001875,-0.001793
10781.82027,9.089,7.317371,-0.001553,5.3e-05,-0.001877,-0.001789
10783.084842,9.089,6.615116,-0.001552,5.7e-05,-0.001883,-0.001785
10785.599716,9.088,6.894478,-0.001547,5.6e-05,-0.001878,-0.00178
10788.099862,9.087,6.853362,-0.001542,5.6e-05,-0.001877,-0.001778
10789.351012,9.087,6.642366,-0.001539,5.8e-05,-0.001883,-0.001773
10791.881074,9.085,6.985421,-0.001534,5.6e-05,-0.001875,-0.001774
10793.132331,9.085,7.473599,-0.001533,5.6e-05,-0.001883,-0.00177
10795.632555,9.084,6.861543,-0.001532,5.3e-05,-0.001886,-0.00177
10798.133366,9.083,7.138036,-0.001526,5.5e-05,-0.001883,-0.001766
10799.381223,9.083,7.10882,-0.001522,5.5e-05,-0.001878,-0.001765
10801.898025,9.082,7.017931,-0.001518,5.5e-05,-0.001879,-0.001761
10803.161859,9.081,6.804119,-0.001516,5.4e-05,-0.001878,-0.001761
10805.678659,9.08,6.799391,-0.001513,5.1e-05,-0.001877,-0.001756
10808.180401,9.079,7.346907,-0.001511,5.3e-05,-0.001883,-0.001751
10809.428732,9.078,6.528317,-0.001508,5.3e-05,-0.001886,-0.001747
10811.929006,9.078,7.301913,-0.001504,5.3e-05,-0.001886,-0.001746
10813.17949,9.077,6.432912,-0.001503,5.4e-05,-0.001878,-0.001745
10815.679415,9.077,6.837479,-0.0015,5.6e-05,-0.001877,-0.001744
10818.195305,9.077,6.782977,-0.001497,5.5e-05,-0.001875,-0.001746
10819.460811,9.077,6.81129,-0.001497,5.7e-05,-0.001875,-0.001747
10821.975563,9.077,6.747227,-0.001498,5.6e-05,-0.001874,-0.001751
10823.225441,9.077,6.863562,-0.001501,5.5e-05,-0.001872,-0.001752
10825.726807,9.076,7.248845,-0.001505,5.5e-05,-0.001877,-0.001758
10828.242027,9.076,6.658409,-0.001506,5.6e-05,-0.001877,-0.00176
10829.506032,9.076,7.114716,-0.00151,5.5e-05,-0.001881,-0.00176
10832.008075,9.076,6.958276,-0.001513,5.9e-05,-0.001883,-0.001758
10833.272056,9.076,6.85246,-0.001518,5.8e-05,-0.001882,-0.001762
10835.772151,9.076,7.227491,-0.001521,5.7e-05,-0.001881,-0.001765
10837.022497,9.077,6.53517,-0.001522,5.7e-05,-0.001876,-0.001764
10839.538588,9.077,7.083322,-0.001522,6.2e-05,-0.001873,-0.001766
10842.055144,9.078,7.438327,-0.001527,6.3e-05,-0.001876,-0.001769
10843.319666,9.079,7.363108,-0.001525,6.6e-05,-0.001874,-0.001769
10845.834933,9.08,7.400452,-0.001526,6.3e-05,-0.001877,-0.001775
10847.10141,9.08,7.299204,-0.001531,6.4e-05,-0.001875,-0.001778
10849.615681,9.081,7.588128,-0.001537,6e-05,-0.001875,-0.001783
10852.117324,9.082,7.02303,-0.001541,6.3e-05,-0.001871,-0.001786
10853.380993,9.083,7.314131,-0.001544,6.3e-05,-0.001867,-0.001784
10855.882557,9.084,7.503081,-0.00155,6.5e-05,-0.001867,-0.001789
10857.132334,9.084,7.526561,-0.001552,6.6e-05,-0.00187,-0.001791
10859.647025,9.085,7.420478,-0.001555,6.7e-05,-0.001876,-0.00179
10862.16426,9.086,7.632483,-0.001557,6.8e-05,-0.001876,-0.001794
10863.42841,9.087,7.484382,-0.00156,6.7e-05,-0.001876,-0.001797
10865.929297,9.088,7.859202,-0.00156,7e-05,-0.001875,-0.0018
10867.195267,9.088,7.736175,-0.001564,7.2e-05,-0.001869,-0.001802
10869.727272,9.089,7.522364,-0.001567,7.5e-05,-0.001869,-0.001799
10872.242449,9.09,8.286133,-0.001571,7.7e-05,-0.001879,-0.0018
10873.504522,9.091,7.141701,-0.001571,7.9e-05,-0.00188,-0.001801
10876.022993,9.092,7.51583,-0.001574,7.7e-05,-0.001877,-0.001804
10877.28839,9.092,7.697662,-0.001581,7.2e-05,-0.001875,-0.001811
10879.820208000001,9.093,8.053624,-0.001588,7.2e-05,-0.001872,-0.001817
10881.06858,9.094,7.581859,-0.001589,7.3e-05,-0.001878,-0.001815
10883.585145000001,9.095,7.605179,-0.001589,7.7e-05,-0.00188,-0.001818
10886.115592,9.096,8.330063,-0.001589,7.9e-05,-0.001872,-0.001824
10887.366264,9.096,7.488048,-0.001595,7.9e-05,-0.001878,-0.001824
10889.897023,9.097,7.425738,-0.0016,7.6e-05,-0.001873,-0.001827
10891.148005,9.098,8.116094,-0.0016,7.6e-05,-0.001876,-0.001829
10893.679718,9.098,7.524701,-0.001599,8.2e-05,-0.001872,-0.001832
10896.179075,9.099,7.770118,-0.001603,8.1e-05,-0.00187,-0.001832
10897.428157,9.099,8.236837,-0.001601,8.2e-05,-0.00187,-0.001829
10899.943742,9.099,7.646082,-0.001599,8.2e-05,-0.001872,-0.001823
10901.194941,9.099,7.847675,-0.001598,8.2e-05,-0.001867,-0.001825
10903.710405,9.099,8.159334,-0.001604,7.9e-05,-0.001865,-0.001831
10906.241602,9.099,8.229772,-0.001602,7.8e-05,-0.001874,-0.001829
10907.490698,9.099,7.91312,-0.001599,8e-05,-0.001868,-0.001829
10909.992274,9.099,7.958007,-0.001595,8.2e-05,-0.00187,-0.001829
10911.256666,9.099,8.139892,-0.001598,8.2e-05,-0.001872,-0.001828
10913.757139,9.099,7.373414,-0.001597,8.2e-05,-0.001871,-0.001827
10915.022295,9.099,8.032535,-0.001599,8.1e-05,-0.001869,-0.001827
10917.538517,9.099,7.98308,-0.001597,8.4e-05,-0.001873,-0.001822
10920.054705,9.099,8.247621,-0.001594,8.6e-05,-0.001863,-0.001823
10921.303763,9.099,7.52757,-0.001595,8.5e-05,-0.001866,-0.001825
10923.835901,9.099,8.184247,-0.001599,8.4e-05,-0.001872,-0.001824
10925.101426,9.099,7.981911,-0.001595,8.5e-05,-0.001864,-0.001824
10927.632359,9.099,6.962101,-0.001596,8.3e-05,-0.001868,-0.001821
10930.131613,9.099,8.166771,-0.001591,8.6e-05,-0.001868,-0.001818
10931.397276,9.099,7.785576,-0.00159,8.6e-05,-0.001865,-0.001818
10933.912035,9.099,7.977078,-0.001593,8.7e-05,-0.001873,-0.001818
10935.15944,9.099,8.399758,-0.001594,8.4e-05,-0.001865,-0.001824
10937.648018,9.099,7.638805,-0.001598,8.4e-05,-0.00187,-0.001827
10940.157112,9.099,7.794925,-0.001597,8.4e-05,-0.001873,-0.001826
10941.399026,9.099,8.181645,-0.001594,8.4e-05,-0.001866,-0.001825
10943.928013,9.099,8.089481,-0.001596,8.6e-05,-0.00187,-0.001824
10945.180049,9.099,7.943558,-0.001595,8.5e-05,-0.001865,-0.001825
10947.710846,9.099,8.308443,-0.001596,8.5e-05,-0.001868,-0.001822
10950.241574,9.099,7.895962,-0.001597,8.4e-05,-0.001866,-0.00182
10951.508267,9.099,7.815324,-0.001598,8.4e-05,-0.001871,-0.00182
10954.038815,9.099,7.99227,-0.001597,8.4e-05,-0.001869,-0.001827
10955.304358,9.099,8.237049,-0.001598,8.4e-05,-0.001874,-0.001821
10957.818663,9.099,8.26276,-0.001592,8.6e-05,-0.001869,-0.001819
10959.069546,9.099,8.214208,-0.00159,8.8e-05,-0.001868,-0.001819
10961.569608,9.099,7.783133,-0.001595,8.5e-05,-0.001866,-0.001822
10964.101497,9.099,7.540265,-0.001596,8.9e-05,-0.001872,-0.001818
10965.367371,9.099,7.647303,-0.001595,8.9e-05,-0.001871,-0.00182
10967.881863,9.099,7.573678,-0.001594,8.9e-05,-0.00187,-0.00182
10969.147118,9.099,7.935537,-0.001594,8.5e-05,-0.001862,-0.001822
10971.663123,9.099,8.108073,-0.001597,8.4e-05,-0.001867,-0.001823
10974.179012,9.099,8.14871,-0.001596,8.3e-05,-0.001871,-0.001819
10975.445187,9.099,8.183504,-0.001593,8.5e-05,-0.001869,-0.00182
10977.959828,9.099,7.883054,-0.001591,9e-05,-0.001874,-0.001818
10979.210406,9.099,8.237793,-0.001587,9e-05,-0.001868,-0.001821
10981.741621,9.099,8.187966,-0.001595,8.5e-05,-0.00187,-0.001826
10984.257256,9.099,8.302441,-0.001596,7.7e-05,-0.00187,-0.001827
10985.522623,9.099,8.149932,-0.001597,7.6e-05,-0.001868,-0.001833
10988.037236,9.099,7.525658,-0.001598,8.2e-05,-0.001874,-0.001828
10989.287996,9.099,7.867702,-0.001596,8.5e-05,-0.001868,-0.001827
10991.787087,9.099,7.862602,-0.001594,8.5e-05,-0.001867,-0.001827
10993.038131,9.099,8.137873,-0.001596,8.5e-05,-0.001871,-0.001826
10995.539391,9.099,8.080662,-0.001597,8.3e-05,-0.001862,-0.001828
10998.054334,9.099,8.571551,-0.0016,7.6e-05,-0.001861,-0.001831
10999.301938,9.099,8.183982,-0.001604,7.5e-05,-0.001863,-0.001833
11001.789024,9.099,7.861592,-0.001612,6.9e-05,-0.001868,-0.001842
11003.053803,9.099,7.940689,-0.001615,5.9e-05,-0.001878,-0.001848
11005.584276,9.099,8.124115,-0.001616,5.7e-05,-0.001875,-0.001848
11008.07017,9.099,7.616388,-0.00162,5.2e-05,-0.001882,-0.001855
11009.335516,9.099,8.621908,-0.001626,4.6e-05,-0.001882,-0.001861
11011.86718,9.099,7.822602,-0.00162,5.6e-05,-0.001889,-0.001848
11013.131956,9.099,7.871846,-0.001617,5.7e-05,-0.001889,-0.001846
11015.648423,9.099,6.317163,-0.00161,5.9e-05,-0.001891,-0.001845
11018.1467,9.099,8.410861,-0.001631,4.4e-05,-0.001892,-0.00186
11019.398015,9.099,7.326561,-0.001635,3.6e-05,-0.001891,-0.00187
11021.929762,9.099,7.230572,-0.001638,3.4e-05,-0.0019,-0.001871
11023.178624,9.099,7.921194,-0.001637,3.2e-05,-0.001896,-0.001873
11025.677719,9.099,8.106319,-0.001637,2.8e-05,-0.001888,-0.001877
11028.17883,9.099,7.63652,-0.001635,3.3e-05,-0.001892,-0.001876
11029.428688,9.099,7.861167,-0.001639,2.5e-05,-0.001893,-0.001881
11031.960832,9.099,7.897237,-0.001643,2.7e-05,-0.001904,-0.001878
11033.226666,9.099,8.066161,-0.001639,2.9e-05,-0.001897,-0.001878
11035.742399,9.099,8.727831,-0.001632,3.6e-05,-0.001896,-0.001868
11038.257475,9.099,7.962628,-0.001623,5.2e-05,-0.001906,-0.001859
11039.507114,9.099,8.455057,-0.001633,4.3e-05,-0.001905,-0.001866
11042.007495,9.099,8.265151,-0.001635,4e-05,-0.001907,-0.001872
11043.272517,9.099,8.207408,-0.00164,2.7e-05,-0.001905,-0.001882
11045.788627,9.099,8.415641,-0.001636,2.6e-05,-0.001899,-0.00188
11047.038221,9.099,7.688685,-0.001633,3.7e-05,-0.001911,-0.001869
11049.553594,9.099,7.936705,-0.001633,4.2e-05,-0.001914,-0.00186
11052.05372,9.099,8.801988,-0.001636,4.2e-05,-0.001917,-0.001858
11053.304123,9.099,7.582975,-0.00164,3.8e-05,-0.001914,-0.001865
11055.80373,9.099,7.901646,-0.001636,4.6e-05,-0.001912,-0.001859
11057.053443,9.099,7.484914,-0.001633,5.2e-05,-0.001916,-0.001852
11059.585558,9.099,7.454901,-0.001644,3.1e-05,-0.001915,-0.00187
11062.101375,9.099,7.94818,-0.001653,2.3e-05,-0.001914,-0.001878
11063.366562,9.099,8.145576,-0.001649,2.5e-05,-0.001917,-0.001876
11065.881996,9.099,7.746214,-0.00164,2.5e-05,-0.001906,-0.001877
11067.132131,9.099,8.386052,-0.001638,2.9e-05,-0.001911,-0.001875
11069.633732,9.099,8.090968,-0.001642,2.9e-05,-0.001914,-0.001873
11072.14909,9.099,7.946693,-0.001649,2.1e-05,-0.001911,-0.001877
11073.397987,9.099,8.828123,-0.001643,2.8e-05,-0.001913,-0.00187
11075.912856,9.099,7.761088,-0.001638,3.5e-05,-0.001914,-0.001866
11077.178394,9.099,7.649747,-0.00164,3.5e-05,-0.001914,-0.001868
11079.694659,9.099,8.249958,-0.001643,3.2e-05,-0.001918,-0.001869
11082.225983,9.099,7.847622,-0.001648,2.8e-05,-0.001923,-0.001879
11083.492111,9.099,7.895591,-0.001652,1e-05,-0.00192,-0.001895
11086.008094,9.099,8.326982,-0.001653,1.7e-05,-0.001917,-0.001883
11087.272101,9.099,8.241459,-0.001648,2e-05,-0.001912,-0.001881
11089.787852,9.099,8.127515,-0.001637,2.9e-05,-0.001911,-0.001871
11091.038012,9.099,7.745895,-0.001626,4e-05,-0.001912,-0.001862
11093.53854,9.099,7.991314,-0.001632,4.7e-05,-0.001918,-0.001854
11096.052723,9.099,8.071791,-0.001643,4.5e-05,-0.001915,-0.00186
11097.304981,9.099,7.485817,-0.001644,4.3e-05,-0.001919,-0.001859
11099.804359,9.099,8.17782,-0.001644,3.6e-05,-0.001917,-0.001865
11101.069872,9.099,7.880398,-0.001643,3.6e-05,-0.001919,-0.001863
11103.584202,9.099,7.717582,-0.001647,3.2e-05,-0.001922,-0.001867
11106.085407,9.099,8.173464,-0.001636,4.4e-05,-0.001912,-0.001864
11107.350993,9.099,7.758857,-0.001638,4.2e-05,-0.001916,-0.001863
11109.882705,9.099,8.270516,-0.001636,3.5e-05,-0.00191,-0.001868
11111.132615,9.099,7.796572,-0.001636,3.5e-05,-0.001915,-0.001864
11113.631811,9.099,8.242043,-0.001637,3.8e-05,-0.001915,-0.001866
11116.147555,9.099,7.95721,-0.00164,3.7e-05,-0.001909,-0.001867
11117.414078,9.099,8.035085,-0.001637,3.8e-05,-0.001913,-0.001862
11119.928467,9.099,8.011924,-0.001633,4.3e-05,-0.001911,-0.001859
11121.178492,9.099,8.132295,-0.001635,4e-05,-0.001907,-0.001861
11123.709699,9.099,8.27535,-0.001637,4.2e-05,-0.00191,-0.00186
11126.22562,9.099,8.119813,-0.001633,3.8e-05,-0.001901,-0.001863
11127.476777,9.099,8.369692,-0.001633,4.1e-05,-0.001905,-0.00186
11129.960375999999,9.099,9.115135,-0.001627,4.3e-05,-0.001894,-0.001859
11131.225488,9.099,8.282468,-0.001627,4.3e-05,-0.001895,-0.001858
11133.742475,9.099,7.540265,-0.001621,4.4e-05,-0.001893,-0.001858
11136.272008,9.099,7.990304,-0.001626,4.3e-05,-0.001898,-0.001859
11137.522463,9.099,7.963054,-0.001626,4.2e-05,-0.001889,-0.001862
11140.022445999999,9.099,8.548231,-0.001624,4.3e-05,-0.001886,-0.001859
11141.272356,9.099,8.157846,-0.001628,4.8e-05,-0.00189,-0.001855
11143.787961,9.099,7.591102,-0.001628,4.9e-05,-0.00189,-0.001852
11145.038392,9.099,8.421538,-0.001626,5.2e-05,-0.001885,-0.001852
11147.538048,9.099,7.842203,-0.001625,4.8e-05,-0.001887,-0.001852
11150.054212,9.099,8.018245,-0.001625,5.2e-05,-0.001891,-0.00185
11151.304594,9.099,8.585149,-0.001621,5.7e-05,-0.001886,-0.00185
11153.81958,9.099,8.244061,-0.001621,5.2e-05,-0.001885,-0.001854
11155.084853,9.099,7.970331,-0.00162,5.2e-05,-0.001886,-0.001851
11157.617075,9.099,7.958113,-0.001622,5.1e-05,-0.001886,-0.001854
11160.116513,9.099,8.516518,-0.001623,4.9e-05,-0.001882,-0.001853
11161.367041,9.099,8.239918,-0.001621,4.9e-05,-0.00188,-0.001852
11163.881839,9.099,8.254155,-0.00162,5.2e-05,-0.001884,-0.001851
11165.131686,9.099,8.059468,-0.001623,5.1e-05,-0.001891,-0.001854
11167.647869,9.099,7.9681,-0.001625,5e-05,-0.001892,-0.001849
11170.16337,9.099,7.888101,-0.001616,5.6e-05,-0.001891,-0.001847
11171.413339,9.099,7.573785,-0.001612,5.8e-05,-0.001889,-0.001845
11173.928742,9.099,7.922416,-0.00161,6e-05,-0.001891,-0.001844
11175.179353,9.099,8.0396,-0.001609,6e-05,-0.001886,-0.001845
11177.678142,9.099,7.776015,-0.00161,5.8e-05,-0.001884,-0.001842
11180.173395,9.099,7.841672,-0.001606,6.6e-05,-0.001878,-0.001836
11181.41287,9.099,8.132083,-0.001606,6.9e-05,-0.001878,-0.001838
11183.914113,9.099,8.797897,-0.0016,6.8e-05,-0.001884,-0.001834
11185.163128,9.099,8.086293,-0.001608,6.2e-05,-0.001886,-0.001839
11187.678407,9.099,7.752535,-0.001609,6.2e-05,-0.001881,-0.00184
11190.195334,9.099,8.205761,-0.001608,6.3e-05,-0.001882,-0.001839
11191.459673,9.099,8.721085,-0.001608,6.4e-05,-0.001888,-0.001838
11193.977216,9.099,7.966878,-0.001602,6.8e-05,-0.001883,-0.001839
11195.226505,9.099,8.241246,-0.001603,6.8e-05,-0.001887,-0.001839
11197.75722,9.099,8.273331,-0.001601,7.2e-05,-0.001885,-0.001833
11200.273728,9.099,7.480293,-0.001599,7.3e-05,-0.001882,-0.001833
11201.521774,9.099,7.933041,-0.001601,7.4e-05,-0.001888,-0.001829
11204.021887,9.099,8.260423,-0.001595,7.8e-05,-0.001885,-0.001829
11205.271972,9.099,8.071791,-0.001594,7.4e-05,-0.001882,-0.001833
11207.788564,9.099,7.71822,-0.0016,6.6e-05,-0.001883,-0.00184
11209.038652,9.099,7.969588,-0.001599,6.9e-05,-0.001889,-0.001837
11211.55331,9.099,7.945258,-0.001603,7e-05,-0.001882,-0.001837
11214.054278,9.099,8.527036,-0.001602,6.9e-05,-0.001885,-0.001834
11215.303708,9.099,8.211977,-0.001604,6.9e-05,-0.001882,-0.001834
11217.818778,9.099,8.194394,-0.0016,7.5e-05,-0.001884,-0.001832
11219.069667,9.099,7.363746,-0.001598,7.5e-05,-0.001879,-0.001833
11221.585058,9.099,8.027648,-0.001598,7.4e-05,-0.001875,-0.001834
11224.102333,9.099,7.716998,-0.0016,7.5e-05,-0.001885,-0.001828
11225.350734,9.099,8.129799,-0.001597,7.8e-05,-0.001883,-0.001827
11227.867605,9.099,8.050012,-0.001592,7.8e-05,-0.001877,-0.001829
11229.132025,9.099,8.433649,-0.001594,7.7e-05,-0.001879,-0.00183
11231.66142,9.099,7.758272,-0.001595,7.8e-05,-0.001882,-0.001827
11234.178427,9.099,7.921566,-0.001593,8.5e-05,-0.001884,-0.001823
11235.443643,9.099,8.346478,-0.001595,8.1e-05,-0.001877,-0.001825
11237.960242000001,9.099,8.149985,-0.001596,7.9e-05,-0.00188,-0.001825
11239.226092,9.099,8.291657,-0.001595,8.2e-05,-0.001878,-0.001828
11241.758021,9.099,8.038166,-0.001593,8.6e-05,-0.001887,-0.001827
11243.022582,9.099,8.108285,-0.001591,8.1e-05,-0.001883,-0.00183
11245.539015,9.099,8.712851,-0.001594,7.8e-05,-0.001886,-0.00183
11248.053938000001,9.099,7.748764,-0.001595,7.8e-05,-0.00189,-0.001826
11249.319042,9.099,8.068445,-0.001597,7.8e-05,-0.001886,-0.001827
11251.819735000001,9.099,9.128468,-0.001594,8.1e-05,-0.001887,-0.001823
11253.085629000001,9.099,7.926081,-0.001593,8.2e-05,-0.001888,-0.001822
11255.617032,9.099,7.658246,-0.001591,8.5e-05,-0.001891,-0.001822
11258.132187,9.099,8.628336,-0.001591,8.7e-05,-0.001893,-0.00182
11259.397443,9.099,7.379045,-0.001592,8.6e-05,-0.001892,-0.001823
11261.896963,9.099,7.81968,-0.001592,9e-05,-0.001891,-0.001824
11263.147426,9.099,7.946427,-0.001591,9e-05,-0.001891,-0.001825
11265.64681,9.099,7.733465,-0.001592,8.2e-05,-0.00189,-0.001828
11268.148324,9.099,7.987436,-0.001594,8e-05,-0.001889,-0.00183
11269.398097,9.099,7.917104,-0.001596,7.8e-05,-0.00189,-0.001831
11271.912947,9.099,8.502334,-0.001599,7.7e-05,-0.001891,-0.001828
11273.163421,9.099,7.738565,-0.001597,7.8e-05,-0.00189,-0.001827
11275.663751,9.099,8.310144,-0.001596,7.5e-05,-0.001889,-0.001831
11278.178953999999,9.099,7.552218,-0.001595,7.6e-05,-0.001892,-0.001826
11279.42656,9.099,7.857342,-0.001593,8e-05,-0.001891,-0.001822
11281.928835,9.099,8.251392,-0.001593,8.4e-05,-0.001893,-0.001822
11283.179837,9.099,7.849905,-0.001589,8.3e-05,-0.001886,-0.001825
11285.709557,9.099,8.095165,-0.001588,8.7e-05,-0.001891,-0.001821
11288.225659,9.099,7.850862,-0.001586,8.6e-05,-0.001887,-0.001818
11289.492457,9.099,8.039175,-0.001585,8.4e-05,-0.001884,-0.00182
11292.022847,9.099,7.88826,-0.001587,8.3e-05,-0.001882,-0.00182
11293.288457,9.099,7.790676,-0.001588,8.2e-05,-0.001884,-0.001821
11295.804043,9.099,7.648206,-0.001594,7.6e-05,-0.001881,-0.001828
11297.0536,9.099,7.814102,-0.001593,7.6e-05,-0.001879,-0.001831
11299.5537,9.099,7.743345,-0.001594,7.7e-05,-0.001878,-0.001833
11302.069965,9.099,7.868977,-0.001596,7.6e-05,-0.001878,-0.001829
11303.319167,9.099,8.109825,-0.001594,8e-05,-0.001877,-0.001829
11305.818429,9.099,7.548871,-0.001592,8.1e-05,-0.001873,-0.001823
11307.066455,9.099,7.98308,-0.001592,8.1e-05,-0.001872,-0.001823
11309.585022,9.099,7.582496,-0.001589,8.8e-05,-0.001879,-0.001818
11312.117433,9.099,7.775962,-0.001588,8.6e-05,-0.001873,-0.001822
11313.381487999999,9.099,8.144141,-0.001589,9e-05,-0.001875,-0.001821
11315.882704,9.099,7.768684,-0.001591,8.3e-05,-0.001872,-0.001826
11317.129906,9.099,8.507062,-0.001596,7.7e-05,-0.001876,-0.001827
11319.632418000001,9.099,7.942177,-0.001595,8.1e-05,-0.001868,-0.001826
11322.147946000001,9.099,7.968418,-0.001596,8.7e-05,-0.001873,-0.001825
11323.4125,9.099,7.981433,-0.001591,8.5e-05,-0.001871,-0.001826
11325.913472,9.099,7.739362,-0.001593,8.1e-05,-0.00187,-0.00183
11327.163229,9.099,7.503665,-0.001593,8.3e-05,-0.001873,-0.001825
11329.677554,9.099,8.258776,-0.001593,8e-05,-0.001871,-0.001829
11332.210587,9.099,8.274605,-0.001593,8.1e-05,-0.001866,-0.00183
11333.475574,9.099,8.186372,-0.00159,8.4e-05,-0.001868,-0.001828
11335.976591,9.099,8.862438,-0.001592,8.4e-05,-0.00187,-0.001824
11337.242415,9.099,7.989826,-0.001589,8.7e-05,-0.001864,-0.00182
11339.742283,9.099,7.933784,-0.001589,9.3e-05,-0.001876,-0.001817
11342.256561,9.099,7.826585,-0.001591,8.8e-05,-0.001875,-0.001823
11343.506647,9.099,8.157581,-0.001591,8.5e-05,-0.001872,-0.001822
11346.007421,9.099,7.712695,-0.001588,8.4e-05,-0.001872,-0.001826
11347.258201,9.099,7.751314,-0.001592,8e-05,-0.001872,-0.001828
11349.758588,9.099,7.975378,-0.001591,8.1e-05,-0.001873,-0.001828
11352.272394,9.099,7.888844,-0.001593,8.2e-05,-0.001872,-0.001827
11353.522483,9.099,7.854792,-0.001593,8.5e-05,-0.001878,-0.001823
11356.022682,9.099,7.780212,-0.001592,8.7e-05,-0.001873,-0.00182
11357.273326,9.099,8.206824,-0.00159,8.8e-05,-0.001867,-0.001822
11359.803805,9.099,7.805338,-0.001588,8.8e-05,-0.001876,-0.001819
11361.068935,9.099,7.963638,-0.001588,8.6e-05,-0.001873,-0.001822
11363.585069,9.099,8.379147,-0.001588,8.8e-05,-0.001875,-0.001818
11366.100551,9.099,7.513439,-0.001585,9e-05,-0.001877,-0.001821
11367.351436,9.099,8.512533,-0.001585,8.9e-05,-0.001872,-0.001824
11369.867023,9.099,7.758379,-0.001581,9.1e-05,-0.001871,-0.001819
11371.131945000001,9.099,8.466584,-0.001578,9.5e-05,-0.001875,-0.001815
11373.648772,9.099,8.619784,-0.001572,9.6e-05,-0.001872,-0.001817
11376.178333,9.099,7.814421,-0.001573,9.9e-05,-0.001881,-0.001813
11377.428776,9.099,7.932615,-0.001574,0.000102,-0.001877,-0.001815
11379.92874,9.099,7.929693,-0.001575,9.4e-05,-0.001875,-0.001819
11381.178646,9.099,8.34993,-0.001576,9.6e-05,-0.001881,-0.00182
11383.678345,9.099,7.952908,-0.001578,9.9e-05,-0.001882,-0.001814
11386.17986,9.099,7.820955,-0.001573,0.000101,-0.001877,-0.001811
11387.444053,9.099,7.660265,-0.001576,9.5e-05,-0.001874,-0.001814
11389.976541,9.099,7.751739,-0.001578,9.7e-05,-0.001876,-0.001814
11391.225992,9.099,7.680345,-0.001577,9.9e-05,-0.001872,-0.001813
11393.742213,9.099,7.946905,-0.001576,9.4e-05,-0.001875,-0.001813
11396.241933,9.099,8.275828,-0.00158,9.2e-05,-0.001868,-0.001816
11397.506799,9.099,7.817662,-0.001577,9.4e-05,-0.001868,-0.001814
11400.021938,9.099,7.800025,-0.001577,9.6e-05,-0.001872,-0.001813
11401.273282,9.099,8.166239,-0.001576,9.3e-05,-0.00187,-0.001812
11403.788932,9.099,7.832004,-0.001576,9e-05,-0.00187,-0.001815
11405.053846,9.099,8.006506,-0.001578,9.1e-05,-0.001871,-0.001818
11407.554702,9.099,7.91652,-0.001585,8.1e-05,-0.001874,-0.001822
11410.054276,9.099,7.534635,-0.001587,8e-05,-0.001871,-0.001823
11411.303746,9.099,9.006184,-0.001587,8.3e-05,-0.001878,-0.001825
11413.819804,9.099,8.532719,-0.001592,8.2e-05,-0.001873,-0.001825
11415.085689,9.099,7.671845,-0.001591,8.2e-05,-0.001873,-0.001821
11417.600948,9.099,7.938086,-0.001589,8.4e-05,-0.001866,-0.001825
11420.112894,9.099,7.894421,-0.001601,7e-05,-0.001867,-0.001843
11421.351064,9.099,8.069082,-0.001609,6.5e-05,-0.001871,-0.001849
11423.866366,9.099,7.966931,-0.001612,5.8e-05,-0.001882,-0.001846
11425.112366,9.099,7.720292,-0.001612,5.8e-05,-0.00188,-0.001849
11427.616678,9.099,7.834979,-0.001612,6.2e-05,-0.001884,-0.001852
11430.133487,9.099,7.961406,-0.001619,4.9e-05,-0.001887,-0.001861
11431.399572,9.099,8.122044,-0.001617,4.9e-05,-0.00189,-0.001861
11433.928820000001,9.099,7.946268,-0.001613,5.3e-05,-0.001898,-0.001851
11435.194255,9.099,7.626481,-0.001612,5.6e-05,-0.001896,-0.001852
11437.69463,9.099,7.981327,-0.001614,6.2e-05,-0.001897,-0.001851
11440.194891,9.099,7.753013,-0.001626,4.5e-05,-0.001896,-0.001868
11441.459843,9.099,7.828126,-0.00163,3.6e-05,-0.001895,-0.001871
11443.976582,9.099,8.208417,-0.001629,4e-05,-0.001896,-0.001864
11445.227168,9.099,8.827592,-0.001623,4.5e-05,-0.001902,-0.001862
11447.742044999999,9.099,7.796095,-0.001622,4.2e-05,-0.001891,-0.001862
11450.257794000001,9.099,7.904037,-0.001635,3.1e-05,-0.001893,-0.001877
11451.523053,9.099,8.634232,-0.001635,3.4e-05,-0.001894,-0.001875
11454.053463,9.099,7.818458,-0.001643,2.3e-05,-0.001896,-0.001883
11455.303759,9.099,8.782971,-0.001639,2.5e-05,-0.00189,-0.001879
11457.803729,9.099,8.736384,-0.001627,3.6e-05,-0.001895,-0.001869
11459.069441,9.099,7.917688,-0.001627,4.3e-05,-0.0019,-0.001861
11461.568894,9.099,8.008737,-0.001626,4.4e-05,-0.001904,-0.001862
11464.069894,9.099,7.922735,-0.00162,5.6e-05,-0.001907,-0.001855
11465.335365,9.099,7.922629,-0.00162,5e-05,-0.001909,-0.001859
11467.865898,9.099,7.822229,-0.001622,4.4e-05,-0.001903,-0.001865
11469.116498,9.099,7.530067,-0.001627,4.3e-05,-0.00191,-0.001871
11471.647439,9.099,7.897874,-0.001627,4.9e-05,-0.001911,-0.001862
11474.164017,9.099,7.891022,-0.001612,5.6e-05,-0.001905,-0.001854
11475.428367,9.099,7.548871,-0.001609,6e-05,-0.001908,-0.00185
11477.929843,9.099,7.954873,-0.001612,5.3e-05,-0.001907,-0.001855
11479.179079,9.099,7.786055,-0.001612,5.5e-05,-0.001908,-0.001851
11481.679067000001,9.099,7.759123,-0.00161,5.8e-05,-0.001909,-0.001854
11484.178168,9.099,7.939096,-0.001613,5.4e-05,-0.001913,-0.001853
11485.428595,9.099,7.397478,-0.001612,5.5e-05,-0.001911,-0.001853
11487.928457,9.099,7.694846,-0.001614,5.5e-05,-0.001907,-0.001854
11489.178652,9.099,8.550249,-0.001612,5.8e-05,-0.001913,-0.001847
11491.678269,9.099,8.091552,-0.00161,6e-05,-0.001914,-0.001846
11494.174605,9.099,7.887144,-0.001608,6e-05,-0.001917,-0.001851
11495.413871,9.099,8.379997,-0.001605,5.8e-05,-0.001914,-0.00185
11497.929658000001,9.099,8.075297,-0.001605,5.8e-05,-0.001912,-0.001855
11499.193652,9.099,7.811871,-0.001611,5e-05,-0.001918,-0.001859
11501.709876,9.099,8.19535,-0.001613,5.4e-05,-0.001913,-0.001853
11504.242284,9.099,8.291605,-0.001608,6.1e-05,-0.001916,-0.001845
11505.506558000001,9.099,7.869083,-0.001607,5.9e-05,-0.001909,-0.001846
11508.022175,9.099,7.718698,-0.001606,6.5e-05,-0.001911,-0.001845
11509.272572,9.099,7.836572,-0.001604,6.5e-05,-0.001911,-0.001844
11511.771918,9.099,7.860317,-0.001603,6.7e-05,-0.001919,-0.001843
11514.288439,9.099,8.049693,-0.001604,6.7e-05,-0.001913,-0.001845
11515.539301,9.099,7.632111,-0.001609,6.3e-05,-0.001917,-0.001845
11518.05349,9.099,8.227913,-0.001611,6e-05,-0.001916,-0.001847
11519.304253,9.099,8.246186,-0.001611,5.6e-05,-0.001909,-0.00185
11521.804664,9.099,8.059255,-0.001613,5.4e-05,-0.00191,-0.00185
11523.05458,9.099,8.263451,-0.001614,5.2e-05,-0.00191,-0.001852
11525.584676,9.099,7.715723,-0.001615,5.3e-05,-0.001904,-0.001855
11528.101807,9.099,7.689056,-0.001625,4.9e-05,-0.001908,-0.00186
11529.367194,9.099,8.190197,-0.001625,4.9e-05,-0.001907,-0.001856
11531.881543,9.099,7.914129,-0.001626,4.5e-05,-0.001906,-0.001857
11533.132788,9.099,7.659893,-0.001627,4.7e-05,-0.001911,-0.001855
11535.648015,9.099,7.771606,-0.001629,4.2e-05,-0.001903,-0.001867
11538.163435,9.099,7.799282,-0.001637,2.4e-05,-0.001898,-0.001877
11539.413676,9.099,8.117369,-0.001636,2.7e-05,-0.001906,-0.001873
11541.928789,9.099,7.892615,-0.001633,3.1e-05,-0.001907,-0.001868
11543.179597,9.099,8.246718,-0.001632,3.5e-05,-0.001902,-0.001867
11545.69427,9.099,7.914076,-0.001628,3.9e-05,-0.001901,-0.001863
11548.209667,9.099,8.408205,-0.001626,4.5e-05,-0.001899,-0.001862
11549.458441,9.099,7.999281,-0.001622,4.5e-05,-0.001897,-0.001861
11551.960514,9.099,8.181432,-0.001619,4.4e-05,-0.001893,-0.001859
11553.227275,9.099,8.364911,-0.001619,4.8e-05,-0.001894,-0.001856
11555.740529,9.099,8.04964,-0.001616,5e-05,-0.001895,-0.001854
11558.242268,9.099,8.660368,-0.001617,5e-05,-0.001894,-0.001853
11559.50688,9.099,8.003478,-0.001619,4.9e-05,-0.001895,-0.001851
11562.008193,9.099,7.642257,-0.001621,4.5e-05,-0.001899,-0.001852
11563.272605,9.099,8.471312,-0.001619,4.5e-05,-0.001898,-0.001856
11565.772294,9.099,7.637211,-0.001623,4.6e-05,-0.001898,-0.001855
11568.272835,9.099,7.009697,-0.001622,4.4e-05,-0.001894,-0.001857
11569.536721,9.099,7.701115,-0.001623,4.4e-05,-0.001889,-0.00186
11572.053268,9.099,7.904302,-0.00162,4.9e-05,-0.001888,-0.001849
11573.304242,9.099,8.104991,-0.001614,5.6e-05,-0.001885,-0.001845
11575.804504,9.099,7.61814,-0.001608,6.2e-05,-0.001883,-0.001842
11578.304566,9.099,7.680504,-0.001605,5.9e-05,-0.001882,-0.001843
11579.569063,9.099,8.175005,-0.001607,5.8e-05,-0.001888,-0.001845
11582.084405,9.099,8.153385,-0.001612,5.3e-05,-0.001882,-0.001852
11583.334099,9.099,8.707221,-0.001616,5.2e-05,-0.001887,-0.001849
11585.834168,9.099,7.604807,-0.001619,4.9e-05,-0.001891,-0.001852
11587.085009,9.099,8.244592,-0.00162,4.9e-05,-0.001887,-0.001853
11589.601428,9.099,8.026851,-0.001618,4.9e-05,-0.001886,-0.001854
11592.132268,9.099,8.275084,-0.00162,5.2e-05,-0.001893,-0.00185
11593.383732,9.099,8.26685,-0.001616,5.4e-05,-0.001892,-0.001849
11595.881731,9.099,8.544725,-0.001616,5.3e-05,-0.001886,-0.001854
11597.146962,9.099,8.065417,-0.001618,5.1e-05,-0.001889,-0.001854
11599.663222,9.099,8.279706,-0.001615,5.8e-05,-0.001887,-0.001849
11602.178823,9.099,7.836572,-0.001611,6.4e-05,-0.001884,-0.001845
11603.443600999999,9.099,7.669615,-0.001608,6.2e-05,-0.001884,-0.001849
11605.943629,9.099,7.746798,-0.001607,6.2e-05,-0.001882,-0.001846
11607.194932,9.099,7.654953,-0.001607,6.5e-05,-0.001886,-0.001844
11609.726672,9.099,8.742598,-0.001604,6.7e-05,-0.001877,-0.001841
11612.241418,9.099,8.083372,-0.001603,7.1e-05,-0.001875,-0.001839
11613.507266,9.099,7.56571,-0.001601,7.1e-05,-0.001878,-0.001837
11616.021906,9.099,7.960557,-0.0016,6.5e-05,-0.001874,-0.001842
11617.269848,9.099,8.005869,-0.001603,6.1e-05,-0.001878,-0.001843
11619.788328,9.099,7.692562,-0.001601,6.9e-05,-0.001885,-0.001838
11622.287459,9.099,7.587543,-0.001599,6.9e-05,-0.001883,-0.001838
11623.538192,9.099,8.10377,-0.001602,6.9e-05,-0.001878,-0.001838
11626.054509,9.099,7.745099,-0.001602,7e-05,-0.001874,-0.001836
11627.319889,9.099,8.695215,-0.001604,6.7e-05,-0.001874,-0.001841
11629.850204,9.099,8.326398,-0.001603,6.8e-05,-0.001879,-0.001834
11631.102367,9.099,7.509349,-0.001606,6.5e-05,-0.001878,-0.001839
11633.616259,9.099,8.091181,-0.001606,6.7e-05,-0.001876,-0.001846
11636.131205,9.099,8.155881,-0.001605,6.7e-05,-0.001879,-0.001844
11637.381047,9.099,7.663558,-0.001604,6.6e-05,-0.001873,-0.001846
11639.882218,9.099,7.725869,-0.001603,6.7e-05,-0.001873,-0.001844
11641.132383,9.099,8.05474,-0.001603,6.9e-05,-0.001875,-0.001838
11643.632528,9.099,7.995457,-0.001601,7.1e-05,-0.001874,-0.001838
11646.146969,9.099,8.932507,-0.001597,7.2e-05,-0.001869,-0.001835
11647.397808,9.099,7.783558,-0.001598,7.3e-05,-0.001875,-0.001833
11649.928415,9.099,7.780158,-0.001593,7.6e-05,-0.001872,-0.001827
11651.194787,9.099,7.940689,-0.001595,7.9e-05,-0.001875,-0.001828
11653.709867,9.099,7.874554,-0.001594,7.8e-05,-0.001874,-0.001828
11656.225988,9.099,7.932721,-0.001592,7.6e-05,-0.001869,-0.001831
11657.476931000001,9.099,8.537075,-0.001592,7.6e-05,-0.00187,-0.001832
11659.976344,9.099,8.039813,-0.001597,7.7e-05,-0.001874,-0.001831
11661.241256,9.099,8.243371,-0.001593,7.5e-05,-0.001874,-0.001834
11663.75711,9.099,7.740583,-0.001594,7.2e-05,-0.001876,-0.001836
11666.271778,9.099,7.818458,-0.001596,7.1e-05,-0.001876,-0.001834
11667.522347,9.099,7.753545,-0.00159,7.7e-05,-0.001878,-0.001834
11670.022499,9.099,7.923798,-0.001589,8.1e-05,-0.001882,-0.001826
11671.272563,9.099,8.47588,-0.001585,8e-05,-0.00188,-0.001829
11673.772613000001,9.099,7.947223,-0.001587,7.9e-05,-0.001875,-0.001827
11676.273503,9.099,8.076997,-0.001585,8.4e-05,-0.001879,-0.001822
11677.524487,9.099,7.995988,-0.001583,8.4e-05,-0.001879,-0.001822
11680.038379,9.099,8.447992,-0.001592,7.8e-05,-0.001882,-0.001823
11681.28825,9.099,8.482095,-0.001592,7.7e-05,-0.001876,-0.001826
11683.800711,9.099,8.369744,-0.00159,7.8e-05,-0.001877,-0.001831
11686.303462,9.099,8.088152,-0.001591,7.8e-05,-0.001881,-0.001828
11687.55422,9.099,8.118272,-0.00159,7.2e-05,-0.001878,-0.001833
11690.054329999999,9.099,5.940483,-0.001598,7.2e-05,-0.001879,-0.001838
11691.304408,9.099,7.748552,-0.001599,7.1e-05,-0.00188,-0.001838
11693.834649,9.099,7.999123,-0.001599,6.7e-05,-0.001874,-0.001838
11695.08444,9.099,7.711314,-0.0016,6.6e-05,-0.001879,-0.001838
11697.600443,9.099,8.163158,-0.001603,7.2e-05,-0.00188,-0.001838
11700.117241,9.099,7.708924,-0.001598,7.5e-05,-0.001875,-0.001836
11701.365524,9.099,7.721195,-0.001597,7.9e-05,-0.001877,-0.001831
11703.881876,9.1,7.990357,-0.001591,8e-05,-0.001878,-0.001829
11705.148316,9.1,8.163849,-0.001594,7.8e-05,-0.001871,-0.001832
11707.648195,9.1,7.836041,-0.001591,8e-05,-0.001873,-0.001833
11710.163105,9.1,7.675298,-0.001588,8.1e-05,-0.001878,-0.001829
11711.413238000001,9.1,7.932562,-0.001585,8.4e-05,-0.001876,-0.001829
11713.925718,9.1,7.928897,-0.001589,7.9e-05,-0.001873,-0.001832
11715.163229,9.1,7.975855,-0.001589,7.9e-05,-0.00187,-0.001833
11717.679477,9.1,7.632695,-0.001594,8.2e-05,-0.001874,-0.00183
11720.1903,9.1,7.604276,-0.00159,8.2e-05,-0.001875,-0.001827
11721.428251,9.1,8.285761,-0.00159,8e-05,-0.001868,-0.001831
11723.928808,9.1,7.802735,-0.001588,8.3e-05,-0.001869,-0.001831
11725.194835,9.1,7.490492,-0.001587,8.4e-05,-0.001874,-0.001827
11727.710087,9.1,7.888101,-0.001589,8.7e-05,-0.001871,-0.001825
11730.24143,9.1,8.067276,-0.001587,8.7e-05,-0.001873,-0.001827
11731.491622,9.1,8.111101,-0.001585,8.8e-05,-0.001878,-0.001825
11734.022978,9.1,7.882948,-0.001584,8.8e-05,-0.001873,-0.001822
11735.2736,9.1,7.774634,-0.001583,9.2e-05,-0.001876,-0.001818
11737.788444,9.1,7.831685,-0.001582,9.2e-05,-0.001873,-0.001821
11740.304352,9.1,8.23944,-0.001583,9.1e-05,-0.00187,-0.001821
11741.569479,9.1,7.878698,-0.001583,9.2e-05,-0.001874,-0.001817
11744.084738,9.1,8.11875,-0.001576,9.7e-05,-0.001872,-0.001816
11745.352333,9.1,8.119706,-0.001578,9.7e-05,-0.001873,-0.001812
11747.882185,9.1,7.827542,-0.001578,8.7e-05,-0.00187,-0.001818
11749.134223000001,9.1,8.671151,-0.001583,8.4e-05,-0.001874,-0.001823
11751.645936,9.1,7.40178,-0.001584,8.4e-05,-0.001876,-0.001822
11754.1481,9.1,8.051711,-0.00158,8.9e-05,-0.00188,-0.001818
11755.398373,9.1,7.726241,-0.00158,8.6e-05,-0.001877,-0.001822
11757.91273,9.1,8.372507,-0.001583,8.6e-05,-0.001881,-0.001825
11759.163269,9.1,8.075881,-0.001586,8e-05,-0.001877,-0.001829
11761.677964,9.1,7.904302,-0.001587,7.6e-05,-0.001878,-0.00183
11764.179809,9.1,8.381165,-0.001591,7.9e-05,-0.00188,-0.001826
11765.42866,9.1,7.92826,-0.001589,8.2e-05,-0.00188,-0.001827
11767.945208000001,9.1,7.59822,-0.001589,8.1e-05,-0.001876,-0.001824
11769.209721,9.1,7.962309,-0.001587,8.2e-05,-0.001878,-0.001825
11771.727221000001,9.1,8.109188,-0.001582,8.7e-05,-0.001874,-0.001822
11774.241473,9.1,8.129374,-0.001582,8.6e-05,-0.001878,-0.001823
11775.492491,9.1,7.558486,-0.001582,8.7e-05,-0.001876,-0.001823
11778.02224,9.1,7.779255,-0.001582,8.6e-05,-0.001874,-0.001821
11779.272373,9.1,8.297341,-0.001581,8.5e-05,-0.001869,-0.001823
11781.772641,9.1,8.350037,-0.001583,8.3e-05,-0.001866,-0.001829
11784.288495,9.1,7.476892,-0.001586,8.3e-05,-0.001872,-0.001826
11785.538754000001,9.1,7.73304,-0.001585,8.3e-05,-0.001869,-0.001823
11788.038194,9.1,7.794501,-0.001579,9e-05,-0.001866,-0.001813
11789.288383,9.1,8.362733,-0.00158,9.4e-05,-0.001867,-0.001814
11791.788823,9.1,8.145151,-0.001578,9.2e-05,-0.001866,-0.001817
11794.303447,9.1,7.784036,-0.001575,9.6e-05,-0.001875,-0.001816
11795.552978,9.1,7.886931,-0.001574,9.2e-05,-0.001866,-0.00182
11798.055961,9.1,7.829242,-0.001579,9.1e-05,-0.001866,-0.001819
11799.30495,9.1,8.788813,-0.001581,8.8e-05,-0.001871,-0.001817
11801.803299,9.1,7.615856,-0.00158,8.9e-05,-0.001868,-0.001821
11804.304116,9.1,7.945258,-0.001582,8.8e-05,-0.001866,-0.001821
11805.566592,9.1,8.472534,-0.001581,9.2e-05,-0.00187,-0.001817
11808.084979,9.1,8.037581,-0.001576,8.9e-05,-0.00187,-0.00182
11809.350447,9.1,7.953438,-0.001578,9e-05,-0.001871,-0.001819
11811.865574,9.1,8.412508,-0.001578,9e-05,-0.001868,-0.00182
11813.117087999999,9.1,7.969269,-0.001577,9e-05,-0.00187,-0.001819
11815.632451,9.1,8.106267,-0.001577,9.3e-05,-0.001871,-0.00182
11818.162965,9.1,8.515137,-0.001579,8.9e-05,-0.001868,-0.001823
11819.412577,9.1,7.848099,-0.001579,9.1e-05,-0.001874,-0.00182
11821.913343,9.1,7.912908,-0.001575,9.5e-05,-0.001874,-0.001812
11823.16326,9.1,8.017449,-0.001576,9.2e-05,-0.001868,-0.001816
11825.678022,9.1,8.175377,-0.001579,9.1e-05,-0.001873,-0.001816
11828.194661,9.1,8.020105,-0.001576,9.1e-05,-0.001873,-0.001819
11829.460444,9.1,8.155722,-0.001577,8.6e-05,-0.001869,-0.001823
11831.97546,9.1,8.343928,-0.001576,8.7e-05,-0.001871,-0.001821
11833.225969,9.1,8.415429,-0.001577,8.9e-05,-0.001866,-0.00182
11835.755819,9.1,7.726772,-0.001585,8.6e-05,-0.001869,-0.001821
11838.257347,9.1,8.008631,-0.001585,8.6e-05,-0.001871,-0.001822
11839.506204,9.1,8.543237,-0.001585,8.8e-05,-0.001867,-0.001824
11842.006962,9.1,7.813731,-0.001597,6.8e-05,-0.001865,-0.001844
11843.257531,9.1,8.171499,-0.001605,6.4e-05,-0.001871,-0.001849
11845.758318,9.1,8.497075,-0.001605,6.5e-05,-0.001878,-0.001846
11848.257461000001,9.1,8.189134,-0.001607,6.1e-05,-0.001885,-0.00185
11849.505191,9.1,7.849852,-0.001603,6.1e-05,-0.001881,-0.001849
11852.008214,9.1,8.394393,-0.001597,6.9e-05,-0.001888,-0.001838
11853.256825,9.1,7.946745,-0.001592,7.3e-05,-0.00189,-0.001834
11855.773426,9.1,8.007941,-0.001594,6.5e-05,-0.001892,-0.00185
11858.288005,9.1,7.811659,-0.001612,5e-05,-0.001884,-0.001862
11859.538195000001,9.1,8.233543,-0.001619,4.9e-05,-0.00189,-0.001861
11862.037762,9.1,7.962947,-0.001621,4.3e-05,-0.00189,-0.001868
11863.304193,9.1,7.496016,-0.001626,3.4e-05,-0.00189,-0.001874
11865.803701,9.1,8.170542,-0.001632,3.4e-05,-0.0019,-0.001874
11868.30345,9.1,8.527248,-0.001639,2.7e-05,-0.001905,-0.001879
11869.553324,9.1,7.895378,-0.001642,2.4e-05,-0.001907,-0.00188
11872.069389,9.1,7.619575,-0.001635,2.9e-05,-0.001905,-0.001877
11873.319348,9.1,9.118854,-0.001636,2.9e-05,-0.001909,-0.001879
11875.834945,9.1,7.817449,-0.001633,2.9e-05,-0.001907,-0.001873
11877.101867,9.1,7.888419,-0.001628,3.4e-05,-0.001908,-0.001873
11879.617318,9.1,7.788339,-0.001624,3.2e-05,-0.0019,-0.001875
11882.132068,9.1,7.854049,-0.001622,3.9e-05,-0.001897,-0.001869
11883.383472,9.1,7.803107,-0.00162,3.7e-05,-0.001892,-0.001874
11885.89891,9.1,7.667808,-0.001611,4.5e-05,-0.001904,-0.001864
11887.162529,9.1,8.427859,-0.001617,3.8e-05,-0.001902,-0.001878
11889.663332,9.1,8.00215,-0.001629,2.3e-05,-0.001911,-0.001883
11892.194179,9.1,8.120769,-0.001629,3.1e-05,-0.001909,-0.001869
11893.444541,9.1,8.209852,-0.00163,3.1e-05,-0.001908,-0.001874
11895.959693,9.1,8.112481,-0.001619,4.5e-05,-0.001912,-0.001861
11897.226305,9.1,7.795298,-0.001617,5.1e-05,-0.001914,-0.001851
11899.741596,9.1,8.419201,-0.001615,5.2e-05,-0.001908,-0.001855
11902.271945,9.1,7.613785,-0.00162,4.9e-05,-0.001915,-0.001857
11903.523119,9.1,7.77729,-0.001625,4.5e-05,-0.001909,-0.001864
11906.038239,9.1,8.104301,-0.001623,4.3e-05,-0.001916,-0.001861
11907.28856,9.1,7.875298,-0.001625,4.6e-05,-0.001907,-0.001862
11909.804645,9.1,7.042631,-0.001622,5e-05,-0.00191,-0.001859
11912.319732,9.1,7.923585,-0.001625,4.4e-05,-0.001911,-0.001864
11913.585678,9.1,8.123955,-0.001615,4.7e-05,-0.001911,-0.001865
11916.11544,9.1,7.696812,-0.00161,4.8e-05,-0.001917,-0.001859
11917.366804,9.1,7.840928,-0.001608,5e-05,-0.001917,-0.001859
11919.882942,9.1,7.629189,-0.00161,5.7e-05,-0.00192,-0.00185
11921.14695,9.1,8.112694,-0.001614,5.9e-05,-0.001913,-0.001854
11923.662637,9.1,8.212879,-0.001627,3.2e-05,-0.001909,-0.001876
11926.16319,9.1,7.774102,-0.001628,2.9e-05,-0.001904,-0.001875
11927.427943,9.1,8.448523,-0.001626,2.9e-05,-0.001901,-0.001878
11929.928336,9.1,7.869561,-0.001635,2.5e-05,-0.001898,-0.001878
11931.177834,9.1,8.491869,-0.001639,2.3e-05,-0.001902,-0.001879
11933.69555,9.1,8.774949,-0.001632,2.5e-05,-0.001898,-0.001875
11936.2095,9.1,7.895271,-0.001628,3.1e-05,-0.001892,-0.001871
11937.459732,9.1,8.0081,-0.001625,3.6e-05,-0.001896,-0.001864
11939.976363,9.1,8.624883,-0.001617,3.8e-05,-0.0019,-0.001864
11941.242196,9.1,8.104567,-0.001619,3.7e-05,-0.001909,-0.001864
11943.758416,9.1,8.257076,-0.001616,3.9e-05,-0.001909,-0.001862
11946.27248,9.1,7.627065,-0.001615,4e-05,-0.001906,-0.001864
11947.521434,9.1,7.910464,-0.001619,4e-05,-0.00191,-0.001864
11950.02245,9.1,8.125762,-0.001614,4.6e-05,-0.001902,-0.001855
11951.287254,9.1,7.906958,-0.001612,5e-05,-0.001907,-0.001854
11953.788537,9.1,7.930331,-0.001604,5.6e-05,-0.001903,-0.001851
11956.287066,9.1,8.139627,-0.001616,4.4e-05,-0.001894,-0.001858
11957.538064,9.1,7.941115,-0.001624,3.6e-05,-0.001894,-0.001869
11960.054715,9.1,8.012455,-0.001626,3.5e-05,-0.001914,-0.001868
11961.303655,9.1,7.879601,-0.001628,3.5e-05,-0.001913,-0.00187
11963.804331,9.1,7.657928,-0.001622,4.1e-05,-0.001911,-0.001859
11966.319712,9.1,7.552484,-0.001616,4.6e-05,-0.001905,-0.001856
11967.584517,9.1,8.096386,-0.001614,5.3e-05,-0.001904,-0.00185
11970.115804000001,9.1,8.001779,-0.001605,5.3e-05,-0.001897,-0.001849
11971.382196,9.1,7.682204,-0.001609,5.3e-05,-0.001892,-0.001847
11973.883022,9.1,8.064248,-0.001608,6.1e-05,-0.00189,-0.001846
11975.147209,9.1,8.085019,-0.001601,6.2e-05,-0.001899,-0.001846
11977.678668,9.1,8.457873,-0.001604,5.2e-05,-0.001893,-0.001851
11980.194576,9.1,7.634821,-0.001606,4.8e-05,-0.001891,-0.001851
11981.46107,9.1,8.347859,-0.001608,4.7e-05,-0.001886,-0.001854
11983.991664000001,9.1,8.747433,-0.001611,5.1e-05,-0.001892,-0.001852
11985.257804,9.1,7.845284,-0.00161,4.8e-05,-0.00189,-0.001852
11987.772315,9.1,8.449638,-0.001613,4.9e-05,-0.001895,-0.00185
11990.288521,9.1,7.786267,-0.001613,4.6e-05,-0.001891,-0.001853
11991.539024,9.1,8.254155,-0.001614,4.6e-05,-0.001887,-0.001851
11994.054418,9.1,8.389134,-0.001613,4.9e-05,-0.001891,-0.001849
11995.31957,9.1,7.668286,-0.00161,5.1e-05,-0.001887,-0.001851
11997.835187,9.1,7.93644,-0.001613,5.2e-05,-0.00189,-0.001852
11999.101804,9.1,8.40778,-0.001612,5.4e-05,-0.001887,-0.00185
12001.632722,9.1,7.889322,-0.001613,5.3e-05,-0.001894,-0.001847
12004.14748,9.1,7.882363,-0.001611,5.3e-05,-0.001888,-0.001845
12005.398045,9.1,8.322255,-0.001612,5.3e-05,-0.001883,-0.001848
12007.898205,9.1,7.781115,-0.001614,5.5e-05,-0.001881,-0.001849
12009.1634,9.1,8.966769,-0.001612,5.5e-05,-0.001887,-0.001848
12011.663193,9.1,7.69798,-0.00161,6e-05,-0.001892,-0.001844
12014.178988,9.1,8.012403,-0.001606,6.1e-05,-0.001889,-0.001844
12015.429756,9.1,7.414848,-0.001606,5.8e-05,-0.001891,-0.001842
12017.928949000001,9.1,7.906586,-0.00161,5.9e-05,-0.001888,-0.001847
12019.19465,9.1,8.145682,-0.001608,6e-05,-0.001885,-0.001842
12021.725029,9.1,7.461009,-0.001603,6.8e-05,-0.001887,-0.001839
12024.241018,9.1,7.824992,-0.001601,6.6e-05,-0.001891,-0.001843
12025.491955,9.1,7.795138,-0.001601,6.4e-05,-0.001883,-0.001846
12028.008271,9.1,8.946796,-0.001601,6.6e-05,-0.00188,-0.001847
12029.272916,9.1,7.829879,-0.001602,6.4e-05,-0.001881,-0.001846
12031.789033000001,9.1,8.149082,-0.0016,6.6e-05,-0.001881,-0.001841
12034.319909,9.1,7.804328,-0.001601,6.6e-05,-0.001889,-0.001843
12035.585074,9.1,7.765922,-0.001603,6.4e-05,-0.001883,-0.001841
12038.100396,9.1,7.737025,-0.001599,6.8e-05,-0.001886,-0.001833
12039.350918,9.1,8.361299,-0.001595,7e-05,-0.001885,-0.001834
12041.866661,9.1,8.039972,-0.001595,7.1e-05,-0.001882,-0.001835
12043.131302,9.1,8.131605,-0.001597,7.4e-05,-0.001886,-0.001834
12045.662286,9.1,7.884648,-0.001595,7.1e-05,-0.001883,-0.001838
12048.163642,9.1,7.847568,-0.001599,6.6e-05,-0.001882,-0.001842
12049.42794,9.1,8.184832,-0.001601,6.7e-05,-0.001882,-0.001836
12051.94443,9.1,7.393281,-0.001601,6.9e-05,-0.001883,-0.001838
12053.194553,9.1,8.297713,-0.001602,6.7e-05,-0.00189,-0.001836
12055.709285,9.1,7.651128,-0.001603,6.9e-05,-0.001889,-0.001835
12058.226586,9.1,7.508075,-0.001601,6.9e-05,-0.001885,-0.001842
12059.473736,9.1,8.91912,-0.001601,7e-05,-0.001889,-0.001835
12061.99246,9.1,7.944886,-0.001597,7.6e-05,-0.001888,-0.001833
12063.257684,9.1,8.707008,-0.001598,7.5e-05,-0.00188,-0.001836
12065.77168,9.1,8.536385,-0.0016,7e-05,-0.001879,-0.001835
12068.271945,9.1,7.864727,-0.001597,7.1e-05,-0.001878,-0.00183
12069.538052,9.1,7.723053,-0.001594,7.3e-05,-0.001873,-0.001835
12072.038427,9.1,9.334257,-0.001592,7.3e-05,-0.001873,-0.001833
12073.288793,9.1,7.647941,-0.001594,7.8e-05,-0.001878,-0.001828
12075.818602,9.1,8.655269,-0.001591,7.6e-05,-0.001872,-0.001833
12077.084367,9.1,7.950251,-0.001592,7e-05,-0.001878,-0.001834
12079.583991,9.1,7.905843,-0.001594,7e-05,-0.001879,-0.001834
12082.084525,9.1,8.533569,-0.001596,7.1e-05,-0.001881,-0.001839
12083.334425000001,9.1,7.987489,-0.001596,7.3e-05,-0.001875,-0.001838
12085.850307,9.1,8.043691,-0.001596,7.6e-05,-0.001874,-0.001836
12087.115576,9.1,8.073332,-0.001594,7.7e-05,-0.001871,-0.001838
12089.632352,9.1,8.034978,-0.001596,7.5e-05,-0.001868,-0.001833
12092.132294,9.1,7.237796,-0.001595,7.1e-05,-0.001868,-0.001837
12093.382642,9.1,8.032854,-0.001595,7.1e-05,-0.001873,-0.001832
12095.89827,9.1,7.543347,-0.001592,7.8e-05,-0.001871,-0.00183
12097.163201,9.1,8.760129,-0.001591,7.9e-05,-0.001875,-0.00183
12099.678666,9.1,8.343238,-0.001593,7.7e-05,-0.001874,-0.001831
12102.19163,9.1,8.820792,-0.001591,8.1e-05,-0.001873,-0.001827
12103.444326,9.1,7.733944,-0.001591,8.2e-05,-0.001876,-0.001827
12105.94465,9.1,8.140052,-0.001588,8.3e-05,-0.001874,-0.001824
12107.210568,9.1,8.101592,-0.00159,7.9e-05,-0.00187,-0.001831
12109.741544,9.1,8.718057,-0.001594,7.9e-05,-0.001874,-0.001833
12112.269967,9.1,7.938618,-0.001589,8.1e-05,-0.001872,-0.001829
12113.521895,9.1,8.208789,-0.001589,8.1e-05,-0.001878,-0.001825
12116.036073,9.1,7.998431,-0.001586,8.5e-05,-0.001871,-0.001825
12117.288618999999,9.1,7.818565,-0.001588,8.4e-05,-0.001877,-0.001828
12119.788671,9.1,8.089958,-0.001585,8.2e-05,-0.001874,-0.001828
12122.320415,9.1,8.536597,-0.001583,8.4e-05,-0.001873,-0.001829
12123.568417,9.1,7.615325,-0.001581,8.4e-05,-0.001874,-0.00183
12126.069053,9.1,8.234818,-0.001585,8e-05,-0.001875,-0.001829
12127.319415,9.1,7.844169,-0.001586,8e-05,-0.001877,-0.001826
12129.836052999999,9.1,7.686453,-0.001586,8e-05,-0.001873,-0.001828
12131.099812,9.1,8.305522,-0.001586,8.3e-05,-0.001878,-0.001824
12133.616565,9.1,7.820158,-0.001583,8.5e-05,-0.001873,-0.001826
12136.131701,9.1,7.826532,-0.001585,8.3e-05,-0.00187,-0.001831
12137.383144,9.1,7.626268,-0.001586,8.5e-05,-0.001868,-0.00183
12139.88311,9.1,7.800982,-0.001589,8.8e-05,-0.001876,-0.001825
12141.147648,9.1,8.607619,-0.001588,8.6e-05,-0.001875,-0.001827
12143.648047,9.1,8.026108,-0.001587,8.6e-05,-0.001876,-0.001827
12146.162771,9.1,7.56332,-0.001586,8.7e-05,-0.001873,-0.001822
12147.414782,9.1,8.424353,-0.001585,9e-05,-0.001874,-0.001821
12149.912838,9.1,7.936599,-0.001583,8.6e-05,-0.001869,-0.001826
12151.164244,9.1,8.355774,-0.001583,8.6e-05,-0.001874,-0.001823
12153.694098,9.1,7.630677,-0.001582,7.8e-05,-0.00187,-0.001828
12156.209683000001,9.1,7.930915,-0.001581,7.8e-05,-0.001874,-0.001827
12157.476854,9.1,8.083584,-0.001584,8.1e-05,-0.001875,-0.001823
12159.976992,9.1,7.742177,-0.001581,8.6e-05,-0.00187,-0.001824
12161.242169000001,9.1,7.603479,-0.001583,8.6e-05,-0.001873,-0.001821
12163.758401,9.1,7.785629,-0.001584,8.3e-05,-0.001869,-0.001828
12166.272015999999,9.1,7.961354,-0.001584,8.6e-05,-0.001871,-0.001827
12167.522368,9.1,7.212511,-0.001584,8.4e-05,-0.001874,-0.001822
12170.022904,9.1,8.78653,-0.001583,8.9e-05,-0.001875,-0.001818
12171.288478999999,9.1,7.604701,-0.001583,9e-05,-0.001873,-0.001817
12173.786458,9.1,7.670623,-0.001583,9e-05,-0.001874,-0.001817
12176.284236,9.1,7.852349,-0.001581,9e-05,-0.001866,-0.00182
12177.538289,9.1,7.969269,-0.001582,9.2e-05,-0.001867,-0.001818
12180.05372,9.1,8.033226,-0.001582,8.8e-05,-0.001865,-0.001823
12181.3044,9.1,7.861964,-0.001582,8.7e-05,-0.00187,-0.001824
12183.819781,9.1,7.857449,-0.001579,8.7e-05,-0.00187,-0.001824
12185.084805,9.1,7.775378,-0.001581,8.9e-05,-0.001873,-0.001826
12187.613883,9.1,7.913333,-0.001584,8.9e-05,-0.001869,-0.00182
12190.116866,9.1,7.589349,-0.001581,8.9e-05,-0.001863,-0.001821
12191.381634,9.1,8.622493,-0.001582,8.8e-05,-0.00187,-0.00182
12193.897303,9.1,7.613359,-0.00158,8.6e-05,-0.00187,-0.001823
12195.16337,9.1,8.417554,-0.001578,8.8e-05,-0.001872,-0.001819
12197.678203,9.1,7.84778,-0.001579,8.7e-05,-0.00187,-0.001816
12200.174357,9.1,7.876201,-0.00158,9.3e-05,-0.001873,-0.001815
12201.413464000001,9.1,8.300422,-0.001577,9.1e-05,-0.001868,-0.00182
12203.928683,9.1,8.018087,-0.001575,9e-05,-0.00187,-0.001823
12205.195743,9.1,7.988232,-0.001574,8.8e-05,-0.001872,-0.00182
12207.693992,9.1,8.275084,-0.001571,9.7e-05,-0.001872,-0.001815
12210.209733,9.1,8.07195,-0.001572,9.2e-05,-0.001869,-0.001819
12211.475063,9.1,7.572456,-0.001575,9e-05,-0.001872,-0.001819
12213.976395,9.1,7.625737,-0.001579,8.7e-05,-0.001876,-0.001819
12215.23676,9.1,7.678964,-0.001579,8.6e-05,-0.001871,-0.001824
12217.725389,9.1,8.035828,-0.001579,8.7e-05,-0.001872,-0.001822
12220.241119,9.1,8.051074,-0.001579,9e-05,-0.001869,-0.001822
12221.506995,9.1,7.418938,-0.001575,9.1e-05,-0.001866,-0.001821
12224.038383,9.1,8.228763,-0.001578,9.5e-05,-0.001868,-0.001818
12225.288283,9.1,8.231525,-0.001576,9.4e-05,-0.001867,-0.001816
12227.802472,9.1,7.717263,-0.001578,9e-05,-0.001863,-0.001818
12230.302573,9.1,8.37426,-0.001574,9.3e-05,-0.001864,-0.001822
12231.553298,9.1,8.03636,-0.001573,9.3e-05,-0.001871,-0.00182
12234.069492999999,9.1,7.842681,-0.001576,9.1e-05,-0.001877,-0.001818
12235.319938,9.1,8.625892,-0.001575,9.1e-05,-0.001876,-0.001816
12237.81847,9.1,8.3877,-0.001572,9.6e-05,-0.001871,-0.001813
12239.08485,9.1,8.310887,-0.001574,9.3e-05,-0.001874,-0.001815
12241.600612,9.1,7.691447,-0.001579,9.7e-05,-0.00187,-0.001817
12244.11743,9.1,7.637423,-0.001577,9.2e-05,-0.001866,-0.001817
12245.379363,9.1,8.618881,-0.001576,9.1e-05,-0.00187,-0.001821
12247.896510999999,9.1,8.614631,-0.001573,8.6e-05,-0.001866,-0.001825
12249.148256,9.1,8.108285,-0.001578,8.4e-05,-0.001869,-0.001824
12251.678756000001,9.1,7.971871,-0.001578,8.9e-05,-0.001873,-0.001822
12254.210665,9.1,8.14632,-0.001578,8.5e-05,-0.001867,-0.001825
12255.476235,9.1,7.722788,-0.001579,8.3e-05,-0.00187,-0.001825
12257.975001,9.1,7.530598,-0.001582,8.1e-05,-0.001866,-0.001821
12259.226637,9.1,7.904249,-0.001583,8.3e-05,-0.001863,-0.001823
12261.757123,9.1,8.047249,-0.001583,9e-05,-0.001869,-0.001817
12264.257148,9.1,7.920397,-0.001579,9.5e-05,-0.001871,-0.001816
12265.522911,9.1,7.474715,-0.001579,9.2e-05,-0.001869,-0.001819
12268.022221,9.1,7.608207,-0.001576,9.3e-05,-0.00187,-0.001821
12269.273011000001,9.1,8.484539,-0.001572,9.7e-05,-0.001871,-0.001819
12271.788231999999,9.1,8.143876,-0.001573,9.2e-05,-0.001865,-0.001819
12274.303006,9.1,7.752004,-0.001575,9e-05,-0.001866,-0.001822
12275.569283,9.1,7.561939,-0.001579,9.1e-05,-0.001868,-0.00182
12278.069856,9.1,7.695644,-0.00158,8.2e-05,-0.001869,-0.001826
12279.33488,9.1,8.408682,-0.001588,7.6e-05,-0.001875,-0.001832
12281.865653,9.1,8.369479,-0.001613,5.1e-05,-0.001874,-0.001858
12283.117001999999,9.1,7.972402,-0.001613,5.3e-05,-0.001884,-0.001858
12285.632253,9.1,7.7749,-0.001607,6.4e-05,-0.001886,-0.001846
12288.14788,9.1,8.258244,-0.001606,5.5e-05,-0.001885,-0.001855
12289.411354,9.1,8.082203,-0.001608,5.7e-05,-0.001884,-0.001854
12291.914759,9.1,8.625362,-0.001602,6.1e-05,-0.001883,-0.001848
12293.179857,9.1,7.700955,-0.001601,6.3e-05,-0.001878,-0.001849
12295.69472,9.1,8.433915,-0.001605,5.3e-05,-0.001878,-0.00186
12298.225373000001,9.1,8.02462,-0.001614,4.9e-05,-0.001896,-0.001859
12299.491496,9.1,7.851818,-0.001613,5.2e-05,-0.001896,-0.001856
12302.008008,9.1,7.853411,-0.001615,4.5e-05,-0.001902,-0.001861
12303.256264,9.1,7.664834,-0.001613,4.6e-05,-0.001897,-0.001861
12305.758438,9.1,7.933837,-0.001611,5.1e-05,-0.001894,-0.001863
12308.272631,9.1,8.672427,-0.001615,4.1e-05,-0.001895,-0.001867
12309.537887,9.1,7.963957,-0.001616,4.1e-05,-0.001894,-0.001868
12312.068608,9.1,7.488208,-0.001617,4e-05,-0.001898,-0.001867
12313.319666,9.1,8.48406,-0.00162,4.1e-05,-0.001897,-0.001866
12315.851374,9.1,7.970384,-0.001614,4.8e-05,-0.001894,-0.00186
12317.117598,9.1,8.584459,-0.001613,5e-05,-0.001899,-0.001859
12319.632869000001,9.1,8.506265,-0.001605,6.3e-05,-0.001901,-0.001849
12322.163156999999,9.1,7.631048,-0.001611,4.9e-05,-0.001902,-0.001855
12323.413408,9.1,7.992429,-0.001611,4.8e-05,-0.001897,-0.001859
12325.928132000001,9.1,7.87073,-0.001624,4.3e-05,-0.001901,-0.001865
12327.177764,9.1,8.266,-0.001634,4.3e-05,-0.001911,-0.001866
12329.695273000001,9.1,7.758645,-0.001627,4.4e-05,-0.001912,-0.001866
12332.225742999999,9.1,8.453038,-0.00163,3.9e-05,-0.001904,-0.001868
12333.4916,9.1,7.971659,-0.001626,4.4e-05,-0.001911,-0.00186
12336.005106,9.1,7.614369,-0.001618,5.1e-05,-0.001914,-0.001855
12337.256948,9.1,7.840185,-0.001617,4.9e-05,-0.001919,-0.001853
12339.771991,9.1,8.009481,-0.001617,4.9e-05,-0.001922,-0.00186
12342.272256,9.1,7.786479,-0.001611,6e-05,-0.001916,-0.001848
12343.523631,9.1,7.471049,-0.001608,5.6e-05,-0.001911,-0.001855
12346.053346,9.1,8.181804,-0.001625,4.5e-05,-0.001919,-0.001864
12347.303684999999,9.1,7.899893,-0.001631,3.2e-05,-0.001911,-0.001881
12349.803717,9.1,7.848418,-0.001633,3.1e-05,-0.001903,-0.001875
12352.303726,9.1,7.852615,-0.001617,4.1e-05,-0.001896,-0.001867
12353.554447999999,9.1,7.755776,-0.001612,4.4e-05,-0.001909,-0.001861
12356.053786,9.1,7.638485,-0.001612,4.9e-05,-0.001913,-0.001858
12357.303758,9.1,8.33102,-0.001611,5.1e-05,-0.001908,-0.001856
12359.835328000001,9.1,8.126399,-0.001616,5e-05,-0.001917,-0.001858
12361.100738000001,9.1,7.931659,-0.00162,4.5e-05,-0.001917,-0.001865
12363.63184,9.1,8.491338,-0.001625,4.8e-05,-0.001925,-0.001862
12366.132408,9.1,7.599814,-0.001623,4.9e-05,-0.001921,-0.001859
12367.397888,9.1,7.935697,-0.001624,4.7e-05,-0.001915,-0.001861
12369.928598999999,9.1,8.332401,-0.001622,4.7e-05,-0.001916,-0.001855
12371.193718,9.1,8.203477,-0.001621,4.7e-05,-0.001915,-0.001855
12373.709745,9.1,7.849905,-0.001613,5.2e-05,-0.001911,-0.001851
12376.241607,9.1,7.766985,-0.001615,5.2e-05,-0.001917,-0.001848
12377.508452,9.1,7.837794,-0.001619,5e-05,-0.001916,-0.001851
12380.022609,9.1,8.623449,-0.001623,4.4e-05,-0.001924,-0.001858
12381.271989,9.1,7.599655,-0.001621,4.3e-05,-0.001917,-0.001861
12383.772947,9.1,7.64826,-0.00162,4.3e-05,-0.001915,-0.00186
12386.288733,9.1,8.481829,-0.001619,4.4e-05,-0.00192,-0.001859
12387.538192,9.1,8.293145,-0.001621,4.7e-05,-0.001918,-0.001857
12390.03709,9.1,7.7213,-0.00162,4.5e-05,-0.001913,-0.001862
12391.288719,9.1,7.837847,-0.001624,3.6e-05,-0.001906,-0.00187
12393.802851,9.1,7.031158,-0.00164,2.1e-05,-0.001907,-0.001883
12396.303329,9.1,7.704992,-0.001636,1.9e-05,-0.001915,-0.001883
12397.553718,9.1,7.762151,-0.001637,2.5e-05,-0.001921,-0.001877
12400.067769000001,9.1,7.275406,-0.00163,3.6e-05,-0.001913,-0.001869
12401.319619,9.1,8.142973,-0.001626,3.9e-05,-0.001908,-0.001867
12403.81973,9.1,8.022123,-0.001616,4.5e-05,-0.0019,-0.00186
12406.349762,9.1,8.03551,-0.001616,4.9e-05,-0.001901,-0.001854
12407.616682,9.1,7.688632,-0.001613,4.9e-05,-0.001897,-0.001857
12410.131972,9.1,7.973837,-0.001612,5.2e-05,-0.001899,-0.001855
12411.382734,9.1,8.437634,-0.001609,5.2e-05,-0.001901,-0.001855
12413.912606,9.1,8.247727,-0.001607,5.1e-05,-0.001896,-0.001853
12415.163066000001,9.1,7.556627,-0.001607,5.5e-05,-0.001901,-0.001848
12417.663731,9.1,8.074129,-0.001607,5.4e-05,-0.001895,-0.001847
12420.178176,9.1,8.199174,-0.001607,5.3e-05,-0.001891,-0.001847
12421.42935,9.1,8.254048,-0.00161,4.9e-05,-0.001886,-0.001853
12423.959716,9.1,7.952164,-0.001609,4.8e-05,-0.00189,-0.001853
12425.226593,9.1,7.89899,-0.001611,5e-05,-0.001893,-0.001851
12427.741703,9.1,8.531869,-0.00161,5.2e-05,-0.001886,-0.001853
12430.256953,9.1,7.782708,-0.001609,5.5e-05,-0.001894,-0.00185
12431.505904,9.1,7.567198,-0.001608,5.5e-05,-0.001888,-0.001849
12434.007956,9.1,7.706055,-0.001609,5.4e-05,-0.001892,-0.001854
12435.272929,9.1,7.807144,-0.001615,5.1e-05,-0.001891,-0.001857
12437.788129,9.1,7.301382,-0.001614,4.9e-05,-0.001891,-0.001853
12440.30348,9.1,8.415057,-0.001614,5e-05,-0.00189,-0.001856
12441.554068,9.1,7.241355,-0.001612,5.1e-05,-0.001889,-0.001854
12444.054745,9.1,7.860636,-0.001614,5.1e-05,-0.001888,-0.001853
12445.319037000001,9.1,7.352856,-0.001609,5.3e-05,-0.001889,-0.001851
12447.835252,9.1,7.546321,-0.001604,5.7e-05,-0.00189,-0.001851
12450.351466,9.1,7.3102,-0.001602,6e-05,-0.001892,-0.00185
12451.617047,9.1,8.702121,-0.001605,5.6e-05,-0.001896,-0.001849
12454.132414,9.1,8.070304,-0.00161,5.5e-05,-0.001888,-0.001852
12455.381734999999,9.1,7.401515,-0.001609,5.6e-05,-0.00189,-0.001852
12457.897324,9.1,8.842094,-0.001605,6.2e-05,-0.001889,-0.001848
12459.148133,9.1,7.86292,-0.001602,6.1e-05,-0.001885,-0.001849
12461.663144,9.1,8.260317,-0.001603,6.2e-05,-0.001888,-0.001848
12464.178476000001,9.1,8.387009,-0.001602,6.5e-05,-0.001887,-0.001844
12465.445443,9.1,8.396465,-0.0016,6.7e-05,-0.001887,-0.001839
12467.929845999999,9.1,7.390413,-0.001594,7.1e-05,-0.001893,-0.001834
12469.195240000001,9.1,7.368368,-0.001594,6.9e-05,-0.001887,-0.001837
12471.726609,9.1,7.702018,-0.001602,6.2e-05,-0.001887,-0.001844
12474.257795,9.1,7.92316,-0.001601,5.9e-05,-0.001879,-0.001846
12475.522162000001,9.1,8.021327,-0.001603,6.1e-05,-0.001883,-0.001844
12478.021946,9.1,7.927144,-0.001597,7.2e-05,-0.001886,-0.001838
12479.272555,9.1,7.767622,-0.001593,7.4e-05,-0.001883,-0.00184
12481.804351,9.1,8.226904,-0.001591,7.5e-05,-0.001889,-0.001835
12484.304151,9.1,7.827329,-0.001587,7.4e-05,-0.001885,-0.001837
12485.553982,9.1,7.6549,-0.001587,7.6e-05,-0.001885,-0.001834
12488.053575,9.1,7.970703,-0.001588,7.7e-05,-0.001891,-0.001828
12489.319575,9.1,7.404861,-0.001585,7.5e-05,-0.00189,-0.001826
12491.835936,9.1,7.881248,-0.001585,7.8e-05,-0.001889,-0.001829
12494.351698,9.1,7.870942,-0.001587,7.4e-05,-0.001892,-0.001833
12495.617342,9.1,8.376278,-0.001589,7.5e-05,-0.001888,-0.001833
12498.132097,9.1,7.641514,-0.001583,8.4e-05,-0.001888,-0.001823
12499.397669,9.1,7.800769,-0.001581,8.2e-05,-0.001882,-0.001831
12501.912723,9.1,7.997635,-0.001585,7.6e-05,-0.001884,-0.001839
12503.163901,9.1,7.562895,-0.001587,7.2e-05,-0.001883,-0.00184
12505.693698,9.1,8.507487,-0.001594,7e-05,-0.001879,-0.001841
12508.193618000001,9.1,8.105735,-0.001593,7.4e-05,-0.001878,-0.001834
12509.459472999999,9.1,7.99822,-0.001594,7.7e-05,-0.001883,-0.001831
12511.976686,9.1,7.689853,-0.001592,8e-05,-0.001878,-0.001828
12513.225706000001,9.1,7.778086,-0.001588,8e-05,-0.001877,-0.001825
12515.725703,9.1,7.294901,-0.001588,7.8e-05,-0.001879,-0.001829
12518.225659,9.1,7.945152,-0.00159,7.5e-05,-0.001876,-0.001831
12519.492306,9.1,7.263188,-0.001585,7.9e-05,-0.001877,-0.001829
12522.00783,9.1,8.435455,-0.001583,8.1e-05,-0.001874,-0.001826
12523.271942,9.1,8.361352,-0.001584,8.3e-05,-0.001876,-0.001821
12525.787766,9.1,7.462763,-0.001588,8.2e-05,-0.001877,-0.001825
12528.303329,9.1,7.847515,-0.001589,7.8e-05,-0.001872,-0.00183
12529.554094,9.1,7.800025,-0.00159,8e-05,-0.001872,-0.001826
12532.053265999999,9.1,7.847302,-0.001587,8.2e-05,-0.001871,-0.001829
12533.303405999999,9.1,7.850596,-0.001587,8.1e-05,-0.001872,-0.001827
12535.820329,9.1,7.853624,-0.001586,8e-05,-0.001872,-0.001827
12538.351619000001,9.1,7.631048,-0.00158,8.1e-05,-0.001873,-0.001826
12539.600067,9.1,7.976281,-0.001577,8.8e-05,-0.001875,-0.001823
12542.131688,9.1,7.732668,-0.001578,8.3e-05,-0.001871,-0.001827
12543.381872,9.1,7.947011,-0.001582,7.7e-05,-0.001876,-0.00183
12545.897687,9.1,8.059148,-0.001583,7.8e-05,-0.001874,-0.001831
12547.163298,9.1,8.035457,-0.001583,7.7e-05,-0.001873,-0.001832
12549.663455,9.1,7.846028,-0.001583,7.8e-05,-0.001871,-0.001832
12552.178311,9.1,8.068869,-0.001579,8.7e-05,-0.001875,-0.001826
12553.428157,9.1,8.186851,-0.001578,8.7e-05,-0.001877,-0.001827
12555.944946,9.1,7.886719,-0.001579,8.4e-05,-0.001877,-0.001826
12557.209563,9.1,8.136651,-0.001578,8.5e-05,-0.00188,-0.001823
12559.709825,9.1,7.833651,-0.001575,8.9e-05,-0.00188,-0.001819
12562.238688,9.1,8.631099,-0.001577,9.2e-05,-0.001878,-0.001819
12563.490098,9.1,8.05474,-0.001578,9.1e-05,-0.001879,-0.001822
12565.992172,9.1,8.548496,-0.001576,8.7e-05,-0.001875,-0.001825
12567.257381,9.1,7.786479,-0.001576,8.8e-05,-0.001877,-0.001825
12569.757696,9.1,7.722203,-0.001581,8.5e-05,-0.00188,-0.001823
12572.273305,9.1,7.761832,-0.001583,8.4e-05,-0.001874,-0.001822
12573.538209,9.1,8.587805,-0.001581,8.4e-05,-0.00188,-0.001821
12576.053742,9.1,7.495645,-0.001577,9e-05,-0.001877,-0.001822
12577.319601,9.1,7.639867,-0.001577,8.7e-05,-0.001877,-0.001821
12579.849351,9.1,7.793013,-0.001579,8e-05,-0.001875,-0.001824
12582.352006000001,9.1,8.395137,-0.00158,8.5e-05,-0.00188,-0.001821
12583.615319,9.1,7.734156,-0.001581,8.4e-05,-0.00188,-0.001824
12586.132768,9.1,7.800078,-0.001579,8.7e-05,-0.001876,-0.001823
12587.397393,9.1,7.750995,-0.00158,8.5e-05,-0.001869,-0.001826
12589.914134999999,9.1,7.816546,-0.001578,8.4e-05,-0.001872,-0.001827
12591.164289,9.1,8.211924,-0.001581,8.2e-05,-0.001876,-0.001827
12593.678731,9.1,8.01389,-0.001577,8.4e-05,-0.001873,-0.001824
12596.210804,9.1,8.031951,-0.001575,8.7e-05,-0.001877,-0.001816
12597.460593,9.1,8.695109,-0.001575,8.7e-05,-0.001878,-0.001818
12599.992071,9.1,7.787755,-0.001575,8.7e-05,-0.001872,-0.00182
12601.254613000001,9.1,7.680292,-0.00158,8.9e-05,-0.001878,-0.001819
12603.772852,9.1,6.452408,-0.001577,9.1e-05,-0.001876,-0.001819
12606.288168,9.1,7.705524,-0.001578,8.8e-05,-0.001871,-0.001821
12607.538362,9.1,8.627699,-0.00158,8.8e-05,-0.001876,-0.00182
12610.053459,9.1,8.309081,-0.001579,8.3e-05,-0.001878,-0.001819
12611.318877,9.1,7.61081,-0.00158,8.6e-05,-0.001873,-0.001821
12613.819664999999,9.1,7.54818,-0.001577,8.7e-05,-0.001873,-0.00182
12616.3503,9.1,7.908924,-0.001576,9.1e-05,-0.001879,-0.00182
12617.616957,9.1,7.317052,-0.001576,8.9e-05,-0.001877,-0.00182
12620.110862,9.1,7.956573,-0.001574,8.9e-05,-0.001872,-0.001819
12621.365774,9.1,7.474343,-0.001575,8.8e-05,-0.001874,-0.001819
12623.866646999999,9.1,7.69798,-0.001581,8.7e-05,-0.001877,-0.001822
12625.117338,9.1,8.266797,-0.00158,8.6e-05,-0.001872,-0.001821
12627.632284,9.1,7.874023,-0.001577,9e-05,-0.001868,-0.001819
12630.132485,9.1,8.019042,-0.001573,9e-05,-0.001868,-0.001819
12631.397028,9.1,7.593865,-0.001576,9e-05,-0.001871,-0.00182
12633.91362,9.1,7.794022,-0.001573,9.2e-05,-0.001871,-0.001822
12635.178727999999,9.1,8.113703,-0.001575,8.8e-05,-0.00187,-0.001823
12637.694767,9.1,8.759173,-0.001574,9.3e-05,-0.001874,-0.001819
12640.209593,9.1,7.76146,-0.00157,9.4e-05,-0.001869,-0.001814
12641.476569,9.1,8.661378,-0.001569,9.7e-05,-0.001867,-0.001814
12643.990952,9.1,7.678964,-0.001568,9.9e-05,-0.001869,-0.001811
12645.241904,9.1,7.931925,-0.001573,9.5e-05,-0.001868,-0.001816
12647.757397,9.1,8.544884,-0.001574,9e-05,-0.001875,-0.001815
12650.256578,9.1,8.113226,-0.001572,9.3e-05,-0.001875,-0.001819
12651.508301,9.1,7.809427,-0.00157,9.5e-05,-0.001871,-0.001819
12654.007383,9.1,8.580687,-0.00157,9.7e-05,-0.001872,-0.001814
12655.258126,9.1,8.080768,-0.001571,9.3e-05,-0.001869,-0.00182
12657.771937,9.1,8.111101,-0.001573,9.4e-05,-0.001872,-0.001815
12660.273253,9.1,8.244115,-0.001571,9.7e-05,-0.001868,-0.001815
12661.537964,9.1,7.819892,-0.001572,9.7e-05,-0.001867,-0.001815
12664.038239,9.1,7.730278,-0.001571,9.9e-05,-0.001869,-0.001817
12665.288238000001,9.1,8.117953,-0.001572,9.5e-05,-0.001877,-0.001817
12667.78823,9.1,7.699521,-0.00157,9.3e-05,-0.001874,-0.001817
12670.302903,9.1,7.899521,-0.001567,9.7e-05,-0.001877,-0.001813
12671.553574,9.1,7.75397,-0.001568,9.8e-05,-0.001872,-0.001814
12674.084944,9.1,7.757051,-0.001564,9.9e-05,-0.001878,-0.00181
12675.334945,9.1,8.075563,-0.001565,9.2e-05,-0.001874,-0.00182
12677.852007,9.1,7.561992,-0.001571,9.2e-05,-0.001872,-0.001818
12680.381554,9.1,7.432802,-0.001573,9.1e-05,-0.001876,-0.001818
12681.629950999999,9.1,7.772296,-0.001574,9e-05,-0.001875,-0.001816
12684.116815,9.1,7.749083,-0.001571,9.5e-05,-0.001876,-0.001814
12685.382948999999,9.1,8.971178,-0.001569,9.6e-05,-0.001872,-0.001814
12687.912657,9.1,8.097979,-0.001561,0.000101,-0.001875,-0.001809
12689.164875,9.1,7.891925,-0.001559,9.9e-05,-0.001872,-0.001811
12691.694265,9.1,7.911314,-0.001561,0.000104,-0.001876,-0.001811
12694.195046,9.1,8.052084,-0.001564,0.0001,-0.001871,-0.001814
12695.460669,9.1,7.494688,-0.001565,9.7e-05,-0.001869,-0.001816
12697.976602,9.1,8.108763,-0.001575,9.3e-05,-0.001875,-0.00182
12699.22589,9.1,7.955669,-0.001575,9.1e-05,-0.001878,-0.001822
12701.757302,9.1,7.949774,-0.001581,7.6e-05,-0.001868,-0.001835
12704.272881,9.1,8.01798,-0.001603,5.5e-05,-0.001871,-0.001858
12705.537577,9.1,8.002097,-0.001608,5.3e-05,-0.001878,-0.001857
12708.037714,9.1,8.420847,-0.001602,6.1e-05,-0.001882,-0.001848
12709.288847,9.1,7.658087,-0.001607,5.5e-05,-0.001878,-0.001858
12711.819558,9.1,7.577875,-0.001603,6.3e-05,-0.001886,-0.001851
12714.351762,9.1,8.098989,-0.001596,6.7e-05,-0.001883,-0.001848
12715.616465,9.1,8.070729,-0.001607,6.2e-05,-0.001889,-0.001849
12718.131923,9.1,7.677051,-0.001606,6.6e-05,-0.001894,-0.001848
12719.396796,9.1,8.26021,-0.001603,7.1e-05,-0.001891,-0.001844
12721.898027,9.1,7.89644,-0.001596,7e-05,-0.001896,-0.001846
12723.148279000001,9.1,7.517052,-0.001598,7e-05,-0.001897,-0.00185
12725.662780999999,9.1,7.588286,-0.001604,6.2e-05,-0.001892,-0.001857
12728.163298,9.1,8.2626,-0.001618,3.2e-05,-0.00189,-0.001877
12729.42848,9.1,8.256704,-0.001619,3.5e-05,-0.001902,-0.001873
12731.928836,9.1,8.489745,-0.001629,2.9e-05,-0.001906,-0.001876
12733.179522,9.1,7.904568,-0.001624,3.3e-05,-0.001907,-0.001872
12735.694258,9.1,8.246398,-0.001613,4.4e-05,-0.001896,-0.001862
12738.209748000001,9.1,8.177767,-0.001614,4.4e-05,-0.001895,-0.001866
12739.460298,9.1,7.992801,-0.001613,4.3e-05,-0.0019,-0.001867
12741.991618,9.1,7.638326,-0.001611,4.3e-05,-0.001898,-0.001866
12743.257454999999,9.1,7.884913,-0.001608,4.6e-05,-0.001906,-0.00186
12745.756408000001,9.1,7.83296,-0.001605,5.2e-05,-0.001912,-0.001859
12748.257267,9.1,7.835403,-0.001603,5.9e-05,-0.001911,-0.00185
12749.52328,9.1,8.207408,-0.001608,5.7e-05,-0.001909,-0.001851
12752.023259,9.1,8.121406,-0.00161,6.1e-05,-0.001909,-0.001851
12753.288657000001,9.1,8.107595,-0.001608,6.3e-05,-0.001908,-0.001848
12755.802951,9.1,7.830995,-0.001608,5.6e-05,-0.001903,-0.001852
12758.31869,9.1,7.516892,-0.001618,4.1e-05,-0.001907,-0.001868
12759.568563,9.1,7.844594,-0.001611,4.9e-05,-0.001909,-0.001859
12762.069782,9.1,7.809003,-0.001608,5.6e-05,-0.001916,-0.001863
12763.334787,9.1,8.135324,-0.001607,5.8e-05,-0.00191,-0.001858
12765.867276,9.1,7.752376,-0.001606,6.6e-05,-0.001918,-0.001846
12768.383303999999,9.1,7.903665,-0.001604,6.6e-05,-0.001915,-0.001841
12769.644587,9.1,7.958166,-0.001602,6.3e-05,-0.001909,-0.001846
12772.147832999999,9.1,8.031897,-0.001603,6.2e-05,-0.001913,-0.001843
12773.413293,9.1,8.001141,-0.001611,4.4e-05,-0.001914,-0.001863
12775.897516,9.1,8.05952,-0.001618,4.5e-05,-0.00192,-0.001862
12777.162782,9.1,7.551102,-0.001616,4.8e-05,-0.001919,-0.001863
12779.676333,9.1,7.756892,-0.001612,5.4e-05,-0.00192,-0.001853
12782.194501,9.1,7.945098,-0.001625,2.9e-05,-0.001919,-0.00187
12783.444886000001,9.1,8.068445,-0.001625,2.2e-05,-0.001908,-0.001878
12785.976425,9.1,7.619309,-0.001615,3.3e-05,-0.001911,-0.001868
12787.242073,9.1,8.289639,-0.001607,4.3e-05,-0.001905,-0.001868
12789.773288,9.1,8.190091,-0.001597,5.8e-05,-0.001912,-0.001852
12792.287913,9.1,8.344193,-0.001598,6.6e-05,-0.001911,-0.001847
12793.538416,9.1,8.105629,-0.001596,7.3e-05,-0.001908,-0.001841
12796.03815,9.1,8.33612,-0.001601,6.5e-05,-0.001909,-0.001847
12797.305139,9.1,7.813146,-0.001598,7e-05,-0.001912,-0.001842
12799.804396,9.1,7.844594,-0.001606,6.1e-05,-0.001911,-0.001845
12802.288152000001,9.1,8.280024,-0.001609,6.8e-05,-0.001913,-0.001849
12803.53836,9.1,7.676838,-0.001602,6.3e-05,-0.001908,-0.001854
12806.069619,9.1,7.868233,-0.001603,6.1e-05,-0.001912,-0.00185
12807.335873,9.1,7.816015,-0.001608,5.3e-05,-0.001906,-0.001857
12809.867779,9.1,7.901806,-0.001611,5.1e-05,-0.001904,-0.001864
12812.381603,9.1,7.777874,-0.001618,5e-05,-0.001905,-0.00186
12813.631569000001,9.1,8.689531,-0.001616,5e-05,-0.001903,-0.00186
12816.14773,9.1,7.563161,-0.001617,4.3e-05,-0.001903,-0.001863
12817.399771,9.1,8.374685,-0.001616,3.9e-05,-0.001899,-0.001869
12819.895105,9.1,7.847834,-0.001614,3.9e-05,-0.0019,-0.001862
12821.133251,9.1,7.633705,-0.001614,3.6e-05,-0.001896,-0.001868
12823.663865999999,9.1,8.317315,-0.001622,3.7e-05,-0.001903,-0.001867
12826.162745,9.1,8.237634,-0.001619,3.6e-05,-0.001901,-0.001871
12827.413846,9.1,8.486238,-0.001619,3.4e-05,-0.001899,-0.001875
12829.913661,9.1,8.047409,-0.001618,3.8e-05,-0.001893,-0.001868
12831.178747,9.1,7.61081,-0.001618,3.8e-05,-0.001897,-0.001871
12833.67884,9.1,7.895696,-0.001628,2.5e-05,-0.001902,-0.001877
12836.193635,9.1,7.811234,-0.001645,1.2e-05,-0.001913,-0.001886
12837.444934,9.1,7.645975,-0.001649,1.6e-05,-0.001918,-0.001884
12839.959894,9.1,7.790411,-0.001638,2.4e-05,-0.001923,-0.001881
12841.225407,9.1,7.713705,-0.001637,2.1e-05,-0.001914,-0.001885
12843.757262,9.1,7.880611,-0.001637,2.5e-05,-0.001917,-0.001879
12846.273237,9.1,8.122044,-0.001628,2.9e-05,-0.001913,-0.001875
12847.538767,9.1,7.512005,-0.001629,3.1e-05,-0.001914,-0.001874
12850.054752,9.1,7.595298,-0.001631,2.1e-05,-0.001908,-0.001886
12851.303437,9.1,7.843531,-0.001634,2.1e-05,-0.001906,-0.001883
12853.804251,9.1,7.765922,-0.001633,2.3e-05,-0.001907,-0.00188
12856.304454000001,9.1,8.211817,-0.001638,2.4e-05,-0.001915,-0.001879
12857.554623,9.1,8.052615,-0.00164,1.8e-05,-0.001909,-0.001885
12860.069094,9.1,7.833225,-0.001633,2.7e-05,-0.001916,-0.001877
12861.303398,9.1,7.738193,-0.00163,2.9e-05,-0.001911,-0.001878
12863.803281,9.1,8.799332,-0.001627,3.5e-05,-0.001907,-0.001871
12866.319677,9.1,7.885922,-0.001627,3.1e-05,-0.001907,-0.001876
12867.586028,9.1,8.149613,-0.001625,3.1e-05,-0.0019,-0.001874
12870.100763,9.1,8.040503,-0.001627,3.3e-05,-0.001899,-0.001874
12871.352146000001,9.1,8.192853,-0.001626,3.6e-05,-0.001906,-0.00187
12873.880821,9.1,9.030833,-0.001626,3.1e-05,-0.001901,-0.001874
12876.382028,9.1,8.507965,-0.001629,3e-05,-0.001904,-0.001877
12877.632572999999,9.1,7.839812,-0.001631,3.1e-05,-0.001914,-0.001874
12880.147682,9.1,8.3724,-0.001627,3.2e-05,-0.001914,-0.001873
12881.397769,9.1,7.749348,-0.001627,3.3e-05,-0.001907,-0.001872
12883.912253999999,9.1,8.034873,-0.001627,3.3e-05,-0.001908,-0.001872
12885.162662,9.1,7.650385,-0.001628,3.2e-05,-0.001906,-0.00187
12887.679110000001,9.1,7.773518,-0.001625,3.6e-05,-0.001902,-0.001869
12890.178168,9.1,7.701168,-0.001625,3.3e-05,-0.001904,-0.001874
12891.428641999999,9.1,7.984355,-0.001627,3.5e-05,-0.001906,-0.001874
12893.960109,9.1,7.995988,-0.001622,3.8e-05,-0.001906,-0.00187
12895.209689,9.1,7.830835,-0.001621,3.6e-05,-0.0019,-0.001871
12897.726537999999,9.1,8.057502,-0.001619,4.2e-05,-0.001903,-0.001861
12900.225502000001,9.1,7.775218,-0.001622,3.9e-05,-0.001901,-0.001864
12901.47739,9.1,8.428603,-0.001623,3.7e-05,-0.001899,-0.001867
12903.975739,9.1,7.98138,-0.001623,3.8e-05,-0.001898,-0.001865
12905.241894,9.1,8.439811,-0.001621,3.9e-05,-0.001897,-0.001865
12907.757527,9.1,8.250808,-0.001613,4.4e-05,-0.00189,-0.001864
12910.272089,9.1,8.024514,-0.001616,4.4e-05,-0.00189,-0.001864
12911.522748,9.1,8.104248,-0.001616,4.4e-05,-0.00189,-0.001866
12914.053987,9.1,8.385203,-0.001615,5.1e-05,-0.00189,-0.001857
12915.304609,9.1,7.730756,-0.001609,5.6e-05,-0.001892,-0.001852
12917.803802,9.1,8.218882,-0.001605,6.1e-05,-0.001888,-0.001852
12920.303374,9.1,7.843744,-0.0016,6.3e-05,-0.001889,-0.001853
12921.554462,9.1,7.725072,-0.001603,6.3e-05,-0.001887,-0.001849
12924.053046,9.1,7.895218,-0.001604,6.7e-05,-0.001895,-0.001844
12925.304247,9.1,8.013624,-0.001604,6.8e-05,-0.001891,-0.001845
12927.819735000001,9.1,7.828923,-0.001607,6e-05,-0.001892,-0.00185
12930.351862,9.1,8.327036,-0.001606,5.6e-05,-0.00189,-0.001848
12931.600280999999,9.1,7.911261,-0.001605,5.7e-05,-0.001889,-0.00185
12934.116713,9.1,7.821645,-0.001603,6e-05,-0.001889,-0.001848
12935.38174,9.1,9.126344,-0.0016,5.9e-05,-0.001889,-0.00185
12937.913111,9.1,7.882894,-0.001605,6.1e-05,-0.00189,-0.001851
12939.163535,9.1,8.602094,-0.001605,6e-05,-0.001891,-0.001849
12941.677935,9.1,7.686559,-0.001604,5.7e-05,-0.001887,-0.001851
12944.194906,9.1,7.689004,-0.0016,5.9e-05,-0.001885,-0.001851
12945.45959,9.1,8.115562,-0.001599,6.1e-05,-0.001889,-0.001848
12947.976865,9.1,7.872589,-0.001596,6.1e-05,-0.001887,-0.001849
12949.242266000001,9.1,8.906635,-0.001597,6.3e-05,-0.00189,-0.001848
12951.757306,9.1,8.195987,-0.001599,6.3e-05,-0.001885,-0.001847
12954.272631,9.1,8.062124,-0.001603,6e-05,-0.001887,-0.001852
12955.537676,9.1,7.965922,-0.001601,6e-05,-0.001888,-0.00185
12958.038297,9.1,8.753754,-0.001601,5.7e-05,-0.001886,-0.001851
12959.287879,9.1,7.954608,-0.001602,6e-05,-0.00189,-0.001848
12961.804522,9.1,7.995138,-0.001601,6.3e-05,-0.001886,-0.001843
12964.319491,9.1,7.824779,-0.001599,6.8e-05,-0.001882,-0.001843
12965.585584,9.1,8.276784,-0.001597,7.2e-05,-0.001883,-0.00184
12968.117231,9.1,8.194712,-0.001592,7.4e-05,-0.001876,-0.001841
12969.382134,9.1,7.511155,-0.001592,7.3e-05,-0.001878,-0.00184
12971.882196999999,9.1,7.904568,-0.001594,7.4e-05,-0.001878,-0.001838
12974.381794,9.1,8.258085,-0.001589,7.8e-05,-0.001879,-0.001833
12975.632322,9.1,7.867383,-0.001586,7.8e-05,-0.001877,-0.001831
12978.132748,9.1,8.271524,-0.001584,7.7e-05,-0.001874,-0.001833
12979.381264,9.1,7.614953,-0.001587,7.7e-05,-0.001877,-0.001835
12981.881689,9.1,7.743452,-0.001586,7.8e-05,-0.001874,-0.001834
12984.382067999999,9.1,7.575804,-0.001592,7.4e-05,-0.001872,-0.001838
12984.648915999998,9.1,7.696599,-0.001591,7.5e-05,-0.001882,-0.001836
12985.902759999999,9.1,8.004541,-0.001588,7.5e-05,-0.001875,-0.001837
12987.167355,9.1,7.892244,-0.001588,7.7e-05,-0.001882,-0.001835
12989.668586,9.1,8.120662,-0.001585,7.8e-05,-0.001878,-0.001833
12990.917648999999,9.1,7.823717,-0.001585,7.7e-05,-0.001877,-0.00183
12993.449139999999,9.1,7.898831,-0.001585,8e-05,-0.001881,-0.001825
12995.949852,9.1,7.905099,-0.001583,8.3e-05,-0.001883,-0.001818
12997.213806999998,9.1,7.810596,-0.00158,8.4e-05,-0.00188,-0.00182
12999.730296,9.1,7.595033,-0.001574,8.4e-05,-0.001879,-0.001814
13000.980877999998,9.1,7.84045,-0.001567,8.5e-05,-0.001873,-0.00181
13003.498021,9.1,7.353388,-0.001561,9.1e-05,-0.001878,-0.001799
13006.010901999998,9.099,7.576547,-0.001555,9.4e-05,-0.001875,-0.001798
13007.27679,9.099,7.738884,-0.001549,9.6e-05,-0.001872,-0.001794
13009.809285,9.099,7.828445,-0.001541,0.000101,-0.001876,-0.001788
13011.073846,9.098,6.93979,-0.001538,0.0001,-0.001872,-0.001788
13013.575019,9.097,7.671952,-0.001532,9.7e-05,-0.001874,-0.001787
13014.840049999999,9.096,7.70818,-0.001531,9.4e-05,-0.001872,-0.001783
13017.355430999998,9.096,7.077425,-0.001527,8.8e-05,-0.001872,-0.00178
13019.853407999999,9.095,7.803159,-0.00153,8.2e-05,-0.001874,-0.001778
13021.105344,9.094,7.31838,-0.001532,8.1e-05,-0.001878,-0.001777
13023.620996,9.093,7.392272,-0.001533,8e-05,-0.001875,-0.001774
13024.887099,9.093,7.776599,-0.00153,8.3e-05,-0.001875,-0.00177
13027.387014999998,9.092,7.161781,-0.001524,8.6e-05,-0.001873,-0.001768
13029.918937999999,9.091,7.159072,-0.001517,9e-05,-0.001879,-0.001763
13031.184470999999,9.09,7.37352,-0.001514,9.3e-05,-0.001881,-0.00176
13033.714359,9.089,7.167518,-0.001513,9.1e-05,-0.001873,-0.001757
13034.964386999998,9.089,6.723429,-0.001512,8.8e-05,-0.001878,-0.001758
13037.480016,9.088,6.761516,-0.001507,8.8e-05,-0.001875,-0.00175
13039.995572999998,9.087,7.412935,-0.001503,8.5e-05,-0.001873,-0.00175
13041.260766,9.086,6.788874,-0.001504,8.4e-05,-0.001877,-0.001751
13043.776526999998,9.086,6.761675,-0.001499,9e-05,-0.001874,-0.001752
13045.027102999999,9.085,6.995673,-0.001501,8.3e-05,-0.00187,-0.001756
13047.558275,9.084,7.142445,-0.001499,7.6e-05,-0.001873,-0.001754
13050.058041999999,9.083,6.916576,-0.001498,7e-05,-0.001873,-0.001755
13051.325058999999,9.082,6.805075,-0.001491,7.2e-05,-0.001874,-0.001753
13053.854992999999,9.081,7.413785,-0.001486,8e-05,-0.001879,-0.00174
13055.105727999999,9.081,6.815009,-0.001486,7.8e-05,-0.001876,-0.001743
13057.620878999998,9.08,6.776337,-0.001486,7.5e-05,-0.001878,-0.001741
13058.887881999999,9.079,6.891875,-0.001488,7.2e-05,-0.001883,-0.00174
13061.386347999998,9.078,6.755779,-0.001484,7.2e-05,-0.001878,-0.001736
13063.916897,9.077,6.634718,-0.001483,7e-05,-0.001882,-0.001739
13065.182338999999,9.077,6.807625,-0.001477,6.8e-05,-0.001881,-0.001738
13067.699148999998,9.076,6.776921,-0.001471,6.1e-05,-0.001879,-0.001739
13068.948842,9.075,6.710627,-0.001465,6.4e-05,-0.001876,-0.001734
13071.464994999998,9.074,6.876417,-0.00146,6.3e-05,-0.001875,-0.001733
13073.965119999999,9.073,6.653575,-0.001461,5.7e-05,-0.001876,-0.001735
13075.230058,9.072,6.55748,-0.001458,6e-05,-0.001883,-0.001732
13077.746765999998,9.071,6.684067,-0.001463,5.2e-05,-0.001878,-0.001736
13079.011369,9.071,6.665368,-0.001461,5.3e-05,-0.001883,-0.001734
13081.512524,9.07,6.304573,-0.00147,3.9e-05,-0.00188,-0.00174
13084.027505999999,9.069,6.286563,-0.001461,4.7e-05,-0.001889,-0.001731
13085.292974999998,9.068,6.632805,-0.001452,5e-05,-0.001884,-0.001724
13087.808985999998,9.068,6.169698,-0.001457,4.8e-05,-0.00189,-0.001718
13089.074783999999,9.067,6.103722,-0.00145,5.1e-05,-0.001888,-0.001718
13091.589034999999,9.066,6.276683,-0.001438,5.5e-05,-0.001895,-0.001708
13094.089107,9.065,6.139048,-0.00143,6e-05,-0.001893,-0.001701
13095.340359,9.064,6.246882,-0.001427,6.1e-05,-0.001892,-0.001698
13097.871872999998,9.063,6.566032,-0.001426,5.5e-05,-0.001895,-0.001705
13099.12042,9.063,5.979526,-0.001425,5e-05,-0.001888,-0.001706
13101.620673,9.062,6.077959,-0.001431,3.9e-05,-0.001888,-0.001713
13102.871877,9.062,6.079446,-0.001432,3.7e-05,-0.001886,-0.00171
13105.370834,9.061,5.819421,-0.001422,4.4e-05,-0.001885,-0.001698
13107.871133999999,9.06,6.374427,-0.00141,4.9e-05,-0.001886,-0.001689
13109.120248,9.059,6.014692,-0.001408,4.7e-05,-0.001881,-0.001695
13111.621775,9.058,5.48747,-0.001405,4.5e-05,-0.001879,-0.00169
13112.885798,9.058,6.146697,-0.001406,4.7e-05,-0.001884,-0.001687
13115.401963999999,9.057,5.857083,-0.001398,4.9e-05,-0.001889,-0.001679
13117.932915,9.056,5.687575,-0.001403,4.8e-05,-0.001886,-0.001681
13119.183712999999,9.055,5.657456,-0.001399,4.5e-05,-0.001885,-0.001681
13121.700164,9.054,5.457882,-0.00139,4.5e-05,-0.001883,-0.001678
13122.964817999999,9.054,5.53071,-0.001391,4.6e-05,-0.001888,-0.001676
13125.495859999999,9.053,5.912329,-0.001384,4.4e-05,-0.001888,-0.001674
13128.027182999998,9.052,5.561255,-0.00138,4.7e-05,-0.001891,-0.001664
13129.276749999999,9.051,5.662502,-0.001379,4.7e-05,-0.001885,-0.001666
13131.777643,9.05,5.701865,-0.001379,3.9e-05,-0.001877,-0.00167
13133.043270999999,9.049,5.849381,-0.001384,3.1e-05,-0.001879,-0.001677
13135.559232,9.048,5.504628,-0.001391,2.2e-05,-0.001884,-0.001678
13138.088882999999,9.047,5.602635,-0.001389,2.2e-05,-0.001896,-0.001675
13139.339535,9.047,5.457616,-0.001388,1.8e-05,-0.001886,-0.001678
13141.855265999999,9.045,5.566301,-0.001386,1.7e-05,-0.001884,-0.001673
13143.116961999998,9.044,5.321415,-0.00138,2.2e-05,-0.001885,-0.001665
13145.620975,9.044,5.435359,-0.001373,2.9e-05,-0.001888,-0.001656
13146.871727,9.043,5.204655,-0.001374,2.5e-05,-0.001893,-0.001655
13149.385804,9.042,5.257936,-0.001368,2.9e-05,-0.001902,-0.001655
13151.901483999998,9.041,5.126555,-0.001356,3.1e-05,-0.0019,-0.001648
13153.151597999999,9.041,5.587018,-0.001357,3.3e-05,-0.001908,-0.001641
13155.684873999999,9.04,5.148985,-0.001355,2.6e-05,-0.001906,-0.00164
13156.932776,9.039,5.047524,-0.001364,2.3e-05,-0.001907,-0.001646
13159.433745999999,9.038,5.222131,-0.001364,2.2e-05,-0.001906,-0.001648
13161.949352,9.037,5.392065,-0.001347,3.8e-05,-0.001904,-0.001635
13163.200174,9.037,5.277537,-0.001341,4.4e-05,-0.001901,-0.001629
13165.715515,9.036,5.642114,-0.001327,4.3e-05,-0.001904,-0.001624
13166.980769999998,9.036,5.169223,-0.001325,4.1e-05,-0.00191,-0.00162
13169.49677,9.034,4.868518,-0.001329,3e-05,-0.001905,-0.001629
13172.011981999998,9.033,5.039343,-0.001352,-0.0,-0.001905,-0.001652
13173.276856999999,9.033,4.721801,-0.001352,-1e-06,-0.001905,-0.001647
13175.809717999999,9.032,4.887782,-0.001348,3e-06,-0.001907,-0.00164
13177.057997,9.031,4.854862,-0.001345,4e-06,-0.001906,-0.001637
13179.589757,9.03,5.15264,-0.001353,-1.1e-05,-0.001907,-0.001653
13180.856418,9.03,4.853425,-0.00135,-6e-06,-0.001914,-0.001642
13183.372216,9.029,4.725865,-0.00134,1.4e-05,-0.001911,-0.001621
13185.869576,9.028,4.912276,-0.001329,1.6e-05,-0.001908,-0.001609
13187.120808,9.028,4.878206,-0.001328,1.9e-05,-0.001916,-0.001605
13189.621716,9.027,5.025001,-0.001316,2.3e-05,-0.001912,-0.0016
13190.872424,9.026,4.405656,-0.001313,2.5e-05,-0.001914,-0.001597
13193.386487,9.025,4.328459,-0.00131,1.9e-05,-0.001914,-0.001602
13195.917126999999,9.024,4.302023,-0.001309,2e-05,-0.001917,-0.001601
13197.168568,9.024,4.605208,-0.001311,1.8e-05,-0.001917,-0.0016
13199.684426,9.023,4.52138,-0.001309,1.7e-05,-0.001911,-0.001594
13200.949670999998,9.023,4.374334,-0.001304,2.3e-05,-0.001917,-0.001587
13203.465101,9.022,5.097404,-0.001308,2.3e-05,-0.00192,-0.001589
13205.995859999999,9.021,4.412176,-0.001299,2.6e-05,-0.001917,-0.001586
13207.261627,9.02,4.348916,-0.0013,2.5e-05,-0.001918,-0.001582
13209.793077999999,9.019,4.409391,-0.001301,2e-05,-0.001912,-0.00158
13211.04437,9.019,4.291365,-0.001301,1.9e-05,-0.001917,-0.001576
13213.574336,9.018,4.374488,-0.001296,1.3e-05,-0.001911,-0.00158
13216.089735,9.017,4.480816,-0.001285,1.5e-05,-0.001903,-0.001569
13217.355312,9.016,4.069144,-0.001283,1.9e-05,-0.001908,-0.001563
13219.855828,9.015,4.384196,-0.001282,1.8e-05,-0.001911,-0.001569
13221.105939,9.015,4.043005,-0.001282,1.8e-05,-0.001908,-0.001567
13223.636219999999,9.014,4.210863,-0.001276,2.4e-05,-0.00191,-0.001559
13224.886865999999,9.014,4.45283,-0.00127,2.9e-05,-0.001911,-0.001559
13227.418188,9.013,4.084189,-0.001267,1.2e-05,-0.001901,-0.001567
13229.912734,9.012,4.233166,-0.001279,-1e-06,-0.001908,-0.001575
13231.146308,9.011,3.810582,-0.001284,-7e-06,-0.001904,-0.001579
13233.636285999999,9.01,4.401677,-0.001281,-1.1e-05,-0.001902,-0.001578
13234.886215999999,9.01,3.999306,-0.001282,-1e-05,-0.001903,-0.001574
13237.402333999999,9.009,4.004701,-0.001272,-3e-06,-0.001914,-0.00156
13239.917864,9.008,3.880648,-0.001261,9e-06,-0.001913,-0.00155
13241.183851,9.007,4.002839,-0.001258,8e-06,-0.001908,-0.00155
13243.714974999999,9.006,3.877826,-0.001255,1e-05,-0.001913,-0.001541
13244.964754999999,9.006,3.625349,-0.001255,1.2e-05,-0.00191,-0.00154
13247.480575,9.005,3.901137,-0.001251,1.5e-05,-0.001907,-0.001538
13249.996722,9.004,3.968142,-0.001248,1.9e-05,-0.001909,-0.001527
13251.246355,9.003,3.741751,-0.001242,2.1e-05,-0.001907,-0.00152
13253.745911999998,9.002,3.735321,-0.001235,2.2e-05,-0.001905,-0.001524
13255.011437,9.002,3.820863,-0.001231,2.1e-05,-0.001897,-0.001528
13257.542604999999,9.001,3.656735,-0.001227,1.9e-05,-0.001903,-0.001519
13260.059587,9.0,3.550974,-0.001225,1.9e-05,-0.001903,-0.00152
13261.309721,8.999,3.532231,-0.001226,1.6e-05,-0.001904,-0.001516
13263.824218999998,8.998,3.659663,-0.001227,1e-05,-0.001897,-0.001521
13265.09031,8.998,3.950333,-0.001228,9e-06,-0.001901,-0.001517
13267.620131,8.997,3.614054,-0.001224,7e-06,-0.001897,-0.001516
13268.871331999999,8.997,3.496086,-0.001226,9e-06,-0.001899,-0.001513
13271.402524,8.996,3.82454,-0.00122,9e-06,-0.001889,-0.001509
13273.918944,8.995,3.371901,-0.001215,1.3e-05,-0.001886,-0.001502
13275.183787999998,8.994,3.689378,-0.001215,1.2e-05,-0.00189,-0.001499
13277.713765999999,8.993,3.548815,-0.001211,9e-06,-0.001882,-0.001502
13278.980194999998,8.993,3.261567,-0.00121,9e-06,-0.001891,-0.001498
13281.481677999998,8.992,3.607369,-0.001206,1.2e-05,-0.001887,-0.001492
13283.995745999999,8.991,3.453581,-0.001201,1.3e-05,-0.001895,-0.001487
13285.260873,8.99,3.387944,-0.001202,1.4e-05,-0.001897,-0.001487
13287.761835,8.99,3.330324,-0.001202,1.1e-05,-0.001891,-0.001491
13291.558809999999,8.988,3.318254,-0.001198,1e-05,-0.001892,-0.001487
13294.089571999999,8.987,3.11449,-0.0012,7e-06,-0.001894,-0.001486
13295.355130999998,8.986,3.132353,-0.001199,4e-06,-0.001896,-0.001486
13297.870272999999,8.985,3.280157,-0.001196,8e-06,-0.001898,-0.001483
13299.120401999999,8.985,3.309018,-0.001194,7e-06,-0.001892,-0.001483
13301.621825999999,8.984,2.94721,-0.001192,3e-06,-0.001893,-0.001481
13302.870224999999,8.983,3.10076,-0.00119,3e-06,-0.001896,-0.001482
13305.366667999999,8.982,3.296847,-0.001187,4e-06,-0.001889,-0.001478
13307.855242,8.981,3.0985,-0.00118,5e-06,-0.001889,-0.001472
13309.120906999999,8.98,2.983694,-0.001178,8e-06,-0.001893,-0.001467
13311.637094999998,8.979,3.031314,-0.001175,9e-06,-0.001888,-0.001465
13312.899492999999,8.979,3.108288,-0.001173,8e-06,-0.001883,-0.001466
13315.418409999998,8.978,3.141918,-0.001169,1.2e-05,-0.001888,-0.001458
13317.94608,8.977,3.262602,-0.001158,1.7e-05,-0.001886,-0.00145
13319.184691999999,8.976,2.972627,-0.001155,1.9e-05,-0.001893,-0.001445
13321.699372,8.975,2.953364,-0.001151,2.1e-05,-0.001891,-0.001444
13322.964322999998,8.975,2.800467,-0.001149,2e-05,-0.001888,-0.001446
13325.481204,8.974,2.957401,-0.001148,2.1e-05,-0.00189,-0.001443
13328.012147,8.973,2.814515,-0.001144,2.7e-05,-0.001895,-0.001433
13329.277148,8.972,2.742194,-0.001141,2.6e-05,-0.001893,-0.001434
13331.809871,8.971,2.682027,-0.001133,2.7e-05,-0.001889,-0.001432
13333.057445999999,8.971,2.774911,-0.001131,2.5e-05,-0.00189,-0.001432
13335.573842999998,8.97,2.758147,-0.001135,2.2e-05,-0.001894,-0.001428
13338.074368,8.969,2.629733,-0.001133,2e-05,-0.001892,-0.001427
13339.324287,8.968,2.715275,-0.001132,1.7e-05,-0.001892,-0.001427
13341.824547999999,8.967,2.876905,-0.001135,1.8e-05,-0.001893,-0.001423
13343.089729,8.967,2.928589,-0.001129,1.8e-05,-0.001892,-0.001421
13345.620805999999,8.966,2.644513,-0.001127,1.9e-05,-0.001892,-0.001418
13346.885605,8.966,2.67269,-0.001124,2e-05,-0.001893,-0.001416
13349.401308999999,8.965,2.212008,-0.001119,2e-05,-0.00189,-0.001414
13351.917545999999,8.964,2.646964,-0.001114,2e-05,-0.001888,-0.001417
13353.184312,8.963,2.603477,-0.001112,1.9e-05,-0.001888,-0.001419
13355.699467999999,8.962,2.626778,-0.001113,1.6e-05,-0.001888,-0.001417
13356.964332,8.961,2.490284,-0.001116,1.1e-05,-0.001885,-0.001418
13359.480628,8.96,2.663071,-0.001119,7e-06,-0.001887,-0.001415
13361.995777999999,8.959,3.593374,-0.00112,1.1e-05,-0.001889,-0.001411
13363.247097,8.959,2.252742,-0.001118,1e-05,-0.001891,-0.001411
13365.761874,8.958,2.288849,-0.001113,1.1e-05,-0.001885,-0.001405
13367.026720999998,8.957,2.378508,-0.001109,1.2e-05,-0.001887,-0.0014
13369.557928999999,8.956,2.502301,-0.001103,1.7e-05,-0.001882,-0.001396
13372.074225999999,8.955,2.416727,-0.001096,2e-05,-0.001884,-0.001392
13373.324976999998,8.954,2.340018,-0.001093,2.5e-05,-0.001878,-0.001388
13375.838805,8.953,2.463588,-0.001084,2.8e-05,-0.001876,-0.001387
13377.089316,8.953,2.309874,-0.001084,2.5e-05,-0.001881,-0.001386
13379.589053999998,8.952,2.287385,-0.001083,2.2e-05,-0.001876,-0.001382
13382.089552,8.951,2.228926,-0.001086,1.2e-05,-0.001879,-0.00139
13383.340644999998,8.95,2.240349,-0.001087,1e-05,-0.001877,-0.001391
13385.855381,8.949,2.200283,-0.001085,1.2e-05,-0.00188,-0.001388
13387.105462,8.949,2.61299,-0.001081,1.3e-05,-0.001877,-0.001386
13389.621262999999,8.948,2.082427,-0.001082,1.3e-05,-0.001877,-0.001381
13390.871380999999,8.947,1.956438,-0.001082,1.1e-05,-0.001875,-0.001383
13393.371638999999,8.946,2.008668,-0.001081,1.4e-05,-0.00188,-0.001377
13395.870789999999,8.945,2.036075,-0.001078,1.1e-05,-0.001877,-0.00138
13397.136193999999,8.944,2.212199,-0.001076,1.1e-05,-0.001882,-0.001378
13399.636182999999,8.943,2.668493,-0.001075,1.3e-05,-0.00188,-0.001371
13400.884665,8.943,2.069705,-0.001074,1.6e-05,-0.00188,-0.00137
13403.402897999998,8.942,2.057901,-0.001065,1.6e-05,-0.001878,-0.001367
13405.934249999998,8.941,2.034812,-0.001064,1.6e-05,-0.001881,-0.001363
13407.199320999998,8.94,1.989506,-0.001063,1.5e-05,-0.001878,-0.001363
13409.699675999998,8.939,1.474981,-0.001056,1.4e-05,-0.001872,-0.001363
13410.965811999999,8.939,1.894186,-0.001055,1.6e-05,-0.001876,-0.001359
13413.465053,8.938,1.237799,-0.001054,1.1e-05,-0.001875,-0.001365
13415.979855,8.937,1.782898,-0.001056,8e-06,-0.001877,-0.001363
13417.230301999998,8.936,1.818486,-0.001057,8e-06,-0.001882,-0.001363
13419.745856,8.935,1.860466,-0.001055,9e-06,-0.001879,-0.001362
13421.010941999999,8.935,2.55512,-0.001052,1.2e-05,-0.001881,-0.001359
13423.511724999998,8.934,1.763205,-0.001045,1.3e-05,-0.00188,-0.001351
13426.043501999999,8.933,2.838521,-0.001042,1.4e-05,-0.001879,-0.001347
13427.308911999999,8.932,1.709813,-0.001043,1.4e-05,-0.001884,-0.001348
13429.825195,8.931,1.602976,-0.001038,9e-06,-0.001881,-0.00135
13431.088846999999,8.931,1.724015,-0.001036,1.5e-05,-0.001881,-0.001348
13433.605909999998,8.93,1.656776,-0.001036,1.2e-05,-0.001875,-0.001347
13436.104811,8.928,1.468026,-0.001034,1.2e-05,-0.001879,-0.001341
13437.355274999998,8.928,1.61539,-0.00103,9e-06,-0.001872,-0.001344
13439.855871,8.927,1.300205,-0.001029,1.1e-05,-0.001871,-0.001344
13441.105588999999,8.927,1.600493,-0.00103,1.1e-05,-0.001878,-0.001342
13443.620889999998,8.926,1.473756,-0.001043,-3e-06,-0.00188,-0.001356
13444.871319999998,8.925,1.47461,-0.001047,-1.3e-05,-0.001875,-0.001364
13447.370366,8.925,1.51876,-0.00105,-1.9e-05,-0.001888,-0.001368
13449.870748,8.923,1.910166,-0.00105,-2.2e-05,-0.001891,-0.001369
13451.136944999998,8.922,1.325309,-0.001049,-2e-05,-0.001892,-0.001365
13453.651888999999,8.921,1.324954,-0.001037,-1.1e-05,-0.001891,-0.001356
13454.917705,8.921,1.468848,-0.001036,-1e-05,-0.001893,-0.001354
13457.433549,8.92,1.401259,-0.001044,-1.4e-05,-0.001899,-0.001355
13459.948514999998,8.919,1.781381,-0.001041,-1.9e-05,-0.001901,-0.001363
13461.214682999998,8.918,1.157945,-0.001041,-2.9e-05,-0.001904,-0.001367
13463.730523999999,8.917,1.327904,-0.001043,-3e-05,-0.0019,-0.001366
13464.99686,8.917,1.373805,-0.00104,-2.9e-05,-0.001897,-0.001367
13467.510804,8.916,1.252861,-0.001043,-3.1e-05,-0.001902,-0.001367
13470.027763999999,8.914,0.588251,-0.001039,-4e-05,-0.001893,-0.001365
13471.292291,8.914,1.300062,-0.001041,-4e-05,-0.001898,-0.001369
13473.809786,8.914,2.413793,-0.00105,-4.8e-05,-0.001894,-0.001378
13475.058970999999,8.914,1.278337,-0.00105,-5e-05,-0.001898,-0.00138
13477.574059999999,8.914,2.222496,-0.001046,-4.3e-05,-0.001903,-0.001378
13480.074535999998,8.914,1.403923,-0.001044,-3.8e-05,-0.001903,-0.001378
13481.34023,8.914,1.35738,-0.001052,-4.6e-05,-0.001898,-0.001385
13483.854803999999,8.914,1.351422,-0.001067,-5.5e-05,-0.001905,-0.001396
13485.105469999999,8.914,1.279111,-0.00107,-5.3e-05,-0.001918,-0.001392
13487.605744999999,8.914,1.384182,-0.001064,-4.3e-05,-0.001916,-0.001387
13488.871184,8.914,1.4177,-0.001066,-4.7e-05,-0.001911,-0.00139
13491.386069999999,8.914,1.503141,-0.001058,-4e-05,-0.001913,-0.001384
13493.901800999998,8.915,1.333384,-0.00106,-3.3e-05,-0.001919,-0.001381
13495.166948999999,8.915,1.787816,-0.001067,-3.2e-05,-0.001918,-0.001383
13497.699364999999,8.916,1.565542,-0.001063,-2.5e-05,-0.00192,-0.001371
13498.949747999999,8.917,1.552512,-0.001059,-2e-05,-0.001913,-0.00137
13501.480896,8.918,1.624414,-0.001055,-1.3e-05,-0.001916,-0.001368
13503.980329999999,8.918,1.488902,-0.001063,-2e-05,-0.001918,-0.001377
13505.230446999998,8.919,1.798819,-0.001065,-2e-05,-0.001909,-0.001382
13507.730419,8.92,1.750531,-0.001069,-1.9e-05,-0.001915,-0.001383
13508.995518999998,8.92,1.534379,-0.001073,-1.9e-05,-0.001922,-0.001381
13511.51112,8.921,1.688093,-0.001075,-2e-05,-0.001917,-0.001388
13514.027920999999,8.922,1.362361,-0.001077,-1.8e-05,-0.001918,-0.001387
13515.292791999998,8.923,1.833192,-0.001081,-1.7e-05,-0.001921,-0.001387
13517.794193,8.924,1.707277,-0.001089,-2.3e-05,-0.001924,-0.001398
13519.054925999999,8.924,1.847251,-0.001087,-2e-05,-0.001916,-0.001396
13521.559156,8.925,1.637136,-0.001094,-2.8e-05,-0.001919,-0.001403
13524.088138,8.926,1.884032,-0.001094,-3.2e-05,-0.001923,-0.001406
13525.339646999999,8.927,2.789522,-0.001094,-3e-05,-0.001917,-0.001406
13527.854292999999,8.928,1.884812,-0.001093,-2.2e-05,-0.001926,-0.001404
13529.104737999998,8.928,2.052049,-0.001095,-1.9e-05,-0.001922,-0.001401
13531.605366,8.929,1.997103,-0.001097,-1.6e-05,-0.001923,-0.001399
13534.120781999998,8.93,2.033099,-0.001105,-1.8e-05,-0.001919,-0.001407
13535.385792,8.93,2.053986,-0.001108,-2.2e-05,-0.001923,-0.001411
13537.918898999998,8.931,2.02121,-0.001102,-1.9e-05,-0.00192,-0.001408
13539.184358999999,8.932,2.572198,-0.001101,-1.8e-05,-0.001923,-0.001404
13541.699287,8.933,2.110519,-0.001105,-1.7e-05,-0.001921,-0.001408
13542.949547999999,8.933,2.116179,-0.001105,-1.3e-05,-0.001916,-0.00141
13545.479786999998,8.934,2.129304,-0.001117,-1.6e-05,-0.001919,-0.001412
13547.995658999998,8.935,3.385546,-0.001117,-2e-05,-0.001915,-0.001421
13549.261561,8.935,1.646197,-0.00112,-1.5e-05,-0.001916,-0.001421
13551.794270999999,8.936,2.164818,-0.001115,-4e-06,-0.001913,-0.001414
13553.043676,8.937,2.144753,-0.001118,-0.0,-0.001915,-0.001414
13555.559313,8.938,2.492295,-0.001131,-3.1e-05,-0.001911,-0.00144
13558.075352999998,8.939,2.202077,-0.001149,-3.5e-05,-0.001918,-0.001442
13559.339696,8.939,2.292069,-0.001149,-3.1e-05,-0.001915,-0.001441
13561.855151999998,8.94,2.645516,-0.00115,-3.3e-05,-0.00191,-0.001442
13563.105897,8.941,2.353743,-0.001151,-3.6e-05,-0.001905,-0.001451
13565.637014999998,8.942,2.362385,-0.001163,-4.7e-05,-0.001918,-0.001457
13566.886428,8.942,2.562346,-0.001162,-4.3e-05,-0.001914,-0.001456
13569.417261999999,8.943,2.412801,-0.001155,-3.4e-05,-0.001915,-0.001452
13571.918964999999,8.944,1.560459,-0.001157,-2.8e-05,-0.001908,-0.001451
13573.184648999999,8.945,2.587821,-0.001157,-2.5e-05,-0.00191,-0.001445
13575.700009999999,8.946,2.562648,-0.001159,-2.7e-05,-0.001907,-0.001449
13576.950644999999,8.947,2.776248,-0.001166,-2.9e-05,-0.001911,-0.001451
13579.435172999998,8.948,2.472263,-0.001173,-3.1e-05,-0.001917,-0.001458
13581.933915999998,8.949,2.619929,-0.001176,-3.2e-05,-0.00192,-0.001467
13583.19883,8.949,2.895929,-0.001173,-3.2e-05,-0.001916,-0.001468
13585.714899999999,8.95,2.631961,-0.001183,-3.9e-05,-0.001919,-0.001475
13586.980661999998,8.951,2.598612,-0.001187,-4.4e-05,-0.001923,-0.00148
13589.496584999999,8.952,2.920604,-0.001189,-3.9e-05,-0.00193,-0.001478
13592.010780999999,8.953,2.719397,-0.001187,-3.9e-05,-0.001923,-0.001481
13593.261287,8.953,2.648455,-0.00119,-4e-05,-0.00192,-0.001484
13595.776027,8.954,3.025638,-0.001196,-3.9e-05,-0.00192,-0.001485
13597.027261,8.955,2.156218,-0.001196,-3.7e-05,-0.001924,-0.001482
13599.557638999999,8.956,2.740852,-0.001192,-3e-05,-0.001914,-0.001482
13602.074003,8.957,2.640121,-0.00119,-2.8e-05,-0.001909,-0.001476
13603.325641,8.958,2.894242,-0.001189,-2.4e-05,-0.001913,-0.001479
13605.840891999998,8.959,2.908508,-0.001197,-2.2e-05,-0.001916,-0.001483
13607.104943999999,8.959,2.982156,-0.0012,-2.3e-05,-0.001921,-0.001483
13609.619594,8.96,3.228887,-0.001205,-2.7e-05,-0.001922,-0.001486
13612.120965999999,8.961,2.926472,-0.001208,-2.4e-05,-0.001919,-0.001485
13613.371419,8.962,3.129557,-0.001208,-2.4e-05,-0.001917,-0.001489
13615.871216,8.963,3.404979,-0.001209,-2.7e-05,-0.001911,-0.001496
13617.121959999999,8.963,3.3366,-0.001213,-3.1e-05,-0.001917,-0.001497
13619.637024,8.964,3.050551,-0.001214,-2.3e-05,-0.001911,-0.001496
13620.886993999999,8.965,2.939252,-0.001215,-2.2e-05,-0.001905,-0.001497
13623.418468999998,8.966,3.009685,-0.001216,-1.8e-05,-0.001912,-0.001496
13625.933621999999,8.966,3.040375,-0.001218,-1.7e-05,-0.001909,-0.001501
13627.198875999999,8.967,3.244479,-0.001219,-2e-05,-0.001909,-0.001499
13629.729390999999,8.968,3.130422,-0.001222,-2.1e-05,-0.001906,-0.001501
13630.980661,8.968,3.089444,-0.001225,-2.1e-05,-0.001909,-0.001503
13633.512620999998,8.969,3.569739,-0.001227,-2e-05,-0.001903,-0.001512
13636.027280999999,8.971,3.230017,-0.001232,-2.2e-05,-0.001902,-0.001511
13637.293878999999,8.971,2.07326,-0.001232,-1.8e-05,-0.001906,-0.001509
13639.824375999999,8.972,3.440885,-0.001234,-1.6e-05,-0.001902,-0.001513
13641.074720999999,8.973,4.157635,-0.001236,-1.3e-05,-0.001909,-0.001511
13643.589612999998,8.974,3.407462,-0.001235,-1.4e-05,-0.001908,-0.001515
13646.120523999998,8.975,3.772246,-0.001236,-1.2e-05,-0.001901,-0.001513
13647.371136999998,8.975,3.433092,-0.001236,-5e-06,-0.001903,-0.001508
13649.902751999998,8.977,3.528416,-0.001235,-7e-06,-0.001895,-0.001512
13651.166788999999,8.977,3.439983,-0.001237,-4e-06,-0.001898,-0.001514
13653.669221999999,8.978,3.432832,-0.00124,-2e-06,-0.001902,-0.001513
13654.932604999998,8.979,3.511323,-0.00124,-2e-06,-0.001904,-0.001514
13657.447955,8.98,3.668783,-0.001242,2e-06,-0.001901,-0.001513
13659.948739,8.981,3.255785,-0.001238,5e-06,-0.001897,-0.001515
13661.21488,8.981,3.601226,-0.001241,4e-06,-0.001893,-0.001517
13663.730313999999,8.982,3.718764,-0.001241,7e-06,-0.001894,-0.001519
13664.995273999999,8.983,3.3127,-0.001242,8e-06,-0.001894,-0.001519
13667.51083,8.984,3.586355,-0.001253,9e-06,-0.001898,-0.001522
13670.011204999999,8.985,3.613815,-0.001251,1.1e-05,-0.001894,-0.001519
13671.260986,8.985,3.601974,-0.001248,1.4e-05,-0.001897,-0.001517
13673.79271,8.987,3.624696,-0.001246,2e-05,-0.001886,-0.001517
13675.055464,8.987,3.833506,-0.001245,2.5e-05,-0.00189,-0.001514
13677.574677999999,8.988,3.87025,-0.001251,1.9e-05,-0.001886,-0.001527
13680.104215,8.989,3.824683,-0.001258,1.9e-05,-0.001891,-0.001525
13681.355054999998,8.989,3.42603,-0.001257,1.8e-05,-0.001888,-0.001526
13683.870997999999,8.99,4.191807,-0.001257,2e-05,-0.001891,-0.001529
13685.135987,8.991,3.769811,-0.001258,1.9e-05,-0.001888,-0.001532
13687.652805999998,8.992,3.728149,-0.001262,1.5e-05,-0.001884,-0.001537
13688.918113,8.992,4.110138,-0.001267,1.3e-05,-0.001886,-0.001538
13691.43413,8.993,3.913419,-0.00127,1.9e-05,-0.001883,-0.001536
13693.947789,8.994,4.046427,-0.00127,2.6e-05,-0.001888,-0.001533
13695.19932,8.995,4.482556,-0.001271,2.6e-05,-0.001885,-0.001535
13697.714183999999,8.996,4.351458,-0.001273,2.6e-05,-0.001882,-0.001537
13698.963889999999,8.996,4.096264,-0.001274,2.8e-05,-0.001887,-0.001538
13701.479876,8.997,4.042018,-0.001275,2.8e-05,-0.001883,-0.001536
13703.995760999998,8.998,4.16815,-0.001276,3e-05,-0.001881,-0.001539
13705.246275999998,8.999,4.081256,-0.00128,3.1e-05,-0.001883,-0.001536
13707.777097999999,8.999,4.238721,-0.00128,3.1e-05,-0.001881,-0.001543
13709.026598999999,9.0,4.134001,-0.001281,3.3e-05,-0.001885,-0.001542
13711.543958999999,9.001,4.14407,-0.001284,3.9e-05,-0.001888,-0.001538
13714.059734999999,9.002,4.224657,-0.001286,4.1e-05,-0.001881,-0.001548
13715.308932,9.002,4.312973,-0.001287,4e-05,-0.001881,-0.001549
13717.823908999999,9.003,4.220206,-0.00129,4.5e-05,-0.001888,-0.00155
13719.074487999998,9.004,4.684914,-0.001291,4.4e-05,-0.001881,-0.001551
13721.590465,9.005,4.648753,-0.0013,4.3e-05,-0.001887,-0.001551
13724.106633,9.006,4.51017,-0.001305,3.9e-05,-0.001885,-0.001555
13725.355727999999,9.006,4.533964,-0.001306,3.8e-05,-0.001886,-0.001557
13727.855742999998,9.007,4.598635,-0.00131,4e-05,-0.001882,-0.001558
13729.121559,9.008,4.583663,-0.00131,4.2e-05,-0.00188,-0.001559
13731.636276,9.009,4.633633,-0.001313,4.2e-05,-0.00188,-0.001561
13732.886874,9.009,4.879039,-0.001313,4.1e-05,-0.001877,-0.001563
13735.401783,9.01,4.667852,-0.001315,4.8e-05,-0.001882,-0.001558
13737.901531,9.011,5.025054,-0.001313,5.5e-05,-0.00188,-0.001554
13739.152854999998,9.012,4.252918,-0.001314,5.4e-05,-0.001875,-0.001557
13741.683600999999,9.012,4.693837,-0.001317,5.7e-05,-0.001877,-0.001557
13742.949793999998,9.013,4.745564,-0.001319,5.7e-05,-0.001874,-0.00156
13745.448836,9.014,4.695302,-0.001322,5.8e-05,-0.001874,-0.001567
13747.963758999998,9.014,4.957901,-0.001325,5.4e-05,-0.001878,-0.001571
13749.216304999998,9.015,4.59429,-0.001328,5.2e-05,-0.001878,-0.001573
13751.745855,9.016,5.162052,-0.001329,5.1e-05,-0.001879,-0.001576
13752.99592,9.016,4.962846,-0.001328,5.5e-05,-0.001879,-0.001576
13755.511848999999,9.018,5.422237,-0.001335,5.6e-05,-0.001879,-0.001578
13758.042581,9.019,4.938293,-0.00134,5.4e-05,-0.001882,-0.00158
13759.292242,9.019,5.34431,-0.001343,5.4e-05,-0.00188,-0.001582
13761.793982,9.02,4.878508,-0.001348,5.2e-05,-0.001882,-0.001585
13763.058828,9.021,5.01636,-0.001349,5.2e-05,-0.001884,-0.001587
13765.55798,9.021,5.004815,-0.001355,5.5e-05,-0.001885,-0.001589
13768.074265,9.023,5.283274,-0.001356,5.5e-05,-0.00188,-0.001591
13769.324217,9.023,5.315682,-0.001357,5.4e-05,-0.001877,-0.001593
13771.823851,9.024,5.579422,-0.001362,5.5e-05,-0.001871,-0.001597
13773.074863,9.025,5.338466,-0.001362,5.6e-05,-0.001874,-0.001596
13775.589999999998,9.026,5.185744,-0.001359,6.1e-05,-0.001869,-0.001599
13778.090880999998,9.027,5.877588,-0.001362,7.1e-05,-0.001874,-0.001595
13779.339639999998,9.027,5.236368,-0.001363,7.2e-05,-0.001879,-0.001596
13781.870513999998,9.028,5.308559,-0.001366,7.3e-05,-0.001872,-0.0016
13783.117553999999,9.029,5.09682,-0.001367,7.1e-05,-0.001868,-0.001599
13785.622222999998,9.029,5.330074,-0.001373,7.3e-05,-0.001873,-0.001597
13788.121836999999,9.03,5.470152,-0.001376,6.9e-05,-0.001872,-0.001604
13789.386464,9.031,5.691346,-0.001379,6.9e-05,-0.001869,-0.001602
13791.902560999999,9.032,5.182822,-0.001385,7e-05,-0.001868,-0.00161
13793.167935,9.032,5.631905,-0.001386,6.9e-05,-0.001875,-0.001607
13795.683738999998,9.033,5.400724,-0.001392,6.3e-05,-0.001872,-0.001615
13796.948573999998,9.033,5.416872,-0.001394,6.3e-05,-0.001872,-0.001621
13799.449277999998,9.035,5.686247,-0.001412,4.5e-05,-0.001875,-0.001641
13801.964703,9.035,5.762263,-0.001415,4.4e-05,-0.001877,-0.001641
13803.230736999998,9.036,5.723113,-0.001415,5e-05,-0.001883,-0.001639
13805.745823,9.037,6.161145,-0.001417,5.1e-05,-0.001875,-0.001643
13806.995631999998,9.037,5.887043,-0.00142,5.4e-05,-0.00188,-0.001642
13809.512112999999,9.038,5.97278,-0.001421,5.5e-05,-0.001876,-0.001642
13812.026896,9.039,5.768107,-0.001426,5.4e-05,-0.001877,-0.001649
13813.292965999999,9.04,6.249963,-0.001429,5.1e-05,-0.00188,-0.001653
13815.791979999998,9.041,5.616287,-0.001441,4.3e-05,-0.001878,-0.001663
13817.043769999998,9.041,5.837429,-0.001443,4e-05,-0.001874,-0.001666
13819.541027,9.042,5.709354,-0.001445,4.2e-05,-0.001875,-0.001669
13822.059179999998,9.043,6.150575,-0.001453,4.5e-05,-0.001879,-0.001671
13823.325030999998,9.044,5.847522,-0.001448,4.9e-05,-0.00188,-0.001665
13825.838869,9.045,6.501969,-0.00144,6e-05,-0.00188,-0.001658
13827.089295,9.045,6.041837,-0.001444,6.3e-05,-0.001884,-0.001659
13829.58793,9.046,6.024042,-0.001457,5e-05,-0.001886,-0.001674
13832.089603999999,9.047,5.773312,-0.001466,4.1e-05,-0.001884,-0.001685
13833.355679999999,9.048,6.138091,-0.001475,3.6e-05,-0.001886,-0.00169
13835.870769,9.049,6.026644,-0.001478,4.2e-05,-0.001887,-0.001691
13837.121090999999,9.05,6.538569,-0.001475,4.5e-05,-0.001887,-0.001685
13839.621575,9.051,6.382341,-0.001465,5.6e-05,-0.00189,-0.001682
13842.121550999998,9.052,6.087733,-0.001471,5.4e-05,-0.001892,-0.001679
13843.370192999999,9.052,5.862183,-0.001475,5.7e-05,-0.001892,-0.00168
13845.870760999998,9.053,6.226272,-0.001479,6.4e-05,-0.001894,-0.001681
13847.121834999998,9.053,6.424678,-0.001479,5.8e-05,-0.001893,-0.001687
13849.62184,9.054,6.601835,-0.001487,5.6e-05,-0.001893,-0.001687
13852.120556999998,9.055,6.668449,-0.001501,3.8e-05,-0.001885,-0.001711
13853.385546999998,9.055,6.525448,-0.0015,3.7e-05,-0.001888,-0.001714
13855.901945999998,9.056,6.647679,-0.001515,3.9e-05,-0.001892,-0.001714
13857.152225,9.057,6.744039,-0.001513,4.3e-05,-0.001897,-0.001709
13859.667376,9.058,6.481677,-0.001511,3.5e-05,-0.001887,-0.001723
13860.933067999998,9.058,6.457719,-0.001519,3.4e-05,-0.00189,-0.001722
13863.450090999999,9.059,6.768315,-0.001519,4e-05,-0.00189,-0.001716
13865.980563,9.06,6.452142,-0.001512,4.8e-05,-0.001891,-0.001715
13867.245444999999,9.06,6.906855,-0.001512,5e-05,-0.001894,-0.001714
13869.762213999998,9.061,6.737505,-0.001513,5.8e-05,-0.00189,-0.001714
13871.027418,9.062,6.443112,-0.001521,5.9e-05,-0.001897,-0.001714
13873.544022999999,9.063,7.489801,-0.001523,6e-05,-0.001895,-0.001712
13876.074782,9.064,6.963907,-0.00154,4.4e-05,-0.001898,-0.001732
13877.340086999999,9.064,6.663721,-0.001535,4e-05,-0.001893,-0.001736
13879.855496999999,9.065,6.694053,-0.00153,5e-05,-0.001897,-0.00173
13881.105489999998,9.066,7.246987,-0.001542,4.7e-05,-0.001893,-0.001737
13883.621285,9.068,7.17028,-0.001552,4.1e-05,-0.001894,-0.001748
13886.121566999998,9.07,7.22356,-0.001552,4.4e-05,-0.001899,-0.001746
13887.386138999998,9.07,7.073175,-0.00155,5.2e-05,-0.001905,-0.001737
13889.902831,9.071,6.752752,-0.00155,5.9e-05,-0.001899,-0.001733
13891.152827999998,9.071,7.150041,-0.001555,5.9e-05,-0.001905,-0.001732
13893.667456,9.072,7.142338,-0.001562,5.1e-05,-0.001908,-0.001745
13894.934406999999,9.073,7.470625,-0.001566,4.6e-05,-0.001908,-0.001753
13897.433808,9.074,6.653682,-0.001576,3.7e-05,-0.001897,-0.001764
13899.949805999999,9.075,6.992592,-0.001588,2.6e-05,-0.001897,-0.00178
13901.199385999998,9.075,7.209483,-0.001586,3.4e-05,-0.001895,-0.001775
13903.699292,9.076,7.113866,-0.001576,4.5e-05,-0.001901,-0.001766
13904.949442,9.076,7.018886,-0.001581,4.6e-05,-0.001904,-0.001764
13907.44933,9.077,7.272644,-0.001594,3.5e-05,-0.001905,-0.001783
13909.965649999998,9.078,6.849856,-0.001596,3.8e-05,-0.001901,-0.001779
13911.212704999998,9.079,7.584887,-0.001601,3.5e-05,-0.001896,-0.001786
13913.714967,9.079,7.090918,-0.0016,3.9e-05,-0.001897,-0.001783
13914.980919999998,9.08,7.379841,-0.001599,4.3e-05,-0.001905,-0.001779
13917.495808,9.081,6.969909,-0.001596,4.5e-05,-0.001908,-0.001779
13920.012223,9.082,7.598645,-0.001601,5e-05,-0.001907,-0.001784
13921.277254999999,9.082,7.397743,-0.001601,5.5e-05,-0.001908,-0.001784
13923.807886999999,9.083,7.274396,-0.001609,4.4e-05,-0.001909,-0.001791
13925.057929999999,9.084,8.186638,-0.00161,4.2e-05,-0.001904,-0.001791
13927.589046,9.085,7.837369,-0.001607,4.9e-05,-0.001904,-0.001794
13930.089272,9.086,7.799494,-0.001622,3.5e-05,-0.001907,-0.001802
13931.339815,9.086,7.60996,-0.001625,3.8e-05,-0.001913,-0.001802
13933.855934,9.087,7.897237,-0.001633,4.3e-05,-0.001913,-0.001802
13935.121473,9.087,8.331976,-0.001633,4.6e-05,-0.001912,-0.001804
13937.621217,9.088,7.723691,-0.00164,4.7e-05,-0.001918,-0.001804
13940.120883,9.089,7.48773,-0.001646,5.2e-05,-0.00192,-0.0018
13941.371092,9.09,7.95142,-0.001643,5.3e-05,-0.001916,-0.001805
13943.902184999999,9.091,7.509881,-0.001636,5.1e-05,-0.001912,-0.001813
13945.167103,9.092,7.706639,-0.001637,4.9e-05,-0.001904,-0.001814
13947.682724999999,9.093,7.705045,-0.001648,4.6e-05,-0.001913,-0.001819
13948.934700999998,9.094,7.386481,-0.001649,5.1e-05,-0.001912,-0.001818
13951.449211,9.094,7.841406,-0.001653,5.3e-05,-0.001913,-0.001815
13953.945104999999,9.095,8.024779,-0.001653,6e-05,-0.001915,-0.001812
13955.184081,9.096,7.805922,-0.001662,5.7e-05,-0.001919,-0.001816
13957.698966,9.097,7.772934,-0.001665,5.7e-05,-0.001923,-0.00182
13958.948799999998,9.098,8.211977,-0.001662,5.8e-05,-0.001912,-0.001826
13961.464134999998,9.099,7.554502,-0.001665,5.5e-05,-0.001913,-0.001826
13963.965572,9.099,8.133252,-0.00166,6.1e-05,-0.00191,-0.001818
13965.2141,9.099,8.044062,-0.001659,5.7e-05,-0.001905,-0.00182
13967.715374,9.099,7.792588,-0.001666,4.9e-05,-0.001906,-0.001826
13968.977819,9.099,7.933997,-0.001676,3.6e-05,-0.00191,-0.001837
13971.480102,9.099,7.726666,-0.001678,3.3e-05,-0.001925,-0.001834
13973.995726,9.099,7.737184,-0.001671,3.8e-05,-0.001927,-0.001829
13975.246716999998,9.099,7.781699,-0.001662,4e-05,-0.001917,-0.001826
13977.777468999999,9.099,7.776865,-0.00166,4.2e-05,-0.001922,-0.001816
13979.042844,9.099,8.664777,-0.00166,4e-05,-0.001917,-0.001819
13981.558851,9.099,7.188766,-0.001649,4.1e-05,-0.001922,-0.001819
13984.058434999999,9.099,7.827329,-0.001642,3.9e-05,-0.001913,-0.001817
13985.321423,9.098,7.623187,-0.001637,4.2e-05,-0.001909,-0.001809
13987.825744999998,9.098,8.284008,-0.001628,5e-05,-0.00191,-0.001794
13989.074939999999,9.097,7.325074,-0.001623,5.2e-05,-0.001908,-0.001791
13991.605115999999,9.096,7.579415,-0.001619,6e-05,-0.001907,-0.001781
13994.120899999998,9.095,7.543559,-0.001613,6.5e-05,-0.00191,-0.001777
13995.386234999998,9.095,7.797157,-0.00161,6.7e-05,-0.001917,-0.001776
13997.902527999999,9.094,7.463825,-0.001619,5.3e-05,-0.001916,-0.001776
13999.168984,9.094,7.338354,-0.001621,4.6e-05,-0.00192,-0.00178
14001.698938999998,9.093,7.785311,-0.001621,3.3e-05,-0.001908,-0.001793
14002.949695,9.092,7.439761,-0.001622,3e-05,-0.001917,-0.001794
14005.449266999998,9.091,7.098833,-0.001615,3.4e-05,-0.001919,-0.001786
14007.963043999998,9.09,7.063932,-0.001606,3.7e-05,-0.001911,-0.00178
14009.214969999999,9.09,7.4668,-0.001602,3.7e-05,-0.001908,-0.001778
14011.729313,9.089,7.012087,-0.001597,3.8e-05,-0.001911,-0.001772
14012.979333,9.088,6.836576,-0.001593,3.6e-05,-0.001906,-0.001771
14015.495836999999,9.087,7.208102,-0.001587,3.6e-05,-0.001905,-0.001772
14018.012798,9.087,7.457132,-0.001584,4e-05,-0.001909,-0.00176
14019.262680999998,9.086,7.080135,-0.001584,3.9e-05,-0.001904,-0.00176
14021.776837,9.085,7.148235,-0.001577,3.9e-05,-0.001901,-0.001758
14023.026741999998,9.085,7.230785,-0.001574,4.2e-05,-0.001906,-0.001752
14025.544117999998,9.084,6.886988,-0.001567,4.5e-05,-0.001902,-0.001744
14028.059249999998,9.083,6.809909,-0.001562,4.4e-05,-0.001895,-0.00174
14029.309308,9.082,6.713495,-0.001558,4.5e-05,-0.001898,-0.001736
14031.808157,9.081,6.648051,-0.001554,4.6e-05,-0.001899,-0.001732
14033.059376,9.081,6.781702,-0.001551,4.7e-05,-0.001895,-0.001729
14035.574188999999,9.08,7.319337,-0.001548,4.8e-05,-0.001892,-0.001729
14038.089684999999,9.079,6.843004,-0.001541,5e-05,-0.001893,-0.00172
14039.341156999999,9.078,6.708183,-0.001539,4.8e-05,-0.001889,-0.001718
14041.872139,9.077,6.696337,-0.00153,5.3e-05,-0.001886,-0.001715
14043.136575999999,9.077,6.701331,-0.001528,5.3e-05,-0.001881,-0.001713
14045.636481,9.076,6.811502,-0.001525,5.2e-05,-0.001883,-0.001712
14046.902080999998,9.075,6.855753,-0.001524,5.3e-05,-0.001889,-0.001709
14049.433547999999,9.074,6.484014,-0.001514,5.7e-05,-0.001884,-0.001702
14051.949179,9.073,6.739683,-0.001506,5.7e-05,-0.00189,-0.001696
14053.199558999999,9.073,6.380695,-0.001503,5.5e-05,-0.001885,-0.001696
14055.730033999998,9.072,6.536391,-0.001497,5.7e-05,-0.001886,-0.00169
14056.981677,9.071,6.609857,-0.001502,5.2e-05,-0.001885,-0.001696
14059.466686,9.07,6.787173,-0.001508,4.6e-05,-0.001884,-0.001699
14061.979917999999,9.069,6.318544,-0.0015,4.7e-05,-0.001884,-0.001694
14063.230325999999,9.069,6.438862,-0.001499,4.7e-05,-0.001889,-0.001692
14065.746995,9.068,6.143509,-0.001496,4.9e-05,-0.001881,-0.001686
14066.995214999999,9.068,5.885875,-0.00149,5e-05,-0.001884,-0.001682
14069.511932,9.066,6.263191,-0.001485,5.2e-05,-0.001888,-0.001677
14072.042103999998,9.066,6.794876,-0.001482,5e-05,-0.001887,-0.001675
14073.294027,9.065,5.841041,-0.00148,4.8e-05,-0.001883,-0.001675
14075.825114,9.064,5.79302,-0.00147,5.5e-05,-0.001891,-0.001665
14077.090387999999,9.064,6.084759,-0.001466,5.7e-05,-0.00189,-0.00167
14079.605806,9.063,6.520986,-0.001463,5.4e-05,-0.001893,-0.001669
14082.121795,9.062,5.847362,-0.001457,4.6e-05,-0.001887,-0.001671
14083.370899999998,9.061,6.105688,-0.001453,4.6e-05,-0.001889,-0.001665
14085.871648999999,9.06,5.824202,-0.001453,4.8e-05,-0.001895,-0.001661
14087.119831,9.06,6.378145,-0.001451,4.7e-05,-0.001892,-0.001662
14089.621754,9.059,5.992594,-0.001445,4.8e-05,-0.001887,-0.001656
14092.117871999999,9.058,6.108132,-0.001444,4.4e-05,-0.00189,-0.001654
14093.371711,9.057,5.627018,-0.001442,4.4e-05,-0.001889,-0.001652
14095.870227,9.056,6.229087,-0.001436,5.2e-05,-0.00188,-0.001647
14097.12041,9.056,5.786115,-0.001431,5.4e-05,-0.001887,-0.001639
14099.620132999999,9.055,5.852515,-0.001427,4.9e-05,-0.001885,-0.001637
14102.121148999999,9.054,5.584999,-0.001423,5.3e-05,-0.001884,-0.001633
14103.372666,9.054,5.670205,-0.001421,5.6e-05,-0.001883,-0.00163
14105.885833999999,9.052,5.428771,-0.001413,5.8e-05,-0.001882,-0.001628
14107.136652,9.052,5.632436,-0.001414,5.6e-05,-0.001887,-0.001623
14109.651996999999,9.051,5.326886,-0.001406,5.3e-05,-0.001883,-0.001621
14112.166997999999,9.051,5.585477,-0.001404,5.5e-05,-0.001876,-0.001622
14113.433224999999,9.049,5.326036,-0.001404,5.2e-05,-0.001884,-0.001619
14115.948938,9.048,5.617456,-0.001399,5e-05,-0.001882,-0.001618
14117.214127,9.048,5.488001,-0.001398,4.7e-05,-0.001885,-0.001614
14119.714585999998,9.047,5.690019,-0.001393,5.2e-05,-0.001881,-0.00161
14120.980925,9.046,5.375279,-0.001391,5.3e-05,-0.001878,-0.001609
14123.496493999999,9.045,5.362052,-0.001386,5.5e-05,-0.001887,-0.001605
14125.996540999999,9.044,5.481149,-0.001387,5.3e-05,-0.001884,-0.001602
14127.245115,9.044,5.306435,-0.001382,5.2e-05,-0.001882,-0.0016
14129.757630999999,9.043,5.108985,-0.001379,5.3e-05,-0.00188,-0.001597
14130.996604999998,9.042,5.145325,-0.00138,5.4e-05,-0.001882,-0.001595
14133.510993999998,9.041,5.16168,-0.001373,5.6e-05,-0.001877,-0.001591
14136.026773,9.04,5.241308,-0.001371,4.7e-05,-0.001881,-0.001593
14137.294569999998,9.04,5.181406,-0.001368,4.9e-05,-0.00188,-0.001589
14139.807153,9.038,5.035013,-0.001364,4.7e-05,-0.001879,-0.001588
14141.042566999999,9.038,5.277537,-0.001364,4.8e-05,-0.001883,-0.001583
14146.089238999999,9.036,5.069622,-0.001358,4.7e-05,-0.001884,-0.001583
14147.340107,9.036,4.978353,-0.001357,4.7e-05,-0.001884,-0.001579
14149.839907,9.035,5.221016,-0.001357,4.6e-05,-0.001881,-0.001574
14151.104495,9.034,4.929518,-0.001356,4.9e-05,-0.001884,-0.001571
14153.605129,9.033,4.796043,-0.001348,5e-05,-0.001883,-0.001568
14156.121759999998,9.032,5.054377,-0.001342,5.2e-05,-0.001875,-0.001562
14157.370748,9.032,4.964209,-0.001339,5.6e-05,-0.001878,-0.001561
14159.87049,9.03,4.881155,-0.001333,5e-05,-0.001882,-0.00156
14161.120422,9.03,4.333637,-0.001331,4.8e-05,-0.001882,-0.00156
14163.637017,9.029,5.121893,-0.001324,4.9e-05,-0.001882,-0.001556
14166.152678999999,9.028,4.544484,-0.001318,5.2e-05,-0.001886,-0.001549
14167.418026,9.028,5.004922,-0.001314,5.3e-05,-0.001882,-0.001549
14169.935194999998,9.027,4.468094,-0.001308,5.6e-05,-0.001884,-0.001549
14171.199502,9.026,4.819895,-0.001306,5.6e-05,-0.00188,-0.001548
14173.714770999999,9.025,4.476184,-0.001307,5.4e-05,-0.001879,-0.00154
14174.980893,9.024,4.408532,-0.001305,5.4e-05,-0.001876,-0.001538
14177.496776,9.024,5.069888,-0.001306,5.1e-05,-0.001875,-0.001533
14180.012078,9.023,5.003654,-0.001306,5e-05,-0.00188,-0.001536
14181.276865999998,9.022,4.41972,-0.001302,4.9e-05,-0.001877,-0.001537
14183.793973999998,9.021,4.441116,-0.001298,5e-05,-0.001882,-0.001529
14185.059614999998,9.021,4.484248,-0.001298,5.1e-05,-0.001874,-0.001527
14187.574207,9.02,4.582968,-0.001296,4.9e-05,-0.001878,-0.001526
14190.089290999998,9.019,3.844281,-0.001294,4.9e-05,-0.001876,-0.001524
14191.355394999999,9.018,4.6705,-0.001293,4.8e-05,-0.001873,-0.001524
14193.854792999999,9.017,4.325037,-0.00129,4.5e-05,-0.001877,-0.001524
14195.105210999998,9.017,4.229946,-0.001288,4e-05,-0.001873,-0.001525
14197.605034999999,9.016,4.289476,-0.00128,4e-05,-0.001875,-0.001523
14200.121292,9.015,4.13555,-0.001273,4.7e-05,-0.001875,-0.001513
14201.371062999999,9.014,4.851419,-0.001274,4.6e-05,-0.00188,-0.001511
14203.887010999999,9.013,5.382609,-0.001273,4.8e-05,-0.001878,-0.001507
14205.152562,9.013,3.969973,-0.00127,4.9e-05,-0.001878,-0.001508
14207.668488,9.012,4.273492,-0.001264,4.9e-05,-0.001878,-0.001506
14208.933950999999,9.011,4.214099,-0.001262,4.9e-05,-0.001876,-0.001504
14211.465048999999,9.01,4.159413,-0.001254,4.7e-05,-0.001876,-0.001501
14213.963764999999,9.009,4.009661,-0.001252,5e-05,-0.001874,-0.001497
14215.215150999999,9.009,4.199101,-0.001253,4.9e-05,-0.001877,-0.001494
14217.742965999998,9.008,4.087829,-0.001251,5.2e-05,-0.00188,-0.001488
14218.980712999999,9.007,3.938507,-0.001249,5.1e-05,-0.001871,-0.00149
14221.512282999998,9.006,4.067579,-0.001247,4.6e-05,-0.001879,-0.001488
14224.04251,9.005,3.655376,-0.001242,4.8e-05,-0.001872,-0.001487
14225.309109999998,9.005,3.951059,-0.001239,5.1e-05,-0.001877,-0.001483
14227.825147,9.004,3.834195,-0.001234,5.1e-05,-0.001873,-0.00148
14229.088876999998,9.003,4.153296,-0.001231,5.3e-05,-0.001877,-0.001477
14231.606468999998,9.002,3.846939,-0.001228,5.4e-05,-0.001871,-0.001475
14234.105768999998,9.001,3.611285,-0.001229,5.2e-05,-0.001871,-0.001474
14235.370766999999,9.0,3.806735,-0.001228,5.4e-05,-0.001877,-0.001473
14237.887386999999,9.0,3.850207,-0.001222,5.3e-05,-0.001876,-0.001472
14239.136650999999,8.999,3.790512,-0.00122,5.3e-05,-0.001876,-0.001469
14241.668242,8.998,3.638055,-0.001216,5.4e-05,-0.001874,-0.001463
14242.934597,8.998,4.776859,-0.001214,5.4e-05,-0.001874,-0.001464
14245.433663999998,8.997,3.658528,-0.001211,5.5e-05,-0.001877,-0.00146
14247.965165,8.996,3.498272,-0.001208,5.2e-05,-0.001872,-0.001464
14251.730198,8.994,3.622256,-0.001205,5e-05,-0.001872,-0.001454
14252.995475999998,8.994,3.621582,-0.001202,5.3e-05,-0.001877,-0.001451
14255.511497,8.993,3.642745,-0.0012,5e-05,-0.001874,-0.00145
14258.043490999999,8.992,3.363932,-0.001191,5.3e-05,-0.001873,-0.001448
14259.308856,8.992,3.438577,-0.00119,5.2e-05,-0.001871,-0.001447
14261.807664,8.991,3.147908,-0.001192,4.6e-05,-0.001871,-0.001448
14263.074926,8.99,3.319114,-0.001193,4.6e-05,-0.001877,-0.001447
14265.604965999999,8.989,3.394103,-0.001187,4.6e-05,-0.00187,-0.001447
14268.121616999999,8.988,3.228436,-0.00119,4.4e-05,-0.001874,-0.001446
14269.370889999998,8.988,3.233678,-0.001188,4.5e-05,-0.001876,-0.001442
14271.901612999998,8.987,3.354675,-0.001181,4.7e-05,-0.001874,-0.00144
14273.167413,8.986,3.291192,-0.001182,4.6e-05,-0.001878,-0.001438
14275.699019,8.985,3.225911,-0.001178,4.4e-05,-0.001877,-0.001436
14276.947987,8.985,3.43585,-0.001174,4.4e-05,-0.001876,-0.001436
14279.449116,8.984,3.546279,-0.001175,4.1e-05,-0.001877,-0.001435
14281.964345999999,8.983,3.057697,-0.001176,3.6e-05,-0.001875,-0.001434
14283.215671999998,8.982,3.187214,-0.001176,3.3e-05,-0.001875,-0.001438
14285.730352999999,8.981,3.324636,-0.001179,3e-05,-0.001877,-0.001436
14286.995609,8.981,2.804244,-0.001173,3.1e-05,-0.001871,-0.001435
14289.527689999999,8.98,2.29226,-0.00118,2.2e-05,-0.001874,-0.001439
14292.059066999998,8.979,3.083948,-0.001181,2.3e-05,-0.001878,-0.001443
14293.324375999999,8.978,2.899887,-0.00118,2.4e-05,-0.001889,-0.00144
14295.849129999999,8.977,3.018311,-0.001179,2.5e-05,-0.001885,-0.001434
14297.089537999998,8.976,2.938658,-0.001177,2.5e-05,-0.00189,-0.00143
14299.589423,8.975,3.021298,-0.001171,2.6e-05,-0.00189,-0.001427
14302.089386,8.974,2.899866,-0.001169,3.1e-05,-0.001886,-0.001419
14303.35551,8.974,2.751855,-0.001166,2.9e-05,-0.001884,-0.001418
14305.871609999998,8.973,2.902874,-0.001166,3.1e-05,-0.001889,-0.001415
14307.121758,8.972,2.808822,-0.001163,3.2e-05,-0.001892,-0.001413
14309.636697999998,8.971,2.709588,-0.001166,2.6e-05,-0.001899,-0.001424
14312.167470999999,8.97,2.824064,-0.001163,2e-06,-0.001892,-0.001443
14313.434620999999,8.97,2.862416,-0.00117,-4e-06,-0.001896,-0.001448
14315.933383,8.968,2.808493,-0.001173,1e-06,-0.001908,-0.00144
14317.184615999999,8.968,2.784317,-0.001172,-4e-06,-0.001907,-0.001441
14319.699223,8.967,2.731504,-0.001179,-2.3e-05,-0.001897,-0.001457
14320.950453,8.967,2.750629,-0.001178,-2.4e-05,-0.001901,-0.001459
14323.464496999999,8.965,2.690048,-0.001179,-2.4e-05,-0.001901,-0.001455
14325.994950999999,8.965,2.543554,-0.001184,-3.1e-05,-0.001917,-0.001455
14327.246872999998,8.964,2.617292,-0.001179,-2.7e-05,-0.00191,-0.001445
14329.760725999999,8.963,2.631563,-0.001158,-9e-06,-0.001905,-0.001435
14331.011730999999,8.963,2.50359,-0.001153,-5e-06,-0.001907,-0.001429
14333.542881,8.962,2.515606,-0.001168,-3.1e-05,-0.001893,-0.001452
14336.075098,8.961,2.506174,-0.001161,-2.9e-05,-0.001904,-0.001448
14337.324134999999,8.96,3.174121,-0.001153,-3.3e-05,-0.001902,-0.001445
14339.838541,8.959,2.494789,-0.001137,-1.4e-05,-0.001901,-0.001428
14341.089152999999,8.958,2.46874,-0.001132,-9e-06,-0.001909,-0.001423
14343.605624,8.957,2.449524,-0.001149,-1.5e-05,-0.001912,-0.001425
14346.121447,8.957,2.511776,-0.001153,-2.5e-05,-0.001915,-0.00144
14347.370902999999,8.956,2.351059,-0.001148,-2.7e-05,-0.001912,-0.001437
14349.870744999998,8.955,2.393819,-0.001139,-1.9e-05,-0.001913,-0.001425
14351.121443999999,8.954,2.058686,-0.001133,-1.1e-05,-0.001916,-0.001415
14353.621656,8.953,2.400689,-0.001134,-1.4e-05,-0.001916,-0.001415
14356.120332999999,8.952,2.318182,-0.00113,-1.2e-05,-0.001912,-0.001409
14357.385563999998,8.952,2.52523,-0.001131,-1.6e-05,-0.001912,-0.00141
14359.900799,8.951,2.249389,-0.001126,-1.4e-05,-0.001913,-0.001408
14361.152537999998,8.95,2.164346,-0.00112,-1.1e-05,-0.001912,-0.001402
14363.682697999999,8.949,2.224751,-0.001114,-2e-06,-0.00192,-0.001397
14364.934098,8.949,2.17702,-0.001108,1e-06,-0.001915,-0.001398
14367.449368999998,8.948,2.101834,-0.001108,-6e-06,-0.001915,-0.001403
14369.965531999998,8.946,1.955939,-0.0011,-1e-05,-0.001912,-0.001402
14371.214318999999,8.946,2.721906,-0.001099,-7e-06,-0.001911,-0.001397
14373.732017999999,8.945,2.048712,-0.001113,-4e-06,-0.001922,-0.00139
14374.980295,8.944,2.530944,-0.001119,-1.1e-05,-0.001923,-0.001391
14377.495540999998,8.943,2.054129,-0.00112,-2.5e-05,-0.001916,-0.001401
14380.011876999999,8.942,2.028796,-0.001112,-2.6e-05,-0.001916,-0.001402
14381.261895,8.942,2.07431,-0.001111,-2.2e-05,-0.001921,-0.001398
14383.794139,8.94,2.080003,-0.001105,-2.2e-05,-0.001911,-0.001392
14385.059995,8.94,1.924426,-0.0011,-2e-05,-0.001913,-0.001388
14387.573589,8.939,1.792235,-0.001093,-1.3e-05,-0.001913,-0.001387
14390.089376999998,8.938,1.557467,-0.001086,-4e-06,-0.001911,-0.001379
14393.855508999999,8.936,1.83065,-0.001094,-7e-06,-0.001913,-0.001376
14395.122726,8.936,1.880249,-0.001091,-9e-06,-0.001914,-0.001377
14397.621373999998,8.935,1.793445,-0.001087,-8e-06,-0.00192,-0.001379
14400.152488999998,8.934,1.75287,-0.001093,-3.2e-05,-0.001906,-0.001397
14401.4191,8.933,1.581123,-0.001099,-4e-05,-0.001909,-0.001399
14403.934082999998,8.932,1.626404,-0.001097,-4.3e-05,-0.00191,-0.001399
14407.714369,8.931,1.37433,-0.001089,-4e-05,-0.001903,-0.001394
14408.980647999999,8.931,1.72393,-0.001085,-3.8e-05,-0.001907,-0.001391
14411.511986999998,8.929,1.554804,-0.001086,-4e-05,-0.0019,-0.001394
14414.026204999998,8.929,1.543053,-0.001082,-4.3e-05,-0.001903,-0.001392
14415.293248999998,8.928,1.619454,-0.001084,-4.4e-05,-0.001903,-0.001396
14417.808012,8.927,1.207103,-0.001093,-5.6e-05,-0.00191,-0.001401
14419.075002,8.927,1.607352,-0.001087,-5.2e-05,-0.001914,-0.001394
14421.589243999999,8.926,1.590774,-0.001081,-5e-05,-0.001906,-0.001395
14424.103211,8.925,1.483841,-0.001082,-5e-05,-0.001914,-0.00139
14425.356736999998,8.924,1.44689,-0.001079,-4.9e-05,-0.00191,-0.00139
14427.871761999999,8.923,1.49738,-0.001072,-4.8e-05,-0.001913,-0.001388
14429.120465999998,8.923,1.304635,-0.001071,-4.8e-05,-0.001911,-0.001387
14431.621072999998,8.922,1.477066,-0.00107,-4.7e-05,-0.001907,-0.001387
14434.148659999999,8.922,2.178357,-0.001072,-4.7e-05,-0.001912,-0.001384
14435.402607999999,8.922,1.45202,-0.001074,-4.7e-05,-0.001911,-0.001387
14437.917974999998,8.922,1.581033,-0.001076,-5e-05,-0.001915,-0.001391
14439.184474999998,8.922,1.519084,-0.001079,-5.1e-05,-0.001917,-0.001394
14441.699797,8.922,1.466206,-0.001078,-5.1e-05,-0.001915,-0.001396
14442.949781,8.922,1.503253,-0.001082,-4.9e-05,-0.001918,-0.001393
14445.449005999999,8.922,1.610376,-0.001083,-4.6e-05,-0.001916,-0.001393
14447.948810999998,8.922,1.653816,-0.001082,-4.2e-05,-0.001916,-0.001393
14449.197687999998,8.922,1.553849,-0.001085,-4.3e-05,-0.001913,-0.001398
14452.965166999998,8.922,1.670225,-0.001088,-4.2e-05,-0.001916,-0.0014
14455.479721999998,8.923,1.594323,-0.001088,-4e-05,-0.001911,-0.001401
14457.996572999999,8.924,1.575272,-0.001092,-3.9e-05,-0.001913,-0.001402
14459.245762999999,8.925,1.695138,-0.001091,-3.8e-05,-0.001915,-0.001397
14461.776876,8.926,1.788856,-0.001094,-3.8e-05,-0.001911,-0.001401
14463.043372999999,8.926,1.735793,-0.001096,-3.9e-05,-0.001915,-0.001402
14465.559457,8.927,1.374988,-0.001098,-3.8e-05,-0.001914,-0.001406
14468.089227999999,8.928,1.805207,-0.001101,-3.7e-05,-0.001911,-0.001407
14469.356231,8.928,1.90216,-0.001099,-3.6e-05,-0.001909,-0.001407
14471.870885999999,8.929,1.941923,-0.001103,-3.4e-05,-0.001907,-0.001407
14473.121196999999,8.93,1.847288,-0.001103,-3.3e-05,-0.001909,-0.001409
14475.620916,8.931,1.98281,-0.001103,-2.9e-05,-0.001904,-0.001407
14478.152821,8.932,2.908689,-0.001104,-2.6e-05,-0.001897,-0.001408
14479.386652,8.932,2.182033,-0.001104,-2.3e-05,-0.001899,-0.001408
14481.917867999999,8.933,2.087955,-0.001104,-1.9e-05,-0.001899,-0.001407
14483.182765,8.933,2.00739,-0.001105,-1.6e-05,-0.001899,-0.001408
14485.714997,8.934,2.133888,-0.001115,-2.8e-05,-0.001894,-0.001418
14486.965477999998,8.935,2.14088,-0.001118,-2.8e-05,-0.001896,-0.00142
14489.481098999999,8.936,2.376842,-0.001118,-2.4e-05,-0.001901,-0.001417
14491.980187,8.937,2.066358,-0.00112,-2e-05,-0.001902,-0.001412
14493.231012999999,8.937,2.280005,-0.001116,-1.7e-05,-0.001893,-0.001416
14495.761718999998,8.938,2.245781,-0.001115,-1.5e-05,-0.001892,-0.001415
14497.026601,8.939,2.080215,-0.001117,-1.5e-05,-0.001891,-0.001417
14499.526926999999,8.94,2.202559,-0.001123,-1.8e-05,-0.00189,-0.001424
14502.044111,8.941,2.293884,-0.001126,-1.4e-05,-0.001887,-0.001422
14503.308604999998,8.941,2.32796,-0.001128,-1.1e-05,-0.001884,-0.001423
14505.823837,8.942,2.282165,-0.001127,-1e-05,-0.001885,-0.001422
14507.08995,8.943,2.360651,-0.001127,-1e-05,-0.001893,-0.001421
14509.605419,8.943,2.16243,-0.001128,-7e-06,-0.00189,-0.001422
14512.120205,8.945,2.325673,-0.001131,-9e-06,-0.00189,-0.001424
14513.36804,8.945,2.374656,-0.001132,-4e-06,-0.001889,-0.001422
14515.871722999998,8.946,2.373834,-0.001134,-1e-06,-0.001884,-0.001425
14517.122103,8.947,2.530042,-0.001136,0.0,-0.001888,-0.001423
14519.621050999998,8.948,2.516094,-0.001134,2e-06,-0.001886,-0.001425
14522.136217,8.949,2.527188,-0.001139,7e-06,-0.001891,-0.001421
14523.386744,8.949,2.577582,-0.00114,7e-06,-0.001892,-0.001424
14525.918846999999,8.95,2.949184,-0.001147,-1e-06,-0.001888,-0.001434
14527.184487999999,8.951,2.609286,-0.001146,-1e-06,-0.00189,-0.001436
14529.682956999999,8.952,2.661612,-0.001144,4e-06,-0.001893,-0.001436
14532.184444999999,8.953,2.72005,-0.001145,4e-06,-0.001888,-0.001442
14533.434581999998,8.954,2.654577,-0.001146,6e-06,-0.001889,-0.001439
14535.951013999998,8.955,2.808541,-0.00115,5e-06,-0.001891,-0.001438
14537.199578999998,8.955,2.556446,-0.001152,4e-06,-0.001889,-0.001439
14539.713103999999,8.956,2.694123,-0.001153,5e-06,-0.001887,-0.001441
14540.964928,8.957,2.697858,-0.001156,8e-06,-0.00189,-0.001442
14543.478057999999,8.958,2.67704,-0.001161,5e-06,-0.001891,-0.00145
14545.980581,8.958,3.148661,-0.001161,1e-05,-0.001877,-0.001447
14547.230662999998,8.959,3.018746,-0.001161,1.4e-05,-0.001879,-0.001444
14549.745732,8.96,2.844267,-0.001165,1.5e-05,-0.001883,-0.001443
14550.9967,8.961,2.804297,-0.001164,1.3e-05,-0.001878,-0.001444
14553.496110999999,8.962,2.858241,-0.001162,1.6e-05,-0.001875,-0.001444
14556.012191999998,8.963,2.953804,-0.001167,1.9e-05,-0.001877,-0.001451
14557.276666999998,8.963,3.022497,-0.001167,1.7e-05,-0.001882,-0.001452
14559.793968999998,8.964,2.489186,-0.001172,1.5e-05,-0.001878,-0.001455
14561.058739999999,8.965,3.247424,-0.001175,1.7e-05,-0.001883,-0.001454
14563.573594,8.966,3.03515,-0.001178,2.1e-05,-0.00188,-0.001454
14566.07518,8.966,3.170954,-0.00118,2.3e-05,-0.001881,-0.001457
14567.339702,8.967,3.181177,-0.00118,2.2e-05,-0.001875,-0.001459
14569.839284999998,8.968,3.142555,-0.00118,2.4e-05,-0.001879,-0.001456
14571.104576,8.969,3.052328,-0.001177,2.7e-05,-0.001877,-0.001457
14573.619975999998,8.97,3.127445,-0.001178,3e-05,-0.001877,-0.001458
14576.120916,8.971,3.207332,-0.001181,3e-05,-0.001877,-0.001457
14577.386476,8.971,3.142719,-0.001182,3.1e-05,-0.001878,-0.001457
14579.90282,8.972,3.202425,-0.001189,2.5e-05,-0.001873,-0.001466
14581.168070999998,8.973,3.161022,-0.001195,2.5e-05,-0.001876,-0.001468
14583.699724999999,8.974,3.283531,-0.001194,2.9e-05,-0.001869,-0.001472
14584.948815999998,8.974,3.336791,-0.001196,3.2e-05,-0.001875,-0.001468
14587.464059999998,8.975,3.335374,-0.001201,3.4e-05,-0.001876,-0.001467
14589.979307999998,8.977,3.647206,-0.001203,3.2e-05,-0.001877,-0.001469
14591.246051999999,8.977,3.38536,-0.001202,3.4e-05,-0.001879,-0.00147
14593.777812999999,8.978,3.364728,-0.001204,3.5e-05,-0.001871,-0.001473
14597.543973,8.98,3.426205,-0.001208,3.8e-05,-0.00187,-0.001475
14600.074058999999,8.981,3.956259,-0.001208,3.7e-05,-0.001866,-0.001477
14601.32542,8.981,3.822322,-0.00121,3.8e-05,-0.00187,-0.001474
14603.824202,8.982,3.394708,-0.001213,3.6e-05,-0.00187,-0.001479
14605.089025,8.983,3.721888,-0.001216,3.7e-05,-0.001865,-0.001482
14607.589853999998,8.985,3.768707,-0.00122,3.6e-05,-0.00187,-0.001486
14610.104185999999,8.985,3.591751,-0.001225,3.8e-05,-0.00187,-0.001487
14611.355035999999,8.986,3.659684,-0.001221,4e-05,-0.001875,-0.001485
14613.855835999999,8.987,3.636728,-0.001223,4.5e-05,-0.001873,-0.001487
14615.120888999998,8.987,3.755598,-0.001223,4.5e-05,-0.001866,-0.001489
14617.652069999998,8.988,3.542703,-0.001226,4.5e-05,-0.001871,-0.001489
14620.167907,8.989,4.293349,-0.001227,4.9e-05,-0.001866,-0.001494
14621.419307999999,8.99,2.251569,-0.001224,5.2e-05,-0.001869,-0.00149
14623.934667,8.991,3.980037,-0.001228,5.3e-05,-0.001867,-0.001493
14625.183298999998,8.991,3.857751,-0.001231,5.6e-05,-0.001866,-0.001497
14627.700459999998,8.992,3.933802,-0.001232,5.5e-05,-0.001867,-0.001499
14628.964837,8.993,3.99121,-0.001233,5.8e-05,-0.001868,-0.001495
14631.495740999999,8.994,4.021741,-0.001241,5.7e-05,-0.001868,-0.001504
14634.011927,8.995,4.29111,-0.001248,5.4e-05,-0.001874,-0.001501
14635.277095,8.995,3.843098,-0.001249,5.3e-05,-0.00187,-0.001503
14637.792683999998,8.996,4.112371,-0.001254,4.9e-05,-0.001872,-0.001511
14639.0589,8.997,4.078821,-0.00126,4.6e-05,-0.001873,-0.001517
14641.573412,8.998,4.299243,-0.001266,4.1e-05,-0.00188,-0.001523
14644.089425999999,8.998,4.190597,-0.001278,3.5e-05,-0.001878,-0.001529
14645.356398999998,8.999,4.239612,-0.001281,3.2e-05,-0.00188,-0.001531
14647.855771999999,9.0,4.181445,-0.001286,3.3e-05,-0.001881,-0.001535
14649.107439,9.0,4.047599,-0.001285,3.6e-05,-0.001884,-0.001534
14651.62192,9.001,4.318353,-0.001291,2.7e-05,-0.001878,-0.001544
14654.137058999999,9.002,4.403836,-0.001301,2.3e-05,-0.001887,-0.001555
14655.402442999999,9.003,4.237352,-0.001304,2.1e-05,-0.001888,-0.001556
14657.919143,9.004,4.073292,-0.001302,2.6e-05,-0.001879,-0.001554
14659.167786999998,9.004,4.332364,-0.001302,2.6e-05,-0.001876,-0.001557
14661.683679,9.005,4.066231,-0.00131,2.4e-05,-0.001878,-0.001561
14662.948176999998,9.006,5.037059,-0.001309,2.5e-05,-0.001873,-0.001559
14665.449932,9.006,4.373331,-0.001307,2.8e-05,-0.001876,-0.001555
14667.965795999999,9.007,4.668107,-0.001315,2.8e-05,-0.001881,-0.001562
14669.21444,9.008,4.478619,-0.001317,2.5e-05,-0.00188,-0.001568
14671.73001,9.009,4.544086,-0.001315,2.9e-05,-0.001879,-0.001569
14672.99592,9.009,4.862433,-0.001323,2.7e-05,-0.001883,-0.001572
14675.495982999999,9.01,4.400955,-0.001321,3.6e-05,-0.001882,-0.001564
14678.011681999998,9.011,4.510902,-0.001318,3.5e-05,-0.001881,-0.001566
14679.277963999999,9.012,4.481983,-0.001324,2.9e-05,-0.001881,-0.001575
14681.809341999999,9.013,4.838353,-0.001328,3.6e-05,-0.001885,-0.001578
14683.074095999998,9.013,5.419548,-0.001332,2.8e-05,-0.001887,-0.001582
14685.588990999999,9.014,4.957556,-0.00134,2.1e-05,-0.001882,-0.00159
14688.090886999998,9.015,4.868417,-0.00135,1.8e-05,-0.001889,-0.001597
14689.356227999999,9.015,4.884047,-0.00135,2e-05,-0.001886,-0.001596
14691.871658999999,9.016,5.093609,-0.001343,2.9e-05,-0.001881,-0.001587
14693.120805999999,9.017,4.792027,-0.001343,3.1e-05,-0.001883,-0.001586
14695.651923,9.018,5.291614,-0.001345,4.2e-05,-0.001894,-0.001581
14698.182642999998,9.019,4.838973,-0.001345,4.4e-05,-0.001888,-0.001585
14699.434685999999,9.019,5.010396,-0.001356,3.5e-05,-0.001894,-0.001593
14701.949374999998,9.02,4.942245,-0.001366,3.5e-05,-0.001895,-0.001593
14703.215477,9.021,4.865446,-0.001365,3.4e-05,-0.001896,-0.001595
14705.730844,9.022,5.168001,-0.001366,3.6e-05,-0.001899,-0.001597
14706.996899,9.022,4.641872,-0.001364,3.8e-05,-0.001895,-0.001595
14709.495842999999,9.023,5.442849,-0.001375,2.8e-05,-0.001887,-0.001615
14712.011283999998,9.024,5.072225,-0.001382,2.6e-05,-0.001888,-0.00162
14713.262282999998,9.024,5.274563,-0.00138,2.9e-05,-0.001887,-0.001616
14715.762502999998,9.025,5.487683,-0.001377,3.7e-05,-0.0019,-0.001618
14717.010203999998,9.026,5.513924,-0.001377,4.7e-05,-0.001902,-0.001612
14719.493007,9.027,5.132464,-0.001389,4.2e-05,-0.0019,-0.001616
14722.011692999999,9.028,5.635676,-0.00139,4.3e-05,-0.0019,-0.001613
14723.277026,9.028,5.315837,-0.001392,4.1e-05,-0.001902,-0.001614
14725.792422999999,9.029,5.560032,-0.001395,4.2e-05,-0.001898,-0.001615
14727.057943,9.03,5.326196,-0.001395,4.6e-05,-0.001902,-0.001614
14729.590154,9.03,5.287205,-0.001401,4.4e-05,-0.0019,-0.001616
14732.105805,9.031,5.406832,-0.001399,4.6e-05,-0.001905,-0.001622
14733.370518999998,9.032,5.497244,-0.001404,4.5e-05,-0.001903,-0.001624
14735.870076,9.032,5.458466,-0.001419,3.3e-05,-0.001904,-0.001634
14737.120377,9.033,5.657243,-0.001425,3.3e-05,-0.001908,-0.001631
14739.620826999999,9.034,5.486089,-0.001425,3.4e-05,-0.001909,-0.001635
14742.121878999998,9.035,5.842104,-0.00144,2.3e-05,-0.001907,-0.001647
14743.370001,9.035,5.227337,-0.001435,2.7e-05,-0.00191,-0.001645
14745.885460999998,9.036,5.710257,-0.001431,3.7e-05,-0.001914,-0.001635
14747.136917,9.037,5.832701,-0.001428,4.1e-05,-0.001907,-0.001639
14749.66802,9.038,5.909619,-0.001431,4.4e-05,-0.001905,-0.001641
14752.184233,9.038,5.418519,-0.001439,3.6e-05,-0.001906,-0.001653
14753.449415,9.039,5.754242,-0.001453,3e-05,-0.001912,-0.001664
14755.964858,9.04,5.490976,-0.001458,1.5e-05,-0.001908,-0.001678
14757.212517,9.04,5.427709,-0.001457,2e-05,-0.001908,-0.001673
14759.715167999999,9.042,6.018198,-0.001456,3e-05,-0.001909,-0.001667
14760.981013999999,9.042,5.457935,-0.001455,3.4e-05,-0.001907,-0.001668
14763.496535999999,9.043,6.04837,-0.001466,2.6e-05,-0.001905,-0.001681
14766.026758999998,9.044,6.57655,-0.00148,1.4e-05,-0.001917,-0.001689
14767.292297,9.045,6.16173,-0.001478,1.8e-05,-0.001916,-0.001689
14769.793071999999,9.046,6.48598,-0.001482,1.9e-05,-0.001912,-0.001688
14771.059034999998,9.046,5.652303,-0.001482,2e-05,-0.001911,-0.001686
14773.575031999999,9.047,6.173151,-0.00148,3.2e-05,-0.001914,-0.001681
14776.089151999999,9.048,5.718279,-0.001484,2.8e-05,-0.001909,-0.001683
14777.339939,9.049,6.163377,-0.001484,3.5e-05,-0.001912,-0.001683
14781.121023,9.049,6.683057,-0.001485,4.5e-05,-0.001915,-0.001682
14783.636294999998,9.051,6.150681,-0.001486,4.5e-05,-0.001912,-0.001685
14786.152535,9.052,7.068661,-0.001481,5.4e-05,-0.001907,-0.001679
14787.417789,9.052,6.395887,-0.001483,5.7e-05,-0.001911,-0.001677
14789.933090999999,9.053,7.014743,-0.001481,5e-05,-0.001903,-0.001686
14791.183765,9.054,6.407627,-0.001492,4.1e-05,-0.001909,-0.001693
14793.683989,9.055,6.404492,-0.001505,3.6e-05,-0.001911,-0.001699
14796.198575999999,9.056,6.233709,-0.001513,3e-05,-0.001897,-0.001709
14797.449970999998,9.056,6.475834,-0.001519,2.5e-05,-0.001896,-0.001713
14799.98042,9.057,6.852141,-0.001526,2.4e-05,-0.001892,-0.001717
14801.245802999998,9.058,6.613204,-0.00153,2.2e-05,-0.001894,-0.001719
14803.746324999998,9.058,6.676948,-0.001541,1.3e-05,-0.0019,-0.001732
14805.013079999999,9.059,6.556045,-0.00154,1.5e-05,-0.001904,-0.00173
14807.51103,9.06,6.654053,-0.001542,1.9e-05,-0.001907,-0.001731
14810.026294,9.061,6.392859,-0.001543,2.5e-05,-0.001906,-0.00173
14811.292404999998,9.061,6.328105,-0.001542,2.5e-05,-0.001904,-0.001731
14813.807722999998,9.062,6.323431,-0.001542,3.4e-05,-0.001902,-0.001727
14815.05893,9.062,6.841304,-0.001541,3.7e-05,-0.001895,-0.001726
14817.559152999998,9.063,6.597427,-0.001542,3.9e-05,-0.001893,-0.001724
14820.075818,9.064,6.876417,-0.001542,4.1e-05,-0.001896,-0.001724
14821.323975,9.065,6.827653,-0.001544,4.3e-05,-0.001894,-0.001726
14823.824949999998,9.066,6.929431,-0.001546,4.5e-05,-0.001894,-0.001728
14825.074245999998,9.066,7.108076,-0.001546,4.7e-05,-0.001893,-0.001727
14827.604774,9.068,6.610653,-0.001545,5.5e-05,-0.001897,-0.001726
14830.105446,9.068,7.041462,-0.00154,5.9e-05,-0.001899,-0.001728
14831.370649999999,9.069,6.571875,-0.001539,5.9e-05,-0.0019,-0.00173
14833.871454999999,9.07,7.029298,-0.001547,5.7e-05,-0.001897,-0.001734
14835.121293999999,9.07,6.804278,-0.00155,5.6e-05,-0.0019,-0.001735
14837.621777999999,9.071,6.925766,-0.001558,5.4e-05,-0.001899,-0.001738
14840.120872,9.072,7.225366,-0.001564,5e-05,-0.001896,-0.001743
14841.371782999999,9.073,6.581756,-0.001567,5.4e-05,-0.0019,-0.00174
14843.888108,9.074,7.089325,-0.001566,6.2e-05,-0.001898,-0.001739
14845.152393999999,9.074,6.988661,-0.001567,5.9e-05,-0.001899,-0.001742
14847.684405999998,9.075,7.50085,-0.001574,5.8e-05,-0.001894,-0.001743
14850.183868999999,9.077,7.727303,-0.001574,6.2e-05,-0.001887,-0.00174
14851.434061,9.078,6.566829,-0.001577,6.6e-05,-0.001892,-0.001741
14853.964629999999,9.078,7.028289,-0.001577,6.7e-05,-0.001884,-0.001742
14855.230065,9.079,7.153919,-0.00158,6.6e-05,-0.00189,-0.001747
14857.746976999999,9.08,7.248208,-0.001584,6.6e-05,-0.001886,-0.001752
14858.995104,9.08,8.009321,-0.001589,6.6e-05,-0.00189,-0.001755
14861.496174999998,9.081,7.346004,-0.001596,6.2e-05,-0.00189,-0.001758
14864.010613999999,9.082,7.373627,-0.001596,6.4e-05,-0.001892,-0.001759
14865.261781,9.083,7.098036,-0.001598,6.1e-05,-0.001886,-0.001763
14867.793598999999,9.084,7.025898,-0.001603,6.4e-05,-0.001891,-0.001764
14869.05876,9.084,5.998012,-0.001602,6.4e-05,-0.001886,-0.001768
14871.573799999998,9.085,7.213679,-0.001606,6.7e-05,-0.00189,-0.001766
14874.075028,9.086,7.322949,-0.001608,6.5e-05,-0.001887,-0.001771
14875.325273999999,9.087,7.343507,-0.001608,7e-05,-0.001888,-0.00177
14877.839419,9.088,7.34542,-0.001607,7.3e-05,-0.001881,-0.001766
14879.105665,9.088,7.546268,-0.001608,7.8e-05,-0.001887,-0.001765
14881.622588999999,9.089,6.622872,-0.001613,7.3e-05,-0.001886,-0.001772
14884.120777999999,9.09,7.590305,-0.001616,7.5e-05,-0.001885,-0.001774
14885.37237,9.09,6.852938,-0.001623,7.3e-05,-0.001888,-0.001775
14889.121518999998,9.091,7.617131,-0.00163,7.2e-05,-0.001884,-0.001786
14891.620922999999,9.093,7.856599,-0.00163,7.5e-05,-0.001886,-0.001788
14894.152876999999,9.094,8.177555,-0.001631,7.6e-05,-0.001883,-0.001788
14895.416908,9.094,8.424088,-0.001631,7.7e-05,-0.001881,-0.00179
14897.934131999998,9.095,8.130437,-0.001632,7.7e-05,-0.001878,-0.001794
14899.183547999999,9.096,7.361886,-0.001635,7.7e-05,-0.001883,-0.001794
14901.699229999998,9.097,8.073544,-0.001641,7.4e-05,-0.00188,-0.0018
14902.964375,9.097,7.599548,-0.001647,7.2e-05,-0.001884,-0.001803
14905.496631999998,9.098,8.804059,-0.001649,7.2e-05,-0.001878,-0.001804
14908.01213,9.099,7.965497,-0.001649,7.3e-05,-0.001883,-0.001804
14909.261734999998,9.099,8.089374,-0.001649,7.3e-05,-0.001884,-0.001798
14911.793978,9.099,7.642576,-0.00164,8.3e-05,-0.00188,-0.001795
14913.044743999999,9.099,7.74308,-0.001637,8.3e-05,-0.001881,-0.001791
14915.543983,9.099,7.981964,-0.001634,8.1e-05,-0.001886,-0.001789
14918.074632,9.099,8.806237,-0.001626,8.3e-05,-0.001883,-0.001787
14919.340660999998,9.099,7.45506,-0.001628,8.4e-05,-0.001886,-0.001782
14921.839225,9.099,7.86834,-0.001622,8.7e-05,-0.001886,-0.001774
14923.089476,9.099,7.776971,-0.001619,8.7e-05,-0.001876,-0.001773
14925.604479999998,9.099,7.576281,-0.001614,8.7e-05,-0.001875,-0.001767
14928.105414,9.099,7.743292,-0.001607,8.6e-05,-0.001874,-0.001763
14929.3694,9.099,7.575909,-0.001607,8.7e-05,-0.001873,-0.001764
14931.886751999999,9.099,7.278965,-0.001605,8.2e-05,-0.001872,-0.001766
14933.152235999998,9.098,7.971287,-0.001605,8e-05,-0.001875,-0.001765
14935.683863999999,9.097,7.24194,-0.001602,8.2e-05,-0.001871,-0.001763
14938.214403999998,9.096,7.685604,-0.001596,8.6e-05,-0.001876,-0.001753
14939.465332,9.096,7.543506,-0.001592,8.6e-05,-0.001871,-0.001755
14941.979898999998,9.095,7.297504,-0.001587,8.2e-05,-0.001874,-0.001753
14943.231095,9.094,7.718166,-0.001589,7.6e-05,-0.001872,-0.001754
14945.730532,9.094,7.133574,-0.001585,7.7e-05,-0.001879,-0.001749
14946.981237999998,9.093,7.771659,-0.001584,7.5e-05,-0.00188,-0.001748
14949.495572,9.092,7.574954,-0.001578,8.1e-05,-0.001877,-0.001741
14952.027987999998,9.091,6.689538,-0.001571,8.3e-05,-0.00188,-0.001733
14953.292129,9.091,7.079657,-0.001571,8.2e-05,-0.001879,-0.00173
14955.824884999998,9.09,6.767944,-0.001567,8.4e-05,-0.00188,-0.001729
14957.089489999998,9.089,7.491076,-0.001565,8.1e-05,-0.001884,-0.001728
14959.589709,9.088,7.213733,-0.001559,8.3e-05,-0.001882,-0.001729
14962.119893,9.088,6.822871,-0.001551,8.1e-05,-0.001881,-0.001727
14963.370330999998,9.087,7.009644,-0.001551,7.6e-05,-0.001879,-0.001727
14965.887025999999,9.086,7.044172,-0.001551,7.6e-05,-0.001873,-0.001725
14967.152117999998,9.086,6.728582,-0.00155,7.6e-05,-0.001869,-0.001721
14969.667817,9.085,6.830308,-0.001547,7.9e-05,-0.001871,-0.001711
14972.182831999999,9.084,6.940533,-0.001538,7.9e-05,-0.001877,-0.001709
14973.44976,9.083,6.579419,-0.001534,8e-05,-0.001872,-0.001706
14975.950869999999,9.082,7.269988,-0.001524,8.7e-05,-0.001877,-0.001697
14977.198862,9.082,6.992008,-0.00152,8.5e-05,-0.001881,-0.001693
14979.714236,9.081,6.493895,-0.001522,8.1e-05,-0.001882,-0.001698
14980.980759999999,9.08,6.932141,-0.00152,7.8e-05,-0.001877,-0.001697
14983.510573,9.079,6.399818,-0.001518,8.3e-05,-0.001878,-0.001689
14986.044136999999,9.078,6.77554,-0.001516,8.2e-05,-0.001872,-0.001685
14987.308969999998,9.078,6.784039,-0.001514,8.3e-05,-0.001877,-0.001683
14989.839847,9.077,6.163005,-0.001508,7.7e-05,-0.001865,-0.001686
14991.091868,9.076,6.501013,-0.001507,7.7e-05,-0.001868,-0.001683
14993.590345999999,9.075,6.898781,-0.001499,7.9e-05,-0.001873,-0.001677
14996.105672,9.074,6.740162,-0.001494,7.2e-05,-0.001878,-0.001677
14997.370928999999,9.074,6.580693,-0.001494,7e-05,-0.001875,-0.001679
14999.872695999999,9.073,6.989724,-0.001493,7e-05,-0.001877,-0.001676
15001.120147999998,9.072,6.265846,-0.001489,7.4e-05,-0.001883,-0.001671
15003.618440999999,9.071,6.905261,-0.001478,7.8e-05,-0.001877,-0.001663
15006.136723,9.07,6.316897,-0.001478,7.7e-05,-0.001882,-0.001658
15007.387739999998,9.07,6.66218,-0.001476,7.8e-05,-0.001878,-0.001658
15009.902215999999,9.069,6.313019,-0.001468,8e-05,-0.001873,-0.001654
15011.167007999999,9.068,6.423775,-0.001468,7.8e-05,-0.00188,-0.001652
15013.700707,9.067,6.371133,-0.001465,7.1e-05,-0.001878,-0.001654
15016.21387,9.066,6.062554,-0.00146,7.2e-05,-0.001875,-0.00165
15017.465235,9.066,6.602685,-0.001458,7.3e-05,-0.001879,-0.001646
15019.980978,9.065,6.028132,-0.001454,7.8e-05,-0.00188,-0.00164
15021.246577999998,9.064,6.185953,-0.001448,7.9e-05,-0.001876,-0.001638
15023.761955999998,9.063,5.700059,-0.001443,8.1e-05,-0.001877,-0.001633
15025.027010999998,9.063,6.103191,-0.00144,7.9e-05,-0.001874,-0.001632
15027.560034999999,9.062,6.016445,-0.001436,8e-05,-0.001874,-0.001632
15030.059415,9.061,6.634452,-0.001435,7.9e-05,-0.001877,-0.001627
15031.324246999999,9.06,5.954719,-0.001431,8.1e-05,-0.001872,-0.001625
15033.855524999999,9.06,5.887415,-0.001423,8.7e-05,-0.001879,-0.001615
15035.120452,9.059,5.957322,-0.00142,8.5e-05,-0.001876,-0.001618
15037.620941,9.058,6.353815,-0.001419,8e-05,-0.001873,-0.001619
15040.136079999998,9.057,5.661227,-0.001418,7.6e-05,-0.001872,-0.001623
15041.38705,9.056,6.046777,-0.001418,7.5e-05,-0.001877,-0.00162
15043.902891999998,9.055,5.529542,-0.001418,6.5e-05,-0.001876,-0.001627
15045.167867999999,9.055,6.328689,-0.001422,6.1e-05,-0.001874,-0.001626
15047.699857,9.054,5.827177,-0.00142,5.6e-05,-0.001868,-0.001629
15050.214326999998,9.053,5.669992,-0.001426,4.9e-05,-0.001873,-0.001633
15051.465739,9.052,5.432596,-0.001433,3.8e-05,-0.001872,-0.001643
15053.995264,9.051,5.128746,-0.001429,3.8e-05,-0.001886,-0.001634
15055.245336,9.051,5.551267,-0.001424,4e-05,-0.001882,-0.001635
15057.745347999999,9.05,5.940536,-0.001427,3.3e-05,-0.001884,-0.001643
15058.99569,9.049,5.351746,-0.001428,3.1e-05,-0.001891,-0.001639
15061.496484,9.048,5.813312,-0.001432,2.2e-05,-0.00189,-0.001643
15064.026963999999,9.047,5.448639,-0.001424,2.4e-05,-0.001891,-0.001637
15065.277943,9.046,5.583033,-0.001421,2.5e-05,-0.001886,-0.001635
15067.793953999999,9.045,5.541175,-0.001423,1.9e-05,-0.001891,-0.001638
15069.05878,9.045,5.355412,-0.00142,2.1e-05,-0.001893,-0.001634
15071.588886999998,9.044,5.201361,-0.001415,1.9e-05,-0.001897,-0.001633
15074.105785,9.043,5.140326,-0.00141,2.4e-05,-0.001896,-0.00162
15075.372535999999,9.042,5.26091,-0.001405,2.9e-05,-0.001892,-0.001616
15077.871721,9.041,5.516739,-0.00139,3.3e-05,-0.001902,-0.001612
15079.120445999999,9.041,5.290552,-0.00139,3.5e-05,-0.001908,-0.001606
15081.620921999998,9.039,5.000778,-0.001406,9e-06,-0.001903,-0.001632
15084.122188999998,9.038,5.11759,-0.001413,-1e-06,-0.001902,-0.001633
15085.370444999999,9.038,4.537614,-0.001407,4e-06,-0.00191,-0.001623
15087.902096999998,9.037,5.265154,-0.001389,1.2e-05,-0.0019,-0.001618
15089.167615999999,9.036,5.054217,-0.001392,7e-06,-0.001903,-0.001618
15091.683852999999,9.035,4.940839,-0.001389,6e-06,-0.001898,-0.001617
15094.197436999999,9.034,4.915761,-0.001396,-1e-05,-0.001899,-0.001627
15095.44898,9.034,4.890482,-0.001392,0.0,-0.001907,-0.001614
15097.964221999999,9.033,5.368299,-0.001385,8e-06,-0.001907,-0.001607
15099.230840999999,9.032,5.194615,-0.001379,1.3e-05,-0.001907,-0.001603
15101.746844999998,9.031,4.844379,-0.001373,2.1e-05,-0.001915,-0.001591
15102.995703999999,9.031,4.628386,-0.001375,1.9e-05,-0.001915,-0.001597
15105.495799999999,9.03,5.1067,-0.001374,1.5e-05,-0.001912,-0.001588
15108.012013,9.029,4.819259,-0.001364,1e-05,-0.001907,-0.001595
15109.276965,9.028,4.740258,-0.001368,1e-06,-0.001908,-0.0016
15111.809572999999,9.027,5.164296,-0.001364,-0.0,-0.001899,-0.001601
15113.074071,9.027,4.095824,-0.001361,3e-06,-0.001898,-0.001591
15115.604806,9.026,4.547752,-0.001355,3e-06,-0.001898,-0.00159
15118.105563,9.025,4.667985,-0.001336,2e-05,-0.001907,-0.001575
15119.351621999998,9.024,4.694007,-0.001344,1.8e-05,-0.001907,-0.001576
15121.839859,9.023,4.470232,-0.001348,1.1e-05,-0.001906,-0.00158
15123.089703,9.023,4.331881,-0.001351,1.2e-05,-0.001911,-0.001577
15125.605515,9.022,4.467733,-0.001338,1.5e-05,-0.001907,-0.001565
15128.105822,9.021,4.717499,-0.001328,2.7e-05,-0.001911,-0.001553
15129.371963,9.021,4.494328,-0.001326,2.6e-05,-0.001912,-0.001555
15131.886687999999,9.02,4.521491,-0.001325,2.5e-05,-0.001928,-0.001549
15133.152323999999,9.019,4.818834,-0.001329,1.6e-05,-0.001922,-0.001556
15135.684403,9.018,4.378827,-0.001329,1.7e-05,-0.001926,-0.00155
15138.194397,9.017,4.044803,-0.001323,1.5e-05,-0.00192,-0.001548
15139.449335999998,9.017,4.115029,-0.001325,7e-06,-0.001914,-0.001557
15141.965079999998,9.016,4.279396,-0.001328,-1e-05,-0.001916,-0.001563
15143.215266,9.015,4.128626,-0.001318,1e-06,-0.001911,-0.001555
15145.731514,9.014,4.503872,-0.001308,1.5e-05,-0.001913,-0.001534
15148.230822,9.013,4.279327,-0.001319,8e-06,-0.00191,-0.00154
15149.480381,9.013,4.253857,-0.001316,9e-06,-0.001917,-0.001536
15152.012056,9.012,4.130138,-0.001316,-1e-06,-0.001919,-0.001547
15153.276795999998,9.011,4.469972,-0.00132,-4e-06,-0.001921,-0.001545
15155.808506,9.01,4.066937,-0.001317,-2e-06,-0.001919,-0.001542
15157.075617999999,9.01,3.788119,-0.001312,0.0,-0.001916,-0.001539
15159.589446999998,9.009,4.100652,-0.001305,3e-06,-0.001916,-0.001531
15162.105196999999,9.008,3.865305,-0.001295,9e-06,-0.001911,-0.001524
15163.372210999998,9.007,4.029959,-0.001289,1.8e-05,-0.001906,-0.00152
15165.871294999999,9.006,4.000117,-0.001283,2.5e-05,-0.001903,-0.001514
15167.119969,9.006,3.689049,-0.001276,2.5e-05,-0.001901,-0.001518
15169.635896,9.005,3.861963,-0.001266,1.5e-05,-0.001899,-0.001521
15172.152576999999,9.004,3.849713,-0.001274,2e-06,-0.001902,-0.001524
15173.418994,9.003,3.823537,-0.001273,2e-06,-0.001906,-0.001523
15175.933108,9.002,3.86443,-0.001272,0.0,-0.001903,-0.001519
15177.18414,9.002,3.756251,-0.001271,3e-06,-0.001905,-0.001516
15179.698994999999,9.001,3.912957,-0.001267,3e-06,-0.001901,-0.001513
15182.199695,9.0,3.569617,-0.001266,0.0,-0.001897,-0.001509
15183.464976,9.0,3.632813,-0.001263,4e-06,-0.001896,-0.001508
15185.980615999999,8.999,3.652188,-0.001262,3e-06,-0.0019,-0.001505
15187.230784,8.998,3.481661,-0.00126,1e-06,-0.001897,-0.001507
15189.745701,8.997,3.68499,-0.001255,5e-06,-0.001897,-0.001502
15190.995823,8.997,3.781939,-0.001251,1e-05,-0.001903,-0.001494
15196.012024,8.995,3.536815,-0.001243,8e-06,-0.001893,-0.001487
15197.261988999999,8.995,3.515965,-0.001239,7e-06,-0.001892,-0.001484
15199.776864,8.994,3.528836,-0.001244,-1e-06,-0.001896,-0.001489
15201.027039999999,8.993,3.549977,-0.001242,3e-06,-0.001899,-0.001486
15203.557726,8.992,3.142443,-0.00124,-1e-06,-0.001894,-0.001488
15206.074594999998,8.991,3.505094,-0.001239,0.0,-0.001891,-0.001487
15207.340333,8.991,3.48573,-0.001236,2e-06,-0.001895,-0.001481
15209.853371,8.99,3.297362,-0.001231,9e-06,-0.001894,-0.001475
15211.105373999999,8.99,3.135223,-0.00123,7e-06,-0.001889,-0.001478
15213.621573999999,8.988,3.424211,-0.001223,9e-06,-0.001896,-0.001474
15216.120778999999,8.987,3.166301,-0.00122,9e-06,-0.001894,-0.001471
15217.38661,8.987,3.195687,-0.001217,6e-06,-0.001889,-0.001469
15219.886505999999,8.985,3.382607,-0.00121,1e-05,-0.001885,-0.001464
15221.136681999998,8.985,3.299723,-0.001205,1.5e-05,-0.001893,-0.001453
15223.668533999999,8.983,3.147605,-0.001197,1.8e-05,-0.001891,-0.00145
15226.199437,8.983,2.70477,-0.001191,1.7e-05,-0.001891,-0.001451
15227.449950999999,8.982,3.166195,-0.001192,1.5e-05,-0.001898,-0.00145
15229.964664,8.981,3.048466,-0.001194,1.2e-05,-0.001889,-0.001448
15231.215412999998,8.981,3.335342,-0.001195,1e-05,-0.001891,-0.001447
15233.74521,8.98,3.127955,-0.001192,6e-06,-0.001892,-0.001449
15234.996238,8.979,2.985339,-0.001192,3e-06,-0.00189,-0.001453
15237.526779999998,8.978,3.112792,-0.001189,7e-06,-0.001895,-0.001448
15240.043662,8.977,3.014279,-0.001186,9e-06,-0.001895,-0.001442
15241.309550999998,8.977,3.035129,-0.001182,1.1e-05,-0.001893,-0.001438
15243.839417,8.976,3.119068,-0.00117,2e-05,-0.001892,-0.001432
15245.089258,8.975,2.823247,-0.001167,2.3e-05,-0.00189,-0.001427
15247.62129,8.974,2.896364,-0.001159,2.7e-05,-0.001894,-0.001419
15250.137498999999,8.973,2.922424,-0.001152,2.6e-05,-0.001892,-0.00142
15251.386821999999,8.973,2.840638,-0.00115,2.3e-05,-0.001889,-0.001423
15253.917447,8.972,2.690197,-0.001156,2e-05,-0.001896,-0.001419
15255.184292999998,8.971,3.056127,-0.001152,1.8e-05,-0.00189,-0.001417
15257.699606999999,8.971,2.801247,-0.001147,2e-05,-0.001893,-0.001414
15260.215745,8.97,2.779256,-0.001137,2.6e-05,-0.001893,-0.001409
15261.465338999998,8.969,2.842474,-0.001135,2.2e-05,-0.001886,-0.001407
15263.995533,8.968,2.712489,-0.001138,2.7e-05,-0.001894,-0.001402
15265.246638999999,8.968,2.557263,-0.001132,3.3e-05,-0.001893,-0.001398
15267.761814999998,8.966,2.76107,-0.001128,3.4e-05,-0.001889,-0.001396
15269.027284,8.966,2.614364,-0.001127,3.3e-05,-0.001896,-0.001395
15271.544562,8.965,2.582458,-0.001125,2.9e-05,-0.001889,-0.001398
15274.059667999998,8.964,2.619361,-0.001123,3e-05,-0.001891,-0.001395
15275.308879999999,8.964,3.067056,-0.001117,3.2e-05,-0.001892,-0.001392
15277.840788999998,8.963,2.547677,-0.001108,3.3e-05,-0.001882,-0.001391
15279.090862,8.962,2.452776,-0.001108,3.5e-05,-0.001885,-0.00139
15281.590314,8.961,2.483372,-0.00111,2.8e-05,-0.001885,-0.001395
15284.104904999998,8.96,2.359335,-0.001117,2.1e-05,-0.001886,-0.001391
15285.355533999998,8.96,2.409957,-0.001115,1.8e-05,-0.00188,-0.001396
15287.871443999999,8.959,2.479775,-0.001115,1.6e-05,-0.001886,-0.001392
15289.121105999999,8.958,2.443211,-0.001112,1.4e-05,-0.001881,-0.001396
15291.636663,8.958,2.354422,-0.001108,2.2e-05,-0.001884,-0.001385
15294.167662,8.956,2.42782,-0.001101,2.6e-05,-0.001885,-0.001384
15295.417691999999,8.956,2.348767,-0.001104,2e-05,-0.001884,-0.001384
15297.933684,8.955,2.141326,-0.001099,1.9e-05,-0.001879,-0.001384
15299.184667,8.954,2.448612,-0.001099,1.7e-05,-0.001878,-0.001383
15301.684030999999,8.953,2.298972,-0.001096,1.8e-05,-0.001877,-0.001384
15304.198080999999,8.952,2.222093,-0.001096,1.7e-05,-0.001878,-0.00138
15305.449541999998,8.952,1.786601,-0.001096,1.9e-05,-0.001871,-0.001377
15307.964036999998,8.951,2.191986,-0.001089,2.5e-05,-0.001865,-0.001368
15309.215014,8.95,2.661326,-0.001089,2.9e-05,-0.001875,-0.001363
15311.730900999999,8.949,2.195047,-0.001085,2.5e-05,-0.001871,-0.001368
15312.995852999999,8.949,1.962937,-0.001084,2.1e-05,-0.001872,-0.001373
15315.52693,8.948,1.926522,-0.001082,2e-05,-0.001873,-0.001368
15318.059557999999,8.946,2.049073,-0.001082,1.8e-05,-0.001871,-0.001368
15319.308993999999,8.946,2.078342,-0.00108,1.7e-05,-0.001867,-0.001369
15321.824309,8.945,2.050543,-0.001076,2.1e-05,-0.001869,-0.001363
15323.089660999998,8.944,2.170632,-0.001074,2e-05,-0.001874,-0.001364
15325.620777,8.943,2.008408,-0.001073,1.5e-05,-0.001874,-0.001366
15328.122253999998,8.942,2.032823,-0.001071,1.8e-05,-0.001879,-0.001359
15329.37082,8.942,2.201885,-0.001072,1.7e-05,-0.00188,-0.001357
15331.871804999999,8.941,2.616263,-0.001066,2e-05,-0.00188,-0.001355
15333.121350999998,8.94,1.948416,-0.001065,2.1e-05,-0.001879,-0.00135
15335.636975,8.939,1.876965,-0.001059,2.2e-05,-0.001876,-0.00135
15338.169296,8.938,1.908362,-0.001055,2.1e-05,-0.00188,-0.00135
15339.418665,8.938,1.776425,-0.001055,1.8e-05,-0.001878,-0.00135
15341.948642,8.937,1.835346,-0.001054,1.7e-05,-0.001872,-0.001352
15343.198024999998,8.936,1.842296,-0.001053,1.6e-05,-0.001873,-0.001349
15345.700535999998,8.935,1.175463,-0.00105,1.4e-05,-0.001876,-0.001351
15348.214391,8.934,1.558125,-0.001046,1.3e-05,-0.001875,-0.001348
15349.478802999998,8.934,1.692794,-0.001046,1.4e-05,-0.001876,-0.001348
15351.995443999998,8.933,1.521789,-0.001037,2.1e-05,-0.001877,-0.001337
15353.245196999998,8.932,1.743517,-0.001036,1.8e-05,-0.001872,-0.001343
15355.746250999999,8.932,1.703446,-0.001034,2.2e-05,-0.001878,-0.001337
15358.24614,8.931,0.952021,-0.00103,2.7e-05,-0.001875,-0.001336
15359.495513999998,8.931,1.64659,-0.001031,2.6e-05,-0.001874,-0.001337
15361.995502999998,8.931,1.441431,-0.001033,2e-05,-0.001872,-0.001343
15363.262029,8.931,1.690995,-0.001033,1.9e-05,-0.001871,-0.001345
15365.776616,8.931,1.834364,-0.001039,1.8e-05,-0.001871,-0.001347
15367.025698999998,8.931,1.671376,-0.001038,1.9e-05,-0.001874,-0.001345
15369.527993,8.931,2.493091,-0.00104,2.5e-05,-0.001875,-0.001345
15372.058932,8.931,1.830698,-0.001042,2.6e-05,-0.001873,-0.001347
15373.324175999998,8.931,1.73818,-0.001045,2.5e-05,-0.001878,-0.001347
15375.840026999998,8.931,1.727018,-0.001048,2.5e-05,-0.001878,-0.001351
15377.089929999998,8.931,1.829287,-0.00105,2e-05,-0.001872,-0.001356
15379.589767999998,8.932,1.411435,-0.001052,2.3e-05,-0.001871,-0.001355
15382.120887,8.933,1.879857,-0.001057,2.1e-05,-0.001874,-0.001361
15383.386674999998,8.933,1.920781,-0.001059,1.6e-05,-0.001872,-0.001362
15385.902605,8.934,2.029136,-0.001061,1.9e-05,-0.00187,-0.001365
15387.167646999998,8.935,2.037927,-0.001062,2.1e-05,-0.001875,-0.001363
15389.683663999998,8.936,2.081918,-0.001068,2.5e-05,-0.001874,-0.001364
15392.198854999999,8.936,2.02087,-0.00107,2.4e-05,-0.001874,-0.001366
15393.450636999998,8.937,1.443351,-0.001069,2.6e-05,-0.001869,-0.001367
15395.964039999999,8.938,2.28357,-0.001074,2.8e-05,-0.001869,-0.001368
15397.215279999999,8.938,1.140793,-0.001074,2.8e-05,-0.00187,-0.00137
15399.731210999998,8.939,2.239489,-0.001077,2.9e-05,-0.001877,-0.001371
15402.245809999999,8.94,2.182182,-0.001073,3.6e-05,-0.001877,-0.001369
15403.496812,8.941,2.219059,-0.001073,3.5e-05,-0.001873,-0.001373
15406.012406999998,8.942,1.70264,-0.00108,3.3e-05,-0.001875,-0.001376
15407.277789,8.942,2.3171,-0.001083,3.4e-05,-0.001874,-0.001377
15409.793497999999,8.943,2.730246,-0.001086,3.1e-05,-0.001875,-0.001385
15411.053022999999,8.944,2.598994,-0.001087,3.2e-05,-0.001878,-0.001387
15413.558160999999,8.945,2.536663,-0.001093,2.2e-05,-0.001873,-0.001393
15416.089869,8.946,2.306664,-0.001104,1.9e-05,-0.001873,-0.001397
15417.339774,8.946,2.306977,-0.00111,2.2e-05,-0.001872,-0.001399
15419.855130999998,8.947,2.352847,-0.001111,2.2e-05,-0.001869,-0.001402
15421.120114999998,8.948,2.481701,-0.001114,2.1e-05,-0.001873,-0.001402
15423.620891999999,8.949,2.78219,-0.001131,4e-06,-0.001874,-0.001424
15426.121378999998,8.95,2.518604,-0.001134,2e-06,-0.001877,-0.001428
15427.370717999998,8.95,2.54095,-0.001132,4e-06,-0.001879,-0.00143
15429.870900999998,8.951,2.468565,-0.001129,1.1e-05,-0.001884,-0.00143
15431.122516,8.952,1.44976,-0.001133,7e-06,-0.001885,-0.001434
15433.637535999998,8.953,2.618587,-0.001154,-1e-05,-0.00189,-0.001449
15436.152779,8.954,2.612703,-0.001156,-6e-06,-0.001888,-0.001444
15437.417296,8.954,2.978941,-0.00116,-3e-06,-0.001892,-0.001445
15439.933782999999,8.955,2.319073,-0.001152,4e-06,-0.001892,-0.001439
15441.199783999999,8.956,2.736103,-0.001162,4e-06,-0.001902,-0.001447
15443.715487,8.957,2.75742,-0.001175,-2.4e-05,-0.001894,-0.00147
15446.230463,8.958,2.881971,-0.001185,-2.6e-05,-0.001907,-0.001476
15447.495831999999,8.958,2.63924,-0.001185,-2.4e-05,-0.001907,-0.001469
15449.995261,8.959,2.865971,-0.001189,-2.5e-05,-0.001906,-0.001471
15451.245418999999,8.96,3.05618,-0.001188,-1.8e-05,-0.001899,-0.001468
15453.761923999999,8.961,2.820059,-0.001187,-2.1e-05,-0.001902,-0.001474
15455.011126999998,8.961,2.470321,-0.00119,-2.1e-05,-0.001897,-0.001478
15457.542096,8.962,3.022608,-0.001182,-1.1e-05,-0.001906,-0.001468
15460.043779,8.963,2.887234,-0.001178,-3e-06,-0.001902,-0.001465
15461.293001999999,8.964,2.281231,-0.001188,-5e-06,-0.001905,-0.001469
15463.824261999998,8.965,3.321931,-0.001199,-2e-06,-0.00191,-0.001474
15465.089519,8.965,3.018608,-0.00119,3e-06,-0.00191,-0.001465
15467.604876999998,8.966,3.118925,-0.001197,-1e-06,-0.001911,-0.001466
15470.120856,8.967,3.338159,-0.0012,4e-06,-0.001918,-0.001468
15471.36968,8.967,2.948929,-0.001201,-2e-06,-0.001911,-0.001474
15473.869848999999,8.968,3.222505,-0.001193,6e-06,-0.001909,-0.001473
15475.118035,8.969,3.373949,-0.001195,3e-06,-0.001909,-0.001477
15477.635864999998,8.97,3.42715,-0.001208,-2e-06,-0.00191,-0.001483
15480.152773999998,8.971,3.481162,-0.001212,-9e-06,-0.001915,-0.00149
15481.418709,8.971,3.452382,-0.001211,-6e-06,-0.001918,-0.001487
15483.94898,8.972,3.401626,-0.001211,-0.0,-0.00191,-0.001486
15485.199351,8.973,3.295139,-0.001211,4e-06,-0.001919,-0.001487
15487.716857,8.974,3.652087,-0.001221,-4e-06,-0.001913,-0.001498
15490.230907,8.975,3.519573,-0.001226,-5e-06,-0.001917,-0.0015
15491.495766999999,8.975,3.378654,-0.001232,-9e-06,-0.001917,-0.001507
15493.995756999999,8.976,3.307797,-0.001238,-1e-05,-0.001918,-0.001513
15495.261841,8.977,3.285553,-0.001242,-9e-06,-0.001924,-0.001509
15497.762032999999,8.978,3.527021,-0.001238,-2e-06,-0.001921,-0.001502
15499.027211999999,8.978,3.439118,-0.001238,0.0,-0.001919,-0.001499
15501.543824999999,8.98,3.098654,-0.001242,4e-06,-0.001927,-0.001501
15504.043866,8.98,3.449151,-0.001249,-8e-06,-0.001923,-0.001515
15505.309404,8.981,3.450318,-0.001251,-3e-06,-0.001923,-0.001514
15507.824977999999,8.982,3.596918,-0.001251,8e-06,-0.00192,-0.001505
15509.074498999998,8.982,3.905769,-0.001251,8e-06,-0.001919,-0.001501
15511.588983,8.983,3.62885,-0.00126,4e-06,-0.001925,-0.001507
15514.090457999999,8.984,3.681266,-0.001258,6e-06,-0.001922,-0.001512
15515.339801999999,8.985,4.082349,-0.001265,3e-06,-0.001916,-0.001519
15517.855795,8.986,3.568731,-0.001265,4e-06,-0.001913,-0.001521
15519.121482999999,8.986,3.744956,-0.001261,4e-06,-0.001915,-0.001522
15521.619706999998,8.987,3.925981,-0.001257,1.3e-05,-0.001922,-0.001513
15524.135734,8.988,3.768978,-0.001271,6e-06,-0.001921,-0.00152
15525.386455999998,8.989,3.798194,-0.001277,1e-06,-0.001922,-0.001524
15527.918237999998,8.99,3.711193,-0.001285,-8e-06,-0.001921,-0.001535
15529.183137,8.99,3.937568,-0.001296,-1.8e-05,-0.001924,-0.001544
15531.683690999998,8.991,3.758256,-0.001301,-1.8e-05,-0.00192,-0.001552
15534.183786,8.992,4.125777,-0.00131,-3e-05,-0.00192,-0.001565
15535.449111999998,8.993,3.90554,-0.001315,-3.1e-05,-0.00193,-0.001567
15537.950740999999,8.994,4.019763,-0.00131,-2.1e-05,-0.00193,-0.001562
15539.214925999999,8.994,4.164283,-0.001308,-1.9e-05,-0.001926,-0.00156
15541.745772999999,8.995,4.349484,-0.001307,-1.3e-05,-0.001919,-0.001559
15544.261437,8.996,3.853438,-0.001304,-5e-06,-0.001909,-0.001556
15545.512631,8.997,4.394128,-0.001304,-1e-06,-0.001907,-0.001553
15548.023829999998,8.998,4.230599,-0.0013,9e-06,-0.001911,-0.001544
15549.277622,8.998,4.129274,-0.001298,1.2e-05,-0.001906,-0.001546
15551.793802999999,8.999,4.556484,-0.001294,1.8e-05,-0.001905,-0.001546
15553.042245999999,9.0,4.12496,-0.001294,2.3e-05,-0.001908,-0.001546
15555.574520999999,9.001,3.976885,-0.001298,3e-05,-0.001914,-0.00154
15558.088547,9.002,4.139873,-0.001293,3e-05,-0.001905,-0.00154
15559.339477,9.002,3.836487,-0.001292,3.4e-05,-0.001909,-0.001535
15561.856784,9.003,4.226959,-0.00129,3.7e-05,-0.001908,-0.001539
15563.121602,9.004,4.354391,-0.001288,3.3e-05,-0.001904,-0.001544
15565.636946999999,9.005,4.393793,-0.001296,2.9e-05,-0.001907,-0.001545
15568.135815,9.006,4.300601,-0.001302,3.5e-05,-0.001907,-0.001545
15569.386371999999,9.006,4.912122,-0.001303,3.4e-05,-0.001898,-0.001548
15571.902821,9.007,4.453568,-0.001301,4e-05,-0.0019,-0.001544
15573.153188999999,9.008,4.515671,-0.001298,4.3e-05,-0.001899,-0.001546
15575.682907999999,9.009,4.421927,-0.001306,3.2e-05,-0.001904,-0.001556
15578.183941,9.01,4.388812,-0.001314,3.8e-05,-0.001903,-0.001553
15579.433560999998,9.01,4.824437,-0.001311,4.2e-05,-0.001899,-0.001559
15581.933802,9.011,4.688055,-0.001313,3.9e-05,-0.001893,-0.001557
15583.184226999998,9.012,4.567917,-0.001315,4.5e-05,-0.001898,-0.001557
15585.714759999999,9.012,4.438114,-0.001315,4.7e-05,-0.001892,-0.001556
15588.230768,9.014,5.408427,-0.001319,4.4e-05,-0.001888,-0.001563
15589.480908999998,9.014,4.763267,-0.001319,4.6e-05,-0.001893,-0.001559
15592.010948,9.015,4.274309,-0.001319,4.9e-05,-0.001891,-0.001561
15593.261665999999,9.016,4.913008,-0.001323,4.4e-05,-0.001896,-0.001564
15595.792995999998,9.017,4.821381,-0.001332,3.4e-05,-0.001893,-0.001576
15597.059361,9.017,4.932722,-0.001338,3.3e-05,-0.001896,-0.001578
15599.590360999999,9.019,5.141123,-0.001346,3.3e-05,-0.00189,-0.001579
15602.121351999998,9.02,4.616476,-0.001351,3.9e-05,-0.00189,-0.001584
15603.370049,9.02,5.282318,-0.001349,4.1e-05,-0.001889,-0.001586
15605.886921999998,9.021,5.025373,-0.001358,3.9e-05,-0.001889,-0.001587
15607.152748999999,9.022,5.407045,-0.001362,3.7e-05,-0.001886,-0.001592
15609.652117,9.022,5.009862,-0.001367,3.6e-05,-0.001883,-0.001594
15612.167239999999,9.023,5.143885,-0.00137,4e-05,-0.001891,-0.001593
15613.434253,9.024,5.041252,-0.001369,4.3e-05,-0.001889,-0.001589
15615.948929999999,9.025,5.149143,-0.001373,4.2e-05,-0.001889,-0.001591
15617.215398999999,9.026,5.129383,-0.001375,4.3e-05,-0.001884,-0.001596
15622.246335,9.027,5.079184,-0.001376,5.1e-05,-0.001887,-0.001595
15623.496579999999,9.028,5.345001,-0.001377,5e-05,-0.00188,-0.0016
15626.027713,9.029,5.151269,-0.00138,5.1e-05,-0.001884,-0.001602
15627.293596,9.029,5.311322,-0.00138,4.7e-05,-0.001881,-0.001603
15629.824362,9.03,5.508133,-0.001387,4.8e-05,-0.001887,-0.001607
15631.075248,9.031,5.40662,-0.00139,4.7e-05,-0.001882,-0.001606
15633.589215,9.032,5.488532,-0.001392,4.9e-05,-0.001886,-0.001608
15636.105574,9.033,5.588877,-0.001395,4.9e-05,-0.001886,-0.001609
15637.370312,9.033,5.676579,-0.001395,4.9e-05,-0.001886,-0.001612
15639.871392,9.034,5.320352,-0.001399,5.4e-05,-0.001886,-0.001615
15641.120654999999,9.035,5.527576,-0.001403,5.4e-05,-0.001885,-0.001615
15643.620572,9.036,5.364442,-0.001404,5.9e-05,-0.001885,-0.001616
15646.137002,9.036,5.882475,-0.001403,6e-05,-0.001881,-0.001618
15647.386446999999,9.037,5.351428,-0.001405,6.3e-05,-0.001886,-0.00162
15649.918905999999,9.038,5.992169,-0.001407,6.4e-05,-0.001884,-0.001621
15651.184222999998,9.038,5.894905,-0.001408,6.7e-05,-0.001887,-0.001621
15653.698894,9.039,5.944307,-0.001413,6.3e-05,-0.001884,-0.001626
15656.213748999999,9.04,5.553818,-0.001414,6.1e-05,-0.001881,-0.001628
15657.463869,9.041,5.572516,-0.001417,6.3e-05,-0.001886,-0.001623
15659.962572999999,9.042,5.644972,-0.001421,6.6e-05,-0.00188,-0.001627
15661.214594,9.042,5.913763,-0.001423,6.8e-05,-0.001882,-0.001626
15663.730731,9.043,5.642263,-0.001419,7.5e-05,-0.00188,-0.001624
15666.24599,9.044,6.195143,-0.00142,7.1e-05,-0.001881,-0.001626
15667.497573999999,9.044,5.884228,-0.001423,6.8e-05,-0.001881,-0.001633
15669.995921999998,9.045,6.083377,-0.001426,7.4e-05,-0.001883,-0.001633
15671.246761999999,9.046,5.858305,-0.001426,7.4e-05,-0.001883,-0.001638
15673.761854999999,9.047,6.257985,-0.001432,7.8e-05,-0.001889,-0.001637
15676.261525999998,9.048,6.128264,-0.001435,7.4e-05,-0.001893,-0.001635
15677.511960999998,9.048,6.155887,-0.001434,7.2e-05,-0.001887,-0.001637
15680.042022,9.049,6.140906,-0.001443,6.9e-05,-0.001891,-0.001643
15681.293302999999,9.05,6.041252,-0.001444,7.1e-05,-0.001887,-0.001642
15683.808847999999,9.051,6.1842,-0.001455,6.4e-05,-0.001887,-0.001654
15685.059184999998,9.051,6.241092,-0.001458,6.9e-05,-0.001893,-0.001653
15687.589699999999,9.052,6.079393,-0.001456,7.1e-05,-0.001887,-0.001653
15690.120551999998,9.054,6.280295,-0.001461,7.4e-05,-0.001895,-0.001656
15691.371844,9.054,6.387069,-0.001462,7.5e-05,-0.001887,-0.00166
15693.870798999998,9.055,6.344997,-0.001463,7.6e-05,-0.001886,-0.001654
15697.633923,9.056,6.354665,-0.001469,7.7e-05,-0.001892,-0.00166
15700.136881999999,9.057,6.716735,-0.001477,7.6e-05,-0.001889,-0.001664
15701.402497,9.057,6.615169,-0.001479,7.9e-05,-0.001892,-0.001663
15703.918842,9.058,6.368211,-0.001481,7.9e-05,-0.001889,-0.001666
15705.169025,9.058,6.503509,-0.001477,8e-05,-0.001887,-0.001666
15707.699534,9.059,6.52667,-0.001483,7.9e-05,-0.001886,-0.001668
15710.230855999998,9.06,6.430893,-0.001485,7.7e-05,-0.001883,-0.001678
15711.495176999999,9.06,6.557161,-0.001488,8.2e-05,-0.001883,-0.001675
15713.994745999998,9.061,6.75631,-0.00149,7.9e-05,-0.001883,-0.001679
15715.244394999998,9.062,6.365662,-0.001494,8.3e-05,-0.001889,-0.001675
15717.747118,9.063,6.719976,-0.0015,8.5e-05,-0.001884,-0.001677
15720.261489999999,9.064,6.798754,-0.001502,8.6e-05,-0.001877,-0.001682
15721.512079,9.064,7.127625,-0.001504,8.4e-05,-0.001877,-0.001683
15724.027074,9.065,6.783083,-0.001512,7.9e-05,-0.001881,-0.001689
15725.292942999999,9.066,6.607892,-0.001516,7.6e-05,-0.001878,-0.001692
15727.824562999998,9.067,6.303351,-0.001519,8.2e-05,-0.001876,-0.001695
15729.08938,9.067,6.932141,-0.001522,8.3e-05,-0.001876,-0.001694
15731.589597999999,9.068,6.48752,-0.001526,8.7e-05,-0.001877,-0.001695
15734.089853999998,9.069,6.794769,-0.001526,8.6e-05,-0.001879,-0.001697
15735.354700999998,9.07,7.111688,-0.001529,8.4e-05,-0.00188,-0.0017
15737.853414,9.071,6.821278,-0.001532,8.6e-05,-0.001878,-0.001705
15739.105241,9.071,7.583559,-0.001533,8.3e-05,-0.001872,-0.001707
15741.636814,9.072,7.196893,-0.001538,8.2e-05,-0.00188,-0.001714
15744.153198999998,9.073,7.025792,-0.001544,7.9e-05,-0.001874,-0.001717
15745.403334999999,9.074,6.872539,-0.001545,8.4e-05,-0.00188,-0.001711
15747.918452999998,9.075,6.943615,-0.001543,8.6e-05,-0.001879,-0.001715
15749.184599999999,9.075,7.182338,-0.001545,8.5e-05,-0.001876,-0.001717
15751.699303999998,9.076,6.765288,-0.001552,8.6e-05,-0.001882,-0.001716
15754.214614999999,9.077,7.051715,-0.001553,9.1e-05,-0.001876,-0.001719
15755.464838,9.078,7.210705,-0.001553,9.2e-05,-0.001874,-0.001723
15757.961542,9.078,6.940533,-0.001553,9.5e-05,-0.001876,-0.001724
15759.199358999998,9.079,6.940321,-0.001556,9.2e-05,-0.001879,-0.001723
15761.715649999998,9.08,7.082312,-0.00156,9.6e-05,-0.001875,-0.001717
15764.245557999999,9.081,7.227597,-0.001556,0.000102,-0.001882,-0.001718
15765.496959,9.081,7.594714,-0.001556,9.8e-05,-0.001879,-0.001724
15767.995883,9.082,7.139098,-0.001562,9.6e-05,-0.001873,-0.001729
15769.245035999998,9.083,7.404808,-0.001568,9.7e-05,-0.001878,-0.001731
15771.762721,9.084,7.53745,-0.001576,9.3e-05,-0.001876,-0.001736
15774.288582,9.085,7.41267,-0.001579,9.2e-05,-0.001875,-0.001741
15775.543630999999,9.085,7.210227,-0.001582,9.4e-05,-0.001878,-0.001741
15778.073932,9.086,7.798272,-0.001585,9.7e-05,-0.001878,-0.001748
15779.323624999999,9.087,7.120241,-0.001586,9.5e-05,-0.001876,-0.00175
15781.824451999999,9.088,7.559071,-0.001591,9.4e-05,-0.001876,-0.001754
15783.075099999998,9.088,7.521992,-0.001593,9.8e-05,-0.001877,-0.001752
15785.588983999998,9.089,7.682151,-0.001596,9.5e-05,-0.001878,-0.001754
15788.090226999999,9.09,7.524648,-0.0016,9.7e-05,-0.001877,-0.001753
15789.354855,9.091,7.899733,-0.001603,9.9e-05,-0.001879,-0.001755
15791.871776,9.092,7.60571,-0.001607,9.8e-05,-0.001878,-0.001765
15793.121575,9.092,7.907436,-0.001611,9.3e-05,-0.00187,-0.001771
15795.651715999998,9.093,8.198802,-0.001621,8.7e-05,-0.001873,-0.001776
15798.17839,9.094,7.408208,-0.001647,6.2e-05,-0.001878,-0.001806
15799.428526,9.094,8.434021,-0.001655,5.9e-05,-0.001889,-0.001811
15801.917023999998,9.095,8.071738,-0.001653,6.5e-05,-0.001893,-0.001805
15803.168063,9.096,8.129108,-0.001652,7.1e-05,-0.001887,-0.001804
15805.668780999998,9.097,8.33612,-0.001647,7.5e-05,-0.001887,-0.001803
15808.169267,9.098,7.955351,-0.001659,7.6e-05,-0.001894,-0.00181
15809.418824999999,9.098,7.587756,-0.001665,6.6e-05,-0.001896,-0.001817
15811.948724999998,9.099,8.343768,-0.001671,6e-05,-0.001891,-0.001825
15813.200089999998,9.1,8.280131,-0.00167,6.1e-05,-0.00189,-0.001825
15815.700418999999,9.1,7.917423,-0.001674,5.5e-05,-0.001888,-0.001837
15818.19905,9.1,9.10536,-0.001684,4.6e-05,-0.001897,-0.001839
15819.464510999998,9.1,7.833545,-0.001692,3.9e-05,-0.001898,-0.001842
15821.965361999999,9.1,7.3051,-0.001685,4e-05,-0.001897,-0.001839
15823.214836,9.1,8.0064,-0.00168,4.6e-05,-0.001897,-0.001834
15825.714859,9.101,7.803532,-0.001675,4.5e-05,-0.001903,-0.001831
15828.230710999998,9.101,7.630995,-0.001663,5.2e-05,-0.001904,-0.00182
15829.480983999998,9.101,8.176067,-0.001658,5.4e-05,-0.001897,-0.00182
15832.011698999999,9.101,7.966718,-0.001665,4.6e-05,-0.001906,-0.00182
15833.274276,9.101,7.909561,-0.001658,5.2e-05,-0.001909,-0.00181
15835.7922,9.101,8.057661,-0.001646,5.9e-05,-0.001916,-0.001803
15837.058990999998,9.101,7.778086,-0.001648,5.1e-05,-0.001909,-0.001812
15839.589431999999,9.101,7.863239,-0.001643,5.7e-05,-0.001914,-0.001801
15842.119800999999,9.101,8.122415,-0.001653,5.2e-05,-0.001909,-0.001801
15843.355581,9.1,7.714342,-0.001662,4.3e-05,-0.001918,-0.001805
15845.855180999999,9.1,7.883001,-0.001647,3.9e-05,-0.001916,-0.001806
15847.105725,9.099,7.87822,-0.001643,3.9e-05,-0.001906,-0.00181
15849.605238999999,9.098,8.212136,-0.001651,1.8e-05,-0.001903,-0.001822
15852.105536,9.097,8.120821,-0.001646,2.3e-05,-0.001909,-0.001813
15853.369465,9.097,7.15036,-0.001642,2e-05,-0.001907,-0.00181
15855.870807,9.096,7.884913,-0.001626,3.4e-05,-0.001908,-0.001794
15857.12097,9.095,6.862075,-0.001628,3.6e-05,-0.001919,-0.001789
15859.620507,9.095,7.816015,-0.001623,4e-05,-0.001923,-0.001791
15862.121384999999,9.094,6.959922,-0.001618,3.4e-05,-0.001925,-0.001792
15863.386085999999,9.093,7.369483,-0.001617,3.9e-05,-0.001921,-0.001787
15865.902221999999,9.092,7.704196,-0.001617,4.2e-05,-0.001927,-0.001775
15867.167947999998,9.092,7.126562,-0.001611,3.9e-05,-0.00192,-0.001772
15869.683409,9.091,7.497451,-0.001621,2.8e-05,-0.001922,-0.001779
15872.198785999999,9.09,7.291395,-0.00162,2.1e-05,-0.001921,-0.001781
15873.449809999998,9.089,7.533891,-0.001612,2.7e-05,-0.001916,-0.001775
15875.950879,9.088,7.345366,-0.001596,3.5e-05,-0.001919,-0.001772
15877.214417,9.088,6.942393,-0.001612,6e-06,-0.001918,-0.00179
15879.715333999999,9.087,6.953017,-0.001611,1.3e-05,-0.001925,-0.001781
15882.230644,9.086,7.175698,-0.001593,3.1e-05,-0.001922,-0.001761
15883.480388,9.086,7.318434,-0.001586,3.5e-05,-0.001923,-0.00175
15885.995993999999,9.085,7.065898,-0.00158,3.4e-05,-0.001915,-0.001754
15887.246215,9.084,7.340532,-0.001576,3.5e-05,-0.001921,-0.001751
15889.762909,9.084,7.555086,-0.001581,3.9e-05,-0.001929,-0.001743
15892.277657999999,9.082,6.926563,-0.001578,2.9e-05,-0.001922,-0.001747
15893.528438999998,9.082,7.70308,-0.001577,2.9e-05,-0.001922,-0.001747
15896.059400999999,9.081,6.749511,-0.001574,2.8e-05,-0.001925,-0.001751
15897.308792,9.08,7.068554,-0.001574,2.5e-05,-0.001929,-0.001748
15899.824433999998,9.079,7.241834,-0.001564,3e-05,-0.001923,-0.001737
15901.089677999998,9.079,6.877001,-0.001557,3.3e-05,-0.00192,-0.001732
15903.605056999999,9.078,6.918914,-0.001552,2.6e-05,-0.001917,-0.001734
15906.122566999999,9.077,6.734212,-0.00155,2.2e-05,-0.001907,-0.001736
15907.371073999999,9.076,7.066535,-0.00155,2.1e-05,-0.001904,-0.001734
15909.887048999999,9.076,6.769485,-0.001545,2.9e-05,-0.001906,-0.001725
15911.137857999998,9.075,7.495538,-0.001545,2.7e-05,-0.00191,-0.001723
15913.636986999998,9.074,6.765075,-0.00154,2.2e-05,-0.001902,-0.001726
15916.136993,9.073,6.530442,-0.001543,1.8e-05,-0.001901,-0.001728
15917.386999999999,9.072,6.368795,-0.001539,2e-05,-0.001909,-0.001722
15919.90268,9.071,6.365396,-0.001531,2.9e-05,-0.001915,-0.001716
15921.168855999998,9.071,6.396259,-0.001527,2.9e-05,-0.001917,-0.001712
15923.699794999999,9.07,5.983351,-0.001523,2.2e-05,-0.001906,-0.001715
15926.215004999998,9.069,6.492619,-0.00153,1.3e-05,-0.001906,-0.00172
15927.464871999999,9.069,6.339738,-0.001525,1.6e-05,-0.001912,-0.001713
15929.980884999999,9.068,6.187121,-0.00151,2.4e-05,-0.001909,-0.001701
15931.23042,9.067,6.140216,-0.001503,2.6e-05,-0.001916,-0.001699
15933.730887999998,9.066,6.540587,-0.001508,2.4e-05,-0.001916,-0.001699
15936.246419,9.065,6.256816,-0.001509,2.5e-05,-0.001918,-0.00169
15937.512189,9.065,6.337667,-0.001506,2.7e-05,-0.001911,-0.001689
15940.042812,9.064,6.11339,-0.001497,3.1e-05,-0.001914,-0.001681
15941.293791,9.063,6.503722,-0.001494,3.2e-05,-0.001915,-0.001683
15943.792619,9.062,6.095595,-0.001486,3e-05,-0.001912,-0.001679
15946.293526999998,9.062,5.86622,-0.001486,1.9e-05,-0.001907,-0.001689
15947.559039,9.061,5.967096,-0.001487,1.3e-05,-0.001906,-0.001693
15950.074272999998,9.06,5.78962,-0.001492,4e-06,-0.001918,-0.001697
15951.339548999998,9.06,5.91865,-0.001492,3e-06,-0.001921,-0.001691
15953.855484,9.059,5.499316,-0.001487,8e-06,-0.001916,-0.001684
15955.120174,9.058,5.914826,-0.001483,1.1e-05,-0.001916,-0.001678
15957.620362999998,9.057,5.680616,-0.001477,1e-05,-0.001915,-0.001677
15960.121683,9.056,6.063669,-0.001473,9e-06,-0.001917,-0.001675
15961.385946999999,9.056,5.889009,-0.001469,1.3e-05,-0.001918,-0.00167
15963.887783999999,9.055,5.693153,-0.001463,1.6e-05,-0.001907,-0.001669
15965.137015999999,9.054,5.884493,-0.001463,1.5e-05,-0.001906,-0.001666
15967.668812999998,9.053,6.013258,-0.001463,8e-06,-0.001912,-0.001669
15970.198879,9.052,5.427762,-0.001455,9e-06,-0.001913,-0.001661
15971.449271,9.052,5.421653,-0.001451,1.4e-05,-0.001908,-0.001658
15973.964639999998,9.051,5.222875,-0.001446,1.9e-05,-0.001911,-0.001647
15975.216719,9.05,5.372357,-0.001441,2.2e-05,-0.001906,-0.001647
15977.715146999999,9.048,5.259317,-0.001435,2.6e-05,-0.001901,-0.001638
15980.212264999998,9.047,5.565185,-0.001429,2.6e-05,-0.001909,-0.001633
15981.449704999999,9.047,5.248852,-0.001427,2.6e-05,-0.001904,-0.001631
15983.949073,9.046,5.657243,-0.001421,2.8e-05,-0.001904,-0.001631
15985.214634,9.046,5.474667,-0.001421,2.9e-05,-0.001907,-0.001628
15987.715909999999,9.045,5.404389,-0.001421,2.5e-05,-0.001908,-0.001631
15990.230671,9.044,5.372942,-0.001415,2.8e-05,-0.001905,-0.001624
15991.480651999998,9.044,5.12577,-0.001413,2.6e-05,-0.001905,-0.001622
15993.980284,9.043,5.506965,-0.001404,2.6e-05,-0.001899,-0.00162
15995.231553999998,9.042,5.169064,-0.0014,2.9e-05,-0.001903,-0.001613
15997.746497,9.041,5.616234,-0.001391,3e-05,-0.0019,-0.001608
16000.262506,9.04,5.50638,-0.001391,2.8e-05,-0.001905,-0.001603
16001.511513,9.04,5.743192,-0.001388,3.3e-05,-0.001903,-0.0016
16004.026554,9.038,4.880826,-0.001383,3.3e-05,-0.001898,-0.001596
16005.277015,9.038,5.178525,-0.00138,3.1e-05,-0.001895,-0.001601
16007.794522999999,9.037,5.001628,-0.00138,2.3e-05,-0.001899,-0.0016
16010.30928,9.036,5.0082,-0.001382,1.8e-05,-0.001896,-0.0016
16011.559796999998,9.036,5.155253,-0.001384,1.8e-05,-0.001895,-0.001602
16014.089535,9.035,5.165876,-0.001376,1.7e-05,-0.0019,-0.001597
16015.340392999999,9.034,5.272296,-0.001371,2e-05,-0.001895,-0.001596
16017.854748999998,9.033,4.759867,-0.001371,2.1e-05,-0.001892,-0.001594
16019.105176,9.033,4.770116,-0.001364,2.3e-05,-0.001899,-0.001587
16021.621643999999,9.032,4.837191,-0.001359,2.8e-05,-0.001901,-0.00158
16024.121277999999,9.031,4.71292,-0.001355,3.1e-05,-0.001903,-0.001574
16025.38706,9.03,4.758301,-0.001351,3.5e-05,-0.0019,-0.001572
16027.883883999999,9.03,4.730284,-0.001344,3.9e-05,-0.0019,-0.001566
16029.137531999999,9.029,4.495272,-0.001344,3.7e-05,-0.001896,-0.001565
16031.652541,9.028,4.9398,-0.00134,3.5e-05,-0.001895,-0.001567
16034.169143,9.027,4.890768,-0.001333,3.5e-05,-0.001893,-0.001561
16035.434392,9.027,4.464879,-0.001331,3.5e-05,-0.00189,-0.001558
16037.964281999999,9.026,4.826601,-0.001328,3.7e-05,-0.001897,-0.001555
16039.215783,9.025,5.126401,-0.001321,3.5e-05,-0.001891,-0.001555
16041.726867999998,9.024,4.614566,-0.001319,3.4e-05,-0.001893,-0.001548
16044.230608999998,9.023,4.43527,-0.001321,3.4e-05,-0.001891,-0.001552
16045.480775,9.023,4.530038,-0.00132,3.7e-05,-0.001894,-0.001547
16047.995748999998,9.022,4.430474,-0.001315,3.7e-05,-0.001895,-0.001543
16049.245809,9.021,4.363378,-0.001314,3.6e-05,-0.00189,-0.001542
16051.761718999998,9.02,4.913215,-0.001313,3.4e-05,-0.001894,-0.001536
16054.277644999998,9.02,4.201897,-0.001309,3.5e-05,-0.001888,-0.001536
16055.527761,9.019,4.136855,-0.001307,2.7e-05,-0.001883,-0.001544
16058.059153999999,9.018,4.42711,-0.001304,2.4e-05,-0.001881,-0.001543
16059.309292999998,9.017,4.059165,-0.001305,2.4e-05,-0.001879,-0.001542
16061.824679999998,9.016,4.132308,-0.001301,2.3e-05,-0.001881,-0.001534
16063.0739,9.016,4.021508,-0.001298,2.8e-05,-0.001887,-0.001531
16065.589539999999,9.015,4.252674,-0.001295,2.5e-05,-0.001885,-0.00153
16068.105592,9.014,4.001433,-0.001289,2.8e-05,-0.001881,-0.001528
16069.370372999998,9.013,3.882128,-0.001289,2.9e-05,-0.001884,-0.001525
16071.870900999998,9.012,4.343951,-0.001282,3.1e-05,-0.001882,-0.001521
16073.136872,9.012,4.351999,-0.001282,3.1e-05,-0.001883,-0.001517
16075.63691,9.011,4.018606,-0.001277,3.4e-05,-0.001881,-0.001511
16078.167655,9.01,4.167174,-0.001269,3.9e-05,-0.001878,-0.001505
16079.434631,9.009,3.608934,-0.001265,3.8e-05,-0.001881,-0.001503
16081.948934999999,9.008,3.871587,-0.001259,3.6e-05,-0.001879,-0.001504
16083.199496,9.008,4.102578,-0.001258,3.7e-05,-0.001879,-0.0015
16085.730947999999,9.007,3.958635,-0.001253,3.8e-05,-0.001878,-0.001497
16088.246865,9.006,3.332955,-0.001247,3.9e-05,-0.001876,-0.001493
16089.492997,9.005,3.858483,-0.001247,3.9e-05,-0.001873,-0.00149
16091.995758,9.004,3.749911,-0.001246,3.8e-05,-0.001875,-0.001488
16093.261657,9.004,3.685696,-0.001246,3.7e-05,-0.001869,-0.00149
16095.792158999999,9.003,3.525424,-0.001244,3.6e-05,-0.001875,-0.001485
16098.306983999999,9.002,3.663371,-0.001237,3.9e-05,-0.001874,-0.001479
16099.558771999998,9.001,3.835734,-0.001231,4.3e-05,-0.001879,-0.001476
16102.089107999998,9.0,3.327841,-0.001225,4.6e-05,-0.001879,-0.001471
16103.340519999998,9.0,3.965325,-0.001224,4.8e-05,-0.001881,-0.001468
16105.854626999999,8.999,3.726446,-0.001222,4.2e-05,-0.001884,-0.001467
16107.105128,8.998,3.848143,-0.001222,4.1e-05,-0.001878,-0.001471
16109.605737999998,8.997,3.99747,-0.00122,3.9e-05,-0.001878,-0.001469
16112.105453999999,8.997,3.366129,-0.001215,4.1e-05,-0.001876,-0.001464
16113.372476999999,8.996,3.488218,-0.001214,4.1e-05,-0.001876,-0.001462
16115.870346,8.995,3.415553,-0.001211,4.2e-05,-0.00188,-0.001455
16117.13612,8.995,3.60512,-0.00121,4.2e-05,-0.00188,-0.001455
16119.636234,8.994,3.40994,-0.001205,4.2e-05,-0.001877,-0.001453
16122.136752999999,8.993,3.399138,-0.001202,4.3e-05,-0.001878,-0.001453
16123.386535999998,8.992,3.340854,-0.001201,4.1e-05,-0.001877,-0.001454
16125.918805999998,8.991,3.41577,-0.001196,3.7e-05,-0.001874,-0.001456
16127.184764999998,8.991,3.376257,-0.001194,3.5e-05,-0.001876,-0.001453
16129.714795,8.99,3.24015,-0.001198,3.3e-05,-0.001877,-0.001452
16132.214806,8.989,3.330202,-0.001196,3.3e-05,-0.001878,-0.001449
16133.465001999999,8.989,3.258427,-0.001194,3.2e-05,-0.001876,-0.001447
16135.980825999999,8.988,3.4958,-0.001189,3.8e-05,-0.001869,-0.001443
16137.230864,8.987,3.266024,-0.001188,3.9e-05,-0.001876,-0.00144
16139.747835999999,8.986,3.156683,-0.00118,4e-05,-0.001872,-0.001439
16142.246627999999,8.985,4.488858,-0.001182,4e-05,-0.001877,-0.001436
16143.495797,8.985,2.883239,-0.001177,3.8e-05,-0.001872,-0.001436
16145.997607,8.984,3.254639,-0.001166,4.4e-05,-0.001873,-0.00143
16147.262619,8.983,2.967301,-0.001167,4.2e-05,-0.001874,-0.001432
16149.778405,8.982,3.104712,-0.001162,4.5e-05,-0.001875,-0.001426
16152.294275999999,8.981,3.006825,-0.001169,3.2e-05,-0.001867,-0.001434
16153.542292999999,8.981,3.072759,-0.001166,3.3e-05,-0.001867,-0.001431
16156.059252,8.98,3.31949,-0.001164,2.8e-05,-0.001864,-0.001432
16157.307900999998,8.979,3.012433,-0.00116,2.8e-05,-0.001868,-0.001432
16159.839662999999,8.978,3.578291,-0.00116,2.7e-05,-0.001875,-0.001431
16161.089517999999,8.978,2.977731,-0.001159,3e-05,-0.001871,-0.001429
16163.605399999999,8.976,3.220144,-0.001155,2.9e-05,-0.001872,-0.001425
16166.120970999998,8.975,2.957147,-0.001154,2.8e-05,-0.001877,-0.001427
16167.368832,8.975,2.524434,-0.001152,2.8e-05,-0.001878,-0.001427
16169.870798,8.974,2.85406,-0.001151,2.5e-05,-0.001883,-0.001425
16171.120797,8.973,2.710208,-0.001152,2.3e-05,-0.001879,-0.001426
16173.620898,8.972,2.804377,-0.001156,9e-06,-0.001877,-0.001437
16176.121824999998,8.971,2.685629,-0.001155,9e-06,-0.001874,-0.001435
16177.371744,8.971,2.790212,-0.001155,1.1e-05,-0.001882,-0.001427
16179.886503999998,8.97,2.701656,-0.001148,1.2e-05,-0.001878,-0.001427
16181.137025,8.969,2.41166,-0.001144,1.1e-05,-0.001875,-0.001427
16183.668768,8.968,2.611642,-0.001152,4e-06,-0.001882,-0.001432
16186.183778999999,8.967,2.74039,-0.001145,4e-06,-0.001883,-0.001427
16187.433932,8.967,2.504624,-0.001137,8e-06,-0.001876,-0.001422
16189.933932,8.966,2.580447,-0.001131,1.5e-05,-0.00188,-0.00142
16191.199282,8.966,2.699852,-0.001131,1.6e-05,-0.001891,-0.001414
16193.699336999998,8.965,1.905359,-0.001126,1.8e-05,-0.001894,-0.001403
16196.214477999998,8.964,2.489711,-0.00113,1.1e-05,-0.00188,-0.001412
16197.465514,8.963,2.626369,-0.001141,5e-06,-0.001886,-0.001417
16199.980231999998,8.962,2.463992,-0.001137,1e-06,-0.001895,-0.001423
16201.230768999998,8.962,2.522949,-0.001133,5e-06,-0.001894,-0.001419
16203.746325999999,8.96,2.456129,-0.001127,1.4e-05,-0.001896,-0.00141
16206.278358,8.959,2.362003,-0.001134,-9e-06,-0.001895,-0.001428
16207.542750999999,8.959,2.257251,-0.001137,-1.4e-05,-0.001895,-0.001427
16210.043700999999,8.958,2.406732,-0.001144,-2.2e-05,-0.001899,-0.00143
16211.30834,8.958,2.37046,-0.001142,-2e-05,-0.001898,-0.00143
16213.840981999998,8.957,2.325127,-0.00113,-9e-06,-0.0019,-0.001417
16215.105649,8.956,2.524774,-0.001125,-9e-06,-0.001894,-0.001414
16217.620605999999,8.955,2.437264,-0.001125,-1.7e-05,-0.001898,-0.001421
16220.120528,8.955,2.210538,-0.00113,-1.8e-05,-0.001902,-0.00142
16221.371760999999,8.955,2.28052,-0.001131,-2.1e-05,-0.001901,-0.001426
16223.885780999999,8.955,2.286637,-0.001134,-2.1e-05,-0.001904,-0.001427
16225.135913999999,8.955,2.271024,-0.00114,-2.3e-05,-0.001907,-0.00143
16227.637598999998,8.955,2.375855,-0.001143,-2.7e-05,-0.001903,-0.001434
16230.167705,8.955,2.415815,-0.001152,-3.4e-05,-0.001903,-0.001443
16231.417365,8.955,3.338695,-0.001152,-2.7e-05,-0.001909,-0.001441
16233.933960999999,8.955,2.466008,-0.00116,-3.6e-05,-0.001912,-0.001453
16235.183520999999,8.955,2.409851,-0.001166,-3.9e-05,-0.001914,-0.001457
16237.700008999998,8.955,2.347244,-0.001171,-3.7e-05,-0.001918,-0.001453
16240.199874999998,8.955,2.581651,-0.001171,-3.7e-05,-0.00191,-0.001462
16241.464743999999,8.956,2.489107,-0.001169,-3.2e-05,-0.001909,-0.001461
16243.980571999999,8.956,2.654418,-0.001175,-3.9e-05,-0.001909,-0.001466
16245.231480999999,8.957,2.43381,-0.001181,-3.8e-05,-0.001919,-0.001467
16247.745630999998,8.958,2.628942,-0.001178,-3.1e-05,-0.001913,-0.001464
16250.246713999999,8.959,2.673851,-0.001179,-2.3e-05,-0.001902,-0.001464
16251.495093999998,8.959,2.540737,-0.001176,-2.5e-05,-0.001906,-0.001465
16254.010925999999,8.96,2.691916,-0.001167,-1.2e-05,-0.001911,-0.001451
16255.261618999999,8.961,2.764269,-0.001167,-1.2e-05,-0.001909,-0.001454
16257.792656999998,8.962,2.698118,-0.001176,-2.3e-05,-0.00191,-0.00147
16260.293683,8.963,2.621117,-0.001189,-3.5e-05,-0.001912,-0.001482
16261.559012999998,8.963,2.809899,-0.001196,-3.5e-05,-0.001914,-0.00148
16264.07512,8.964,2.803268,-0.001196,-2.4e-05,-0.001915,-0.001472
16265.324228999998,8.964,2.767229,-0.001193,-1.9e-05,-0.001915,-0.001474
16267.854721,8.965,2.855991,-0.001197,-2.2e-05,-0.001911,-0.001482
16269.106312999998,8.966,3.095465,-0.001206,-2.9e-05,-0.001915,-0.001486
16271.620428999999,8.966,2.832102,-0.001209,-3.2e-05,-0.001914,-0.00149
16274.121353999999,8.967,3.059039,-0.00121,-3.2e-05,-0.001905,-0.001493
16275.386305,8.968,2.974458,-0.001215,-3.8e-05,-0.001902,-0.0015
16277.917105999999,8.969,2.997684,-0.001214,-3.1e-05,-0.001913,-0.001492
16279.184093999998,8.969,2.990087,-0.001216,-2.6e-05,-0.001911,-0.001493
16281.69956,8.97,3.286884,-0.001215,-1.7e-05,-0.001908,-0.001481
16284.214269,8.971,3.280465,-0.001215,-7e-06,-0.001909,-0.00148
16285.465122,8.972,3.2909,-0.001215,-9e-06,-0.001913,-0.001486
16287.995269,8.973,3.121339,-0.001226,-2.3e-05,-0.001916,-0.001497
16289.245498999999,8.973,3.031908,-0.001238,-3.6e-05,-0.001916,-0.001511
16291.761187999999,8.974,3.10659,-0.001251,-4.3e-05,-0.001927,-0.001522
16294.276550999999,8.975,3.312063,-0.001245,-3.4e-05,-0.001924,-0.001513
16295.527037,8.976,3.324159,-0.001244,-3.6e-05,-0.001915,-0.001514
16298.040807,8.977,3.278178,-0.001244,-2.7e-05,-0.001921,-0.001509
16299.29423,8.977,3.278995,-0.001247,-2.5e-05,-0.001912,-0.001513
16301.809081,8.978,3.304471,-0.001232,-6e-06,-0.00191,-0.001498
16304.323921,8.979,3.581432,-0.001227,1e-06,-0.001913,-0.001501
16305.590504,8.98,3.594785,-0.001238,-6e-06,-0.001915,-0.001505
16308.106452999999,8.98,3.545865,-0.001251,-1.5e-05,-0.001915,-0.001517
16309.370421,8.981,3.518464,-0.001248,-6e-06,-0.001919,-0.001513
16311.871277999999,8.982,3.609926,-0.001243,5e-06,-0.00192,-0.001506
16313.136596999999,8.982,3.63632,-0.00125,4e-06,-0.001919,-0.00151
16315.653236999999,8.983,3.746181,-0.001259,-1.2e-05,-0.001922,-0.001516
16318.184566,8.984,3.599459,-0.001259,-5e-06,-0.001913,-0.001512
16319.449223,8.985,3.624855,-0.001255,2e-06,-0.001919,-0.001507
16321.965291999999,8.986,3.770994,-0.001259,1e-06,-0.001918,-0.001512
16323.230426999999,8.986,3.450323,-0.001266,-2e-06,-0.001919,-0.001517
16325.745762999999,8.987,4.017428,-0.001265,4e-06,-0.001913,-0.001513
16328.261985,8.988,3.675966,-0.001272,4e-06,-0.00191,-0.001514
16329.528319,8.989,3.761996,-0.001276,6e-06,-0.001916,-0.001519
16332.041243,8.99,3.646288,-0.001278,-8e-06,-0.001913,-0.001538
16333.29358,8.99,4.602571,-0.001278,-1e-05,-0.001917,-0.001539
16335.810151999998,8.991,4.046321,-0.001282,-9e-06,-0.001913,-0.001542
16338.290259999998,8.992,3.98244,-0.001281,-6e-06,-0.001903,-0.001537
16339.528096999999,8.993,3.697893,-0.001285,-6e-06,-0.001907,-0.001537
16342.040688,8.994,4.04344,-0.001285,-0.0,-0.001899,-0.001534
16343.293094999999,8.994,4.0994,-0.001285,2e-06,-0.001899,-0.001533
16345.809222999998,8.995,2.996682,-0.001288,4e-06,-0.001902,-0.001535
16347.073869999998,8.996,3.823553,-0.001283,5e-06,-0.001898,-0.001538
16349.58885,8.997,4.033795,-0.001284,1.1e-05,-0.001901,-0.001533
16352.105555999999,8.997,3.894161,-0.001287,1.4e-05,-0.001899,-0.001531
16353.356165,8.998,4.586555,-0.001288,1.3e-05,-0.001894,-0.001535
16355.886069999999,8.999,4.134176,-0.001295,1.2e-05,-0.001898,-0.00154
16357.136935999999,8.999,3.929934,-0.001297,1.1e-05,-0.001891,-0.00154
16359.652734,9.0,4.095941,-0.001303,9e-06,-0.001888,-0.001545
16362.169162999999,9.002,4.125618,-0.001305,1.3e-05,-0.001894,-0.001548
16363.433571,9.002,4.289879,-0.001309,1.3e-05,-0.001893,-0.001553
16365.948637,9.003,3.987512,-0.001309,1.6e-05,-0.001898,-0.001551
16367.200337999999,9.004,4.308782,-0.00131,1.7e-05,-0.001896,-0.00155
16369.714605,9.004,4.286659,-0.001313,1.7e-05,-0.001894,-0.001551
16372.230672999998,9.005,4.167238,-0.001315,1.8e-05,-0.001898,-0.001554
16373.480575999998,9.006,4.377077,-0.001314,2.1e-05,-0.0019,-0.001551
16375.996060999998,9.007,4.559508,-0.001319,1.9e-05,-0.001894,-0.001557
16377.260638,9.007,4.365697,-0.00132,2e-05,-0.001896,-0.001557
16379.776483999998,9.008,4.271836,-0.001318,2.2e-05,-0.00189,-0.001556
16382.29359,9.009,4.546219,-0.001319,2.8e-05,-0.001889,-0.001555
16383.559121999999,9.01,4.338762,-0.001316,3.4e-05,-0.001892,-0.00155
16386.089841999998,9.011,4.26225,-0.001319,3.8e-05,-0.001892,-0.001555
16387.339032,9.011,5.588877,-0.001317,3.9e-05,-0.001893,-0.001556
16389.854482,9.012,4.47464,-0.001326,2.7e-05,-0.001888,-0.001568
16391.105088999997,9.013,4.40738,-0.00133,2.7e-05,-0.001894,-0.001567
16393.621718,9.014,4.582963,-0.001335,2.4e-05,-0.001891,-0.001571
16396.136921999998,9.015,5.273872,-0.001344,2e-05,-0.001887,-0.001581
16397.401622999998,9.015,4.571482,-0.001349,2e-05,-0.00189,-0.001583
16399.917708999998,9.016,4.562628,-0.001355,1.9e-05,-0.001886,-0.001589
16401.16736,9.017,4.804463,-0.001353,2.4e-05,-0.001894,-0.001585
16403.683591,9.018,4.39808,-0.00135,2.7e-05,-0.001891,-0.001586
16406.198626999998,9.019,5.170339,-0.001352,3e-05,-0.00189,-0.001586
16407.448419,9.02,4.9127,-0.001353,3.5e-05,-0.001892,-0.001582
16409.949581999997,9.021,5.147497,-0.001352,3.9e-05,-0.001892,-0.001585
16411.21385,9.021,5.564026,-0.001352,3.9e-05,-0.00189,-0.001585
16413.715117,9.022,4.953779,-0.00136,3.8e-05,-0.001885,-0.001589
16416.231343,9.023,4.820569,-0.001368,3.6e-05,-0.001886,-0.001592
16417.495766,9.024,5.070313,-0.001372,3.3e-05,-0.001883,-0.001596
16420.011739999998,9.025,5.102291,-0.001375,3.5e-05,-0.001887,-0.001594
16421.260929,9.025,5.341707,-0.001378,3.5e-05,-0.001882,-0.0016
16423.777744,9.026,5.111057,-0.001375,3.7e-05,-0.001882,-0.001598
16426.292054999998,9.027,5.023832,-0.001376,4.4e-05,-0.001888,-0.001597
16427.542934999998,9.028,5.286834,-0.001374,4.6e-05,-0.001884,-0.0016
16430.073483,9.029,5.025266,-0.001378,4.5e-05,-0.001887,-0.001602
16431.324226999997,9.029,5.178355,-0.00138,4.5e-05,-0.001885,-0.001603
16433.839753,9.03,5.193499,-0.001385,4.8e-05,-0.001879,-0.001604
16435.09036,9.031,5.366249,-0.001388,5e-05,-0.001886,-0.001602
16437.605464,9.032,5.240458,-0.001389,4.9e-05,-0.001887,-0.001605
16440.121636,9.033,5.73618,-0.001392,5.1e-05,-0.001882,-0.001608
16441.387177999997,9.033,5.543034,-0.001392,5e-05,-0.001876,-0.001611
16443.886281,9.034,5.869514,-0.001398,5e-05,-0.001884,-0.001616
16445.152086,9.035,5.588186,-0.001399,5.4e-05,-0.001879,-0.001616
16450.200066999998,9.037,5.592702,-0.001402,5.3e-05,-0.001881,-0.001621
16453.964635999997,9.038,5.399555,-0.001409,5.6e-05,-0.001886,-0.00162
16455.230301,9.039,5.47828,-0.001409,6e-05,-0.001883,-0.001623
16457.746765,9.04,5.565239,-0.00141,6.2e-05,-0.001882,-0.001622
16460.261566999998,9.041,5.807787,-0.001417,5.4e-05,-0.001876,-0.001632
16461.511431,9.042,5.699262,-0.001418,5.4e-05,-0.001875,-0.001633
16464.011669,9.043,5.440936,-0.001425,5.5e-05,-0.001877,-0.001634
16465.262674999998,9.043,5.67642,-0.001426,5.6e-05,-0.001873,-0.001637
16467.761607,9.044,6.015117,-0.001428,5.7e-05,-0.001878,-0.001638
16470.276423,9.045,5.660696,-0.001435,5.5e-05,-0.001876,-0.001639
16471.527065,9.046,5.818518,-0.001438,6e-05,-0.001883,-0.001637
16474.026293,9.047,5.80221,-0.001445,5.8e-05,-0.001886,-0.001644
16475.27668,9.047,6.042102,-0.001445,5.6e-05,-0.00188,-0.001648
16477.793814999997,9.048,6.148716,-0.001447,5.8e-05,-0.00188,-0.001648
16480.324400999998,9.049,6.671265,-0.001452,6e-05,-0.001886,-0.00165
16481.574830999998,9.049,5.919394,-0.001455,5.6e-05,-0.001878,-0.001652
16484.074417,9.051,6.200933,-0.001454,5.7e-05,-0.001874,-0.001656
16485.340639,9.051,5.831532,-0.001459,5.8e-05,-0.001878,-0.001657
16487.841422999998,9.052,6.796735,-0.001464,5.8e-05,-0.00188,-0.001659
16489.105559,9.052,6.190522,-0.001466,5.8e-05,-0.00188,-0.001659
16491.619874,9.053,6.510362,-0.001468,5.8e-05,-0.00188,-0.001664
16494.121418,9.054,6.044174,-0.001468,6.3e-05,-0.00188,-0.001664
16495.37127,9.055,6.663721,-0.001469,6.2e-05,-0.001876,-0.00167
16497.887568,9.055,6.261172,-0.00147,6.5e-05,-0.001881,-0.001669
16499.153041999998,9.056,6.202952,-0.001473,6.6e-05,-0.001882,-0.001669
16501.668191999997,9.057,6.327521,-0.001476,6.6e-05,-0.001879,-0.001668
16504.196132999998,9.058,6.397428,-0.001478,7.2e-05,-0.001881,-0.001668
16505.449307,9.058,6.294268,-0.001479,7.2e-05,-0.001877,-0.001668
16507.964062,9.059,6.318172,-0.001484,7.2e-05,-0.001884,-0.001668
16509.213567,9.059,6.646669,-0.001485,7.1e-05,-0.001878,-0.001673
16511.730561,9.06,6.124067,-0.00149,7.2e-05,-0.001874,-0.001674
16514.245993999997,9.061,6.147972,-0.001492,8e-05,-0.001884,-0.001674
16515.496941999998,9.062,6.503457,-0.001494,7.8e-05,-0.001878,-0.001678
16517.995442,9.062,6.561198,-0.001496,7.5e-05,-0.001881,-0.001681
16519.24698,9.063,6.327574,-0.001501,7.3e-05,-0.001883,-0.001683
16521.760906,9.064,6.345848,-0.001509,7.2e-05,-0.001884,-0.001691
16524.261515,9.065,6.654212,-0.001508,7.6e-05,-0.001886,-0.001689
16525.511790999997,9.065,6.588874,-0.001507,7.7e-05,-0.001879,-0.00169
16528.010742,9.066,6.707439,-0.001512,7.6e-05,-0.001874,-0.001695
16529.261535999998,9.067,7.36858,-0.001514,7.8e-05,-0.00188,-0.001695
16531.760887,9.068,6.997319,-0.001516,8.5e-05,-0.00188,-0.00169
16534.261742,9.069,6.467918,-0.001519,8.5e-05,-0.001879,-0.001692
16535.511954999998,9.069,7.045872,-0.001519,8.3e-05,-0.001873,-0.001696
16538.04281,9.07,6.896656,-0.001517,8.5e-05,-0.001875,-0.001696
16539.294697999998,9.07,7.184622,-0.00152,8.2e-05,-0.001872,-0.0017
16541.824657999998,9.071,6.738887,-0.001529,8.2e-05,-0.001878,-0.001705
16544.323987,9.072,6.81586,-0.001532,8.3e-05,-0.001878,-0.001708
16545.575187,9.073,7.037001,-0.001531,8.4e-05,-0.001874,-0.001709
16548.089839,9.074,7.398062,-0.001533,8.7e-05,-0.001875,-0.001709
16549.351408,9.075,6.947918,-0.001536,8.7e-05,-0.001876,-0.00171
16551.839899,9.076,6.887041,-0.001538,8.7e-05,-0.001877,-0.001714
16554.340745999998,9.077,7.164862,-0.001543,8.7e-05,-0.001879,-0.00172
16555.605459,9.077,7.440452,-0.001547,8.6e-05,-0.00188,-0.001721
16558.120727999998,9.078,7.285658,-0.00155,8.3e-05,-0.001875,-0.001722
16559.370611,9.078,7.169536,-0.001551,8.5e-05,-0.001875,-0.001726
16561.871924,9.08,7.274344,-0.001554,8.6e-05,-0.001873,-0.00173
16563.13366,9.08,6.923748,-0.001556,8.9e-05,-0.00188,-0.001727
16565.636755,9.081,7.090333,-0.001557,8.6e-05,-0.001876,-0.001728
16568.151495,9.082,7.274715,-0.001565,8.4e-05,-0.001873,-0.001734
16569.40306,9.083,7.459841,-0.00157,8.5e-05,-0.00187,-0.001735
16571.918573,9.084,7.301913,-0.001571,8.8e-05,-0.001874,-0.001736
16573.182319,9.084,7.291395,-0.001572,8.9e-05,-0.001878,-0.001737
16575.683877,9.085,6.967094,-0.001576,8.5e-05,-0.001879,-0.001744
16578.178808999997,9.086,7.188554,-0.001575,8.7e-05,-0.001874,-0.001746
16579.418781,9.086,7.489588,-0.001577,9e-05,-0.001883,-0.001744
16581.949543,9.087,7.140108,-0.001581,9.1e-05,-0.001879,-0.00175
16583.224359,9.088,8.051446,-0.001582,9.2e-05,-0.001884,-0.001749
16585.684412,9.089,7.744886,-0.001589,9e-05,-0.001876,-0.001754
16588.179931,9.09,7.224463,-0.001595,9.1e-05,-0.001877,-0.001755
16589.41337,9.09,8.366398,-0.001595,9.2e-05,-0.001874,-0.001759
16591.918944999998,9.091,7.77883,-0.001593,9.5e-05,-0.001876,-0.001757
16593.167315,9.092,8.070304,-0.001597,9.5e-05,-0.001876,-0.001756
16595.698922,9.092,8.107117,-0.001596,9.7e-05,-0.001875,-0.001762
16598.198014999998,9.093,8.184779,-0.001605,9.6e-05,-0.001879,-0.001763
16599.449044999998,9.094,8.00486,-0.001609,9.4e-05,-0.00188,-0.001765
16601.933717,9.095,7.575697,-0.001614,9.7e-05,-0.00188,-0.001767
16603.182768,9.095,7.925072,-0.001617,9.7e-05,-0.001878,-0.001771
16605.683782,9.096,8.393597,-0.001618,0.000101,-0.00188,-0.001773
16608.18406,9.098,8.221485,-0.001618,0.0001,-0.001877,-0.001778
16609.434445,9.098,7.482418,-0.001618,0.0001,-0.001878,-0.001777
16611.949555,9.099,8.020318,-0.001614,0.000106,-0.001879,-0.001774
16613.199280999997,9.1,7.732509,-0.00162,0.000101,-0.00188,-0.00178
16615.714205,9.1,8.062017,-0.001625,0.000102,-0.001877,-0.001785
16618.210500999998,9.101,7.858883,-0.001633,9.9e-05,-0.00188,-0.001788
16619.449393,9.101,7.923478,-0.001635,9.5e-05,-0.001875,-0.001794
16621.949871999997,9.102,8.019468,-0.001641,9.4e-05,-0.001872,-0.001795
16623.195627999998,9.103,8.243371,-0.001642,9.9e-05,-0.001878,-0.00179
16625.704362999997,9.104,8.287142,-0.001645,9.7e-05,-0.001874,-0.001797
16628.229465,9.104,8.181751,-0.001646,0.000103,-0.001871,-0.001797
16629.480159,9.106,7.592749,-0.001647,0.000107,-0.001872,-0.001801
16631.980461,9.108,8.457288,-0.001648,0.000107,-0.00187,-0.001803
16633.230687,9.109,7.712589,-0.001648,0.000109,-0.001873,-0.001803
16635.716314999998,9.109,9.025308,-0.001647,0.00011,-0.001872,-0.001806
16638.209575,9.11,8.357899,-0.001656,0.000102,-0.001872,-0.00181
16639.448888,9.11,8.496809,-0.001657,9.9e-05,-0.001878,-0.001812
16641.964603,9.11,8.001301,-0.001652,0.000106,-0.001879,-0.001805
16643.230389,9.11,8.38924,-0.001649,0.000108,-0.001884,-0.001804
16645.745533999998,9.11,7.989029,-0.001654,9.2e-05,-0.001885,-0.001815
16648.246143,9.11,7.649004,-0.00166,8.1e-05,-0.00189,-0.001818
16649.511645,9.11,8.189241,-0.001659,7.8e-05,-0.001889,-0.001818
16652.043995,9.11,8.170224,-0.001669,6.6e-05,-0.001883,-0.001827
16653.293912999998,9.11,8.167409,-0.001667,6.7e-05,-0.00189,-0.001827
16655.807273,9.11,7.891075,-0.001667,6.3e-05,-0.001885,-0.00183
16658.323709,9.11,8.069242,-0.001669,5.6e-05,-0.001889,-0.00183
16659.573571,9.11,8.085496,-0.001662,5.6e-05,-0.001883,-0.001826
16662.074891,9.11,8.029826,-0.001651,6.9e-05,-0.001891,-0.001812
16663.338891,9.109,8.22122,-0.001644,7.3e-05,-0.001897,-0.001804
16665.855478999998,9.108,7.89984,-0.001644,7.5e-05,-0.001898,-0.001801
16667.121559,9.108,7.846293,-0.001653,6.2e-05,-0.001893,-0.001812
16669.621646,9.107,8.624458,-0.001653,4.8e-05,-0.001896,-0.001821
16672.122267,9.106,7.911367,-0.001653,4.6e-05,-0.001904,-0.001815
16673.370563999997,9.105,7.833545,-0.001644,5.2e-05,-0.0019,-0.001807
16675.870542999997,9.104,7.381754,-0.001636,6e-05,-0.001906,-0.001803
16677.120071999998,9.104,7.560027,-0.001641,4.7e-05,-0.001903,-0.001806
16679.620595,9.103,7.813465,-0.001649,4.2e-05,-0.001908,-0.001816
16682.135787,9.102,7.3536,-0.001648,4e-05,-0.001909,-0.001807
16683.402992,9.101,7.52502,-0.001644,4.1e-05,-0.001913,-0.001805
16685.919002,9.1,8.283423,-0.001643,2.9e-05,-0.001916,-0.001815
16687.18464,9.1,7.765497,-0.001638,3.4e-05,-0.001918,-0.001808
16689.699985,9.098,7.556521,-0.00164,2.1e-05,-0.001917,-0.001812
16692.215737,9.097,7.130333,-0.001642,1.9e-05,-0.001917,-0.001811
16693.462949,9.097,6.973202,-0.00164,2.1e-05,-0.00192,-0.001807
16695.948879,9.096,7.381488,-0.001634,1.6e-05,-0.001914,-0.001811
16697.199662,9.096,7.44757,-0.001635,1.5e-05,-0.00192,-0.001805
16699.716195999998,9.095,7.324808,-0.001624,2.5e-05,-0.001917,-0.001796
16702.230623,9.094,7.681514,-0.001622,1.7e-05,-0.001916,-0.0018
16703.481519,9.093,6.694053,-0.001617,2.2e-05,-0.001916,-0.001797
16705.9804,9.093,7.588128,-0.001623,1.8e-05,-0.001926,-0.001798
16707.231096,9.092,7.351209,-0.001618,1.8e-05,-0.001925,-0.001791
16709.745107,9.091,7.35275,-0.001611,2.1e-05,-0.001916,-0.001788
16712.262714,9.09,7.185951,-0.001601,2.7e-05,-0.00192,-0.001773
16713.526899,9.09,7.398434,-0.001595,2.7e-05,-0.001926,-0.001772
16716.027581,9.089,7.285127,-0.001607,5e-06,-0.001918,-0.001786
16717.263371,9.088,6.998648,-0.001608,-3e-06,-0.001914,-0.001794
16719.761424,9.088,6.464466,-0.001585,2e-05,-0.001919,-0.001772
16722.276961,9.087,6.352753,-0.001575,3.4e-05,-0.001912,-0.001754
16723.543005,9.086,6.706483,-0.001577,3.1e-05,-0.001914,-0.001749
16726.043126,9.085,6.629989,-0.001562,3.2e-05,-0.001919,-0.001752
16727.292557,9.085,6.915673,-0.001568,2.6e-05,-0.001922,-0.001759
16729.806077999998,9.084,6.977399,-0.001572,1.7e-05,-0.001921,-0.001766
16732.324926999998,9.083,7.100798,-0.001564,2.9e-05,-0.001922,-0.001751
16733.573762,9.082,6.439924,-0.001556,3.5e-05,-0.001918,-0.001736
16736.075125,9.081,6.619631,-0.001548,4.2e-05,-0.001923,-0.001728
16737.340407,9.081,6.710573,-0.001557,3.6e-05,-0.001929,-0.00173
16739.855763,9.08,7.256017,-0.001558,2.5e-05,-0.001921,-0.001738
16741.105876999998,9.079,6.770865,-0.001556,2.6e-05,-0.001922,-0.001737
16743.637007999998,9.078,7.273653,-0.001546,3.1e-05,-0.001929,-0.001727
16746.169252,9.078,6.159074,-0.001542,2.5e-05,-0.001928,-0.001725
16747.419134,9.077,6.95222,-0.001544,2.3e-05,-0.001932,-0.001726
16749.933579999997,9.076,6.701065,-0.001542,2.5e-05,-0.00193,-0.001725
16751.19936,9.076,6.974956,-0.001539,2.5e-05,-0.001927,-0.001723
16753.730172,9.074,6.819897,-0.001534,1.4e-05,-0.001923,-0.001734
16756.230974,9.073,6.30877,-0.001527,1e-05,-0.001924,-0.00173
16757.496657,9.073,6.538091,-0.001524,1.5e-05,-0.001927,-0.001721
16759.996526,9.071,6.157215,-0.001521,2.3e-05,-0.001926,-0.001708
16761.245761,9.071,6.639764,-0.001523,1.7e-05,-0.001923,-0.001715
16763.760807,9.07,6.085662,-0.001528,3e-06,-0.00193,-0.001728
16766.276617,9.068,6.227175,-0.001527,3e-06,-0.001929,-0.001723
16767.527006999997,9.068,6.15679,-0.001527,4e-06,-0.00193,-0.001722
16770.043513999997,9.068,6.814478,-0.001518,1e-06,-0.001916,-0.001719
16771.292987,9.067,5.918916,-0.001515,6e-06,-0.001911,-0.001714
16773.824700999998,9.066,6.379154,-0.001505,1.7e-05,-0.001914,-0.001699
16776.339481,9.065,5.62893,-0.001497,1.8e-05,-0.001917,-0.001698
16777.589347,9.064,6.068875,-0.001493,2e-05,-0.00192,-0.001698
16780.074995,9.064,6.208901,-0.001487,2.2e-05,-0.001912,-0.001692
16781.339509999998,9.063,6.599764,-0.001483,2e-05,-0.001911,-0.001686
16783.839991,9.062,6.299845,-0.001473,3.1e-05,-0.001911,-0.001667
16786.355510999998,9.061,5.947442,-0.001462,3.6e-05,-0.001909,-0.001669
16787.605546,9.061,5.811984,-0.001458,3.6e-05,-0.001915,-0.001666
16790.120862,9.06,5.758225,-0.001468,2.1e-05,-0.001913,-0.001673
16791.38578,9.06,5.829514,-0.00147,1.7e-05,-0.001909,-0.001674
16793.902016,9.059,5.819792,-0.001461,2.6e-05,-0.001911,-0.001666
16795.168642999997,9.058,5.998437,-0.001459,2.9e-05,-0.001907,-0.001663
16797.684473999998,9.057,6.037216,-0.001459,1.9e-05,-0.001916,-0.001664
16800.214626999998,9.056,5.68136,-0.001455,2e-05,-0.001916,-0.001662
16801.464911,9.056,5.790204,-0.001451,2.2e-05,-0.001913,-0.001661
16803.980787,9.055,5.451029,-0.00145,1.9e-05,-0.001913,-0.00166
16805.245480999998,9.054,6.252938,-0.001449,1.8e-05,-0.001909,-0.00166
16807.761593,9.053,5.400937,-0.001438,2.6e-05,-0.001907,-0.001647
16810.277114999997,9.052,5.711905,-0.001426,3.5e-05,-0.001906,-0.001635
16811.543917,9.051,5.41257,-0.001424,3.3e-05,-0.001904,-0.001636
16814.057681,9.051,5.589833,-0.00142,3.2e-05,-0.001893,-0.001634
16815.309123,9.05,5.319502,-0.001419,2.7e-05,-0.001894,-0.001634
16817.824875,9.049,5.188241,-0.001421,2.3e-05,-0.001894,-0.001637
16820.339643,9.048,5.292623,-0.001417,2.1e-05,-0.001905,-0.001634
16821.588764,9.048,5.12099,-0.001416,2.3e-05,-0.001911,-0.00163
16824.08987,9.047,5.194243,-0.001419,1.5e-05,-0.001915,-0.001633
16825.355765,9.046,5.20322,-0.001418,1.3e-05,-0.001913,-0.001635
16827.870585999997,9.045,5.116793,-0.001413,1.6e-05,-0.001918,-0.001629
16830.371043,9.044,5.10639,-0.001403,2.1e-05,-0.001911,-0.001619
16831.621503,9.044,5.183034,-0.001398,2.2e-05,-0.001903,-0.001619
16834.136668,9.043,4.539699,-0.001395,2.4e-05,-0.001901,-0.001619
16835.387843999997,9.042,5.231587,-0.001394,2.1e-05,-0.001899,-0.001617
16837.902753,9.041,5.059954,-0.001386,2.4e-05,-0.001903,-0.00161
16839.167905,9.041,5.120565,-0.001385,2.6e-05,-0.001906,-0.001607
16841.698990999997,9.039,4.918854,-0.001387,2e-05,-0.001905,-0.001606
16844.200483,9.038,5.307975,-0.001379,2.6e-05,-0.001904,-0.001599
16845.449225999997,9.038,4.626084,-0.001378,2.8e-05,-0.001903,-0.001598
16847.949344,9.037,5.043328,-0.001375,2.2e-05,-0.001897,-0.001602
16849.19987,9.037,4.659772,-0.001374,2e-05,-0.001898,-0.001601
16851.715385,9.036,5.254164,-0.001375,1.5e-05,-0.001893,-0.001605
16854.246592,9.035,4.853886,-0.001369,1.9e-05,-0.001898,-0.001596
16855.511222,9.034,4.938065,-0.001366,2.1e-05,-0.001895,-0.00159
16858.043251,9.033,5.100983,-0.001363,2.4e-05,-0.001902,-0.001589
16859.307862999998,9.033,4.809709,-0.001359,2e-05,-0.001898,-0.001589
16861.825382,9.032,5.062876,-0.001354,2e-05,-0.001899,-0.001585
16864.33961,9.031,4.753606,-0.001351,2.5e-05,-0.001902,-0.001576
16865.590816,9.03,4.654711,-0.001347,2.2e-05,-0.001895,-0.001575
16868.089219999998,9.029,4.588661,-0.001339,2.3e-05,-0.001892,-0.001573
16869.339987,9.029,4.538436,-0.001338,2.5e-05,-0.001895,-0.001569
16871.870884,9.028,4.829445,-0.001334,2.6e-05,-0.001889,-0.001564
16874.371978,9.027,4.476327,-0.001332,2.6e-05,-0.001892,-0.001563
16875.620226,9.027,4.452289,-0.00133,2.6e-05,-0.001894,-0.001563
16878.121991,9.026,4.373777,-0.001327,2.6e-05,-0.001896,-0.001561
16879.371105,9.025,3.768591,-0.001326,1.9e-05,-0.001896,-0.001564
16881.901988999998,9.024,4.374636,-0.001325,1.8e-05,-0.001891,-0.001563
16883.152759,9.023,4.403895,-0.001322,2.3e-05,-0.001899,-0.001557
16888.199554,9.022,4.179106,-0.001315,2.2e-05,-0.001888,-0.001548
16889.450139,9.021,4.388966,-0.001312,2.2e-05,-0.001894,-0.001546
16891.949335999998,9.02,4.834925,-0.001308,2.2e-05,-0.00189,-0.001546
16893.199706,9.02,4.227166,-0.001306,2.4e-05,-0.001885,-0.001544
16895.713224,9.019,4.560102,-0.001298,2.9e-05,-0.001893,-0.001535
16898.214896999998,9.018,4.246387,-0.001294,3e-05,-0.001886,-0.001535
16899.480139,9.017,4.025455,-0.001293,3e-05,-0.001885,-0.001534
16901.98185,9.016,4.206492,-0.001288,2.6e-05,-0.001885,-0.001532
16903.230525,9.016,4.012807,-0.001287,2.7e-05,-0.001885,-0.00153
16905.730555,9.015,4.240938,-0.001282,2.8e-05,-0.001883,-0.001527
16908.230593,9.014,4.045116,-0.001278,2.8e-05,-0.001882,-0.001522
16909.48043,9.013,3.969543,-0.001276,2.8e-05,-0.001886,-0.001518
16911.996948,9.012,4.981754,-0.001275,2.9e-05,-0.001884,-0.001517
16913.262489,9.012,3.968121,-0.001274,2.7e-05,-0.001884,-0.001518
16915.776460999998,9.011,3.922236,-0.00127,2.8e-05,-0.001882,-0.001513
16918.290096999997,9.01,3.985857,-0.001264,3e-05,-0.001884,-0.001508
16919.542202999997,9.009,3.707421,-0.00126,3.2e-05,-0.001876,-0.001509
16922.044421,9.008,3.668602,-0.001257,3.2e-05,-0.001878,-0.001503
16923.293669,9.008,3.939568,-0.00125,3.5e-05,-0.001881,-0.001501
16925.793087,9.007,3.667531,-0.001248,3.4e-05,-0.001878,-0.0015
16928.261058,9.006,3.408459,-0.001242,3.6e-05,-0.001878,-0.001492
16929.511725999997,9.005,3.820953,-0.001244,3.7e-05,-0.001883,-0.001487
16932.042821,9.004,3.865162,-0.001238,4.1e-05,-0.001881,-0.001483
16933.293536999998,9.004,3.924188,-0.001233,4.4e-05,-0.001879,-0.00148
16935.793718999998,9.003,4.352561,-0.001226,4.5e-05,-0.001881,-0.001476
16938.290297,9.002,3.710111,-0.001219,4.3e-05,-0.001879,-0.001473
16939.544277999998,9.001,3.646193,-0.00122,4.2e-05,-0.001883,-0.001475
16942.059297,9.0,3.634325,-0.001221,3.9e-05,-0.001881,-0.001471
16943.323514,9.0,3.406045,-0.001224,4e-05,-0.001881,-0.001471
16945.823398,8.999,3.869921,-0.001223,3.7e-05,-0.00188,-0.001472
16948.338484,8.998,3.629566,-0.001217,3.7e-05,-0.001879,-0.001467
16949.589312,8.998,3.571469,-0.001214,3.7e-05,-0.001874,-0.00147
16952.08949,8.997,3.537069,-0.001208,3.8e-05,-0.001877,-0.001465
16953.339204,8.996,3.710445,-0.001207,3.8e-05,-0.001883,-0.001461
16955.839987,8.995,3.50501,-0.001207,3.4e-05,-0.001881,-0.00146
16958.339964,8.994,3.255397,-0.001201,3.8e-05,-0.001881,-0.001458
16959.589605999998,8.994,3.36684,-0.0012,3.9e-05,-0.001878,-0.001456
16962.089647,8.993,3.191787,-0.001193,4.1e-05,-0.00188,-0.00145
16963.339922,8.992,3.312647,-0.001191,4.1e-05,-0.00188,-0.001449
16965.85617,8.991,3.181097,-0.001187,4.1e-05,-0.001884,-0.001448
16968.387967,8.991,3.265355,-0.001188,3.7e-05,-0.001879,-0.001449
16969.636838,8.99,3.281568,-0.001187,3.6e-05,-0.00188,-0.001445
16972.168741999998,8.989,3.220775,-0.001185,3.7e-05,-0.001878,-0.001439
16973.432817999997,8.989,3.091693,-0.001185,3.4e-05,-0.001879,-0.001441
16975.949457,8.988,3.064621,-0.00118,3.5e-05,-0.001882,-0.001439
16977.200504,8.988,3.22963,-0.001178,3.5e-05,-0.001874,-0.001439
16979.714967,8.987,3.155839,-0.001177,3.7e-05,-0.001876,-0.001436
16982.215201,8.986,2.973312,-0.001168,4e-05,-0.001871,-0.001432
16983.480489999998,8.985,3.076372,-0.001164,4.4e-05,-0.001874,-0.001427
16985.995499,8.984,3.152173,-0.001157,4.2e-05,-0.001875,-0.001427
16987.261968,8.984,3.424014,-0.001156,4.4e-05,-0.00188,-0.001422
16989.792488,8.983,2.939677,-0.001156,4e-05,-0.001875,-0.001425
16992.325524,8.982,3.039734,-0.001148,4e-05,-0.001872,-0.001423
16993.574581,8.981,2.999753,-0.00115,3.6e-05,-0.00187,-0.001425
16996.088818,8.98,2.882183,-0.001155,3.6e-05,-0.001871,-0.001427
16997.340159,8.979,2.996931,-0.001155,3.4e-05,-0.001876,-0.001425
16999.867035,8.979,3.008067,-0.001154,3.4e-05,-0.001875,-0.001422
17002.371946,8.977,2.737377,-0.00115,3.5e-05,-0.001884,-0.001419
17003.620788,8.977,2.897802,-0.001151,3.1e-05,-0.001886,-0.001423
17006.152843,8.976,2.819093,-0.001155,2.3e-05,-0.001878,-0.001427
17007.416944,8.975,2.823067,-0.001156,1.8e-05,-0.001882,-0.00143
17009.933848,8.974,2.54382,-0.00115,2e-05,-0.001883,-0.001425
17011.198819999998,8.974,2.827683,-0.001149,1.6e-05,-0.001883,-0.001428
17013.714077,8.973,3.436795,-0.001151,1e-05,-0.001882,-0.001433
17016.215466999998,8.972,2.615801,-0.001149,1e-05,-0.001882,-0.001431
17017.482203,8.971,2.674828,-0.00115,6e-06,-0.001881,-0.001434
17019.980874,8.97,2.599843,-0.001144,8e-06,-0.001882,-0.001432
17021.245196,8.97,2.599647,-0.001143,8e-06,-0.001876,-0.001432
17023.760776,8.969,2.86491,-0.001135,1.1e-05,-0.001886,-0.001422
17026.262441,8.968,3.046562,-0.001137,1.3e-05,-0.001889,-0.00142
17027.527347,8.967,2.608257,-0.001139,1e-05,-0.00189,-0.001422
17030.042816999998,8.966,2.779293,-0.00114,3e-06,-0.001891,-0.001427
17031.292481,8.966,2.514195,-0.00114,-1e-06,-0.001894,-0.001427
17033.792854,8.965,2.515813,-0.001134,-0.0,-0.001892,-0.001425
17036.307915999998,8.964,2.402711,-0.001127,0.0,-0.00189,-0.001423
17037.557569999997,8.963,2.355053,-0.001125,-0.0,-0.001892,-0.001421
17040.074071,8.962,2.430059,-0.001123,3e-06,-0.001894,-0.001415
17041.325225,8.962,2.387564,-0.001118,7e-06,-0.001892,-0.001409
17043.838979,8.961,2.434839,-0.001132,-7e-06,-0.001893,-0.001423
17046.340784,8.96,2.448336,-0.00113,-1.4e-05,-0.00189,-0.001427
17047.606859,8.959,2.13009,-0.001124,-1.1e-05,-0.001889,-0.001422
17050.105428,8.958,2.192389,-0.001118,-6e-06,-0.001895,-0.001415
17051.355070999998,8.958,2.066564,-0.001116,-5e-06,-0.001894,-0.001414
17053.853533999998,8.957,2.036133,-0.00112,-1.3e-05,-0.001897,-0.001416
17056.370789,8.956,2.253012,-0.001113,-1e-05,-0.001898,-0.00141
17057.621745,8.955,2.254795,-0.001106,-5e-06,-0.001895,-0.001409
17060.120406,8.954,2.542674,-0.001107,-9e-06,-0.001901,-0.001409
17061.371963999998,8.953,2.12836,-0.00111,-4e-06,-0.001906,-0.001408
17063.870794,8.952,2.110317,-0.001106,-7e-06,-0.001906,-0.001402
17065.136079,8.952,2.169667,-0.001106,-9e-06,-0.00191,-0.001401
17067.666918,8.951,2.470586,-0.001105,-1.1e-05,-0.001904,-0.001407
17070.199297,8.95,2.062978,-0.001099,-4e-06,-0.001906,-0.001398
17071.449092,8.949,2.047948,-0.001107,-1.9e-05,-0.001898,-0.001412
17073.965457,8.948,2.11949,-0.001118,-3.8e-05,-0.00191,-0.001426
17075.229331,8.948,2.111224,-0.001114,-3.6e-05,-0.001905,-0.001422
17077.730278,8.946,1.976083,-0.001115,-4.3e-05,-0.0019,-0.001429
17080.214608,8.945,2.103691,-0.001112,-4.1e-05,-0.001911,-0.001423
17081.480043,8.945,2.094056,-0.001104,-2.9e-05,-0.001912,-0.001413
17083.979962999998,8.944,2.044346,-0.001092,-2.5e-05,-0.001911,-0.001402
17085.230724999998,8.944,1.930214,-0.001088,-2.5e-05,-0.001903,-0.001402
17087.761971,8.942,1.799811,-0.001084,-2.5e-05,-0.001901,-0.001405
17090.293767,8.941,1.200371,-0.0011,-3.9e-05,-0.001906,-0.001414
17091.55907,8.941,1.766446,-0.001093,-3.5e-05,-0.001903,-0.001408
17094.073693,8.94,1.909057,-0.001097,-3.9e-05,-0.001908,-0.00141
17095.324868,8.94,1.833637,-0.001101,-4.3e-05,-0.001912,-0.001413
17097.839271999997,8.938,1.83403,-0.001094,-4.2e-05,-0.001907,-0.001414
17100.354296999998,8.937,1.740339,-0.001099,-4.9e-05,-0.001913,-0.00142
17101.605790999998,8.937,1.717224,-0.001094,-4.5e-05,-0.001912,-0.001413
17104.121461,8.937,1.765396,-0.001079,-3.5e-05,-0.0019,-0.001404
17105.371552999997,8.937,1.64537,-0.001082,-2.8e-05,-0.001909,-0.001399
17107.886749999998,8.937,1.780293,-0.001088,-2e-05,-0.001917,-0.001392
17109.151658,8.937,1.832407,-0.001096,-2.7e-05,-0.00192,-0.001402
17111.666994,8.937,1.772526,-0.001111,-5e-05,-0.001925,-0.001422
17114.199207999998,8.937,1.829457,-0.001103,-4.3e-05,-0.001919,-0.001421
17115.450064999997,8.937,2.68878,-0.001105,-4e-05,-0.001914,-0.001417
17117.98132,8.937,1.918065,-0.001111,-4.7e-05,-0.001907,-0.001428
17119.245748,8.937,1.923132,-0.001115,-4.9e-05,-0.001906,-0.001429
17121.746968,8.937,1.834497,-0.001124,-5.3e-05,-0.001911,-0.001435
17124.245741,8.938,2.201933,-0.001126,-4.7e-05,-0.001914,-0.001432
17125.495563999997,8.939,1.972879,-0.001117,-4e-05,-0.001911,-0.001429
17128.011424,8.94,1.780468,-0.001112,-4.1e-05,-0.001915,-0.001433
17129.260888999997,8.94,1.57402,-0.00112,-3.9e-05,-0.00192,-0.001434
17131.776517,8.941,1.959605,-0.001124,-3.9e-05,-0.001921,-0.001435
17134.294131,8.942,1.995225,-0.001114,-3.3e-05,-0.001921,-0.001431
17135.558947999998,8.942,2.181222,-0.001115,-3.4e-05,-0.001915,-0.001433
17138.089797,8.943,2.186675,-0.001122,-3.4e-05,-0.001914,-0.00144
17139.356254,8.944,2.216719,-0.001132,-4.1e-05,-0.001913,-0.001446
17141.886997999998,8.945,2.217212,-0.00114,-4.3e-05,-0.001911,-0.00145
17143.152287999997,8.945,3.002491,-0.001141,-4.3e-05,-0.001914,-0.001455
17145.667797,8.946,2.124365,-0.001151,-4.4e-05,-0.001922,-0.001452
17148.184565,8.947,1.015149,-0.001148,-3e-05,-0.001918,-0.001444
17149.448454999998,8.948,2.335626,-0.001144,-2.6e-05,-0.00192,-0.001441
17151.965191,8.949,2.445752,-0.001141,-2e-05,-0.00192,-0.001437
17153.230388,8.949,2.309296,-0.00114,-1.8e-05,-0.001916,-0.001434
17155.762214,8.95,2.316861,-0.001146,-2.2e-05,-0.001915,-0.001438
17158.294025,8.951,1.405923,-0.001156,-2.6e-05,-0.001917,-0.001451
17159.543081,8.952,2.520068,-0.001165,-2.9e-05,-0.001917,-0.001456
17162.05965,8.953,2.810679,-0.001161,-3.3e-05,-0.00192,-0.001461
17163.32402,8.953,2.530175,-0.001154,-2.8e-05,-0.001922,-0.001456
17165.839819,8.954,2.645092,-0.001155,-2e-05,-0.001916,-0.001448
17169.620050999998,8.955,2.637548,-0.001154,-4e-06,-0.00191,-0.001443
17172.120092999998,8.957,2.894529,-0.00116,-5e-06,-0.001914,-0.00145
17173.370519999997,8.957,2.767293,-0.001156,-1.5e-05,-0.001908,-0.001462
17175.872569,8.958,2.669947,-0.001168,-1.9e-05,-0.001907,-0.001465
17178.369747999997,8.959,3.591034,-0.001176,-3.4e-05,-0.001895,-0.001481
17179.622471,8.96,2.858124,-0.001186,-3.5e-05,-0.0019,-0.001482
17182.135087,8.961,2.824621,-0.001181,-2.5e-05,-0.001908,-0.001472
17183.386175,8.961,3.08573,-0.001186,-3.2e-05,-0.001903,-0.001482
17185.901781,8.962,2.786461,-0.001182,-2.6e-05,-0.001902,-0.001478
17187.168693,8.963,2.854432,-0.001184,-2.2e-05,-0.001905,-0.001476
17189.684568999997,8.964,2.974882,-0.001184,-1.6e-05,-0.001901,-0.001473
17192.199129,8.965,2.897988,-0.001185,-1.5e-05,-0.0019,-0.001475
17193.464471,8.965,2.965046,-0.001186,-1.8e-05,-0.001897,-0.001479
17195.98019,8.966,2.951332,-0.00119,-1.3e-05,-0.001904,-0.001479
17197.230487,8.966,2.974394,-0.001195,-1.7e-05,-0.001911,-0.001483
17199.730311,8.967,3.088924,-0.001206,-2.6e-05,-0.001907,-0.001493
17202.230537,8.968,3.099587,-0.00121,-2.7e-05,-0.001908,-0.001497
17203.496105,8.968,3.05053,-0.001209,-2.9e-05,-0.001905,-0.001498
17206.011702,8.97,3.119907,-0.001214,-2.4e-05,-0.001912,-0.001498
17207.277708999998,8.97,3.211263,-0.001213,-2.5e-05,-0.001906,-0.0015
17209.793692,8.971,3.074276,-0.001218,-2.2e-05,-0.001916,-0.001499
17212.293407999998,8.972,3.077226,-0.001218,-2.3e-05,-0.001904,-0.001506
17213.544155,8.973,2.996995,-0.001222,-2e-05,-0.001907,-0.001502
17216.073532,8.974,3.120984,-0.001219,-1.7e-05,-0.001899,-0.0015
17217.324814,8.974,3.181453,-0.001219,-1.8e-05,-0.001906,-0.001502
17219.839565,8.975,3.121015,-0.001222,-1.4e-05,-0.001914,-0.001503
17222.340349,8.976,3.526262,-0.001228,-1.8e-05,-0.001913,-0.001509
17223.605033,8.977,3.291282,-0.001232,-2.2e-05,-0.001915,-0.001512
17226.105045,8.978,3.33748,-0.001234,-1.5e-05,-0.001913,-0.001512
17227.355503,8.978,3.623094,-0.001234,-1.6e-05,-0.001912,-0.001511
17229.855797,8.979,3.389079,-0.001236,-1.4e-05,-0.001913,-0.001513
17232.371224,8.98,3.289033,-0.001236,-1.2e-05,-0.001909,-0.001513
17233.621912,8.981,3.431283,-0.001235,-1.1e-05,-0.001909,-0.001517
17236.135852,8.982,3.308042,-0.001244,-1.3e-05,-0.001915,-0.00152
17237.386512999998,8.982,3.850525,-0.001244,-1.2e-05,-0.001908,-0.00152
17239.887142,8.983,3.55776,-0.001241,-7e-06,-0.001902,-0.00152
17242.387052,8.984,3.510187,-0.001242,-5e-06,-0.001901,-0.001519
17243.652481999998,8.985,3.844153,-0.001247,-5e-06,-0.001901,-0.001523
17246.184015,8.986,3.443188,-0.001251,-5e-06,-0.001899,-0.001524
17247.449919,8.987,3.671043,-0.001251,-2e-06,-0.001904,-0.001524
17249.965454999998,8.988,3.907509,-0.001254,-2e-06,-0.001901,-0.001525
17251.230656,8.988,3.56193,-0.001256,-2e-06,-0.001901,-0.001526
17253.730666,8.989,3.72748,-0.001257,-1e-06,-0.001903,-0.001529
17256.231208999998,8.99,3.632389,-0.001261,0.0,-0.0019,-0.001529
17257.495989,8.99,3.868722,-0.00126,3e-06,-0.001896,-0.001531
17260.026807,8.991,3.914708,-0.001264,3e-06,-0.001899,-0.00153
17261.292116999997,8.992,3.936375,-0.001262,5e-06,-0.001894,-0.001529
17263.809130999998,8.993,3.791796,-0.001263,8e-06,-0.001893,-0.001528
17266.325805,8.994,3.973655,-0.001265,1.5e-05,-0.001894,-0.001526
17267.573524,8.995,3.766023,-0.001266,1.3e-05,-0.001893,-0.001529
17270.074525,8.996,3.744484,-0.001267,1.4e-05,-0.001895,-0.001529
17271.324876,8.996,4.370424,-0.001271,1.4e-05,-0.001893,-0.001532
17273.839272999998,8.997,4.153216,-0.001275,1.8e-05,-0.001893,-0.001533
17276.340663,8.998,4.406892,-0.001273,1.9e-05,-0.001895,-0.001533
17277.605884999997,8.998,3.991613,-0.001271,2.1e-05,-0.001891,-0.001535
17280.12089,9.0,3.90127,-0.001273,2.3e-05,-0.001889,-0.001539
17281.386037999997,9.0,4.1717,-0.001277,2.2e-05,-0.001891,-0.001538
17283.886727999998,9.001,4.030511,-0.001278,2.3e-05,-0.001887,-0.001539
17286.386918,9.002,4.449552,-0.001284,1.9e-05,-0.001893,-0.001544
17287.652016,9.003,4.146235,-0.001291,1.4e-05,-0.001896,-0.001549
17290.167028,9.004,4.479383,-0.001295,1.7e-05,-0.001894,-0.00155
17291.434269999998,9.004,4.2659,-0.001294,1.9e-05,-0.001891,-0.001554
17293.949784999997,9.005,4.183536,-0.001296,2.1e-05,-0.00189,-0.001554
17295.199134,9.005,3.922119,-0.001297,2.4e-05,-0.001886,-0.001553
17297.714433999998,9.006,4.354667,-0.001299,2.2e-05,-0.001884,-0.001557
17300.229758999998,9.007,4.528319,-0.001304,2.7e-05,-0.00189,-0.001553
17301.479333,9.008,4.32951,-0.001303,3e-05,-0.001888,-0.001552
17303.98048,9.009,4.189764,-0.001304,3.5e-05,-0.001887,-0.001556
17305.230786,9.01,4.087033,-0.001305,3.3e-05,-0.001885,-0.001559
17307.746358999997,9.011,4.351659,-0.001309,3.2e-05,-0.001892,-0.001562
17310.247152,9.012,5.058345,-0.001311,3.6e-05,-0.001888,-0.001561
17311.511531,9.012,4.377825,-0.001309,3.5e-05,-0.001881,-0.001562
17314.011158,9.013,4.982151,-0.001314,3.3e-05,-0.001878,-0.001566
17315.262134999997,9.013,4.425333,-0.001315,3.3e-05,-0.001883,-0.001564
17317.777059,9.015,4.656207,-0.001315,3.5e-05,-0.001881,-0.001564
17320.292523,9.016,4.943354,-0.001311,4.3e-05,-0.001879,-0.001564
17321.543647,9.016,4.632779,-0.001315,4.3e-05,-0.001882,-0.001563
17324.043867,9.017,5.225832,-0.001322,4.3e-05,-0.001882,-0.001568
17325.309228,9.018,4.721207,-0.001322,4.1e-05,-0.001878,-0.001571
17327.839304999998,9.019,4.994216,-0.001328,4.4e-05,-0.001885,-0.001573
17330.340127,9.02,4.809561,-0.001333,4.3e-05,-0.001883,-0.001577
17331.590248,9.02,4.659422,-0.001336,4.2e-05,-0.001879,-0.001581
17334.088734999998,9.021,5.058786,-0.001338,4.5e-05,-0.00188,-0.001581
17335.356297,9.022,4.661629,-0.00134,4.3e-05,-0.001883,-0.001581
17337.870887999998,9.023,4.758668,-0.00134,4.6e-05,-0.001879,-0.001581
17340.402039,9.024,4.937715,-0.001343,4.6e-05,-0.001876,-0.001585
17341.669223999997,9.024,5.318812,-0.001345,4.8e-05,-0.001878,-0.001584
17344.183778,9.025,4.774037,-0.001348,4.8e-05,-0.001874,-0.001586
17345.449405,9.026,5.191375,-0.001348,5.1e-05,-0.001879,-0.001583
17347.949109999998,9.026,4.88107,-0.001347,5.6e-05,-0.001879,-0.001583
17349.198806,9.027,5.023673,-0.001348,5.7e-05,-0.001875,-0.001585
17351.700008,9.028,5.13326,-0.001352,5.8e-05,-0.001881,-0.001587
17354.200011,9.029,5.165346,-0.001356,6e-05,-0.001881,-0.001589
17355.450094,9.029,5.135226,-0.001358,5.9e-05,-0.001883,-0.001589
17357.980373,9.03,5.171189,-0.00136,5.9e-05,-0.001877,-0.001591
17359.230785,9.03,5.31265,-0.001364,5.9e-05,-0.001875,-0.001592
17361.746418,9.031,5.235464,-0.00137,5.6e-05,-0.001879,-0.001595
17364.261371,9.032,5.355089,-0.001373,5.7e-05,-0.001873,-0.001603
17365.511996,9.033,5.158759,-0.001376,5.6e-05,-0.001873,-0.001607
17368.044015,9.034,5.382769,-0.001379,6.2e-05,-0.001876,-0.001604
17369.309243,9.034,5.313181,-0.00138,6.2e-05,-0.001872,-0.001606
17371.824578,9.035,5.468346,-0.001378,6.4e-05,-0.001873,-0.001604
17374.339571999997,9.036,5.197059,-0.00138,6.6e-05,-0.001871,-0.001604
17375.589504,9.036,5.471959,-0.001383,6.3e-05,-0.001872,-0.001609
17378.105443,9.037,5.343035,-0.001386,6.4e-05,-0.00188,-0.001611
17379.355059999998,9.038,5.51403,-0.001383,7.1e-05,-0.001874,-0.001611
17381.87046,9.039,5.53225,-0.001386,7.9e-05,-0.00187,-0.001612
17384.369974999998,9.04,6.062023,-0.001389,7.7e-05,-0.001869,-0.001611
17385.636454,9.04,5.74383,-0.001394,7.4e-05,-0.001872,-0.001614
17388.151856999997,9.041,5.448161,-0.001397,7.1e-05,-0.001871,-0.001622
17389.419511,9.042,5.615066,-0.001397,7.3e-05,-0.001874,-0.001615
17391.934512,9.043,5.953763,-0.001408,7.5e-05,-0.001875,-0.001625
17393.199392,9.043,5.821652,-0.001407,7.7e-05,-0.001878,-0.001625
17395.714891,9.044,5.689966,-0.001404,7.9e-05,-0.001876,-0.001625
17398.230751,9.045,5.820005,-0.001411,7.4e-05,-0.001875,-0.001634
17399.495744,9.045,5.631746,-0.001416,7.2e-05,-0.00188,-0.001634
17402.011647,9.046,5.843272,-0.00143,6.4e-05,-0.001879,-0.001644
17403.262004,9.047,5.755197,-0.001431,6.6e-05,-0.001881,-0.001645
17405.792503999997,9.047,5.834879,-0.001438,6.2e-05,-0.001883,-0.001649
17408.294018,9.049,5.606141,-0.001442,6.2e-05,-0.00189,-0.001652
17409.5595,9.05,5.994612,-0.001445,6.5e-05,-0.00189,-0.001656
17412.075257999997,9.051,6.109459,-0.00145,5.9e-05,-0.001888,-0.00166
17413.339412,9.051,5.777137,-0.001452,5.5e-05,-0.001889,-0.001662
17415.855525,9.052,6.133045,-0.001456,5.2e-05,-0.001886,-0.001671
17418.369712,9.053,5.753923,-0.001456,5.5e-05,-0.00188,-0.001671
17419.621215,9.053,6.309195,-0.001455,6.1e-05,-0.001885,-0.001669
17422.121089,9.054,6.072169,-0.001458,6.4e-05,-0.001888,-0.001674
17423.371742,9.055,6.627918,-0.001464,5.6e-05,-0.00189,-0.001681
17425.870901,9.056,6.090123,-0.001475,4.9e-05,-0.001889,-0.001686
17428.371486,9.056,6.462554,-0.001477,5.2e-05,-0.001883,-0.001686
17429.621154,9.057,6.12497,-0.001476,6e-05,-0.001885,-0.001682
17432.136431,9.058,6.475462,-0.00149,4.2e-05,-0.001886,-0.001696
17433.387537,9.058,6.117002,-0.001492,4.3e-05,-0.001889,-0.0017
17435.917733,9.059,6.268503,-0.001492,4.8e-05,-0.001893,-0.001697
17437.183739,9.06,6.319818,-0.001491,4.9e-05,-0.001889,-0.001695
17439.699118999997,9.061,6.706802,-0.001505,3.8e-05,-0.001893,-0.001714
17442.215361,9.061,6.298836,-0.001504,5e-05,-0.001891,-0.001705
17443.480457999998,9.062,6.588078,-0.001498,5.3e-05,-0.001892,-0.001705
17445.980540999997,9.063,6.671318,-0.0015,5.8e-05,-0.001896,-0.001704
17447.231364,9.063,6.678595,-0.001506,5.5e-05,-0.001901,-0.00171
17449.745444,9.064,6.465582,-0.001521,3.9e-05,-0.001894,-0.001724
17452.246337999997,9.065,6.665528,-0.001529,3.7e-05,-0.001893,-0.001729
17453.497741,9.066,7.201143,-0.001529,3.9e-05,-0.001894,-0.001729
17455.996753,9.067,6.960029,-0.001534,3.8e-05,-0.001892,-0.001732
17457.260872,9.067,6.986855,-0.001531,4.4e-05,-0.001897,-0.001728
17459.760842,9.068,6.927891,-0.001535,4.9e-05,-0.001895,-0.001727
17462.293620999997,9.069,6.8957,-0.001544,3.5e-05,-0.001906,-0.001743
17463.543741999998,9.07,6.96396,-0.001554,2.8e-05,-0.001902,-0.00175
17466.059124,9.071,6.560667,-0.001555,2.9e-05,-0.001905,-0.001744
17467.323914,9.071,6.79801,-0.001555,3.5e-05,-0.001901,-0.001747
17469.854884,9.072,7.162631,-0.001565,3.1e-05,-0.001905,-0.001757
17472.354251999997,9.073,6.989883,-0.00156,4e-05,-0.001905,-0.00175
17473.60546,9.074,6.935168,-0.001561,4.1e-05,-0.001903,-0.001754
17476.104872,9.075,7.020002,-0.001564,4.2e-05,-0.001903,-0.001752
17477.355873,9.075,7.653837,-0.001563,4.8e-05,-0.001905,-0.001746
17479.870974999998,9.076,6.771025,-0.001566,3.9e-05,-0.001895,-0.001761
17482.370429,9.077,7.125659,-0.001566,4.8e-05,-0.0019,-0.001753
17483.622118,9.078,7.185526,-0.001576,4.2e-05,-0.001898,-0.001762
17486.137198999997,9.078,7.046244,-0.001593,3.3e-05,-0.00192,-0.001774
17487.401955,9.079,6.834345,-0.001602,2.5e-05,-0.001917,-0.001786
17489.919012,9.08,6.996417,-0.001608,1.8e-05,-0.001927,-0.001789
17491.167487,9.08,7.242736,-0.001608,1.5e-05,-0.00192,-0.001794
17493.698869,9.081,6.497825,-0.001612,2.1e-05,-0.001912,-0.001789
17496.21371,9.082,7.156363,-0.001609,3.1e-05,-0.001911,-0.001785
17497.465228,9.083,7.223719,-0.001608,3.4e-05,-0.001904,-0.001791
17499.965454999998,9.084,6.830361,-0.001618,1.8e-05,-0.001912,-0.001804
17501.230732,9.084,7.253627,-0.001619,2.1e-05,-0.001914,-0.001804
17503.72972,9.085,7.004703,-0.001623,2.3e-05,-0.001913,-0.001802
17506.245508,9.086,7.424888,-0.001617,3.9e-05,-0.001904,-0.00179
17507.495286999998,9.087,7.486508,-0.001619,3.5e-05,-0.001906,-0.001799
17510.011075,9.087,7.053308,-0.001638,2.1e-05,-0.001918,-0.001815
17511.261431,9.088,7.507331,-0.001645,1.8e-05,-0.001916,-0.001815
17513.761995,9.089,7.738246,-0.001643,2.3e-05,-0.001919,-0.001816
17516.29241,9.09,7.606029,-0.001654,1.3e-05,-0.001922,-0.001828
17517.540766,9.09,7.412351,-0.001649,2e-05,-0.001916,-0.001824
17520.043993,9.091,7.222764,-0.001642,3.3e-05,-0.001915,-0.001818
17521.30775,9.092,8.232693,-0.001643,3.3e-05,-0.00191,-0.00182
17523.807828999998,9.093,7.657928,-0.001642,4.5e-05,-0.00191,-0.001815
17526.325224,9.094,7.576494,-0.001644,4.2e-05,-0.001913,-0.001819
17527.589226,9.094,8.238005,-0.001656,3.8e-05,-0.001918,-0.001824
17530.090008,9.095,7.498832,-0.001666,2.4e-05,-0.001921,-0.001838
17531.354513,9.095,7.966028,-0.001668,2.6e-05,-0.001915,-0.001839
17533.870961,9.096,7.726932,-0.001662,3e-05,-0.001906,-0.001836
17536.386379,9.097,7.572085,-0.001672,2.6e-05,-0.001912,-0.001843
17537.65285,9.098,7.686188,-0.001677,2.4e-05,-0.001909,-0.00185
17540.183627,9.099,7.997369,-0.001676,3.1e-05,-0.001921,-0.001843
17541.449546,9.099,8.304884,-0.001668,3.8e-05,-0.001918,-0.001839
17543.980584999998,9.1,7.812509,-0.001667,5.2e-05,-0.001924,-0.001831
17545.2309,9.101,8.218085,-0.001672,5.2e-05,-0.001919,-0.001836
17547.746908,9.101,8.058193,-0.001667,5.8e-05,-0.001918,-0.001828
17550.246494,9.102,9.030089,-0.001671,6.3e-05,-0.00192,-0.001825
17551.51285,9.103,8.319812,-0.001675,5.9e-05,-0.001922,-0.00183
17554.026998,9.103,7.946427,-0.001682,5.2e-05,-0.00192,-0.001834
17555.294341,9.103,8.074713,-0.001682,5e-05,-0.001922,-0.001839
17557.808865,9.103,8.033917,-0.00169,4.5e-05,-0.001921,-0.001843
17560.325363,9.103,8.366717,-0.00169,5.1e-05,-0.001923,-0.001837
17561.589384,9.103,8.207621,-0.001689,5.1e-05,-0.00192,-0.001839
17564.105297,9.103,7.876095,-0.00169,5.2e-05,-0.00192,-0.001841
17565.355847,9.103,8.996304,-0.001684,5.4e-05,-0.001921,-0.001837
17567.870908999997,9.103,8.451179,-0.001672,5.5e-05,-0.001913,-0.001839
17570.38698,9.103,8.185257,-0.001672,5.4e-05,-0.001906,-0.001841
17571.652014,9.103,7.987011,-0.001671,5.5e-05,-0.001909,-0.001839
17574.168776,9.103,8.021061,-0.001681,5e-05,-0.001913,-0.00184
17575.417833,9.103,7.65065,-0.001686,4.8e-05,-0.001915,-0.001842
17577.932878,9.103,8.532613,-0.001682,4.7e-05,-0.00192,-0.001844
17579.19885,9.103,8.213198,-0.001682,4.2e-05,-0.001915,-0.001848
17581.700114,9.103,8.28677,-0.00169,3.1e-05,-0.001909,-0.001855
17584.198478,9.103,8.66637,-0.001688,3.6e-05,-0.001908,-0.001847
17585.449213,9.103,7.856227,-0.001685,4.2e-05,-0.00191,-0.001839
17587.949552,9.103,8.321245,-0.001682,4.5e-05,-0.001909,-0.001842
17589.199698999997,9.103,8.656702,-0.001687,3.7e-05,-0.001909,-0.001849
17591.69971,9.103,8.148072,-0.001693,3e-05,-0.00191,-0.001858
17594.230357,9.103,7.748924,-0.001689,3.9e-05,-0.00192,-0.001847
17595.479604,9.103,8.014952,-0.001684,4e-05,-0.001916,-0.001847
17597.980534,9.103,7.940371,-0.001679,4.7e-05,-0.001909,-0.001846
17599.230402,9.103,8.380635,-0.001679,4.6e-05,-0.001913,-0.001842
17601.743543999997,9.103,8.807937,-0.001683,4.1e-05,-0.001909,-0.001843
17604.260745,9.103,8.294685,-0.001681,4.4e-05,-0.001915,-0.001842
17605.527826999998,9.103,8.525176,-0.001677,4.8e-05,-0.001917,-0.001839
17608.043505999998,9.103,7.718538,-0.001672,5.2e-05,-0.00191,-0.00184
17609.294166,9.103,8.323636,-0.00167,5.4e-05,-0.001907,-0.001841
17611.809338,9.103,8.467327,-0.001676,5.1e-05,-0.001909,-0.001844
17614.323841999998,9.103,8.275137,-0.001685,3.9e-05,-0.001917,-0.001853
17615.574872999998,9.103,7.920344,-0.001685,3.9e-05,-0.001916,-0.001852
17618.090836,9.103,7.659468,-0.00168,4.3e-05,-0.001917,-0.001846
17619.339436,9.103,8.205177,-0.001679,4.3e-05,-0.001913,-0.001845
17621.853144,9.103,7.975058,-0.001681,4.1e-05,-0.001914,-0.00185
17624.355428,9.103,8.053306,-0.00168,4.3e-05,-0.001913,-0.001843
17625.605809,9.103,8.146054,-0.001677,4.8e-05,-0.001915,-0.001839
17628.121801999998,9.103,8.384671,-0.001675,4.7e-05,-0.001913,-0.001839
17629.370367,9.103,8.199122,-0.001677,4.6e-05,-0.001913,-0.001842
17631.886674999998,9.103,8.218298,-0.001675,4.4e-05,-0.001904,-0.001845
17634.386087,9.103,8.176811,-0.001672,4.4e-05,-0.001906,-0.001843
17635.636243,9.103,7.990038,-0.001673,4.5e-05,-0.00191,-0.001842
17638.152095999998,9.103,8.278855,-0.001675,4.4e-05,-0.001915,-0.001843
17639.418225999998,9.103,8.677951,-0.001675,4.4e-05,-0.001905,-0.001848
17641.949793,9.103,8.250011,-0.001674,4.8e-05,-0.001906,-0.001842
17643.214597,9.103,8.296544,-0.001671,4.9e-05,-0.001909,-0.001842
17645.745155999997,9.103,8.293092,-0.001673,4.7e-05,-0.001902,-0.001841
17648.262201999998,9.103,8.251764,-0.001674,4.8e-05,-0.001907,-0.001842
17649.526823,9.103,8.183132,-0.001672,5.1e-05,-0.00191,-0.001836
17652.042089,9.103,8.01729,-0.001668,5.4e-05,-0.001903,-0.001837
17653.292491,9.103,8.251551,-0.001665,5.7e-05,-0.001908,-0.001833
17655.809207,9.103,7.642629,-0.001667,5.6e-05,-0.001905,-0.001833
17658.322325999998,9.103,8.290755,-0.001668,5.3e-05,-0.001901,-0.001835
17659.575339,9.103,8.194446,-0.001667,5.5e-05,-0.001903,-0.001837
17662.105341,9.103,7.924541,-0.00166,6e-05,-0.001902,-0.001831
17663.356021,9.103,8.538775,-0.001661,5.7e-05,-0.0019,-0.001835
17665.870952999998,9.103,8.212242,-0.00166,6e-05,-0.001905,-0.001832
17668.37143,9.103,7.733252,-0.001661,5.9e-05,-0.001899,-0.001832
17669.636875999997,9.103,8.253251,-0.001662,5.8e-05,-0.0019,-0.001834
17672.136973,9.103,8.047303,-0.001663,5.7e-05,-0.001893,-0.001837
17673.401836999998,9.103,8.892292,-0.001662,5.8e-05,-0.001899,-0.001835
17675.934201999997,9.103,8.660315,-0.001662,5.7e-05,-0.001899,-0.001835
17677.199033999997,9.103,7.929906,-0.00166,5.9e-05,-0.001897,-0.001833
17679.715012,9.103,8.48507,-0.001654,6.5e-05,-0.001897,-0.001827
17682.230832999998,9.103,7.860583,-0.001649,7e-05,-0.001899,-0.001827
17683.495786,9.103,8.015749,-0.00165,6.9e-05,-0.001893,-0.001829
17686.01171,9.103,8.302972,-0.001653,7.1e-05,-0.001896,-0.001823
17687.278205,9.103,8.168524,-0.001652,7.4e-05,-0.001893,-0.001821
17689.808957,9.103,8.384194,-0.001649,7.5e-05,-0.001896,-0.001818
17692.32492,9.103,7.900796,-0.001647,7.9e-05,-0.001897,-0.001823
17693.588943,9.103,8.248524,-0.001649,7.1e-05,-0.001894,-0.001828
17696.105161,9.103,7.992801,-0.001653,6.8e-05,-0.001898,-0.001824
17697.355475999997,9.103,8.372135,-0.001651,7.2e-05,-0.001893,-0.001822
17699.855332,9.103,8.338776,-0.001646,7.4e-05,-0.001891,-0.001821
17702.370910999998,9.103,7.779308,-0.001647,7.5e-05,-0.001887,-0.001818
17703.636392,9.103,8.531073,-0.001646,7.7e-05,-0.001894,-0.001816
17706.151961,9.103,7.774475,-0.001645,7.9e-05,-0.001893,-0.001817
17707.417762999998,9.103,9.0839,-0.001645,7.9e-05,-0.001896,-0.001816
17709.933577,9.103,7.994448,-0.001643,8e-05,-0.00189,-0.001817
17711.183951,9.103,7.730809,-0.001644,7.8e-05,-0.001885,-0.00182
17713.699775999998,9.103,8.000609,-0.00164,7.9e-05,-0.001888,-0.001819
17716.214135,9.103,8.02462,-0.001639,8e-05,-0.00189,-0.001817
17717.465614,9.103,8.21033,-0.001636,7.9e-05,-0.001886,-0.001817
17719.980241999998,9.103,8.114128,-0.00164,8.1e-05,-0.001884,-0.001815
17721.230894,9.103,8.152375,-0.001639,8.2e-05,-0.001892,-0.001815
17723.746946,9.103,8.513117,-0.001635,8.4e-05,-0.001886,-0.001813
17726.245802999998,9.103,7.096443,-0.001635,8.6e-05,-0.001888,-0.001804
17727.496032,9.103,8.374313,-0.001634,8.8e-05,-0.001886,-0.001804
17730.010780999997,9.103,7.934528,-0.001635,8.8e-05,-0.001883,-0.001811
17731.26181,9.103,8.072163,-0.001635,8.9e-05,-0.001888,-0.001811
17733.777287999997,9.103,8.37272,-0.001634,9.2e-05,-0.001886,-0.001806
17736.293819,9.103,8.031367,-0.001627,9.5e-05,-0.001886,-0.001801
17737.558216999998,9.103,8.308709,-0.001628,9.5e-05,-0.001885,-0.001802
17740.057238,9.103,8.089428,-0.001627,9.2e-05,-0.001883,-0.001804
17741.308166,9.103,7.979574,-0.001629,9.4e-05,-0.001881,-0.001803
17743.807687,9.103,8.272799,-0.00163,9.2e-05,-0.001877,-0.001808
17746.323808999998,9.103,7.923798,-0.001628,9e-05,-0.001874,-0.001805
17747.573718,9.103,8.593649,-0.001628,9e-05,-0.001878,-0.001804
17750.089670999998,9.103,8.585362,-0.001627,9.2e-05,-0.001881,-0.001804
17751.340894,9.103,8.076572,-0.001629,9e-05,-0.001878,-0.001805
17753.855104,9.103,8.002894,-0.001627,9.3e-05,-0.001875,-0.001803
17756.35518,9.103,8.60406,-0.001623,9.5e-05,-0.001876,-0.0018
17757.621451,9.103,7.915351,-0.001625,9.7e-05,-0.001881,-0.001799
17760.152168,9.103,8.285124,-0.001625,9.5e-05,-0.001876,-0.0018
17761.418470999997,9.103,8.510674,-0.001626,9.9e-05,-0.00188,-0.001799
17763.949137,9.103,7.982814,-0.001626,9.4e-05,-0.001875,-0.001804
17765.199152999998,9.103,7.89644,-0.001626,9.5e-05,-0.00188,-0.001801
17767.716007,9.103,8.188073,-0.001628,9.6e-05,-0.001879,-0.001801
17770.245816,9.103,7.956732,-0.001628,9.5e-05,-0.001877,-0.001802
17771.496766,9.103,8.112429,-0.001626,9.6e-05,-0.001877,-0.0018
17773.995838,9.103,7.866534,-0.001627,0.0001,-0.001882,-0.001795
17775.246616999997,9.103,8.019998,-0.001622,0.000101,-0.001879,-0.001796
17777.776701,9.103,8.322148,-0.001621,0.000103,-0.001884,-0.001796
17780.292797,9.103,7.945152,-0.001623,0.0001,-0.001883,-0.001796
17781.543822,9.103,8.017342,-0.001623,9.9e-05,-0.001877,-0.001799
17784.059001999998,9.103,7.951102,-0.001624,9.6e-05,-0.001879,-0.001802
17785.325012,9.103,8.053358,-0.001624,9.5e-05,-0.001877,-0.001802
17787.83967,9.103,7.864301,-0.001624,9.8e-05,-0.001873,-0.001799
17790.355429,9.103,8.508337,-0.001621,0.000103,-0.001873,-0.001794
17791.605650999998,9.103,8.129161,-0.001619,0.000107,-0.001877,-0.00179
17794.12143,9.103,8.601351,-0.001616,0.000109,-0.001873,-0.00179
17795.371194,9.103,7.932509,-0.001616,0.000111,-0.001878,-0.001788
17797.871314,9.103,8.389984,-0.001608,0.000111,-0.001875,-0.001788
17800.40279,9.103,8.354128,-0.001607,0.000114,-0.00188,-0.001786
17801.667074999998,9.103,7.611766,-0.001605,0.000113,-0.00187,-0.001788
17804.198648999998,9.104,7.872217,-0.001607,0.000107,-0.001867,-0.001793
17805.448792,9.104,7.887303,-0.001608,0.000107,-0.001864,-0.001794
17807.964846,9.104,8.180529,-0.001615,0.000102,-0.001866,-0.001801
17809.214921,9.104,8.052296,-0.001614,0.000103,-0.001874,-0.001798
17811.745327999997,9.104,7.593705,-0.001618,0.000101,-0.001872,-0.001803
17814.261496,9.104,8.090011,-0.001625,9.4e-05,-0.001875,-0.001809
17815.511394,9.104,8.236306,-0.001623,9.9e-05,-0.001877,-0.001803
17818.027976999998,9.104,8.50823,-0.00162,0.000101,-0.001878,-0.001801
17819.291957999998,9.104,8.355614,-0.001623,0.0001,-0.00188,-0.001805
17821.793799,9.104,8.134899,-0.001625,9.5e-05,-0.00188,-0.001811
17824.324214,9.104,8.238378,-0.00163,9.3e-05,-0.001884,-0.001808
17825.575049,9.104,7.822442,-0.001637,8.6e-05,-0.001882,-0.001813
17828.105443,9.104,8.043956,-0.001638,8.4e-05,-0.001887,-0.001816
17829.355088,9.104,7.7579,-0.001641,7.8e-05,-0.00188,-0.001821
17831.871204,9.104,8.094261,-0.001642,7.5e-05,-0.001885,-0.001824
17834.371917999997,9.104,8.416438,-0.001638,8e-05,-0.001882,-0.001819
17835.635765,9.104,7.568579,-0.001635,8.3e-05,-0.00188,-0.001815
17838.13767,9.104,8.688415,-0.001646,6.8e-05,-0.001879,-0.001831
17839.386969,9.104,7.8379,-0.001647,6.9e-05,-0.001885,-0.001831
17841.918634999998,9.104,8.226266,-0.001642,7.4e-05,-0.001883,-0.001824
17844.418031999998,9.104,7.741592,-0.001636,8.2e-05,-0.001891,-0.001816
17845.684761999997,9.104,7.922735,-0.001634,8.2e-05,-0.001889,-0.00182
17848.199023999998,9.104,8.028551,-0.001643,8.4e-05,-0.001891,-0.001818
17849.448825,9.104,8.126931,-0.001647,7.3e-05,-0.001889,-0.00183
17851.964544,9.104,8.316943,-0.001649,6.1e-05,-0.001891,-0.001837
17853.214786999997,9.104,7.713279,-0.001648,6.5e-05,-0.001897,-0.00183
17855.73091,9.104,7.75891,-0.001652,6.5e-05,-0.001892,-0.001831
17858.245432,9.104,8.031897,-0.001656,5.8e-05,-0.001891,-0.00184
17859.496143,9.104,8.747326,-0.001657,5.9e-05,-0.001897,-0.001841
17861.995382999998,9.104,8.10855,-0.001662,5.5e-05,-0.001904,-0.001842
17863.246696,9.104,7.875989,-0.001661,5.3e-05,-0.001898,-0.001841
17865.746267,9.104,8.044593,-0.001654,6.1e-05,-0.001894,-0.00183
17868.246271,9.104,8.38345,-0.001651,6.4e-05,-0.001882,-0.001833
17869.495793,9.104,7.979202,-0.001653,6.1e-05,-0.001888,-0.001837
17872.011679,9.104,8.028073,-0.001645,6.3e-05,-0.001894,-0.001836
17873.276998999998,9.104,7.91976,-0.001648,6.4e-05,-0.001894,-0.001839
17875.809848999997,9.104,8.111101,-0.001658,5.9e-05,-0.001904,-0.00184
17878.323485,9.104,8.194075,-0.00166,5.6e-05,-0.0019,-0.001845
17879.573401999998,9.104,8.115509,-0.00166,5.2e-05,-0.001894,-0.001846
17882.074483999997,9.104,7.990198,-0.001665,4.4e-05,-0.001899,-0.001852
17883.33905,9.104,8.196412,-0.001671,4e-05,-0.001909,-0.001855
17885.839928,9.104,7.683957,-0.001667,4.6e-05,-0.001909,-0.001848
17888.370179999998,9.104,7.647888,-0.001664,4.3e-05,-0.001902,-0.001851
17889.620297999998,9.104,7.776812,-0.001666,4e-05,-0.00191,-0.001855
17892.120757999997,9.104,8.251551,-0.001669,4.2e-05,-0.001909,-0.001852
17893.372042,9.104,8.774736,-0.001668,4.2e-05,-0.001904,-0.001854
17895.870834999998,9.104,8.211286,-0.00166,4.4e-05,-0.001899,-0.001848
17898.385605,9.104,8.071419,-0.00166,5.1e-05,-0.001903,-0.001842
17899.636426999998,9.104,8.202203,-0.001666,4.6e-05,-0.0019,-0.001849
17902.151319999997,9.104,8.004434,-0.001673,3.6e-05,-0.001907,-0.001857
17903.401992,9.104,8.085496,-0.001676,3.8e-05,-0.001912,-0.001856
17905.934408999998,9.104,8.327885,-0.001671,4.3e-05,-0.001912,-0.001852
17908.448658999998,9.104,8.90552,-0.001672,3.6e-05,-0.001906,-0.001861
17909.69916,9.104,7.697502,-0.001678,3.4e-05,-0.001916,-0.001861
17912.214008,9.104,7.617396,-0.001681,3.1e-05,-0.001917,-0.001862
17913.465428,9.104,8.02818,-0.001685,2.6e-05,-0.001921,-0.001866
17915.99741,9.104,8.103663,-0.001677,3.5e-05,-0.001916,-0.001858
17917.262824999998,9.104,8.036148,-0.001671,4e-05,-0.001911,-0.001854
17919.76128,9.104,8.153703,-0.001675,3.7e-05,-0.001913,-0.001856
17922.293864,9.104,7.91652,-0.001676,3.1e-05,-0.001919,-0.00186
17923.558246,9.104,8.032163,-0.001672,3.2e-05,-0.001916,-0.00186
17926.074225999997,9.104,8.330382,-0.001667,4.3e-05,-0.001911,-0.001849
17927.325254,9.104,8.30754,-0.001663,4.6e-05,-0.001908,-0.001848
17929.853402,9.104,8.200662,-0.001661,4.3e-05,-0.001909,-0.001851
17932.370992999997,9.104,7.805922,-0.00167,3.9e-05,-0.001914,-0.001854
17933.637043,9.104,8.71046,-0.001671,3.9e-05,-0.001914,-0.001855
17936.15223,9.104,8.663289,-0.001683,4.4e-05,-0.001928,-0.001856
17937.419012,9.104,7.882523,-0.001676,4.2e-05,-0.001926,-0.001859
17939.917865,9.104,8.590833,-0.001676,3e-05,-0.001917,-0.001866
17942.449517,9.104,8.233278,-0.001677,3.4e-05,-0.001915,-0.001862
17943.6999,9.104,8.271206,-0.001669,3.9e-05,-0.001906,-0.001859
17946.215027,9.104,8.316783,-0.001661,4.2e-05,-0.001905,-0.001856
17947.465093,9.104,6.815168,-0.001662,4.4e-05,-0.001908,-0.00185
17949.980767999998,9.104,7.972881,-0.001668,3.1e-05,-0.001919,-0.00186
17951.246655,9.104,8.140104,-0.001668,3.7e-05,-0.001919,-0.001861
17953.746912,9.104,8.084115,-0.001672,3.5e-05,-0.001919,-0.001864
17956.26188,9.104,7.644754,-0.00167,4.3e-05,-0.001912,-0.001851
17957.511983999997,9.104,7.805603,-0.001669,4.2e-05,-0.001913,-0.001852
17960.012746,9.104,7.908233,-0.001671,4.9e-05,-0.001919,-0.001845
17961.276816999998,9.104,8.163318,-0.001666,5.4e-05,-0.001918,-0.001838
17963.792347,9.104,7.827808,-0.001666,5.7e-05,-0.001914,-0.001836
17966.308659,9.104,7.859945,-0.001661,5.8e-05,-0.001918,-0.001839
17967.574624,9.104,8.360236,-0.00166,5.9e-05,-0.001914,-0.001836
17970.104498,9.104,8.585574,-0.001662,6.1e-05,-0.001923,-0.001833
17971.355373,9.104,8.010649,-0.001659,5.9e-05,-0.001919,-0.001833
17973.870715999998,9.104,8.467965,-0.00167,4e-05,-0.001916,-0.001846
17976.401941999997,9.104,7.983345,-0.00167,3.7e-05,-0.001921,-0.001848
17977.666921,9.104,8.21272,-0.001667,4.1e-05,-0.001916,-0.001849
17980.183902999997,9.104,8.323264,-0.001669,4.6e-05,-0.001917,-0.001849
17981.432215,9.104,7.907171,-0.001671,4e-05,-0.001911,-0.001853
17983.948519999998,9.104,7.695272,-0.001674,3.7e-05,-0.00192,-0.001855
17985.215705,9.104,7.78122,-0.001676,3.6e-05,-0.001923,-0.001856
17987.745399,9.104,8.109454,-0.001674,3.5e-05,-0.001919,-0.001858
17990.260885,9.104,8.058777,-0.001674,3.6e-05,-0.001916,-0.001857
17991.527602,9.104,7.983718,-0.001673,3.7e-05,-0.001915,-0.001856
17994.059283,9.104,8.21426,-0.001672,4.3e-05,-0.001908,-0.001848
17995.324517999998,9.104,7.942124,-0.00167,4.5e-05,-0.001906,-0.001845
17997.855669999997,9.104,7.933253,-0.001661,5.4e-05,-0.001907,-0.001839
18000.370374,9.104,8.113863,-0.001662,5.6e-05,-0.00191,-0.001837
18001.621468999998,9.104,8.643051,-0.001658,5.6e-05,-0.001899,-0.001838
18004.137398,9.104,8.324221,-0.001657,5.8e-05,-0.001895,-0.001837
18005.401895,9.104,8.053465,-0.001654,5.9e-05,-0.001895,-0.001833
18007.918644999998,9.104,8.452773,-0.001655,5.6e-05,-0.001896,-0.001835
18010.434221,9.104,8.309718,-0.001653,6e-05,-0.001898,-0.001833
18011.684226999998,9.104,8.643582,-0.001653,6e-05,-0.001898,-0.001833
18014.199628,9.104,8.155988,-0.001651,6.3e-05,-0.001892,-0.001828
18015.464884,9.104,7.992164,-0.001651,6.4e-05,-0.001899,-0.001824
18017.98088,9.104,8.343716,-0.001649,6.5e-05,-0.001898,-0.001828
18019.245433999997,9.104,7.790995,-0.001648,6.6e-05,-0.0019,-0.001826
18021.761799,9.104,7.96146,-0.001648,6.7e-05,-0.001898,-0.001825
18024.29191,9.104,7.664621,-0.001647,7e-05,-0.001892,-0.001823
18025.5589,9.104,7.818299,-0.001648,6.9e-05,-0.001894,-0.001822
18028.075049,9.104,7.984833,-0.001649,6.2e-05,-0.001894,-0.001832
18029.340207999998,9.104,8.127887,-0.00165,6.1e-05,-0.001898,-0.00183
18031.839276,9.104,8.105417,-0.00165,6.3e-05,-0.0019,-0.001831
18034.339283999998,9.104,7.859945,-0.001651,6.3e-05,-0.0019,-0.001831
18035.589133999998,9.104,8.153438,-0.001651,6.2e-05,-0.001898,-0.001833
18038.089633,9.104,7.828551,-0.001651,6.3e-05,-0.001897,-0.001831
18039.355429,9.104,8.476093,-0.00165,6.5e-05,-0.001899,-0.001828
18041.87038,9.104,8.275455,-0.001648,6.6e-05,-0.001899,-0.001826
18044.370791,9.104,8.137873,-0.001646,6.6e-05,-0.001895,-0.001826
18045.620996999998,9.104,7.471209,-0.001648,6.7e-05,-0.0019,-0.001824
18048.121326,9.104,7.810118,-0.001647,7.1e-05,-0.001903,-0.001822
18049.386620999998,9.104,7.930703,-0.001645,7e-05,-0.001897,-0.001825
18051.902883,9.104,8.134208,-0.001645,6.9e-05,-0.001898,-0.001821
18054.43411,9.104,8.18361,-0.001647,6.9e-05,-0.001894,-0.001826
18055.698811,9.104,8.357368,-0.001649,7e-05,-0.001895,-0.001824
18058.198721,9.104,8.350409,-0.001645,7.3e-05,-0.001892,-0.001822
18059.46442,9.104,7.862973,-0.001644,7.2e-05,-0.001886,-0.001821
18061.979631,9.104,8.085868,-0.00164,7.7e-05,-0.00189,-0.001817
18063.23088,9.104,8.161193,-0.001638,8.1e-05,-0.001886,-0.001815
18065.745028999998,9.104,7.827489,-0.00163,8.7e-05,-0.001882,-0.001812
18068.246522999998,9.104,7.91551,-0.001633,8.2e-05,-0.00188,-0.001817
18069.512365,9.104,8.010437,-0.001634,8.3e-05,-0.001884,-0.001814
18072.043745,9.104,7.694953,-0.001633,8.2e-05,-0.001888,-0.001817
18073.293762,9.104,7.985046,-0.00163,8.1e-05,-0.001881,-0.001818
18075.809162999998,9.104,8.089268,-0.001637,7.6e-05,-0.001886,-0.001817
18078.338537,9.104,7.910517,-0.001635,8.1e-05,-0.001889,-0.001814
18079.589077999997,9.104,8.273649,-0.001635,8.1e-05,-0.00189,-0.001813
18082.089376,9.104,8.125284,-0.001636,8.2e-05,-0.001892,-0.001813
18083.337847,9.104,8.630355,-0.001636,8.3e-05,-0.001888,-0.001816
18085.839975,9.104,8.273756,-0.001638,7.9e-05,-0.001887,-0.001822
18088.370887999998,9.104,7.966453,-0.001636,8.3e-05,-0.001892,-0.001814
18089.637133999997,9.104,7.997901,-0.001633,8.4e-05,-0.001886,-0.001812
18092.169149,9.104,8.117475,-0.00163,8.5e-05,-0.001888,-0.001811
18093.434387999998,9.104,8.257926,-0.001631,8.6e-05,-0.001881,-0.001811
18095.948835,9.104,8.464671,-0.001631,8.7e-05,-0.001883,-0.001806
18098.449389999998,9.104,8.857286,-0.001628,9.3e-05,-0.001882,-0.001803
18099.699431,9.104,8.033385,-0.00163,8.8e-05,-0.001879,-0.001809
18102.198632,9.104,8.317633,-0.001628,8.7e-05,-0.00188,-0.001808
18103.449603999998,9.104,7.436468,-0.001628,8.7e-05,-0.001878,-0.001809
18105.965024999998,9.104,7.840078,-0.001631,8.9e-05,-0.001882,-0.001809
18107.230908999998,9.104,8.290435,-0.00163,8.8e-05,-0.001878,-0.001812
18109.745162,9.104,8.492667,-0.001629,8.9e-05,-0.001887,-0.001812
18112.229498,9.104,8.200715,-0.001626,8.9e-05,-0.001877,-0.00181
18113.494915,9.104,8.32082,-0.001625,8.9e-05,-0.001875,-0.00181
18116.011447999997,9.104,7.934475,-0.001628,8.6e-05,-0.001877,-0.001816
18117.261624,9.104,8.583555,-0.001627,8.3e-05,-0.00188,-0.001816
18119.777493999998,9.104,8.147382,-0.001628,8.3e-05,-0.001886,-0.001812
18122.293082999997,9.104,7.756307,-0.001624,9.1e-05,-0.001885,-0.001809
18123.557719999997,9.104,8.344513,-0.001627,9e-05,-0.001886,-0.001809
18126.074421999998,9.104,7.905258,-0.001625,9.3e-05,-0.001888,-0.001804
18127.339625,9.104,8.223132,-0.001625,9.4e-05,-0.001884,-0.001803
18129.855681,9.104,8.548602,-0.001626,8.9e-05,-0.001887,-0.001807
18132.371329999998,9.104,8.107276,-0.001623,9.8e-05,-0.001885,-0.0018
18133.635609999998,9.104,8.104991,-0.001624,9.7e-05,-0.001883,-0.001801
18136.152976999998,9.104,8.373729,-0.00162,9.6e-05,-0.001883,-0.001803
18137.417701,9.104,7.963478,-0.00162,9.5e-05,-0.001878,-0.001804
18139.949946,9.104,8.0728,-0.001624,9.5e-05,-0.00188,-0.0018
18141.215725,9.104,7.685125,-0.001624,9.3e-05,-0.001876,-0.001803
18143.730622,9.104,8.070835,-0.001627,9.5e-05,-0.001879,-0.001803
18146.262422,9.104,8.091605,-0.001624,9.4e-05,-0.001877,-0.001804
18147.527055,9.104,8.015536,-0.001625,9.4e-05,-0.001877,-0.001803
18150.026898,9.104,7.982761,-0.001626,9.7e-05,-0.001883,-0.001801
18151.292727,9.104,8.490116,-0.001623,9.7e-05,-0.001879,-0.001803
18153.808729999997,9.104,7.990517,-0.00162,9.8e-05,-0.001882,-0.001799
18156.309234,9.104,7.893625,-0.001623,9.8e-05,-0.001885,-0.0018
18157.574737,9.104,8.365761,-0.001622,9.6e-05,-0.001881,-0.001806
18160.089335999997,9.104,8.030411,-0.001625,9.5e-05,-0.001882,-0.001803
18161.340111999998,9.104,8.266372,-0.001626,9.5e-05,-0.001883,-0.001804
18163.855616,9.104,8.215801,-0.001627,9.3e-05,-0.00188,-0.001806
18166.371123999998,9.104,8.062389,-0.001623,9.5e-05,-0.001877,-0.001803
18167.635994999997,9.104,8.472374,-0.001624,0.0001,-0.001882,-0.001802
18170.169221,9.104,8.007834,-0.00162,0.000102,-0.001878,-0.001801
18171.434232,9.104,8.087781,-0.00162,0.000105,-0.001879,-0.001799
18173.96442,9.104,8.159493,-0.001615,0.0001,-0.001881,-0.001799
18175.215661,9.104,7.731128,-0.001616,9.8e-05,-0.001881,-0.001802
18177.746646,9.104,8.063717,-0.001621,9.3e-05,-0.001875,-0.001807
18180.261338999997,9.104,8.34584,-0.001623,9.6e-05,-0.001885,-0.001803
18181.512113999997,9.104,8.040822,-0.001621,9.6e-05,-0.001884,-0.001802
18184.042832,9.104,7.930491,-0.00162,9.6e-05,-0.001881,-0.0018
18185.293712,9.104,7.709614,-0.00162,9.9e-05,-0.001884,-0.001798
18187.824816,9.104,8.06361,-0.001623,9.7e-05,-0.001887,-0.001801
18190.324606,9.104,8.428603,-0.001623,9.6e-05,-0.001885,-0.001801
18191.574181,9.104,7.845815,-0.001622,9.8e-05,-0.001886,-0.001799
18194.089329,9.104,7.986214,-0.001619,0.000104,-0.001883,-0.001798
18195.339878,9.104,8.47179,-0.001618,0.000103,-0.001881,-0.001799
18197.855353,9.104,8.473437,-0.001617,0.000103,-0.001883,-0.001797
18200.35474,9.104,7.775908,-0.001619,9.9e-05,-0.00188,-0.0018
18201.605098,9.104,8.136811,-0.001619,9.8e-05,-0.001876,-0.001801
18204.10459,9.104,8.05883,-0.001618,0.000102,-0.001876,-0.001798
18205.356409,9.104,7.651075,-0.001617,0.000103,-0.001876,-0.001797
18207.870874,9.104,8.752798,-0.001617,0.000102,-0.00188,-0.001794
18210.386876999997,9.104,7.674182,-0.00162,0.000104,-0.001878,-0.001794
18211.652858999998,9.104,8.485388,-0.001621,0.000104,-0.001877,-0.001796
18214.183742,9.104,8.709239,-0.001619,0.000101,-0.001874,-0.001793
18215.449674,9.104,7.812031,-0.001619,0.000104,-0.001879,-0.001792
18217.964312,9.104,8.545575,-0.001616,0.000109,-0.001877,-0.00179
18220.464196,9.104,7.979309,-0.00161,0.000109,-0.001882,-0.001793
18221.714973,9.104,8.045868,-0.001615,0.000104,-0.001877,-0.001798
18224.229588,9.104,8.165018,-0.001614,0.000102,-0.001882,-0.001797
18225.481136,9.104,7.675458,-0.001612,0.000103,-0.001884,-0.001795
18228.012066,9.104,7.467703,-0.001616,0.000104,-0.001881,-0.001794
18229.26077,9.104,8.248895,-0.001616,0.000107,-0.001883,-0.001793
18231.761376,9.104,7.75126,-0.001616,0.000103,-0.001881,-0.001794
18234.260943,9.104,8.091233,-0.001619,9.8e-05,-0.00188,-0.001799
18235.512114999998,9.104,8.099361,-0.001619,9.5e-05,-0.001876,-0.001803
18238.026933999998,9.104,7.835298,-0.001618,9.2e-05,-0.001875,-0.001805
18239.277464,9.104,7.67142,-0.001619,9.3e-05,-0.001877,-0.001802
18241.793685999997,9.104,7.991208,-0.001626,8.6e-05,-0.001875,-0.001815
18244.324174,9.104,7.803265,-0.001636,7.5e-05,-0.001876,-0.001824
18245.575237999998,9.104,8.219679,-0.001636,7.6e-05,-0.001884,-0.001821
18248.090334,9.104,8.509824,-0.001641,6.8e-05,-0.001886,-0.001834
18249.355883,9.104,7.406136,-0.001642,6.9e-05,-0.001891,-0.001833
18251.871014999997,9.104,8.371604,-0.001651,6.4e-05,-0.001893,-0.001834
18254.370558,9.104,8.518377,-0.00165,6.3e-05,-0.001897,-0.001835
18255.622051,9.104,8.014315,-0.001651,6.4e-05,-0.001897,-0.001832
18258.121554999998,9.104,7.968365,-0.001652,5.9e-05,-0.001893,-0.00184
18259.370942999998,9.104,8.235243,-0.001654,5.8e-05,-0.001899,-0.001836
18261.886142,9.104,7.863079,-0.001653,5.8e-05,-0.001901,-0.001839
18264.402593,9.104,8.217501,-0.001658,4.5e-05,-0.001895,-0.00185
18265.668751999998,9.104,7.404702,-0.001659,4.9e-05,-0.0019,-0.001849
18268.182598,9.104,7.845762,-0.001659,4.9e-05,-0.001906,-0.001848
18269.433573,9.104,8.25936,-0.001657,5e-05,-0.001903,-0.001848
18271.947792,9.104,8.066054,-0.001667,3.8e-05,-0.001913,-0.001854
18274.449337,9.104,7.761406,-0.001672,3.7e-05,-0.001918,-0.001858
18275.699317,9.104,7.896015,-0.001671,4e-05,-0.001914,-0.001854
18278.214882,9.104,7.997528,-0.001676,3.2e-05,-0.001908,-0.001863
18279.480139,9.104,8.260582,-0.001673,3.3e-05,-0.001913,-0.001861
18281.995813999998,9.104,8.252614,-0.001668,4e-05,-0.001915,-0.001853
18283.246449,9.104,7.909455,-0.001659,4.9e-05,-0.00192,-0.001845
18285.746202,9.104,8.294261,-0.001653,5.3e-05,-0.001913,-0.001846
18288.276816999998,9.104,7.993598,-0.00166,4.7e-05,-0.001912,-0.001851
18289.541576,9.104,7.92725,-0.001658,4.2e-05,-0.001907,-0.001854
18292.058616,9.104,8.098033,-0.001658,4.3e-05,-0.001916,-0.001857
18293.324559,9.104,7.876785,-0.001665,3.2e-05,-0.001913,-0.001866
18295.839046999998,9.104,7.99227,-0.00168,2.6e-05,-0.001923,-0.001868
18298.339550999997,9.104,8.078591,-0.001676,3.2e-05,-0.001924,-0.001865
18299.589057999998,9.104,8.168471,-0.001676,2.6e-05,-0.001928,-0.001863
18302.090581999997,9.104,8.098351,-0.001671,3.1e-05,-0.001927,-0.001857
18303.356026999998,9.104,8.060477,-0.001668,3.2e-05,-0.001923,-0.001858
18305.870515,9.104,8.059414,-0.001664,3.8e-05,-0.001909,-0.00186
18308.371714,9.104,8.006346,-0.001671,3.1e-05,-0.001925,-0.001863
18309.620875,9.104,7.81968,-0.001676,2.4e-05,-0.001927,-0.001869
18312.121289,9.104,7.990198,-0.001681,2.5e-05,-0.001934,-0.001873
18313.371578,9.104,9.108389,-0.001685,1.7e-05,-0.001931,-0.001878
18315.887308999998,9.104,7.96215,-0.00168,2.1e-05,-0.001923,-0.001873
18318.418143,9.104,7.787064,-0.001682,2e-05,-0.001927,-0.00187
18319.684262,9.104,8.055589,-0.00168,1.8e-05,-0.001921,-0.001873
18322.214189,9.104,8.220954,-0.001668,3.6e-05,-0.001922,-0.001858
18323.449260999998,9.104,8.426584,-0.001663,4.1e-05,-0.001923,-0.001853
18325.949698999997,9.104,8.228497,-0.001674,2.6e-05,-0.00192,-0.001868
18327.215083,9.104,7.876785,-0.001679,2.5e-05,-0.001924,-0.001869
18329.745774,9.104,7.425366,-0.001681,2.2e-05,-0.001926,-0.001868
18332.276858999998,9.104,8.417235,-0.001669,3.1e-05,-0.001919,-0.001864
18333.542617,9.104,8.122893,-0.00167,3.4e-05,-0.001922,-0.001858
18336.059416999997,9.104,8.637633,-0.00166,5e-05,-0.001923,-0.001849
18337.323914,9.104,8.069188,-0.001658,5.3e-05,-0.001925,-0.001845
18339.839208999998,9.104,7.67806,-0.001668,4.8e-05,-0.001918,-0.001848
18342.356327999998,9.104,8.092614,-0.001662,5.2e-05,-0.00192,-0.001836
18343.621094,9.104,7.995988,-0.001656,6e-05,-0.001922,-0.001834
18346.152188,9.104,8.249214,-0.001659,6.6e-05,-0.001928,-0.00183
18347.402052999998,9.104,7.886241,-0.001661,6.5e-05,-0.001923,-0.001832
18349.932414,9.104,8.174845,-0.001672,4.1e-05,-0.001923,-0.001853
18352.448817999997,9.104,7.779042,-0.001673,4.1e-05,-0.001924,-0.00185
18353.714311,9.104,7.957157,-0.001667,4.2e-05,-0.001919,-0.00185
18356.214962,9.104,7.536972,-0.001662,4.3e-05,-0.001916,-0.001849
18357.481071,9.104,9.099677,-0.001664,4.2e-05,-0.001919,-0.001852
18360.012027999997,9.104,7.870518,-0.001666,3.5e-05,-0.001913,-0.001857
18361.276821,9.104,8.444061,-0.001665,3.6e-05,-0.001912,-0.001857
18363.792703,9.104,8.10871,-0.001662,4.3e-05,-0.001912,-0.001854
18366.292808,9.104,8.18377,-0.001659,4.4e-05,-0.001909,-0.001851
18367.559118999998,9.104,7.159284,-0.001662,4.6e-05,-0.001908,-0.001849
18370.089678,9.104,7.822071,-0.00166,5.3e-05,-0.001906,-0.001842
18371.355754999997,9.104,7.939468,-0.001657,5.7e-05,-0.001903,-0.001839
18373.855895,9.104,7.787223,-0.001652,6e-05,-0.001901,-0.001834
18376.371014,9.104,8.663184,-0.001648,5.9e-05,-0.001901,-0.001837
18377.62111,9.104,7.699255,-0.001646,6.1e-05,-0.001903,-0.001834
18380.120828,9.104,7.884222,-0.001646,6.4e-05,-0.0019,-0.00183
18381.373082,9.104,8.1545,-0.001646,6.4e-05,-0.001902,-0.001829
18383.872194,9.104,7.905736,-0.001641,7e-05,-0.001902,-0.001824
18386.371757,9.104,8.069719,-0.001637,7e-05,-0.001894,-0.001829
18387.635494,9.104,8.17782,-0.001639,6.7e-05,-0.001894,-0.00183
18390.136223999998,9.104,8.368948,-0.001642,6.8e-05,-0.001895,-0.001828
18391.386717,9.104,9.023608,-0.001647,6.7e-05,-0.001893,-0.00183
18393.901185,9.104,7.812455,-0.001641,7.1e-05,-0.001898,-0.001827
18396.417682,9.104,7.908446,-0.001638,7.1e-05,-0.001897,-0.001822
18397.669169,9.104,8.574791,-0.00164,7e-05,-0.001891,-0.001826
18400.199145,9.104,8.611922,-0.001641,6.8e-05,-0.001897,-0.001831
18401.449566,9.104,8.116359,-0.001643,6.7e-05,-0.001895,-0.001831
18403.965497999998,9.104,9.070566,-0.001643,6.7e-05,-0.001888,-0.00183
18405.230461,9.104,7.912005,-0.001642,6.6e-05,-0.001891,-0.00183
18407.761285,9.104,7.790516,-0.001642,6.9e-05,-0.001885,-0.001831
18410.277292,9.104,8.256704,-0.001643,7e-05,-0.00189,-0.00183
18411.544063999998,9.104,8.043372,-0.001644,6.8e-05,-0.001891,-0.001829
18414.058764999998,9.104,7.905843,-0.001643,6.4e-05,-0.001889,-0.001829
18415.325772999997,9.104,7.499894,-0.001642,6.6e-05,-0.00189,-0.001827
18417.82363,9.104,7.815589,-0.001641,7.2e-05,-0.001891,-0.001828
18420.325339,9.104,8.397261,-0.001634,7.1e-05,-0.001893,-0.001822
18421.589311,9.104,8.092402,-0.001633,7.2e-05,-0.001897,-0.001819
18424.089637999998,9.104,7.38866,-0.001632,7.6e-05,-0.001896,-0.001815
18425.340664,9.104,8.077528,-0.001631,7.8e-05,-0.001895,-0.001817
18427.839309,9.104,7.983718,-0.001628,8e-05,-0.001893,-0.001815
18430.339292999997,9.104,7.729481,-0.001628,8.2e-05,-0.00189,-0.001814
18431.588939999998,9.104,7.839919,-0.001626,8.2e-05,-0.001896,-0.001812
18434.088947999997,9.104,7.980849,-0.001628,8.4e-05,-0.001895,-0.00181
18435.33949,9.104,7.845603,-0.001622,8.4e-05,-0.001888,-0.00181
18437.855316,9.104,7.797104,-0.001624,8.1e-05,-0.001892,-0.001814
18440.371307,9.104,8.437102,-0.001623,8.3e-05,-0.001895,-0.001813
18441.621552999997,9.104,8.674179,-0.001625,8.4e-05,-0.00189,-0.001815
18444.120568,9.104,8.168949,-0.00163,8e-05,-0.001892,-0.001814
18445.387794,9.104,7.938618,-0.00163,8e-05,-0.001892,-0.001814
18447.902528,9.104,8.158591,-0.001624,8.4e-05,-0.001897,-0.001809
18450.434172,9.104,8.214739,-0.00162,8.8e-05,-0.001884,-0.001807
18451.683687999997,9.104,7.340585,-0.001619,9.2e-05,-0.00189,-0.001805
18454.214233,9.104,8.420103,-0.001613,9.9e-05,-0.001883,-0.001805
18455.465222,9.104,8.009268,-0.001615,0.000101,-0.00189,-0.001803
18457.982364,9.104,8.235881,-0.001615,9.1e-05,-0.001883,-0.001808
18460.479806,9.104,8.32677,-0.001625,8.5e-05,-0.001886,-0.001808
18461.730767,9.104,7.948446,-0.001628,8.1e-05,-0.00188,-0.001815
18464.246564,9.104,7.898831,-0.001628,8.5e-05,-0.001883,-0.001816
18465.510921999998,9.104,8.129108,-0.001627,8.4e-05,-0.001882,-0.001818
18468.01227,9.104,7.825735,-0.001626,8.7e-05,-0.001881,-0.001816
18469.276521,9.104,7.642788,-0.001627,9.2e-05,-0.001883,-0.001812
18471.793904,9.104,8.082415,-0.001624,9.2e-05,-0.001881,-0.00181
18474.308793999997,9.104,7.974846,-0.001625,8.7e-05,-0.001881,-0.001812
18475.574232,9.104,8.166239,-0.001627,8.6e-05,-0.001882,-0.001814
18478.089969,9.104,7.340957,-0.001625,9e-05,-0.001881,-0.001812
18479.355287,9.104,7.599229,-0.00162,9.4e-05,-0.001883,-0.001813
18481.855656,9.104,8.599279,-0.001617,9.5e-05,-0.001883,-0.001807
18484.386347,9.104,8.71896,-0.00162,9.4e-05,-0.001881,-0.001809
18485.636842,9.104,8.149241,-0.001618,9.1e-05,-0.001881,-0.001811
18488.166995,9.104,8.548815,-0.001621,9e-05,-0.001881,-0.001814
18489.419033,9.104,8.350887,-0.001623,9.1e-05,-0.001885,-0.001813
18491.933772999997,9.104,8.066851,-0.001625,8.9e-05,-0.001881,-0.001813
18494.449649,9.104,8.562945,-0.001623,9.2e-05,-0.001886,-0.001812
18495.714989,9.104,7.854846,-0.001621,9e-05,-0.001884,-0.00181
18498.224712,9.104,7.866746,-0.001622,8.7e-05,-0.001878,-0.001816
18499.464917999998,9.104,8.061008,-0.001622,8.8e-05,-0.001886,-0.001815
18501.996779,9.104,7.997103,-0.001623,9.1e-05,-0.001886,-0.001808
18503.24553,9.104,8.086559,-0.001624,9.2e-05,-0.001887,-0.001809
18505.745726,9.104,8.406876,-0.001625,8.7e-05,-0.001887,-0.001807
18508.246654,9.104,8.056546,-0.001624,8.9e-05,-0.00189,-0.001809
18509.510477,9.104,8.30515,-0.001624,8.9e-05,-0.001886,-0.00181
18512.012548,9.104,8.639492,-0.001625,8.7e-05,-0.001881,-0.001815
18513.277273,9.104,8.328736,-0.001624,8.7e-05,-0.001882,-0.001814
18515.792922,9.104,8.302176,-0.001622,8.6e-05,-0.001881,-0.001813
18518.323535,9.104,7.928312,-0.001621,9.2e-05,-0.001885,-0.00181
18519.575104,9.104,7.978246,-0.00162,9e-05,-0.00188,-0.001812
18522.089214,9.104,8.093464,-0.001623,9.1e-05,-0.001883,-0.001809
18523.33988,9.104,7.92401,-0.001622,9.1e-05,-0.001878,-0.001808
18525.871012,9.104,8.054952,-0.001622,9.1e-05,-0.001885,-0.001805
18528.371111,9.104,8.414261,-0.001626,9.2e-05,-0.001885,-0.001807
18529.635505,9.104,7.733678,-0.001623,9e-05,-0.00188,-0.001807
18532.136247,9.104,8.163212,-0.001623,9.2e-05,-0.001878,-0.001807
18533.386612,9.104,8.429665,-0.00162,9.4e-05,-0.001876,-0.001806
18535.886524999998,9.104,7.721354,-0.001619,9.7e-05,-0.001881,-0.001802
18538.416924999998,9.104,7.765815,-0.001623,9.1e-05,-0.001879,-0.001806
18539.684268999998,9.104,7.645125,-0.001623,9.2e-05,-0.001876,-0.001809
18542.214375,9.104,7.764647,-0.001625,9.5e-05,-0.001882,-0.001804
18543.4646,9.104,8.572772,-0.00162,9.8e-05,-0.001877,-0.001801
18545.996186999997,9.104,8.208948,-0.001615,0.0001,-0.00188,-0.001802
18547.246553999998,9.104,8.424194,-0.001613,0.000102,-0.00188,-0.0018
18549.762497,9.104,7.920504,-0.001609,0.000102,-0.001886,-0.001801
18552.262474,9.104,8.043796,-0.001616,9.9e-05,-0.00188,-0.001801
18553.511205,9.104,8.551524,-0.001616,0.000101,-0.001878,-0.001799
18556.026917,9.104,7.861645,-0.001622,9.4e-05,-0.001872,-0.001807
18557.278209,9.104,7.863345,-0.001624,9.3e-05,-0.001871,-0.001803
18559.792619,9.104,8.02818,-0.001622,9.4e-05,-0.001877,-0.00181
18562.292000999998,9.104,7.979096,-0.001622,9.3e-05,-0.001881,-0.001807
18563.557811,9.104,7.793651,-0.001622,9.4e-05,-0.001876,-0.001807
18566.089644,9.104,7.854262,-0.00162,9.6e-05,-0.001882,-0.0018
18567.355761,9.104,7.873705,-0.00162,9.6e-05,-0.001881,-0.001801
18569.870041,9.104,7.832801,-0.001616,9.6e-05,-0.001884,-0.001801
18572.371664,9.104,8.218191,-0.001619,9.3e-05,-0.001882,-0.001805
18573.636803,9.104,8.871841,-0.001618,9.2e-05,-0.001878,-0.001808
18576.167376999998,9.104,7.744568,-0.001617,9.6e-05,-0.001881,-0.001803
18577.434341,9.104,8.475721,-0.001614,0.0001,-0.001877,-0.001803
18579.964655,9.104,8.029189,-0.001615,9.8e-05,-0.001876,-0.001801
18581.230446999998,9.104,7.813252,-0.001616,9.8e-05,-0.001878,-0.001798
18583.746794,9.104,8.02462,-0.001616,0.000103,-0.001872,-0.001798
18586.24559,9.104,8.71317,-0.00161,0.000104,-0.001881,-0.001796
18587.496242999998,9.104,8.504193,-0.001606,0.000106,-0.001877,-0.001797
18589.994767999997,9.104,9.249795,-0.001611,0.000102,-0.001878,-0.001802
18591.247037,9.104,8.295323,-0.001615,0.0001,-0.001877,-0.001801
18593.776908,9.104,7.773784,-0.00162,9.5e-05,-0.001874,-0.001805
18596.309282,9.104,7.651394,-0.00162,9.6e-05,-0.00188,-0.001802
18597.573899,9.104,7.771978,-0.001619,9.5e-05,-0.001876,-0.001802
18600.075004,9.104,8.348178,-0.001621,9.4e-05,-0.001874,-0.001801
18601.340959999998,9.104,7.889694,-0.001621,9.6e-05,-0.001878,-0.001801
18603.839896999998,9.104,7.990941,-0.001616,9.9e-05,-0.001871,-0.001802
18606.35541,9.104,7.204277,-0.001616,9.9e-05,-0.001873,-0.001801
18607.620898,9.104,7.948817,-0.001614,9.7e-05,-0.001869,-0.001798
18610.120884,9.104,7.906745,-0.001614,9.6e-05,-0.001873,-0.0018
18611.386913,9.104,8.123425,-0.001616,9.9e-05,-0.001879,-0.001795
18613.917871999998,9.104,8.247302,-0.001609,0.000107,-0.001872,-0.001789
18616.433004,9.104,8.201565,-0.001605,0.000105,-0.001876,-0.001795
18617.683982,9.104,8.418722,-0.001606,0.000108,-0.001879,-0.001793
18620.199848,9.104,7.9298,-0.001605,0.000108,-0.001875,-0.001793
18621.463886999998,9.104,8.637738,-0.001605,0.000106,-0.001876,-0.001793
18623.965018,9.104,7.575697,-0.001605,0.000102,-0.001878,-0.001797
18626.463829,9.104,8.831045,-0.00161,0.000101,-0.001879,-0.001799
18627.714715,9.104,7.61081,-0.001614,9.7e-05,-0.001879,-0.001802
18630.214218,9.104,8.884856,-0.001615,9.8e-05,-0.001882,-0.0018
18631.463593,9.104,7.75891,-0.001611,0.0001,-0.00188,-0.001796
18633.979529999997,9.104,7.609163,-0.001611,9.8e-05,-0.001878,-0.001798
18636.480172,9.104,8.898295,-0.001609,9.8e-05,-0.001874,-0.001801
18637.730445999998,9.104,8.044434,-0.001613,9.7e-05,-0.00188,-0.001801
18640.230388,9.104,8.500635,-0.001612,9.5e-05,-0.001878,-0.001799
18641.480985,9.104,7.645072,-0.001612,9.6e-05,-0.001873,-0.001799
18643.995262999997,9.104,8.067117,-0.001617,9.5e-05,-0.001882,-0.001803
18645.245362999998,9.104,8.212189,-0.001615,9.2e-05,-0.001882,-0.001805
18647.760881,9.104,8.201884,-0.001622,8.9e-05,-0.001875,-0.001809
18650.277600999998,9.104,8.007356,-0.001629,8.6e-05,-0.001876,-0.001817
18651.542869999997,9.104,8.537341,-0.001627,8.6e-05,-0.001881,-0.001816
18654.059248999998,9.104,8.516996,-0.00163,8.1e-05,-0.001878,-0.001824
18655.309373,9.104,7.948233,-0.001632,7.8e-05,-0.001886,-0.001825
18657.839503,9.104,8.293358,-0.001631,7.3e-05,-0.001886,-0.001827
18660.370891,9.104,8.161193,-0.001635,7.5e-05,-0.001887,-0.001823
18661.621640999998,9.104,8.085019,-0.001635,7.5e-05,-0.001886,-0.001827
18664.121614,9.104,7.985046,-0.00163,7.6e-05,-0.001887,-0.001825
18665.371967,9.104,7.966718,-0.001627,8.3e-05,-0.001894,-0.001819
18667.871071999998,9.104,8.649425,-0.001634,8.3e-05,-0.001894,-0.001819
18670.386088,9.104,8.148338,-0.00164,8e-05,-0.001898,-0.001818
18671.651754,9.104,7.748552,-0.001641,8.3e-05,-0.001898,-0.001822
18674.184578,9.104,8.04948,-0.001639,7.4e-05,-0.001899,-0.001827
18675.434494999998,9.104,8.052827,-0.00164,7.2e-05,-0.001904,-0.001831
18677.949869999997,9.104,8.521935,-0.00165,4.7e-05,-0.001904,-0.001852
18680.449010999997,9.105,8.48677,-0.001665,3.6e-05,-0.001913,-0.001859
18681.699978999997,9.105,8.028551,-0.001671,3e-05,-0.001915,-0.001868
18684.214643,9.105,8.098936,-0.001674,3.1e-05,-0.001922,-0.001867
18685.48055,9.105,8.358218,-0.001677,3.2e-05,-0.001926,-0.001861
18688.011862,9.105,7.545418,-0.001673,3.8e-05,-0.001923,-0.001856
18689.260910999998,9.105,8.174951,-0.001662,4.6e-05,-0.001926,-0.001852
18691.778283,9.105,8.006559,-0.001657,4.5e-05,-0.001916,-0.001857
18694.292272,9.105,8.381165,-0.001668,3e-05,-0.00191,-0.001868
18695.559018,9.105,8.055058,-0.001674,2.6e-05,-0.001919,-0.00187
18698.074690999998,9.105,8.544353,-0.001676,2.3e-05,-0.001913,-0.001873
18699.339234,9.105,7.727835,-0.001675,2.7e-05,-0.001914,-0.001867
18701.840275,9.105,8.25272,-0.001668,3.8e-05,-0.001916,-0.00186
18704.370379,9.105,7.964594,-0.001649,5.7e-05,-0.001916,-0.001846
18705.636085,9.105,7.914714,-0.001646,6e-05,-0.00192,-0.001843
18708.152598,9.105,8.603795,-0.00166,4.5e-05,-0.001914,-0.001854
18709.416827,9.105,8.187382,-0.00166,4.4e-05,-0.001918,-0.001852
18711.932273,9.105,8.396306,-0.001659,4.7e-05,-0.001912,-0.001854
18714.448495999997,9.105,8.831629,-0.001654,4.3e-05,-0.001914,-0.00185
18715.69908,9.105,8.016068,-0.001663,3.3e-05,-0.001922,-0.001859
18718.200691,9.105,8.231631,-0.00166,3.9e-05,-0.001921,-0.001861
18719.4493,9.105,7.750357,-0.001663,3.7e-05,-0.00192,-0.001862
18721.965086,9.105,7.960557,-0.001667,3.6e-05,-0.001922,-0.001861
18724.480342,9.105,7.597264,-0.001673,2.3e-05,-0.001924,-0.001871
18725.746013,9.105,8.46159,-0.001668,2.9e-05,-0.001923,-0.001867
18728.277048,9.105,7.457345,-0.001664,3.4e-05,-0.001916,-0.001865
18729.526656,9.105,7.995138,-0.001664,2.6e-05,-0.001905,-0.00187
18732.058707,9.105,7.969056,-0.001666,3.4e-05,-0.001913,-0.001862
18733.324639,9.105,8.142335,-0.001663,4e-05,-0.001906,-0.001861
18735.839856,9.105,8.47604,-0.001659,4.4e-05,-0.001919,-0.001854
18738.354496,9.105,7.980955,-0.00165,5.8e-05,-0.001925,-0.001838
18739.605346,9.105,8.316943,-0.00165,6e-05,-0.001918,-0.001838
18742.120909999998,9.105,8.164699,-0.001654,6.7e-05,-0.001924,-0.001832
18743.371478,9.105,7.796625,-0.001656,6.4e-05,-0.001929,-0.001833
18745.901848999998,9.105,7.859149,-0.001668,3.3e-05,-0.001923,-0.001859
18748.433698,9.105,8.227488,-0.001676,3e-05,-0.001933,-0.001858
18749.699495,9.105,7.935324,-0.001675,3.3e-05,-0.00193,-0.001861
18752.215597,9.105,8.539784,-0.001675,3.4e-05,-0.001928,-0.001859
18753.478571,9.105,8.070622,-0.001672,3e-05,-0.001926,-0.001862
18755.979977,9.105,7.90648,-0.001671,3.5e-05,-0.001919,-0.001862
18758.480816,9.105,8.36831,-0.001671,2.9e-05,-0.001915,-0.001867
18759.745467,9.105,8.094368,-0.001671,3.3e-05,-0.001924,-0.00186
18762.26185,9.105,7.739362,-0.00167,3.6e-05,-0.001918,-0.001856
18763.526898,9.105,7.877954,-0.00167,3.4e-05,-0.001922,-0.001862
18766.043299999998,9.105,8.242149,-0.001684,2.6e-05,-0.001934,-0.001867
18767.308483,9.105,8.746955,-0.00168,3e-05,-0.001935,-0.001861
18769.839304,9.105,8.077741,-0.001677,2.9e-05,-0.001928,-0.001863
18772.354746999998,9.105,7.800556,-0.001676,2.6e-05,-0.001925,-0.001865
18773.604889,9.105,8.078431,-0.001682,2.7e-05,-0.001928,-0.001862
18776.136811,9.105,7.793332,-0.001678,3e-05,-0.001925,-0.001858
18777.401394,9.105,8.187116,-0.001675,2.9e-05,-0.00193,-0.001856
18779.902714,9.105,8.362414,-0.001672,3.5e-05,-0.001928,-0.001855
18782.433715,9.105,8.390994,-0.001678,3e-05,-0.00193,-0.001859
18783.697994,9.105,8.29017,-0.001679,3.1e-05,-0.001935,-0.001857
18786.199536,9.105,7.901593,-0.001676,3e-05,-0.00193,-0.001861
18787.464120999997,9.105,7.865789,-0.001678,2.7e-05,-0.001925,-0.001866
18789.980914,9.105,7.783133,-0.00168,2.9e-05,-0.001934,-0.001863
18792.496697,9.105,7.69065,-0.001675,2.9e-05,-0.001924,-0.001865
18793.745721,9.105,7.023455,-0.001678,2.8e-05,-0.001922,-0.00187
18796.261835999998,9.105,8.383662,-0.001675,2.9e-05,-0.001926,-0.001865
18797.527836,9.105,7.718804,-0.001671,3.1e-05,-0.001924,-0.001861
18800.044883,9.105,8.196997,-0.001667,3.7e-05,-0.001925,-0.001859
18801.293716,9.105,8.692241,-0.001669,3.3e-05,-0.001924,-0.00186
18803.809268999998,9.105,8.445442,-0.001672,3e-05,-0.001924,-0.001867
18806.32379,9.105,7.744992,-0.001674,2.8e-05,-0.001923,-0.001867
18807.57499,9.105,8.025576,-0.001675,3e-05,-0.001929,-0.001864
18810.089081,9.105,8.199281,-0.001676,3.2e-05,-0.001927,-0.001861
18811.355797999997,9.105,7.943187,-0.001673,3.5e-05,-0.001927,-0.001859
18813.870770999998,9.105,8.369585,-0.001661,4.2e-05,-0.001929,-0.001856
18816.387219999997,9.105,8.022974,-0.00166,4.5e-05,-0.001923,-0.001851
18817.651889,9.105,8.349134,-0.001657,4.8e-05,-0.001921,-0.001849
18820.185177,9.105,8.80066,-0.001662,4.5e-05,-0.00191,-0.00185
18821.434976999997,9.105,7.97644,-0.001661,4.7e-05,-0.001914,-0.001849
18823.934279,9.105,7.907224,-0.001662,4.5e-05,-0.00191,-0.001856
18826.449676999997,9.105,8.491391,-0.001662,4.2e-05,-0.001912,-0.001854
18827.714984,9.105,8.342653,-0.001661,4.3e-05,-0.001914,-0.001852
18830.230739,9.105,8.182866,-0.001665,4.2e-05,-0.001919,-0.001853
18831.480839,9.105,8.233012,-0.001665,4.2e-05,-0.001919,-0.001853
18834.012183,9.105,7.616335,-0.001663,4.2e-05,-0.001912,-0.001852
18835.277486,9.105,8.255111,-0.001658,4.9e-05,-0.001917,-0.00185
18837.809720999998,9.105,8.118697,-0.001656,4.9e-05,-0.00191,-0.001847
18840.308842,9.105,8.015005,-0.001653,5.2e-05,-0.001906,-0.001844
18841.573055,9.105,8.190462,-0.001655,5.4e-05,-0.001908,-0.001842
18844.074962,9.105,8.235722,-0.001658,5.1e-05,-0.001913,-0.001845
18845.324094,9.105,7.951314,-0.00166,4.5e-05,-0.001906,-0.001851
18847.823979,9.105,8.82313,-0.001659,4.8e-05,-0.001909,-0.001847
18850.324195,9.105,8.287249,-0.001658,4.8e-05,-0.001909,-0.001849
18851.573814,9.105,8.035775,-0.001659,5e-05,-0.001914,-0.001849
18854.101760999998,9.105,8.38159,-0.001654,5.1e-05,-0.001908,-0.001846
18855.340709,9.105,8.399812,-0.001653,5.3e-05,-0.001905,-0.001843
18857.87092,9.105,7.573944,-0.001647,6e-05,-0.001908,-0.001836
18860.386789999997,9.105,8.787964,-0.00164,6.3e-05,-0.001905,-0.001833
18861.652111,9.105,7.917635,-0.001641,6.2e-05,-0.0019,-0.001835
18864.166129999998,9.105,7.975165,-0.001644,6.3e-05,-0.0019,-0.001837
18865.41874,9.105,7.810862,-0.001643,6.6e-05,-0.001895,-0.001836
18867.950071,9.105,7.920025,-0.001643,5.9e-05,-0.001896,-0.001839
18870.478841999997,9.105,8.518854,-0.001645,6.1e-05,-0.001899,-0.001837
18871.730147,9.105,8.129746,-0.001646,5.9e-05,-0.001896,-0.00184
18874.246689,9.105,7.480877,-0.001645,6.4e-05,-0.001903,-0.001835
18875.495032,9.105,7.895006,-0.001644,6.1e-05,-0.001902,-0.00184
18877.996841,9.105,8.637951,-0.001644,6.2e-05,-0.001901,-0.001832
18879.261452,9.105,7.987117,-0.001641,6.5e-05,-0.001894,-0.00183
18881.7926,9.105,8.391206,-0.00164,6.9e-05,-0.001898,-0.001827
18884.309204999998,9.105,7.645551,-0.001639,7.2e-05,-0.001893,-0.001828
18885.574579,9.105,8.030038,-0.001639,7.7e-05,-0.001891,-0.001826
18888.089815,9.105,8.141645,-0.001635,7.8e-05,-0.001891,-0.001826
18889.340061,9.105,8.184301,-0.001633,7.6e-05,-0.001888,-0.001831
18891.855553,9.105,8.729637,-0.001635,7.6e-05,-0.001889,-0.001826
18894.386584,9.105,8.530807,-0.001635,7.6e-05,-0.001895,-0.001827
18895.650618,9.105,7.648738,-0.001637,7.3e-05,-0.001892,-0.00183
18898.153212999998,9.105,8.183185,-0.001633,7e-05,-0.001887,-0.001832
18899.402948,9.105,7.527995,-0.001635,7.1e-05,-0.001886,-0.00183
18901.90382,9.105,7.977981,-0.001635,7.4e-05,-0.001885,-0.001827
18904.417072,9.105,8.611762,-0.001633,7.9e-05,-0.001886,-0.001822
18905.669073999998,9.105,7.330227,-0.001629,7.9e-05,-0.001887,-0.001822
18908.198709999997,9.105,8.478271,-0.001631,7.7e-05,-0.001891,-0.001824
18909.449420999998,9.105,8.078325,-0.001632,7.3e-05,-0.001884,-0.001829
18911.964437,9.106,7.679495,-0.001634,7.3e-05,-0.001888,-0.001825
18914.495651999998,9.106,8.217501,-0.001632,7.7e-05,-0.001888,-0.001824
18915.746734,9.106,7.972031,-0.001631,7.6e-05,-0.001886,-0.001825
18918.255534,9.106,7.900902,-0.001632,7.7e-05,-0.001886,-0.001826
18919.491646,9.106,7.877263,-0.001629,8e-05,-0.001887,-0.001819
18921.997561,9.106,8.608629,-0.001621,8.7e-05,-0.001877,-0.001815
18924.510817,9.114,7.79721,-0.001616,9.4e-05,-0.00188,-0.001808
18925.761583,9.114,9.192903,-0.001612,9.9e-05,-0.001877,-0.001806
18928.292167,9.118,7.957476,-0.001604,0.000109,-0.001883,-0.001799
18929.543105999997,9.124,8.115775,-0.001602,0.000111,-0.001882,-0.001797
18932.042606,9.111,8.622493,-0.001602,0.000111,-0.001879,-0.001794
18933.294041999998,9.111,7.792004,-0.001605,0.000109,-0.001883,-0.001792
18935.777007999997,9.111,8.281989,-0.001608,0.000103,-0.001885,-0.001794
18938.278082999997,9.111,8.280131,-0.00161,0.000104,-0.001882,-0.001799
18939.542161999998,9.111,7.675192,-0.001607,0.000104,-0.001882,-0.001798
18942.074687,9.111,8.162256,-0.001605,0.000106,-0.001881,-0.0018
18943.339986,9.111,7.924913,-0.001604,0.000103,-0.001877,-0.0018
18945.838105,9.111,7.780742,-0.001597,0.000103,-0.001882,-0.001801
18948.338932,9.111,7.931925,-0.001598,0.00011,-0.001881,-0.001792
18949.589907999998,9.111,7.941221,-0.001601,0.000115,-0.001886,-0.001789
18952.104744999997,9.111,7.593333,-0.0016,0.000124,-0.001892,-0.001785
18953.355612,9.111,7.782283,-0.0016,0.000119,-0.001887,-0.00179
18955.871174,9.111,8.163531,-0.001599,0.000115,-0.00189,-0.001787
18958.355815,9.111,7.861379,-0.001602,0.000107,-0.001889,-0.001789
18959.606084,9.111,7.864356,-0.001602,0.000105,-0.001894,-0.001788
18962.105188999998,9.111,8.250489,-0.001606,0.000104,-0.001891,-0.001795
18963.355079,9.111,7.858299,-0.001607,0.000101,-0.001886,-0.001799
18963.622750000002,9.111,7.822973,-0.001609,9.8e-05,-0.001889,-0.001799
18964.899737,9.111,7.914873,-0.001613,9.6e-05,-0.001886,-0.001802
18966.150044,9.111,7.885975,-0.001615,9.7e-05,-0.001886,-0.0018
18968.680213,9.111,8.270303,-0.001617,9.6e-05,-0.001884,-0.001801
18969.931678,9.111,8.073597,-0.001615,9.4e-05,-0.00188,-0.001802
18972.431965,9.111,8.101539,-0.001615,9.6e-05,-0.001884,-0.001798
18974.947158,9.111,7.892244,-0.001614,9e-05,-0.001878,-0.001799
18976.195994,9.111,8.462813,-0.001612,9.2e-05,-0.001884,-0.001794
18978.69617,9.111,7.801088,-0.001606,9.7e-05,-0.001886,-0.001789
18979.947111,9.111,8.174527,-0.001602,9.6e-05,-0.001882,-0.001789
18982.477253,9.111,7.671633,-0.001597,9.9e-05,-0.001883,-0.001782
18984.994669,9.111,7.507118,-0.001587,0.000103,-0.001879,-0.001774
18986.244049,9.111,8.320396,-0.001583,0.000104,-0.00188,-0.001774
18988.760130000002,9.11,8.308815,-0.001578,0.000107,-0.001883,-0.001767
18990.010813,9.11,7.474981,-0.001576,0.000107,-0.001882,-0.001765
18992.509137,9.109,7.734687,-0.001572,0.000109,-0.001885,-0.001758
18996.306284000002,9.108,7.409004,-0.001571,0.000103,-0.001876,-0.001762
18998.805544000003,9.107,7.775536,-0.001563,0.000104,-0.001871,-0.001758
19000.056893,9.106,7.385154,-0.001562,0.000103,-0.001874,-0.001755
19002.556108,9.105,7.93814,-0.001559,0.000101,-0.00187,-0.001755
19003.807055,9.104,6.929856,-0.001558,9.9e-05,-0.001871,-0.001755
19006.338117,9.104,7.575697,-0.001556,9.8e-05,-0.001865,-0.001754
19008.869208,9.103,7.469562,-0.001552,9.7e-05,-0.001874,-0.001749
19010.135631,9.102,7.316999,-0.001549,9.6e-05,-0.001876,-0.001747
19012.634697,9.101,6.959126,-0.001549,9.7e-05,-0.00188,-0.001742
19013.900303000002,9.101,7.262869,-0.001546,9.3e-05,-0.00188,-0.001743
19016.41468,9.1,7.120613,-0.001542,9e-05,-0.001886,-0.001739
19018.930372000003,9.098,7.298885,-0.001538,9e-05,-0.001889,-0.001737
19020.180934,9.098,6.671477,-0.001536,9e-05,-0.001882,-0.001734
19022.680441,9.096,7.58749,-0.001528,9.2e-05,-0.001882,-0.001731
19023.930366,9.096,7.193919,-0.001536,8.8e-05,-0.001889,-0.001732
19026.431326,9.095,7.363481,-0.001531,9e-05,-0.001888,-0.00173
19028.962771000002,9.095,6.726722,-0.001533,7.6e-05,-0.001887,-0.001737
19030.213777,9.094,6.56906,-0.001524,8.1e-05,-0.00189,-0.001732
19032.71242,9.093,7.001622,-0.001518,8.1e-05,-0.00189,-0.00173
19033.979087,9.093,7.247996,-0.001522,7.9e-05,-0.001887,-0.001727
19036.509591000002,9.092,6.663349,-0.001531,6.5e-05,-0.001894,-0.001734
19039.009047,9.091,7.0753,-0.001528,6.2e-05,-0.001894,-0.001734
19040.259142000003,9.09,6.743827,-0.001522,6.2e-05,-0.001887,-0.001736
19042.775418,9.089,6.618569,-0.001511,6.9e-05,-0.001889,-0.001724
19044.040433000002,9.089,6.90319,-0.001509,7e-05,-0.001895,-0.001715
19046.540926,9.088,6.708768,-0.001511,7.5e-05,-0.001899,-0.00171
19047.805522000002,9.087,6.347973,-0.001514,6.9e-05,-0.001904,-0.001712
19050.337183,9.086,7.117319,-0.001515,5.2e-05,-0.001896,-0.00173
19052.837058,9.085,6.448052,-0.001506,5.7e-05,-0.001895,-0.001718
19054.104013,9.085,7.350678,-0.001504,6e-05,-0.0019,-0.001713
19056.635171,9.084,6.528901,-0.001498,5.6e-05,-0.001894,-0.001719
19057.899816,9.083,6.553974,-0.001502,5.2e-05,-0.001898,-0.001717
19060.415176000002,9.082,6.721145,-0.001505,5.2e-05,-0.001901,-0.001716
19062.930489000002,9.081,6.35934,-0.001501,5.2e-05,-0.001909,-0.001706
19064.180678,9.08,6.43679,-0.001497,5.3e-05,-0.001906,-0.001707
19066.696627,9.079,6.203801,-0.001506,3.2e-05,-0.001908,-0.00172
19067.947025,9.078,6.949883,-0.001505,3.1e-05,-0.001915,-0.00172
19070.463113,9.077,6.41347,-0.001495,3.4e-05,-0.001903,-0.001712
19072.995170000002,9.076,6.064466,-0.001482,4.5e-05,-0.001904,-0.001701
19074.244136,9.076,6.165076,-0.001486,3.5e-05,-0.001898,-0.001709
19076.758179,9.075,6.341969,-0.001473,4.4e-05,-0.001902,-0.001699
19078.009032,9.075,5.864467,-0.001478,3.7e-05,-0.001903,-0.001704
19080.524358000002,9.074,6.143563,-0.001483,2.7e-05,-0.001905,-0.001706
19083.041009,9.073,5.868557,-0.00148,2.8e-05,-0.001907,-0.0017
19084.305669,9.072,6.080083,-0.001471,3.3e-05,-0.0019,-0.001696
19086.822906,9.071,6.367892,-0.001458,4.4e-05,-0.001909,-0.001683
19088.087183,9.071,5.903564,-0.001464,4.1e-05,-0.001911,-0.001685
19090.602847000002,9.07,5.99355,-0.001471,3.6e-05,-0.001914,-0.001687
19091.854279,9.069,6.300961,-0.001469,3.3e-05,-0.001917,-0.00169
19094.369379,9.068,5.894215,-0.001465,2.3e-05,-0.001909,-0.001695
19096.885241,9.067,6.011239,-0.001462,2.7e-05,-0.001905,-0.001691
19098.149883000002,9.067,6.044281,-0.001457,2.3e-05,-0.001904,-0.001688
19100.681613,9.066,5.63626,-0.001456,2.6e-05,-0.001918,-0.001684
19101.946013,9.065,6.102341,-0.001459,2.2e-05,-0.001923,-0.001688
19104.462796,9.064,5.798916,-0.001449,2.6e-05,-0.001917,-0.001676
19106.977864,9.063,5.728266,-0.001447,1.7e-05,-0.001915,-0.001681
19108.243731000002,9.063,5.749354,-0.001449,1.6e-05,-0.001923,-0.001684
19110.745031000002,9.062,5.273819,-0.001452,1.1e-05,-0.001921,-0.001685
19111.99451,9.061,5.811028,-0.001445,1.5e-05,-0.001923,-0.001675
19114.509107,9.06,5.812462,-0.00143,2.5e-05,-0.001914,-0.001664
19117.026443000002,9.06,5.466274,-0.001428,1.6e-05,-0.001914,-0.001664
19118.289891,9.059,5.396634,-0.001424,2e-05,-0.001912,-0.001661
19120.806637,9.058,5.477589,-0.001421,2e-05,-0.001915,-0.001658
19122.071896,9.057,5.535969,-0.001424,1.6e-05,-0.001915,-0.001661
19124.60257,9.056,5.369967,-0.00142,1.8e-05,-0.001918,-0.001653
19125.869778,9.056,5.549993,-0.001418,1.9e-05,-0.001916,-0.001653
19128.384775000002,9.055,5.606513,-0.001417,1.1e-05,-0.001921,-0.001664
19130.899508000002,9.054,5.387391,-0.001422,2e-06,-0.001924,-0.001666
19132.149492,9.053,5.376289,-0.001413,6e-06,-0.001928,-0.00166
19134.665453,9.052,5.442902,-0.001402,3e-06,-0.001919,-0.00166
19135.915008,9.052,5.281149,-0.001411,-1e-06,-0.00192,-0.001662
19138.430656,9.051,4.991319,-0.001411,-0.0,-0.001928,-0.001656
19140.947118,9.05,5.259064,-0.001416,-9e-06,-0.001931,-0.001664
19142.212519,9.049,5.061698,-0.001421,-1.4e-05,-0.001933,-0.001666
19144.744772000002,9.048,5.349835,-0.001418,-1.7e-05,-0.001926,-0.001663
19146.008819000002,9.048,5.037166,-0.001411,-7e-06,-0.00193,-0.001651
19148.524895000002,9.047,5.063194,-0.00141,-1.2e-05,-0.001926,-0.001649
19151.024485,9.046,5.119768,-0.0014,-7e-06,-0.001923,-0.001646
19152.2753,9.045,5.275731,-0.001395,-3e-06,-0.001927,-0.001641
19154.805312,9.044,5.039469,-0.001387,4e-06,-0.001926,-0.001629
19156.056784,9.044,4.854846,-0.001394,0.0,-0.00193,-0.00164
19158.555954,9.043,4.929677,-0.001401,-1.7e-05,-0.001936,-0.001645
19159.805930000002,9.042,4.698458,-0.001396,-2e-05,-0.001935,-0.001643
19162.337853,9.041,4.98648,-0.001397,-2.1e-05,-0.001931,-0.001642
19164.869328,9.04,5.001494,-0.001395,-1.9e-05,-0.001931,-0.001637
19166.118406,9.04,4.697201,-0.001389,-1.5e-05,-0.00194,-0.001632
19168.634764000002,9.039,4.872396,-0.00138,-1e-05,-0.001932,-0.001624
19169.899689,9.038,4.724114,-0.001383,-1.8e-05,-0.001932,-0.001629
19172.415605000002,9.037,4.63992,-0.001385,-2.3e-05,-0.001936,-0.00163
19174.931116,9.036,4.599823,-0.001368,-1.5e-05,-0.001924,-0.001618
19176.197403000002,9.036,4.569313,-0.001366,-1.4e-05,-0.001923,-0.001616
19178.728238,9.035,4.382308,-0.001372,-1.9e-05,-0.001919,-0.001617
19179.993046,9.034,5.018201,-0.001365,-1.2e-05,-0.001922,-0.001605
19182.492601,9.034,4.583424,-0.001347,-3e-06,-0.00192,-0.001596
19185.008811,9.032,4.354651,-0.001335,1.6e-05,-0.001925,-0.00158
19186.260126,9.032,4.653263,-0.001339,1.3e-05,-0.001931,-0.001577
19188.774987,9.031,4.386111,-0.00134,5e-06,-0.001931,-0.001581
19190.025133,9.031,3.602457,-0.00134,2e-06,-0.00193,-0.001584
19192.556176000002,9.03,4.260939,-0.001338,-7e-06,-0.001922,-0.001589
19193.806006000003,9.029,4.166479,-0.001338,-6e-06,-0.001923,-0.001587
19196.322993,9.028,4.456995,-0.001338,-1.3e-05,-0.001923,-0.001589
19198.838142,9.028,4.236604,-0.001334,-1.3e-05,-0.001926,-0.001587
19200.102729000002,9.027,4.534828,-0.001334,-1.5e-05,-0.001931,-0.001588
19202.634507000002,9.026,4.667449,-0.001328,-1e-05,-0.001932,-0.001577
19203.883904000002,9.026,4.254663,-0.001325,-8e-06,-0.001929,-0.001575
19206.383997,9.025,4.142749,-0.001315,-2e-06,-0.001927,-0.001567
19208.879322,9.024,3.924592,-0.001309,1e-06,-0.001923,-0.00156
19210.117632,9.023,4.605951,-0.001305,3e-06,-0.001914,-0.001559
19212.635132,9.022,4.121035,-0.001299,7e-06,-0.001912,-0.001556
19213.899722000002,9.022,3.924814,-0.001297,8e-06,-0.001911,-0.001554
19216.3997,9.021,4.05961,-0.001296,5e-06,-0.001905,-0.00155
19218.931421,9.02,4.319743,-0.001295,6e-06,-0.001914,-0.001545
19220.181001,9.02,4.098784,-0.001292,6e-06,-0.00191,-0.001544
19222.696945,9.019,4.003072,-0.001286,8e-06,-0.001908,-0.001544
19223.960735,9.018,3.937282,-0.001282,5e-06,-0.001904,-0.001541
19226.478600000002,9.017,3.890548,-0.00128,7e-06,-0.0019,-0.001538
19228.993979000003,9.016,3.906044,-0.001276,1e-05,-0.001905,-0.001532
19230.259504,9.016,3.973453,-0.001273,1.1e-05,-0.0019,-0.001528
19232.774626000002,9.015,3.723825,-0.001266,1.4e-05,-0.0019,-0.001523
19234.040029,9.014,3.423553,-0.001263,1.6e-05,-0.001896,-0.001521
19236.555249,9.013,4.190931,-0.001256,2.1e-05,-0.001899,-0.001514
19237.822097,9.013,3.986631,-0.001254,1.8e-05,-0.001901,-0.001512
19240.354184,9.012,3.803483,-0.001256,1.3e-05,-0.001901,-0.00151
19242.867739,9.011,3.661175,-0.001251,1.4e-05,-0.001899,-0.001511
19244.133984,9.01,3.681993,-0.001248,1.5e-05,-0.001895,-0.001511
19246.63487,9.009,3.963845,-0.001247,9e-06,-0.001894,-0.001513
19247.900213,9.008,3.592748,-0.001248,8e-06,-0.001894,-0.001514
19250.414819,9.007,3.802215,-0.001246,5e-06,-0.001893,-0.001511
19252.915467000003,9.006,3.455756,-0.001242,8e-06,-0.001896,-0.001506
19254.180748000002,9.006,3.60417,-0.001237,1.3e-05,-0.0019,-0.001497
19256.697357,9.005,3.306206,-0.001223,1.8e-05,-0.001898,-0.00149
19257.963069,9.005,3.800709,-0.001218,2.3e-05,-0.0019,-0.001485
19260.494471,9.004,3.995921,-0.001217,2.1e-05,-0.001899,-0.001484
19263.009618,9.002,3.601889,-0.00122,1.6e-05,-0.001905,-0.001486
19264.274535,9.002,3.505598,-0.001217,1.7e-05,-0.001902,-0.001489
19266.774384,9.001,3.471751,-0.001215,1.5e-05,-0.0019,-0.001485
19268.040478000003,9.001,3.183702,-0.001211,1.6e-05,-0.001897,-0.001486
19270.571635,9.0,3.277536,-0.001207,2.2e-05,-0.001898,-0.001475
19271.822193,8.999,3.358983,-0.001205,2.6e-05,-0.001896,-0.001473
19274.352141,8.998,3.857565,-0.001196,2.8e-05,-0.001897,-0.001468
19276.852468,8.997,3.382299,-0.001192,2.6e-05,-0.001898,-0.001465
19278.11836,8.997,3.760054,-0.001194,2.8e-05,-0.001893,-0.001464
19280.619233,8.996,3.581013,-0.001188,2.6e-05,-0.001889,-0.001464
19281.868942,8.996,3.306896,-0.001186,2.7e-05,-0.001895,-0.00146
19284.40132,8.995,2.947194,-0.001183,2.8e-05,-0.001891,-0.00146
19286.930369,8.994,3.193793,-0.001181,2.9e-05,-0.001888,-0.001455
19288.194639,8.993,3.079231,-0.001177,3e-05,-0.001886,-0.001452
19290.696212000003,8.993,3.02307,-0.001175,2.3e-05,-0.001887,-0.001457
19291.947202,8.992,3.647525,-0.001179,2.1e-05,-0.001893,-0.001458
19294.478992,8.991,3.061888,-0.001175,1.9e-05,-0.001889,-0.001455
19296.993873,8.99,3.305617,-0.001173,2.2e-05,-0.001888,-0.001448
19298.243893000003,8.989,3.066668,-0.001171,2.2e-05,-0.001892,-0.001446
19300.744882,8.988,3.302078,-0.001169,2.2e-05,-0.001894,-0.001441
19302.009720000002,8.988,2.793793,-0.001167,2.3e-05,-0.001893,-0.00144
19304.540455000002,8.987,3.06139,-0.001168,1.8e-05,-0.001886,-0.001445
19307.041,8.986,3.030439,-0.001162,2.1e-05,-0.001887,-0.001443
19308.290929000003,8.985,2.855482,-0.001158,2.3e-05,-0.001889,-0.001441
19310.790527,8.984,2.975063,-0.001156,2.2e-05,-0.001889,-0.001435
19312.055865000002,8.984,2.87334,-0.001157,2.2e-05,-0.001887,-0.001434
19314.555354,8.983,2.873196,-0.001155,1.9e-05,-0.001885,-0.001437
19315.822017000002,8.982,2.933236,-0.001154,1.9e-05,-0.001889,-0.001434
19318.353912000002,8.981,3.140279,-0.00115,1.9e-05,-0.001884,-0.001432
19322.134498,8.98,2.956128,-0.001144,1.9e-05,-0.001887,-0.001429
19324.645436000003,8.978,2.737239,-0.001145,1.6e-05,-0.001888,-0.001431
19325.900242,8.976,2.609334,-0.001143,1.5e-05,-0.00189,-0.001429
19328.430984000002,8.974,2.689921,-0.001138,1.4e-05,-0.001891,-0.001425
19330.929911,8.974,2.665283,-0.001133,1.2e-05,-0.001891,-0.001423
19332.180623,8.974,2.657665,-0.001129,1.6e-05,-0.001895,-0.001417
19334.712633,8.974,2.621404,-0.001121,2.2e-05,-0.001888,-0.001414
19335.978505,8.973,2.760099,-0.001118,2.2e-05,-0.001887,-0.001411
19338.494417,8.972,2.752253,-0.00112,2.5e-05,-0.001891,-0.001406
19340.994119000003,8.971,1.388113,-0.001112,2.5e-05,-0.001883,-0.001407
19342.244047,8.971,2.608475,-0.001111,2.4e-05,-0.001888,-0.001406
19344.775079,8.97,3.167081,-0.001108,2.4e-05,-0.001887,-0.001401
19346.024654,8.969,2.194692,-0.001104,2.7e-05,-0.00189,-0.0014
19348.555663,8.968,2.380943,-0.001093,3.9e-05,-0.001895,-0.001387
19351.072331,8.968,2.373113,-0.001092,3.7e-05,-0.001894,-0.001393
19352.337044,8.967,2.487849,-0.001088,3.7e-05,-0.001896,-0.001396
19354.838075,8.966,2.37915,-0.001088,3.1e-05,-0.001896,-0.001393
19356.104603,8.966,2.438585,-0.001085,3.1e-05,-0.001895,-0.001393
19358.60386,8.965,2.331185,-0.001085,2.8e-05,-0.001896,-0.001391
19359.869132,8.964,2.360948,-0.001085,2.5e-05,-0.001891,-0.001391
19362.383627,8.963,2.383161,-0.001091,2.1e-05,-0.001895,-0.001392
19364.8841,8.962,2.302982,-0.001089,1.9e-05,-0.001893,-0.001391
19366.135621,8.962,2.381617,-0.001089,1.8e-05,-0.001891,-0.001394
19368.635168,8.961,2.279353,-0.00109,1.6e-05,-0.001891,-0.001395
19369.885204000002,8.96,2.70546,-0.001089,1.5e-05,-0.001891,-0.001392
19372.368786,8.959,2.185195,-0.001083,1.6e-05,-0.001893,-0.00139
19374.899931,8.958,1.943674,-0.00108,1.5e-05,-0.001892,-0.001384
19376.164919000003,8.958,2.153831,-0.001081,1.4e-05,-0.001895,-0.001385
19378.680266,8.957,2.202437,-0.00108,1.3e-05,-0.00189,-0.001385
19379.929775,8.956,2.013432,-0.001077,1.4e-05,-0.00189,-0.001384
19382.431067,8.955,2.132424,-0.001067,1.7e-05,-0.001894,-0.001379
19384.962591,8.951,2.039481,-0.001066,1.5e-05,-0.001892,-0.001374
19386.2287,8.951,2.008711,-0.001064,1.2e-05,-0.001888,-0.001376
19388.744352,8.951,2.083679,-0.001064,8e-06,-0.001883,-0.001376
19390.009236,8.951,2.067228,-0.001059,1.6e-05,-0.001888,-0.001371
19392.523522,8.951,2.022324,-0.001051,1.7e-05,-0.001891,-0.001366
19395.040825,8.949,1.948141,-0.00105,1.5e-05,-0.001881,-0.001369
19396.305924,8.949,1.856699,-0.001049,1.4e-05,-0.001885,-0.001368
19398.837219,8.949,1.857983,-0.001053,1e-05,-0.001885,-0.001374
19400.103121,8.949,1.865288,-0.001054,1e-05,-0.001884,-0.001374
19402.634376,8.949,1.901598,-0.001053,1e-05,-0.001891,-0.00137
19403.899099000002,8.948,1.879374,-0.001051,8e-06,-0.001889,-0.001372
19406.415608,8.945,1.801472,-0.001049,9e-06,-0.001892,-0.001368
19408.931448,8.944,1.756441,-0.001043,1.4e-05,-0.001886,-0.00136
19410.180055,8.944,1.719999,-0.001041,1.7e-05,-0.001892,-0.001358
19412.680929000002,8.943,1.755862,-0.001036,1.3e-05,-0.001888,-0.001357
19416.431014,8.942,1.595378,-0.001033,1.5e-05,-0.001877,-0.001352
19418.947117,8.942,1.992689,-0.001025,1.6e-05,-0.001877,-0.001348
19420.213207,8.941,1.502929,-0.001021,2.2e-05,-0.001879,-0.001343
19422.74448,8.94,1.572698,-0.00102,2.2e-05,-0.001881,-0.001343
19424.009367000002,8.94,1.963266,-0.001017,2.1e-05,-0.001876,-0.001347
19426.540948,8.939,1.680634,-0.001016,2.4e-05,-0.001883,-0.001341
19429.040883,8.939,1.658856,-0.001017,2.2e-05,-0.00188,-0.001346
19430.305826,8.939,1.160205,-0.001017,2.1e-05,-0.00188,-0.001345
19432.821316,8.939,1.797917,-0.00102,2.1e-05,-0.00188,-0.001346
19434.071302,8.939,0.268631,-0.001024,2e-05,-0.001878,-0.00135
19436.584516000003,8.939,1.612928,-0.001023,2.2e-05,-0.00188,-0.00135
19439.087593,8.939,1.539488,-0.001025,2.6e-05,-0.001882,-0.001346
19440.352594,8.939,1.688098,-0.001024,2.5e-05,-0.001879,-0.001352
19442.884539000002,8.939,1.581839,-0.001033,2.4e-05,-0.001881,-0.00135
19444.15067,8.939,1.757857,-0.001036,2.2e-05,-0.001879,-0.001352
19446.665044,8.939,1.819414,-0.001039,2.5e-05,-0.001882,-0.001353
19447.915791,8.939,1.598965,-0.001038,2.2e-05,-0.001876,-0.001358
19450.430777,8.94,1.741172,-0.001041,2.1e-05,-0.001879,-0.001361
19452.931588,8.941,1.855166,-0.001038,2.7e-05,-0.001884,-0.001357
19454.180210000002,8.941,1.794686,-0.001039,2.6e-05,-0.001885,-0.00136
19456.680189000002,8.942,1.905285,-0.001043,2.3e-05,-0.001883,-0.001364
19457.932325,8.943,1.858747,-0.001044,2.3e-05,-0.001888,-0.001365
19460.446958,8.944,1.923901,-0.001049,2.8e-05,-0.001888,-0.001367
19462.961844,8.945,2.43076,-0.001051,2.9e-05,-0.001889,-0.00137
19464.212693,8.945,2.07318,-0.001053,2.8e-05,-0.001884,-0.00137
19466.727715,8.946,2.188028,-0.001056,2.2e-05,-0.001887,-0.001377
19467.992990000002,8.947,2.060294,-0.001063,1.6e-05,-0.001883,-0.001384
19470.509248000002,8.948,1.968009,-0.001071,1.1e-05,-0.001885,-0.001392
19473.025892,8.949,1.617501,-0.00109,-4e-06,-0.001894,-0.00141
19474.290569,8.949,2.122593,-0.001093,-6e-06,-0.001894,-0.001413
19476.806579,8.951,2.094672,-0.001096,-8e-06,-0.00189,-0.001419
19478.055834000003,8.951,2.16234,-0.0011,-8e-06,-0.001895,-0.001419
19480.539885000002,8.952,1.896446,-0.0011,-3e-06,-0.001894,-0.001415
19483.040563000002,8.953,2.224136,-0.001104,-6e-06,-0.00189,-0.001425
19484.307937,8.954,2.39384,-0.001106,-5e-06,-0.001888,-0.001424
19486.822031,8.955,2.399718,-0.001107,-4e-06,-0.001898,-0.001426
19488.087385000003,8.956,2.329737,-0.001108,0.0,-0.001901,-0.001426
19490.602837000002,8.956,2.348496,-0.001115,-1.1e-05,-0.001898,-0.001436
19491.854249,8.957,2.186235,-0.001128,-2.8e-05,-0.001893,-0.001456
19494.368334000003,8.958,2.4896,-0.001134,-2.3e-05,-0.001909,-0.001447
19496.884114,8.959,2.411634,-0.001143,-3e-05,-0.001913,-0.001459
19498.135132,8.959,1.971585,-0.001147,-3.3e-05,-0.001916,-0.001464
19500.649435,8.96,2.398509,-0.001141,-2.7e-05,-0.00191,-0.001461
19501.915912,8.961,2.620528,-0.001144,-2.8e-05,-0.001907,-0.001463
19504.430948,8.962,2.469615,-0.00114,-2.1e-05,-0.001904,-0.001457
19506.930939,8.963,2.640259,-0.001158,-3.2e-05,-0.00191,-0.001472
19508.181668,8.963,2.592824,-0.001153,-2.6e-05,-0.001911,-0.001467
19510.681662000003,8.964,2.592336,-0.001154,-2.6e-05,-0.001917,-0.001472
19511.930861,8.964,2.70302,-0.001171,-3.9e-05,-0.001925,-0.00148
19514.446134,8.965,2.713259,-0.001179,-4.6e-05,-0.001931,-0.001492
19516.962043,8.966,2.66861,-0.00117,-3.4e-05,-0.001921,-0.001485
19518.228116000002,8.967,2.61257,-0.001164,-2.6e-05,-0.001912,-0.00148
19520.712596,8.968,2.800732,-0.001164,-1.9e-05,-0.00191,-0.001472
19521.978575,8.968,2.861976,-0.001166,-1.8e-05,-0.001912,-0.00147
19524.494226000003,8.969,2.832956,-0.00118,-3e-05,-0.001916,-0.001482
19527.00879,8.97,2.894242,-0.00118,-2.2e-05,-0.001918,-0.001485
19528.259052,8.971,2.882252,-0.001185,-2.9e-05,-0.001919,-0.001492
19530.774935,8.972,3.159696,-0.001196,-3.4e-05,-0.001932,-0.001493
19532.039566,8.972,2.848299,-0.001192,-2.7e-05,-0.001929,-0.001492
19534.555977,8.973,2.764662,-0.001197,-3.1e-05,-0.001934,-0.001498
19537.072493,8.974,3.217035,-0.001203,-4.4e-05,-0.001923,-0.001513
19538.321846000003,8.974,2.875234,-0.001211,-5.5e-05,-0.001927,-0.001523
19540.851953,8.976,2.616878,-0.001214,-4.5e-05,-0.001938,-0.001516
19542.119166,8.976,3.053315,-0.001213,-4.8e-05,-0.00193,-0.00152
19544.649948000002,8.977,2.887653,-0.001213,-3.6e-05,-0.001933,-0.001516
19545.913044,8.978,3.207953,-0.00122,-4.5e-05,-0.001927,-0.001523
19548.431703000002,8.979,3.058408,-0.001216,-4e-05,-0.001928,-0.001521
19550.962109,8.98,1.845399,-0.001209,-3.2e-05,-0.001928,-0.001513
19552.227118000003,8.98,3.096521,-0.001212,-3e-05,-0.001927,-0.001514
19554.741773,8.981,3.582095,-0.001223,-4.1e-05,-0.001933,-0.001525
19555.994252,8.982,3.036609,-0.001225,-3.8e-05,-0.001926,-0.001524
19558.510924000002,8.983,3.13934,-0.001229,-3.6e-05,-0.001927,-0.001519
19561.010764000002,8.984,3.169781,-0.001225,-3.1e-05,-0.001923,-0.001521
19562.259536,8.984,3.12571,-0.001221,-2.1e-05,-0.001933,-0.001514
19564.774343,8.986,3.387376,-0.001225,-1.4e-05,-0.001932,-0.001514
19566.025784,8.986,3.311543,-0.00123,-1.6e-05,-0.001934,-0.001515
19568.556826,8.987,2.838999,-0.001233,-1.2e-05,-0.001936,-0.00151
19571.087552,8.988,3.337639,-0.001232,-8e-06,-0.001932,-0.00152
19572.352843,8.989,4.126961,-0.001228,-3e-06,-0.001933,-0.001516
19574.853786,8.989,3.558815,-0.001233,-5e-06,-0.001928,-0.001515
19576.116922,8.99,3.506076,-0.001234,-2e-06,-0.001931,-0.001513
19578.634878,8.991,3.558036,-0.00124,-7e-06,-0.001933,-0.001516
19579.899457,8.991,3.523143,-0.001247,-1.1e-05,-0.001934,-0.001521
19582.431922,8.992,3.738329,-0.001251,-1.8e-05,-0.00193,-0.001529
19584.961954000002,8.993,3.536459,-0.001256,-1.5e-05,-0.001931,-0.001533
19586.226996,8.994,3.482399,-0.001253,-1.2e-05,-0.001926,-0.001534
19588.743202,8.995,3.815935,-0.001253,-9e-06,-0.001924,-0.001537
19590.009307,8.995,3.70324,-0.001254,-9e-06,-0.001919,-0.00154
19592.524672,8.996,2.905113,-0.00126,-1e-05,-0.001919,-0.001537
19595.055876000002,8.997,3.668868,-0.001258,-8e-06,-0.001918,-0.001536
19596.306221000003,8.997,5.060117,-0.001257,-1e-05,-0.001913,-0.001541
19598.82113,8.998,3.753651,-0.001263,-1e-05,-0.001912,-0.001543
19600.086789,8.999,3.415706,-0.001263,-9e-06,-0.001908,-0.001544
19602.586793000002,9.0,3.755174,-0.001266,-7e-06,-0.001906,-0.001543
19603.852908,9.0,4.003868,-0.001266,-3e-06,-0.001908,-0.001541
19606.383182,9.001,3.858594,-0.001265,-3e-06,-0.001902,-0.001541
19608.899933,9.002,4.144776,-0.001267,9e-06,-0.00191,-0.001537
19610.165802,9.002,4.500705,-0.00127,8e-06,-0.001904,-0.001539
19612.67996,9.003,3.951123,-0.001272,1e-05,-0.00191,-0.001543
19613.930677,9.004,3.897848,-0.001271,1.2e-05,-0.001904,-0.00154
19616.461364000003,9.005,4.189589,-0.001268,1.3e-05,-0.001913,-0.001538
19618.961995,9.006,4.306533,-0.001273,1.1e-05,-0.001912,-0.001545
19620.211157,9.006,4.005677,-0.001272,1.1e-05,-0.001903,-0.001549
19622.728733,9.007,4.535889,-0.00128,1.3e-05,-0.001902,-0.001548
19623.978821,9.008,4.308146,-0.001281,1.4e-05,-0.001899,-0.001548
19626.477683,9.009,4.304013,-0.001281,2e-05,-0.001899,-0.001543
19629.008844,9.01,4.53321,-0.00128,2.5e-05,-0.001897,-0.001542
19630.258996,9.01,4.210566,-0.00128,2.6e-05,-0.001898,-0.001541
19632.7748,9.011,4.164156,-0.001279,2.2e-05,-0.001896,-0.00155
19634.039579,9.012,4.289285,-0.001286,1.8e-05,-0.001895,-0.001557
19636.540032,9.013,3.943765,-0.001293,1.7e-05,-0.001901,-0.001559
19639.056681000002,9.014,4.056698,-0.001293,2.1e-05,-0.001899,-0.001558
19640.306815,9.014,4.454937,-0.001293,2.3e-05,-0.001908,-0.001556
19642.838444,9.015,4.459165,-0.001297,2.1e-05,-0.001901,-0.001559
19644.102734,9.015,4.334889,-0.001298,2.6e-05,-0.001906,-0.001556
19646.618125,9.016,4.140409,-0.001304,2.2e-05,-0.001898,-0.001564
19647.868385,9.017,4.387883,-0.001307,2.4e-05,-0.001904,-0.001564
19650.36924,9.018,4.429668,-0.001309,2.6e-05,-0.001901,-0.001567
19652.899482,9.019,4.553604,-0.001312,2.4e-05,-0.001893,-0.001571
19654.164814,9.019,4.475314,-0.00131,2.7e-05,-0.001899,-0.001565
19656.665654,9.02,4.654929,-0.001309,3.3e-05,-0.0019,-0.00157
19657.931574000002,9.021,4.786716,-0.00131,3.1e-05,-0.001897,-0.001572
19660.447424,9.022,4.505411,-0.001318,3.6e-05,-0.001904,-0.00157
19662.978763,9.023,5.151479,-0.00132,3.8e-05,-0.001896,-0.001571
19664.244241,9.023,4.825811,-0.001318,4.1e-05,-0.001897,-0.001571
19666.76017,9.024,4.596268,-0.001319,3.9e-05,-0.001893,-0.001575
19668.026513,9.026,5.061016,-0.001321,3.7e-05,-0.001897,-0.001577
19670.556344,9.027,4.492121,-0.001325,3.7e-05,-0.001891,-0.001582
19673.071817,9.029,5.096979,-0.001327,4.1e-05,-0.001892,-0.001578
19674.337673,9.029,4.900525,-0.001327,4.3e-05,-0.001891,-0.001579
19676.854248,9.03,5.222238,-0.001329,5.5e-05,-0.001901,-0.001575
19678.11705,9.03,4.514573,-0.001327,5.9e-05,-0.001902,-0.001576
19680.634684,9.031,4.811858,-0.001328,6.2e-05,-0.001906,-0.001573
19681.884644,9.031,5.048215,-0.00133,5.8e-05,-0.001906,-0.001578
19684.415762,9.032,4.934882,-0.001335,5.8e-05,-0.0019,-0.001584
19686.94728,9.033,5.055386,-0.001345,5.3e-05,-0.001903,-0.001584
19688.197075,9.034,4.72969,-0.001349,5.3e-05,-0.0019,-0.001588
19690.713001,9.034,5.323965,-0.001347,5.5e-05,-0.001908,-0.001585
19691.977069,9.035,5.090499,-0.001347,5.5e-05,-0.001905,-0.001585
19694.494053000002,9.036,5.259786,-0.00135,5.7e-05,-0.001905,-0.001588
19696.993154,9.037,5.485663,-0.001355,6.4e-05,-0.001906,-0.001592
19698.259773,9.037,5.241043,-0.001354,6.6e-05,-0.001901,-0.001596
19700.759789,9.038,5.237589,-0.001358,6.7e-05,-0.001909,-0.001595
19702.008475000002,9.039,5.159556,-0.001362,6.8e-05,-0.001907,-0.001594
19704.509106,9.039,5.17411,-0.001367,6.4e-05,-0.001908,-0.001594
19707.009569,9.039,4.918223,-0.001369,5.6e-05,-0.001907,-0.0016
19708.259689000002,9.04,5.030738,-0.001369,5e-05,-0.001904,-0.001603
19710.775153000002,9.04,5.310578,-0.001374,5e-05,-0.001907,-0.0016
19712.025161,9.04,5.117165,-0.00137,4.8e-05,-0.0019,-0.0016
19714.541914,9.04,5.058733,-0.001366,5.3e-05,-0.001905,-0.001596
19717.055867,9.04,5.188293,-0.001362,5e-05,-0.001903,-0.001595
19718.306807,9.04,5.15095,-0.00136,5e-05,-0.001902,-0.001593
19720.806233,9.04,5.036487,-0.001356,4.9e-05,-0.001897,-0.001593
19722.055673000003,9.04,4.944999,-0.001355,5.1e-05,-0.001903,-0.00159
19724.572157000002,9.04,4.487617,-0.001347,5.3e-05,-0.001898,-0.001586
19727.10261,9.04,4.83527,-0.00134,5.3e-05,-0.001897,-0.001582
19728.354345,9.04,4.904254,-0.001335,5.7e-05,-0.001897,-0.001578
19730.869029,9.039,4.890365,-0.001327,5.6e-05,-0.001893,-0.001577
19732.133291000002,9.038,4.572204,-0.001324,5.9e-05,-0.001895,-0.001572
19734.666022,9.038,4.767326,-0.001319,5.9e-05,-0.001892,-0.001569
19735.931757000002,9.037,4.83744,-0.001317,5.8e-05,-0.001896,-0.001566
19738.430832000002,9.036,5.176979,-0.001313,5e-05,-0.001888,-0.001568
19740.930921,9.035,4.185324,-0.001314,4.8e-05,-0.001888,-0.001563
19742.181365,9.035,4.807561,-0.001317,5.2e-05,-0.001893,-0.001562
19744.680592,9.034,4.470125,-0.001309,5e-05,-0.001895,-0.001558
19745.946910000002,9.033,5.004443,-0.001306,5e-05,-0.001887,-0.001557
19748.46181,9.032,4.585753,-0.001304,4.9e-05,-0.00189,-0.001554
19750.977642,9.031,4.454677,-0.001303,4.3e-05,-0.00189,-0.00155
19752.244161000002,9.031,4.599441,-0.001302,4.5e-05,-0.001891,-0.001545
19754.756992000002,9.03,4.751484,-0.00129,5.1e-05,-0.001886,-0.001544
19756.007267,9.03,4.786106,-0.001288,5.1e-05,-0.001891,-0.001541
19758.524388,9.029,4.261168,-0.001283,5.3e-05,-0.001891,-0.00154
19761.055743,9.028,4.402298,-0.001283,4.5e-05,-0.001889,-0.001543
19762.306003,9.027,4.154139,-0.001283,4.6e-05,-0.001894,-0.00154
19764.821719,9.026,4.262176,-0.001277,4.7e-05,-0.001884,-0.001538
19766.087174,9.026,4.623049,-0.00128,4.7e-05,-0.001891,-0.001536
19768.602237,9.025,4.480343,-0.001282,4.3e-05,-0.001884,-0.001535
19771.118109,9.024,4.466911,-0.001284,4e-05,-0.001885,-0.001535
19772.385311000002,9.024,4.010574,-0.001281,4.2e-05,-0.001883,-0.001531
19774.899272000002,9.023,4.03979,-0.001276,4.5e-05,-0.001885,-0.001525
19776.150297,9.022,4.655862,-0.001273,4.9e-05,-0.001884,-0.001521
19778.665627000002,9.021,4.173413,-0.001266,4.9e-05,-0.00188,-0.001521
19779.930937,9.021,4.232933,-0.001264,5e-05,-0.001881,-0.001517
19782.445905,9.02,4.191764,-0.001258,5e-05,-0.00188,-0.001515
19784.962118,9.019,4.137406,-0.001247,5.4e-05,-0.001884,-0.001509
19786.211843,9.018,4.213871,-0.001242,5.5e-05,-0.001885,-0.001503
19788.729049,9.017,4.165917,-0.001236,5.3e-05,-0.001884,-0.001501
19789.994643,9.017,3.790825,-0.001236,5e-05,-0.001887,-0.001501
19792.509622,9.016,4.283046,-0.001236,5.1e-05,-0.001886,-0.001504
19795.009346000003,9.015,4.111825,-0.001234,4.9e-05,-0.001883,-0.001504
19796.260995,9.014,3.720525,-0.001234,4.8e-05,-0.001889,-0.001497
19798.790618,9.014,3.760007,-0.00123,4.6e-05,-0.001883,-0.001494
19800.056798,9.013,3.7028,-0.001226,5.4e-05,-0.001885,-0.001485
19802.587491000002,9.012,3.694932,-0.001217,5.9e-05,-0.001887,-0.001485
19805.118863,9.011,3.854652,-0.001212,5.8e-05,-0.00189,-0.001478
19806.384586,9.01,4.137279,-0.001212,5.7e-05,-0.001892,-0.001478
19808.915543,9.009,3.780326,-0.001209,5.2e-05,-0.001886,-0.001482
19810.181264000003,9.009,3.533244,-0.001207,5.1e-05,-0.001885,-0.001479
19812.696009,9.008,4.039859,-0.001204,4.7e-05,-0.001883,-0.001476
19813.9622,9.007,4.008717,-0.001201,4.9e-05,-0.001888,-0.001474
19816.494096000002,9.006,3.563272,-0.001203,4.2e-05,-0.001888,-0.001476
19819.009616,9.005,3.926199,-0.0012,4.4e-05,-0.001884,-0.001473
19820.25951,9.004,2.746894,-0.001198,4.4e-05,-0.001882,-0.001472
19822.791,9.003,3.622463,-0.001196,4.4e-05,-0.001886,-0.001468
19824.056781,9.003,3.650405,-0.001194,4.4e-05,-0.001881,-0.00147
19826.571,9.002,3.315506,-0.001189,4.4e-05,-0.001884,-0.001464
19829.087005,9.001,3.874812,-0.001186,4.1e-05,-0.001887,-0.001463
19830.353633000002,9.0,3.670205,-0.001186,3.9e-05,-0.001888,-0.001461
19832.883486000002,9.0,3.196822,-0.001181,3.5e-05,-0.001884,-0.001462
19834.133675,8.999,3.914581,-0.00118,3.6e-05,-0.001886,-0.001458
19836.633835,8.998,3.274746,-0.001185,3.5e-05,-0.001885,-0.001455
19837.884389000003,8.998,3.376219,-0.001182,3.8e-05,-0.001881,-0.001456
19840.416367,8.997,3.528305,-0.001179,4.1e-05,-0.001882,-0.001454
19842.930788,8.996,3.220399,-0.001172,4.1e-05,-0.001882,-0.001448
19844.180936,8.996,3.237609,-0.001171,4.1e-05,-0.001875,-0.001449
19846.711658,8.994,4.139651,-0.00117,4.4e-05,-0.001881,-0.001444
19847.977639,8.994,2.336883,-0.001169,4.4e-05,-0.001876,-0.001442
19850.493904000003,8.993,3.08347,-0.001166,4.3e-05,-0.001877,-0.001439
19853.008906,8.992,2.758412,-0.001164,4.1e-05,-0.001874,-0.001439
19854.274457,8.991,3.098097,-0.001164,4.2e-05,-0.001879,-0.001434
19858.024606,8.991,3.086213,-0.001157,4.2e-05,-0.001875,-0.001436
19860.525678,8.989,2.962967,-0.001155,3.7e-05,-0.001873,-0.001438
19863.040743,8.988,2.885791,-0.00115,4e-05,-0.001879,-0.001428
19864.306015000002,8.988,2.739043,-0.001148,4e-05,-0.001878,-0.001428
19866.805904,8.987,2.834447,-0.001144,3.9e-05,-0.001876,-0.001424
19868.072039000002,8.986,3.047957,-0.001142,3.9e-05,-0.001876,-0.001423
19870.58738,8.985,2.931533,-0.00114,3.7e-05,-0.001877,-0.001422
19873.119746,8.984,3.526703,-0.001135,4e-05,-0.001882,-0.001417
19874.38476,8.983,2.123782,-0.001135,3.8e-05,-0.00188,-0.001418
19876.885006,8.982,2.683401,-0.00113,4e-05,-0.00188,-0.001412
19878.150777000003,8.982,2.881239,-0.001129,3.8e-05,-0.001876,-0.001413
19880.681617000002,8.981,2.832532,-0.001128,3.8e-05,-0.001882,-0.001409
19881.944395000002,8.98,2.517983,-0.001127,3.7e-05,-0.001885,-0.001408
19884.463125000002,8.979,2.610125,-0.001128,3.9e-05,-0.001886,-0.001407
19886.994732,8.978,2.836033,-0.001126,3.2e-05,-0.001879,-0.00141
19888.258761,8.978,2.739875,-0.001125,3.3e-05,-0.001881,-0.001411
19890.760191,8.977,2.625059,-0.001126,2.9e-05,-0.001879,-0.00141
19892.009499,8.976,3.575097,-0.001124,2.8e-05,-0.001881,-0.00141
19894.52465,8.973,2.557279,-0.001121,2.4e-05,-0.001879,-0.00141
19897.024746,8.973,2.050712,-0.001121,1.9e-05,-0.001885,-0.001414
19898.290903,8.973,2.669904,-0.001129,1e-05,-0.001888,-0.001426
19900.822215,8.972,2.326968,-0.001129,4e-06,-0.001889,-0.001423
19902.087629,8.972,2.653803,-0.001127,7e-06,-0.001893,-0.001419
19904.620083,8.97,2.477234,-0.001124,0.0,-0.001893,-0.001429
19907.134176,8.969,1.933604,-0.00113,-3e-06,-0.001895,-0.001429
19908.384639,8.969,2.600427,-0.001131,-3e-06,-0.001907,-0.001425
19910.915486,8.968,2.842113,-0.001121,-1e-06,-0.001901,-0.00142
19912.166894,8.967,2.776338,-0.001123,-5e-06,-0.001899,-0.001424
19914.665601,8.966,2.560154,-0.001124,-9e-06,-0.0019,-0.001426
19915.916284,8.965,2.367898,-0.001125,-1.4e-05,-0.001902,-0.001429
19918.446787,8.965,2.215265,-0.001129,-2.2e-05,-0.001901,-0.001434
19920.945899000002,8.964,2.315752,-0.001127,-2.6e-05,-0.001907,-0.001431
19922.197615,8.963,2.227441,-0.001123,-1.9e-05,-0.001912,-0.001424
19924.728102,8.962,2.557444,-0.001123,-2e-05,-0.001908,-0.001426
19925.973241,8.962,2.202506,-0.00113,-3.5e-05,-0.001911,-0.001436
19928.494346,8.96,1.896298,-0.001139,-4.3e-05,-0.001934,-0.001443
19931.010841,8.959,2.160664,-0.001125,-3.1e-05,-0.001918,-0.001431
19932.259494,8.959,2.14904,-0.001123,-3.4e-05,-0.001921,-0.001429
19934.774815,8.958,2.065074,-0.001122,-3.2e-05,-0.001917,-0.001422
19936.039012,8.957,2.107701,-0.001117,-2.7e-05,-0.001919,-0.001418
19938.540949000002,8.957,2.148573,-0.001107,-2.5e-05,-0.001919,-0.00142
19941.055717,8.956,1.413254,-0.001106,-3.7e-05,-0.001918,-0.001432
19942.321968,8.955,2.042924,-0.001108,-3.7e-05,-0.001922,-0.001427
19944.83811,8.954,2.261962,-0.00111,-3.7e-05,-0.001918,-0.001423
19946.102176,8.953,1.656638,-0.001115,-3.8e-05,-0.001921,-0.001424
19948.619837000002,8.952,1.877045,-0.001113,-4.6e-05,-0.001926,-0.001428
19951.119051,8.951,2.020064,-0.001101,-3.7e-05,-0.001918,-0.001417
19952.385014,8.951,1.928166,-0.001097,-3e-05,-0.001917,-0.001408
19954.899621,8.95,1.753942,-0.001093,-3.7e-05,-0.001918,-0.001415
19956.16512,8.949,1.917444,-0.001089,-3.8e-05,-0.001928,-0.001411
19958.665149,8.948,1.076864,-0.00108,-2.9e-05,-0.001925,-0.001401
19959.915927000002,8.948,1.86392,-0.001086,-4e-05,-0.001918,-0.001413
19962.431472,8.947,1.915736,-0.001087,-5.2e-05,-0.001935,-0.001422
19964.93101,8.946,1.810915,-0.001089,-5.1e-05,-0.001937,-0.001416
19966.182057,8.945,1.818777,-0.001084,-4.3e-05,-0.00193,-0.001406
19968.712033,8.944,1.687149,-0.001087,-3.4e-05,-0.001936,-0.001406
19969.962205,8.944,1.781959,-0.001086,-3.5e-05,-0.001932,-0.001402
19972.493925000002,8.942,1.642319,-0.001081,-3.5e-05,-0.001935,-0.001398
19975.009227000002,8.941,2.119601,-0.001077,-4.5e-05,-0.00193,-0.0014
19976.259473000002,8.941,1.654431,-0.001079,-5e-05,-0.00193,-0.001407
19978.790517,8.94,1.65084,-0.001081,-5.7e-05,-0.001929,-0.001414
19980.053366,8.94,1.837956,-0.001082,-5.4e-05,-0.00193,-0.001405
19982.556994000002,8.938,1.660617,-0.001069,-3.4e-05,-0.001941,-0.001388
19985.086541,8.937,1.582577,-0.001058,-3.4e-05,-0.001934,-0.001387
19986.33784,8.937,1.583336,-0.001059,-3.1e-05,-0.00194,-0.001382
19988.868044000003,8.936,1.900091,-0.00106,-4.9e-05,-0.001931,-0.0014
19990.118771,8.935,0.831396,-0.001068,-6e-05,-0.001932,-0.001406
19992.635322000002,8.935,1.475719,-0.001064,-5.1e-05,-0.001929,-0.001396
19993.899396,8.935,2.580262,-0.001064,-5e-05,-0.001933,-0.001399
19996.396704000003,8.935,1.506749,-0.001075,-5.6e-05,-0.001935,-0.001407
19998.884556,8.935,1.574582,-0.001079,-6e-05,-0.001938,-0.001407
20000.134815,8.935,1.355942,-0.001081,-5.2e-05,-0.001939,-0.001402
20002.664524,8.935,1.539737,-0.001082,-4.1e-05,-0.001939,-0.001395
20003.916398,8.935,1.623608,-0.001082,-3.7e-05,-0.001933,-0.001394
20006.415324,8.935,1.289658,-0.001073,-3.2e-05,-0.00193,-0.00139
20008.916582,8.935,1.678952,-0.001075,-3.1e-05,-0.001933,-0.001398
20010.165493,8.935,1.651991,-0.001073,-4.1e-05,-0.00194,-0.001404
20012.665696,8.935,1.686761,-0.001088,-5.6e-05,-0.001935,-0.001419
20013.930975,8.935,1.146294,-0.001094,-5.4e-05,-0.001932,-0.001423
20016.446732,8.936,1.628934,-0.001103,-5.5e-05,-0.001937,-0.001425
20018.962052000003,8.937,0.789904,-0.001107,-5.2e-05,-0.00194,-0.00142
20020.228973,8.937,1.739962,-0.001101,-4.7e-05,-0.001938,-0.001414
20022.744228,8.938,1.801148,-0.001097,-4.4e-05,-0.001934,-0.001419
20024.009571000002,8.939,1.73436,-0.001102,-4.7e-05,-0.001932,-0.001419
20026.524207000002,8.94,1.850222,-0.001103,-3.7e-05,-0.001933,-0.001418
20029.041662,8.94,2.058628,-0.001103,-3.9e-05,-0.001926,-0.001421
20030.290916,8.941,1.78659,-0.001101,-4.1e-05,-0.001926,-0.001425
20032.806855000003,8.942,1.811642,-0.001114,-5.5e-05,-0.001933,-0.001436
20034.072717000003,8.942,1.938124,-0.001123,-5.5e-05,-0.001934,-0.001442
20036.602552,8.943,1.983447,-0.001126,-5.6e-05,-0.00194,-0.001441
20039.134035000003,8.944,2.3437,-0.001118,-4.8e-05,-0.001937,-0.001431
20040.385612000002,8.945,1.989957,-0.001121,-4.3e-05,-0.001932,-0.001436
20042.884109000002,8.946,2.055307,-0.001118,-4.1e-05,-0.00193,-0.001432
20044.134736,8.946,1.959504,-0.001115,-3.8e-05,-0.001923,-0.001434
20046.649592,8.947,2.291661,-0.001123,-4e-05,-0.001927,-0.001438
20047.900879,8.948,2.130546,-0.001124,-4.1e-05,-0.001918,-0.001443
20050.41572,8.949,1.970725,-0.001131,-4.7e-05,-0.001922,-0.001448
20052.93146,8.95,2.602146,-0.001133,-4.4e-05,-0.001927,-0.001449
20054.196108,8.95,2.165311,-0.001129,-4.1e-05,-0.001921,-0.001449
20056.69654,8.951,2.211928,-0.001135,-3.8e-05,-0.00192,-0.00145
20057.945993,8.952,2.320543,-0.001137,-3.7e-05,-0.001928,-0.00145
20060.461727,8.953,2.454288,-0.001139,-3.9e-05,-0.001926,-0.00145
20062.962964000002,8.954,2.336406,-0.001143,-4.1e-05,-0.001933,-0.001456
20064.228834,8.955,2.38593,-0.001143,-3.8e-05,-0.00193,-0.001458
20066.74484,8.956,2.072077,-0.00115,-3.9e-05,-0.001933,-0.001459
20068.008624000002,8.956,2.461747,-0.001151,-3.8e-05,-0.001935,-0.001461
20070.52387,8.957,3.723592,-0.001153,-3.8e-05,-0.001931,-0.001465
20073.024858,8.958,2.467997,-0.001152,-3e-05,-0.001932,-0.001453
20074.290064,8.958,3.065756,-0.001148,-2.2e-05,-0.001926,-0.001452
20076.79161,8.959,2.586983,-0.001147,-1.8e-05,-0.001924,-0.001456
20078.041008,8.96,2.562473,-0.001149,-2.6e-05,-0.00192,-0.001463
20080.55573,8.961,2.518965,-0.001149,-2.7e-05,-0.001913,-0.001468
20083.070891,8.962,2.784975,-0.001154,-2.5e-05,-0.001918,-0.001466
20084.32066,8.963,2.661793,-0.001157,-2.7e-05,-0.001916,-0.001468
20086.821986000003,8.964,3.542486,-0.001159,-2.5e-05,-0.001918,-0.001467
20088.086959,8.964,2.676382,-0.00116,-2.3e-05,-0.001919,-0.00147
20090.602629,8.965,2.713869,-0.001165,-2.7e-05,-0.001915,-0.001477
20093.133847,8.966,2.594633,-0.001174,-2.8e-05,-0.001918,-0.00148
20094.383601,8.966,2.704924,-0.001175,-3e-05,-0.00192,-0.001479
20096.899449,8.967,2.098874,-0.001177,-2.8e-05,-0.001919,-0.001481
20098.164698,8.968,2.866045,-0.001177,-2.6e-05,-0.001922,-0.001479
20100.666048,8.969,3.112994,-0.001175,-1.9e-05,-0.001921,-0.001477
20101.915642,8.969,2.904455,-0.001178,-2e-05,-0.001921,-0.001479
20104.43246,8.97,2.79445,-0.001178,-1.7e-05,-0.00192,-0.001478
20106.946363000003,8.971,2.870427,-0.001181,-2e-05,-0.001916,-0.001484
20108.196703,8.972,2.861689,-0.001182,-1.8e-05,-0.001916,-0.001487
20110.712442,8.973,2.980134,-0.001188,-2.2e-05,-0.001921,-0.001489
20111.978743,8.973,3.200308,-0.001187,-1.9e-05,-0.001916,-0.001489
20114.494151,8.974,2.75013,-0.001187,-1.3e-05,-0.001921,-0.001487
20117.006785,8.975,3.033914,-0.001189,-1.2e-05,-0.001919,-0.001484
20118.259334000002,8.976,1.707606,-0.00119,-1e-05,-0.001918,-0.001482
20120.775443000002,8.977,3.016157,-0.001191,-4e-06,-0.001917,-0.001483
20122.040446,8.978,3.198042,-0.00119,-3e-06,-0.00191,-0.001483
20124.555942,8.979,3.091099,-0.001191,-2e-06,-0.001908,-0.001484
20127.072324,8.98,3.126835,-0.001194,-5e-06,-0.001901,-0.001491
20128.321563,8.98,3.098892,-0.001195,-2e-06,-0.001901,-0.001492
20130.837887,8.982,3.509811,-0.001196,3e-06,-0.001907,-0.001486
20132.101951,8.982,2.970415,-0.001196,6e-06,-0.001904,-0.001488
20134.618803,8.983,3.242978,-0.001198,3e-06,-0.001909,-0.001491
20137.133936000002,8.984,3.604992,-0.0012,4e-06,-0.001904,-0.001492
20138.384279,8.985,3.28065,-0.001203,0.0,-0.0019,-0.001498
20140.90077,8.986,3.30446,-0.001209,2e-06,-0.001902,-0.001502
20142.149459,8.986,3.376745,-0.00121,1e-06,-0.001901,-0.001505
20144.665781,8.988,2.862777,-0.001218,1e-06,-0.001903,-0.001504
20145.930069000002,8.988,3.640426,-0.001217,4e-06,-0.001903,-0.001506
20148.431003,8.989,3.685484,-0.001217,8e-06,-0.001903,-0.001505
20150.93233,8.99,3.315957,-0.001224,8e-06,-0.001909,-0.001505
20152.181111,8.99,3.608345,-0.00122,1.2e-05,-0.001907,-0.001502
20154.71144,8.991,3.50762,-0.001221,1.2e-05,-0.001895,-0.001506
20155.978185,8.991,3.494558,-0.001221,1.4e-05,-0.001897,-0.001504
20158.509468,8.992,3.575002,-0.001224,1.8e-05,-0.001901,-0.001506
20161.039694,8.994,3.572233,-0.001228,1.5e-05,-0.001895,-0.001511
20162.289768000002,8.994,4.005804,-0.001229,1.7e-05,-0.001901,-0.001509
20164.822318000002,8.995,3.828975,-0.001233,1.5e-05,-0.001897,-0.001517
20166.071654,8.996,3.423951,-0.001236,1.8e-05,-0.001901,-0.001517
20168.587907,8.997,3.686725,-0.001238,1.6e-05,-0.001898,-0.001517
20171.103638,8.997,3.659286,-0.00124,1.8e-05,-0.00189,-0.00152
20172.369797,8.998,3.272624,-0.001241,1.8e-05,-0.00189,-0.001523
20174.869563,8.999,3.665005,-0.001245,1.6e-05,-0.001892,-0.001527
20176.118705,8.999,3.781005,-0.001246,1.6e-05,-0.001896,-0.001526
20178.634411,9.0,3.756749,-0.001245,2.2e-05,-0.001898,-0.001523
20181.150001,9.001,4.1505,-0.001243,2.7e-05,-0.001895,-0.001525
20182.416033,9.002,3.817372,-0.001246,2.6e-05,-0.0019,-0.001525
20184.930419,9.002,3.889025,-0.001251,2.7e-05,-0.001893,-0.001525
20186.181833000002,9.004,3.930491,-0.001255,2.8e-05,-0.001893,-0.001528
20188.712546000002,9.005,5.193799,-0.001251,3.2e-05,-0.001891,-0.001527
20189.978122,9.005,3.762405,-0.001253,3.2e-05,-0.001895,-0.001525
20192.492757,9.006,3.887699,-0.001254,3.4e-05,-0.001892,-0.001529
20194.994657,9.007,4.060931,-0.001259,3.8e-05,-0.001894,-0.001529
20196.258843,9.008,4.575673,-0.001259,4e-05,-0.001894,-0.001527
20198.760309,9.009,4.010261,-0.00126,4e-05,-0.001891,-0.001527
20200.024702000002,9.009,4.383713,-0.001261,4.1e-05,-0.001887,-0.001528
20202.555512,9.01,4.714459,-0.001264,4.1e-05,-0.001891,-0.00153
20205.05541,9.011,4.10522,-0.001265,4.2e-05,-0.00189,-0.00153
20206.305913,9.012,4.508424,-0.001264,4.1e-05,-0.001882,-0.001536
20208.821286000002,9.013,4.112541,-0.001274,4e-05,-0.001886,-0.001541
20210.071964000002,9.013,4.145884,-0.001276,4e-05,-0.001887,-0.00154
20212.572054,9.014,4.509008,-0.001276,4.6e-05,-0.001888,-0.001538
20215.071576000002,9.015,4.207712,-0.001277,4.6e-05,-0.001889,-0.00154
20216.334347,9.015,4.268786,-0.001278,4.7e-05,-0.001889,-0.00154
20218.852698000002,9.016,4.2905,-0.001282,4.7e-05,-0.00189,-0.001543
20220.104179,9.017,4.607829,-0.001284,4.8e-05,-0.001888,-0.001544
20222.634085,9.018,4.858528,-0.001283,5.1e-05,-0.001888,-0.001542
20225.150516,9.019,4.819545,-0.001285,6e-05,-0.001884,-0.001536
20226.39961,9.019,4.620514,-0.001283,6.5e-05,-0.001885,-0.001535
20228.899536,9.02,4.64565,-0.001281,7e-05,-0.001888,-0.001536
20230.150219,9.02,4.526504,-0.001283,6.9e-05,-0.001883,-0.00154
20232.665468,9.021,4.541539,-0.001289,6.5e-05,-0.001883,-0.001543
20233.915528,9.022,4.528345,-0.001293,6.7e-05,-0.001886,-0.001544
20236.430848,9.023,4.186342,-0.001296,6.4e-05,-0.00188,-0.001549
20238.931442,9.023,5.077324,-0.0013,6.6e-05,-0.001885,-0.001552
20240.196393000002,9.024,4.63844,-0.001304,6.5e-05,-0.001887,-0.001556
20242.711227,9.025,4.686314,-0.001306,6.6e-05,-0.001887,-0.001559
20243.961568000002,9.025,4.798011,-0.001308,6.3e-05,-0.001883,-0.001562
20246.494091,9.026,5.038919,-0.001311,6e-05,-0.001888,-0.001565
20249.026414,9.027,5.243997,-0.001318,5.6e-05,-0.001886,-0.001569
20250.274695,9.028,4.74872,-0.00132,5.8e-05,-0.001887,-0.001568
20252.790311,9.028,4.800303,-0.001325,6.2e-05,-0.001884,-0.00157
20254.05655,9.029,4.685004,-0.001325,6.4e-05,-0.001882,-0.001568
20256.555904,9.029,4.746641,-0.001327,6.8e-05,-0.00188,-0.001575
20259.056105,9.031,5.016342,-0.001326,6.9e-05,-0.001878,-0.00157
20260.305775,9.031,4.894254,-0.001326,7.2e-05,-0.00188,-0.001572
20262.821777,9.032,5.025426,-0.00133,7e-05,-0.001879,-0.001581
20264.086394,9.033,5.122205,-0.001332,7.2e-05,-0.001883,-0.001582
20266.587438000002,9.034,5.141807,-0.001334,7.3e-05,-0.001883,-0.001581
20269.102777,9.035,5.171879,-0.001339,7.9e-05,-0.001883,-0.001581
20270.36908,9.035,5.653046,-0.001344,7.6e-05,-0.00188,-0.001589
20272.869102,9.036,4.929677,-0.001344,7.2e-05,-0.001879,-0.001591
20274.133645,9.036,5.255864,-0.001341,7.4e-05,-0.001874,-0.001587
20276.64978,9.036,5.096183,-0.001352,6.4e-05,-0.001876,-0.00159
20277.900514,9.036,5.063885,-0.001345,6.4e-05,-0.001883,-0.001581
20280.415155000002,9.036,5.120087,-0.001338,6.6e-05,-0.001876,-0.001577
20282.930154,9.036,5.03211,-0.001334,5.9e-05,-0.001878,-0.001586
20284.179959,9.036,5.164153,-0.001339,5.5e-05,-0.001881,-0.001586
20286.696832,9.036,5.067852,-0.001341,5e-05,-0.001881,-0.00159
20287.947163,9.036,5.168479,-0.001338,4.7e-05,-0.001881,-0.001593
20290.479043,9.036,4.749516,-0.001333,4.9e-05,-0.001886,-0.001585
20292.993787,9.036,5.085824,-0.001329,5.6e-05,-0.001885,-0.001581
20294.258153000002,9.036,4.781857,-0.001323,6e-05,-0.00189,-0.001573
20296.74453,9.036,4.555322,-0.001329,5.1e-05,-0.00189,-0.00158
20297.995828,9.036,4.75046,-0.001329,4.2e-05,-0.001887,-0.001584
20300.492664,9.035,4.653236,-0.001331,3.1e-05,-0.001892,-0.001589
20303.009661,9.034,4.545455,-0.001339,2.3e-05,-0.001896,-0.001596
20304.259244,9.034,4.321722,-0.001334,2.9e-05,-0.0019,-0.001586
20306.775691000003,9.033,4.731218,-0.001325,3e-05,-0.001888,-0.001581
20308.024380000003,9.032,4.527189,-0.001323,2.8e-05,-0.00189,-0.001583
20310.539747000003,9.031,4.422256,-0.00132,2.8e-05,-0.001899,-0.001579
20313.055865000002,9.03,4.301922,-0.001318,2.6e-05,-0.001895,-0.001573
20314.306804,9.03,4.587769,-0.001318,2.4e-05,-0.001891,-0.001573
20316.822809,9.029,4.415397,-0.001313,2.5e-05,-0.001891,-0.001573
20318.087136000002,9.029,4.392366,-0.001313,2.1e-05,-0.001889,-0.001574
20320.587114,9.028,4.778005,-0.001316,1.2e-05,-0.001893,-0.001579
20323.103531,9.027,4.135189,-0.001305,2.3e-05,-0.001902,-0.001569
20324.369853,9.026,4.311562,-0.001301,2.2e-05,-0.0019,-0.001566
20326.900005,9.025,4.31613,-0.001304,2.4e-05,-0.001907,-0.001561
20328.165808,9.025,4.377199,-0.0013,2.6e-05,-0.001901,-0.001556
20330.681014,9.024,4.442856,-0.001294,2.2e-05,-0.001905,-0.001559
20331.931338000002,9.023,4.438188,-0.001297,1.4e-05,-0.0019,-0.001565
20334.46241,9.023,4.186745,-0.001299,5e-06,-0.001906,-0.001568
20336.978974,9.022,4.055308,-0.001303,4e-06,-0.001912,-0.001565
20338.24455,9.021,3.910586,-0.001302,2e-06,-0.001907,-0.001566
20340.759768,9.02,4.099501,-0.001301,-1e-06,-0.001912,-0.001564
20342.010525,9.02,4.075415,-0.001303,-3e-06,-0.001915,-0.001568
20344.509586,9.019,3.688524,-0.001298,-2e-06,-0.001916,-0.001561
20347.025063,9.018,3.849655,-0.001282,7e-06,-0.001911,-0.001548
20348.290446,9.017,4.229649,-0.001277,3e-06,-0.001907,-0.001551
20350.805879,9.016,4.29805,-0.00128,1e-06,-0.001915,-0.001547
20352.071508,9.016,3.890017,-0.001278,3e-06,-0.001914,-0.001545
20354.587725,9.015,4.058167,-0.001276,-3e-06,-0.001908,-0.001549
20357.119509,9.014,3.873205,-0.001277,-9e-06,-0.001911,-0.001554
20358.368429000002,9.013,3.844307,-0.001274,-3e-06,-0.001911,-0.001548
20360.899081,9.012,3.840991,-0.001284,-9e-06,-0.001922,-0.001548
20362.149405,9.012,3.923716,-0.001277,-9e-06,-0.001917,-0.001545
20364.649882,9.01,3.867571,-0.001263,-3e-06,-0.001909,-0.001534
20365.91579,9.01,4.974729,-0.001259,-2e-06,-0.001912,-0.001529
20368.431808,9.009,3.736924,-0.00125,3e-06,-0.001914,-0.001526
20370.9309,9.008,3.562773,-0.001247,-6e-06,-0.001913,-0.001531
20372.182532000003,9.007,3.760203,-0.001244,-0.0,-0.001919,-0.001526
20374.681117,9.006,3.318562,-0.001248,-1e-06,-0.001919,-0.001527
20375.947050000002,9.006,3.721623,-0.001239,5e-06,-0.001916,-0.001518
20378.462291,9.005,3.841135,-0.001237,8e-06,-0.001914,-0.001508
20380.994758,9.004,3.544189,-0.001247,-1.1e-05,-0.001915,-0.001528
20382.244656000003,9.003,3.515366,-0.001253,-2e-05,-0.00192,-0.001533
20384.759365,9.003,3.401499,-0.001251,-2.3e-05,-0.001923,-0.001531
20386.009843,9.002,3.613422,-0.001248,-2e-05,-0.00192,-0.001528
20388.540398,9.001,3.203284,-0.001248,-2e-05,-0.001913,-0.001522
20391.056625,9.0,3.377779,-0.00125,-2.4e-05,-0.00193,-0.001517
20392.307512,8.999,3.280693,-0.001247,-2.1e-05,-0.001925,-0.001518
20394.806535,8.998,3.194562,-0.001243,-3.6e-05,-0.001918,-0.001533
20396.055973000002,8.998,3.791239,-0.001248,-3.6e-05,-0.001923,-0.001532
20398.55577,8.997,3.522628,-0.001239,-3.2e-05,-0.001925,-0.001519
20401.056026000002,8.996,3.288338,-0.001231,-3e-05,-0.001917,-0.001513
20402.322115000003,8.996,3.28976,-0.001231,-2.6e-05,-0.001922,-0.001507
20404.822122,8.995,2.689799,-0.001236,-3.5e-05,-0.001937,-0.001519
20406.072267,8.994,3.294025,-0.001238,-3.8e-05,-0.001938,-0.001519
20408.587246,8.993,2.19771,-0.001231,-3.8e-05,-0.00193,-0.001516
20411.10363,8.992,3.028853,-0.001234,-4.5e-05,-0.00193,-0.001521
20412.369769,8.991,5.22023,-0.001233,-4.3e-05,-0.001928,-0.001517
20414.884818000002,8.991,3.027542,-0.001234,-4.6e-05,-0.001939,-0.001515
20416.134146,8.99,3.171548,-0.001229,-3.7e-05,-0.001941,-0.001505
20418.635269000002,8.989,3.022958,-0.001218,-3.3e-05,-0.001929,-0.001497
20421.134622,8.988,3.084117,-0.001201,-2.1e-05,-0.001925,-0.001481
20422.400076,8.988,2.890375,-0.001193,-1.5e-05,-0.001927,-0.001476
20424.91592,8.987,3.455315,-0.00119,-4e-06,-0.001932,-0.001461
20426.182033,8.986,2.942791,-0.001198,-1.9e-05,-0.00193,-0.001471
20428.697247,8.985,3.13188,-0.001191,-2.5e-05,-0.00193,-0.001477
20429.961654000002,8.985,3.831203,-0.001189,-2.3e-05,-0.001923,-0.001478
20432.477238,8.984,2.713853,-0.001182,-1.8e-05,-0.001924,-0.001475
20435.010104,8.983,3.039102,-0.001184,-1.7e-05,-0.00192,-0.001469
20436.274616000002,8.982,3.059979,-0.00118,-1.1e-05,-0.001924,-0.001462
20438.790278,8.981,2.828542,-0.001173,-1e-05,-0.001923,-0.001453
20440.041014000002,8.981,1.970285,-0.001169,-9e-06,-0.00192,-0.001453
20442.556465,8.98,2.520439,-0.001169,-8e-06,-0.001927,-0.00145
20445.072763,8.979,2.576956,-0.001177,-1.6e-05,-0.001924,-0.001452
20446.322035,8.978,2.812345,-0.001175,-2e-05,-0.001923,-0.001451
20448.85265,8.977,2.731461,-0.00117,-1.9e-05,-0.001926,-0.001454
20450.103827,8.977,2.503447,-0.001168,-2.1e-05,-0.001918,-0.001457
20452.618891000002,8.976,2.904572,-0.001167,-2.6e-05,-0.001911,-0.001458
20455.149591,8.975,2.645999,-0.001162,-2.3e-05,-0.001914,-0.001453
20456.397472,8.974,2.505988,-0.001159,-2.2e-05,-0.001911,-0.00145
20458.899996,8.973,2.578734,-0.001155,-1.5e-05,-0.001909,-0.001442
20460.165039,8.973,2.605758,-0.001154,-1.2e-05,-0.001911,-0.001438
20462.680298,8.973,2.519564,-0.001149,-1.2e-05,-0.001907,-0.001439
20463.945922,8.973,2.685629,-0.001149,-1e-05,-0.001906,-0.001437
20466.461938,8.973,2.50429,-0.001149,-1e-05,-0.001906,-0.001439
20468.962209,8.973,2.641585,-0.001151,-6e-06,-0.001907,-0.00144
20470.228715,8.973,3.471735,-0.001152,-6e-06,-0.001905,-0.001443
20472.758485000002,8.973,2.662917,-0.001154,-4e-06,-0.001907,-0.00144
20474.00894,8.973,2.598055,-0.001153,-5e-06,-0.001901,-0.001445
20476.509684,8.973,2.68626,-0.001155,-5e-06,-0.001898,-0.00145
20479.0089,8.973,2.697226,-0.001157,-1e-06,-0.001898,-0.001447
20480.260208,8.973,2.700081,-0.001158,4e-06,-0.001903,-0.001446
20482.758795,8.973,2.24845,-0.00116,5e-06,-0.001899,-0.001444
20484.00978,8.973,2.905834,-0.001159,3e-06,-0.001896,-0.001447
20486.539883,8.974,3.101025,-0.001165,3e-06,-0.001901,-0.001453
20489.040367,8.975,2.885595,-0.001172,2e-06,-0.001901,-0.001458
20490.305656,8.976,2.920074,-0.001175,2e-06,-0.001903,-0.001455
20492.822194,8.977,2.998432,-0.001176,2e-06,-0.0019,-0.001461
20494.088007000002,8.977,3.391552,-0.001178,5e-06,-0.001905,-0.001457
20496.618873,8.978,2.978431,-0.001174,6e-06,-0.0019,-0.00146
20499.15002,8.979,2.84024,-0.001177,9e-06,-0.001903,-0.001464
20500.413928,8.98,3.086765,-0.001184,5e-06,-0.0019,-0.001468
20502.915351,8.981,2.992782,-0.001187,2e-06,-0.001895,-0.001469
20504.181093,8.981,3.27725,-0.001192,1e-06,-0.001904,-0.001471
20506.697108,8.982,3.488266,-0.001193,4e-06,-0.001901,-0.001472
20507.962504,8.983,3.11701,-0.001197,3e-06,-0.001905,-0.001476
20510.478643000002,8.983,3.031961,-0.001201,4e-06,-0.001903,-0.001476
20513.008992000003,8.984,3.215019,-0.0012,1.1e-05,-0.001893,-0.001474
20514.260013,8.985,3.142305,-0.001198,1.7e-05,-0.001899,-0.001469
20516.775027,8.986,3.164693,-0.001192,2.3e-05,-0.001898,-0.001467
20518.024799000003,8.986,3.011218,-0.001191,2.4e-05,-0.001894,-0.001468
20520.524217000002,8.988,3.449851,-0.001193,2.5e-05,-0.001895,-0.001475
20524.290762,8.988,3.672656,-0.001201,2.4e-05,-0.001897,-0.001475
20526.804192,8.99,3.718106,-0.001201,2.7e-05,-0.001899,-0.001477
20528.056472,8.99,3.31887,-0.001204,2.3e-05,-0.001893,-0.00148
20530.572387,8.991,3.300434,-0.00121,2.5e-05,-0.001896,-0.001483
20533.104739000002,8.992,3.647551,-0.001212,2.6e-05,-0.001893,-0.001487
20534.35463,8.993,3.275701,-0.001216,2.9e-05,-0.001901,-0.001484
20536.837813000002,8.994,3.686067,-0.001212,3.2e-05,-0.001897,-0.001487
20538.102777,8.994,3.724488,-0.001216,3.1e-05,-0.001898,-0.001488
20540.617801,8.995,3.686497,-0.001224,2.7e-05,-0.001893,-0.001493
20543.136026,8.996,3.588711,-0.001225,2.9e-05,-0.00189,-0.001497
20544.384994,8.997,3.617911,-0.001227,3.2e-05,-0.001894,-0.001497
20546.915101000002,8.998,3.68646,-0.001227,3.6e-05,-0.001892,-0.001495
20548.181003,8.998,3.622908,-0.001229,3.4e-05,-0.001888,-0.001499
20550.682039,8.999,5.054908,-0.00123,3.5e-05,-0.001883,-0.001502
20551.946631000003,9.0,3.563007,-0.001231,3.4e-05,-0.001881,-0.001503
20554.462715,9.001,3.575262,-0.001232,3.9e-05,-0.001881,-0.001503
20556.994635000003,9.002,4.015651,-0.001241,3.4e-05,-0.001887,-0.001504
20558.260505000002,9.002,3.871921,-0.001241,3.3e-05,-0.001888,-0.001507
20560.759906,9.003,4.112504,-0.001242,3.8e-05,-0.001883,-0.001508
20562.010084,9.004,4.625798,-0.001243,4e-05,-0.001883,-0.001509
20564.510721000002,9.005,4.01546,-0.00125,3.8e-05,-0.001887,-0.001511
20567.010329,9.006,4.245283,-0.001253,3.9e-05,-0.001886,-0.001513
20568.275378000002,9.006,3.973665,-0.001252,4e-05,-0.001882,-0.001516
20570.807373,9.007,4.072247,-0.001251,4.4e-05,-0.001886,-0.001517
20572.055875000002,9.008,4.459584,-0.001255,4.1e-05,-0.001885,-0.001518
20574.555906,9.009,4.116106,-0.001261,3.6e-05,-0.001892,-0.001523
20577.070979,9.01,4.32561,-0.00127,3.2e-05,-0.00189,-0.001534
20578.321716000002,9.01,4.10348,-0.001271,3.5e-05,-0.001895,-0.001533
20580.821842,9.011,4.213776,-0.001274,3.9e-05,-0.001891,-0.001534
20582.087337,9.012,4.059059,-0.001275,3.9e-05,-0.001886,-0.001535
20584.619845,9.013,4.257937,-0.001278,4.7e-05,-0.001892,-0.001528
20587.134928,9.014,5.018747,-0.001278,4.7e-05,-0.001892,-0.00153
20588.385559000002,9.014,4.315387,-0.001282,4.5e-05,-0.00189,-0.001535
20590.884464000002,9.015,4.206895,-0.001286,4.3e-05,-0.001881,-0.001538
20592.147065,9.016,4.118812,-0.001289,4.6e-05,-0.001889,-0.001537
20594.665577,9.017,4.343707,-0.001289,4.6e-05,-0.001882,-0.001538
20597.182219000002,9.018,4.232662,-0.00129,4.9e-05,-0.001884,-0.001542
20598.447081000002,9.018,4.400446,-0.001292,4.7e-05,-0.00189,-0.001545
20600.962235,9.019,4.382456,-0.001293,4.7e-05,-0.00189,-0.001547
20602.213005,9.02,4.373809,-0.001296,5e-05,-0.001893,-0.001548
20604.742734,9.021,4.401168,-0.001305,4.5e-05,-0.00189,-0.001553
20605.994246000002,9.021,4.900955,-0.001306,4.4e-05,-0.001891,-0.001554
20608.509452000002,9.022,4.236021,-0.001308,4.6e-05,-0.001885,-0.001556
20611.040169,9.023,4.332735,-0.001309,5.1e-05,-0.001884,-0.001554
20612.290027000003,9.023,4.497835,-0.001309,5.1e-05,-0.00188,-0.001556
20614.790965,9.023,4.300273,-0.001306,5.1e-05,-0.001883,-0.001554
20616.041539,9.023,4.554601,-0.001304,5.1e-05,-0.001889,-0.001548
20618.557127,9.023,3.755492,-0.001304,5.2e-05,-0.001886,-0.001545
20621.056106,9.023,4.572766,-0.001299,5.5e-05,-0.00189,-0.001542
20622.305928,9.023,4.41484,-0.001301,5.4e-05,-0.001887,-0.001545
20624.807101000002,9.023,4.355007,-0.001294,5.4e-05,-0.001892,-0.001544
20626.056718,9.023,4.131687,-0.001291,5.3e-05,-0.001892,-0.001543
20628.572050000002,9.023,4.320454,-0.001284,5.3e-05,-0.001892,-0.001534
20631.087941,9.023,4.153073,-0.001284,5.3e-05,-0.001888,-0.001531
20632.353424,9.023,4.241161,-0.001285,5.1e-05,-0.00189,-0.001532
20634.883833,9.023,4.732868,-0.00128,5.1e-05,-0.001885,-0.00153
20636.149336000002,9.023,4.221739,-0.00128,5.1e-05,-0.001887,-0.001528
20638.681469,9.023,4.328465,-0.001276,5.1e-05,-0.001881,-0.001528
20639.932081,9.022,4.191876,-0.001274,5e-05,-0.001885,-0.001523
20642.447495,9.021,4.429609,-0.001271,4.9e-05,-0.001884,-0.001523
20644.962824000002,9.02,3.951489,-0.001264,5.2e-05,-0.001888,-0.001517
20646.212953000002,9.02,4.168718,-0.001259,4.9e-05,-0.001883,-0.001518
20648.728846,9.019,4.586305,-0.00126,5.2e-05,-0.001889,-0.001517
20649.994414,9.018,4.092248,-0.00126,5.1e-05,-0.001883,-0.001516
20652.509833,9.017,3.880961,-0.001254,5.1e-05,-0.001881,-0.001513
20655.024596,9.016,4.44761,-0.001249,5.1e-05,-0.001885,-0.001501
20656.273422000002,9.016,3.787037,-0.001243,5.5e-05,-0.001878,-0.001497
20658.790062,9.015,4.025673,-0.001237,5.5e-05,-0.001879,-0.001497
20660.040609,9.014,3.759004,-0.001236,5.4e-05,-0.001887,-0.001496
20662.555933,9.013,3.939765,-0.001236,4.7e-05,-0.001886,-0.001495
20665.072822000002,9.012,3.814306,-0.00123,5e-05,-0.001884,-0.001491
20666.336488,9.012,3.828858,-0.001226,5.1e-05,-0.001885,-0.001487
20668.869043000002,9.011,3.784517,-0.001218,5.2e-05,-0.001878,-0.001483
20670.118843,9.01,3.993252,-0.001218,5.5e-05,-0.001882,-0.001481
20672.634648,9.009,3.721437,-0.001218,5.2e-05,-0.001885,-0.001478
20675.149164000002,9.008,3.969394,-0.001219,4.9e-05,-0.001882,-0.001479
20676.398901,9.008,4.037838,-0.001217,5e-05,-0.001881,-0.001479
20678.915487000002,9.007,3.699712,-0.001212,4.9e-05,-0.001884,-0.001471
20680.165891,9.006,3.65552,-0.001209,4.7e-05,-0.00188,-0.001473
20682.696726000002,9.005,3.474388,-0.001214,3.7e-05,-0.001879,-0.00148
20683.962118,9.005,3.617126,-0.001215,3.6e-05,-0.001876,-0.00148
20686.494705,9.004,3.505052,-0.001226,2e-05,-0.001882,-0.001497
20689.008962,9.002,3.197273,-0.001233,1.1e-05,-0.0019,-0.001503
20690.259217000003,9.002,3.260061,-0.001231,6e-06,-0.001894,-0.001505
20692.759443000003,9.001,5.184419,-0.001231,2e-06,-0.001899,-0.001506
20694.024296,9.0,3.365227,-0.001228,2e-06,-0.001903,-0.001504
20696.555846,8.999,3.467029,-0.001222,6e-06,-0.001898,-0.001498
20699.072831,8.998,3.192031,-0.001218,6e-06,-0.001895,-0.001494
20700.32274,8.998,3.397562,-0.001214,8e-06,-0.001892,-0.001489
20702.822719,8.997,3.131451,-0.0012,1.8e-05,-0.001889,-0.001478
20704.07198,8.997,3.325236,-0.001192,1.9e-05,-0.00189,-0.001472
20706.602884,8.996,3.393302,-0.001197,7e-06,-0.001895,-0.001481
20709.102934000002,8.995,3.264538,-0.001199,7e-06,-0.001897,-0.001479
20710.353909,8.994,3.795822,-0.001199,1e-05,-0.001905,-0.001476
20712.854282,8.993,3.181405,-0.001205,6e-06,-0.00191,-0.001472
20714.103188,8.993,3.255085,-0.001205,1e-06,-0.001909,-0.001477
20716.603178,8.992,3.074021,-0.001219,-2.2e-05,-0.001919,-0.001496
20719.13452,8.99,2.984612,-0.001216,-2e-05,-0.001926,-0.001494
20720.400461,8.99,2.995101,-0.001211,-2e-05,-0.001913,-0.001494
20724.181006000003,8.989,3.083974,-0.0012,-1.1e-05,-0.001906,-0.001483
20726.682191,8.987,3.175224,-0.001201,-1.9e-05,-0.001905,-0.001486
20727.946819,8.987,3.038736,-0.001204,-2.5e-05,-0.00191,-0.001487
20730.462558,8.986,3.009876,-0.001197,-2.3e-05,-0.00191,-0.001479
20732.993326,8.985,2.970574,-0.001194,-1.8e-05,-0.001923,-0.001473
20734.258483,8.984,2.959582,-0.001188,-1.4e-05,-0.00193,-0.001471
20736.759444,8.983,2.861986,-0.001184,-2e-05,-0.00193,-0.001472
20738.025563,8.983,2.572261,-0.001196,-3.3e-05,-0.001923,-0.001481
20740.525877,8.982,3.296561,-0.001188,-3.7e-05,-0.001923,-0.001482
20743.056409,8.981,2.835338,-0.001182,-2.2e-05,-0.001929,-0.001471
20744.322568,8.98,2.895086,-0.001178,-1.5e-05,-0.001929,-0.001467
20746.821932,8.979,2.787087,-0.001192,-4.1e-05,-0.001928,-0.001489
20748.087214,8.979,2.948361,-0.00119,-4.2e-05,-0.001927,-0.001486
20750.603995,8.978,2.72128,-0.001182,-3.2e-05,-0.001929,-0.00147
20753.134462,8.976,2.707317,-0.001171,-2.7e-05,-0.001928,-0.001459
20754.399879,8.976,2.501192,-0.001177,-2.4e-05,-0.001931,-0.001458
20756.91562,8.975,2.754592,-0.001177,-3e-05,-0.001934,-0.00146
20758.180099,8.975,2.729074,-0.001176,-3.2e-05,-0.001933,-0.001459
20760.680179000003,8.974,2.59345,-0.001167,-3.9e-05,-0.001928,-0.001466
20761.931826,8.973,2.637935,-0.001167,-4.1e-05,-0.001919,-0.001466
20764.462866,8.972,2.472225,-0.001158,-2.8e-05,-0.001931,-0.001451
20766.992951,8.971,2.633272,-0.001142,-1.7e-05,-0.001932,-0.001445
20768.243997,8.97,2.364454,-0.001144,-1.9e-05,-0.001939,-0.001441
20770.744885,8.969,2.463944,-0.001142,-1.7e-05,-0.001933,-0.001435
20772.009199,8.969,2.390816,-0.001149,-2.5e-05,-0.001925,-0.001441
20774.524684,8.968,2.411825,-0.001158,-4.5e-05,-0.001927,-0.001459
20777.025712000002,8.967,2.400705,-0.001151,-3.6e-05,-0.00193,-0.00145
20778.2918,8.967,2.329424,-0.001142,-4e-05,-0.001925,-0.001454
20780.805763,8.966,2.231282,-0.001137,-2.6e-05,-0.001936,-0.001435
20782.055891,8.965,2.331726,-0.001138,-2.2e-05,-0.001928,-0.001427
20784.556414000002,8.964,2.268164,-0.001134,-1.8e-05,-0.001934,-0.001423
20788.32259,8.964,2.264307,-0.001137,-3e-05,-0.001929,-0.001429
20790.82256,8.962,2.19858,-0.001133,-2.5e-05,-0.001932,-0.001418
20792.086945000003,8.961,2.290393,-0.001135,-2.7e-05,-0.001931,-0.001423
20794.617759,8.96,2.444622,-0.001117,-1.9e-05,-0.001926,-0.00142
20797.134799,8.959,2.021852,-0.001117,-3.2e-05,-0.001916,-0.001421
20798.384018,8.959,2.042346,-0.001116,-3e-05,-0.001912,-0.001418
20800.885533,8.958,2.107372,-0.001112,-2.6e-05,-0.001905,-0.001416
20802.149982000003,8.957,2.145936,-0.001111,-2.8e-05,-0.00191,-0.001416
20804.651553,8.956,2.074565,-0.001106,-2.9e-05,-0.001913,-0.001418
20807.181968,8.955,2.458437,-0.00111,-3.2e-05,-0.001916,-0.001413
20808.447318000002,8.955,2.132079,-0.00111,-2.9e-05,-0.001918,-0.001413
20810.962349,8.954,2.067562,-0.001107,-2.5e-05,-0.001927,-0.001407
20812.227721,8.953,2.086565,-0.001104,-2.6e-05,-0.001925,-0.001408
20814.758937000002,8.952,2.022308,-0.001095,-1.7e-05,-0.001921,-0.001401
20816.01018,8.952,1.980778,-0.001092,-1.9e-05,-0.001917,-0.001399
20818.524088000002,8.951,1.966905,-0.001088,-2.4e-05,-0.001917,-0.001404
20821.040269,8.95,2.087536,-0.001091,-3.5e-05,-0.001915,-0.001411
20822.305493,8.949,0.698075,-0.001094,-4e-05,-0.00191,-0.001415
20824.806782,8.949,2.085833,-0.0011,-4.2e-05,-0.001922,-0.001416
20826.071363000003,8.949,1.790622,-0.001103,-4.3e-05,-0.001923,-0.001416
20828.602938,8.949,1.980407,-0.001108,-4.4e-05,-0.001929,-0.00142
20831.135467,8.949,1.735506,-0.001108,-4.8e-05,-0.001928,-0.001422
20832.38304,8.949,1.925439,-0.001113,-5e-05,-0.001927,-0.001427
20834.884550000002,8.949,1.669684,-0.001113,-4.5e-05,-0.001928,-0.001422
20836.149694,8.949,1.915158,-0.001114,-4.8e-05,-0.001929,-0.001424
20838.66497,8.949,1.896165,-0.001116,-4.3e-05,-0.00193,-0.001426
20841.165386,8.949,2.011958,-0.001114,-4.2e-05,-0.001925,-0.00143
20842.431076,8.949,1.887226,-0.001115,-4.1e-05,-0.001924,-0.001429
20844.945920000002,8.949,2.071848,-0.001119,-4.3e-05,-0.001925,-0.001434
20846.197096,8.949,2.060707,-0.001122,-4e-05,-0.001932,-0.001433
20848.729818,8.949,2.235956,-0.00112,-3.3e-05,-0.001924,-0.001427
20849.979262,8.95,2.160621,-0.001118,-2.7e-05,-0.001922,-0.001423
20852.494714,8.951,2.612501,-0.001117,-2.2e-05,-0.00192,-0.001423
20855.010807000002,8.952,2.19553,-0.001119,-2.4e-05,-0.001914,-0.00143
20856.274234,8.952,2.22995,-0.001122,-2.6e-05,-0.001917,-0.001431
20858.774670000003,8.953,2.231468,-0.001131,-3.3e-05,-0.001915,-0.001441
20860.039771,8.954,2.21396,-0.001134,-3.4e-05,-0.001918,-0.001441
20862.540763,8.955,2.238821,-0.001136,-3.1e-05,-0.001922,-0.001442
20865.070873,8.956,2.594893,-0.001136,-2.9e-05,-0.001918,-0.00144
20866.321664,8.956,1.995267,-0.001135,-2.5e-05,-0.001913,-0.001441
20868.837572,8.957,2.376391,-0.001134,-1.7e-05,-0.00191,-0.001436
20870.102943,8.958,2.999881,-0.001133,-2e-05,-0.001909,-0.001438
20872.635414,8.959,2.438298,-0.00114,-2.1e-05,-0.001913,-0.00144
20875.148755000002,8.96,2.463169,-0.001144,-1.7e-05,-0.001918,-0.001439
20876.399729,8.96,2.604899,-0.001146,-1.5e-05,-0.001918,-0.001441
20878.901007,8.961,2.402551,-0.001143,-1.1e-05,-0.001913,-0.001442
20880.150562000003,8.962,2.519707,-0.001144,-1.3e-05,-0.001916,-0.00144
20882.665287,8.963,2.609886,-0.001141,-1.3e-05,-0.001908,-0.001441
20885.166013000002,8.964,2.555523,-0.001146,-1.1e-05,-0.001907,-0.001448
20886.430553000002,8.964,2.587753,-0.001148,-1.1e-05,-0.00191,-0.001447
20888.945855,8.965,2.871271,-0.001153,-1.2e-05,-0.001907,-0.001452
20890.19756,8.965,2.731382,-0.001154,-1e-05,-0.00191,-0.001452
20892.713064,8.966,2.706723,-0.001158,-1.5e-05,-0.001908,-0.001461
20893.977878,8.967,2.737265,-0.00116,-1.3e-05,-0.001911,-0.001458
20896.508948000002,8.968,2.709375,-0.001163,-1.5e-05,-0.001906,-0.001464
20899.025949000003,8.968,2.78114,-0.001168,-1.3e-05,-0.001908,-0.001464
20900.290052,8.969,2.90889,-0.001168,-1.1e-05,-0.001909,-0.001465
20902.791369000002,8.97,3.186949,-0.001166,-9e-06,-0.001908,-0.001466
20904.056359000002,8.971,2.801459,-0.001169,-8e-06,-0.001911,-0.001465
20906.57129,8.972,2.87987,-0.001172,-6e-06,-0.001902,-0.001468
20909.072422,8.973,2.980453,-0.001172,-4e-06,-0.001902,-0.001469
20910.337009000003,8.973,3.0395,-0.001174,-3e-06,-0.001904,-0.001467
20912.850504000002,8.974,2.918578,-0.001174,-5e-06,-0.001897,-0.001473
20914.103422,8.974,2.738119,-0.001177,-0.0,-0.001899,-0.001473
20916.602795000003,8.975,3.02073,-0.001177,0.0,-0.001902,-0.001476
20919.133978,8.976,2.909564,-0.001183,-3e-06,-0.001904,-0.001477
20920.399422000002,8.977,3.32374,-0.001188,-0.0,-0.001909,-0.001477
20922.900286,8.978,2.867085,-0.001186,7e-06,-0.001907,-0.001472
20924.150383,8.979,3.09867,-0.001183,6e-06,-0.001899,-0.001473
20926.680036,8.98,3.375376,-0.001187,9e-06,-0.001902,-0.001473
20929.180906,8.981,3.232357,-0.001192,1e-05,-0.001903,-0.001477
20930.430817,8.981,3.147743,-0.001191,1.2e-05,-0.001895,-0.001476
20932.931915,8.982,3.672014,-0.001187,1.8e-05,-0.001897,-0.001476
20934.197074,8.983,3.225932,-0.001193,1.8e-05,-0.001898,-0.001477
20936.728963,8.984,3.384501,-0.00119,1.9e-05,-0.001891,-0.001476
20937.992923,8.984,3.204716,-0.00119,1.9e-05,-0.001896,-0.00148
20940.478833,8.985,3.300805,-0.00119,1.9e-05,-0.001899,-0.001483
20943.008786000002,8.986,3.272385,-0.001197,2e-05,-0.001895,-0.001483
20944.259545,8.987,3.346611,-0.001197,2.3e-05,-0.001895,-0.001482
20946.759778,8.988,3.213661,-0.001203,2.6e-05,-0.001899,-0.001481
20948.024264,8.988,3.693505,-0.001203,2.7e-05,-0.001894,-0.001484
20950.524424,8.989,3.484966,-0.0012,2.6e-05,-0.001891,-0.001485
20953.04005,8.99,3.37936,-0.001205,2.6e-05,-0.001894,-0.001483
20954.290073,8.991,3.763025,-0.001206,2.5e-05,-0.001885,-0.001489
20956.774399,8.992,3.657233,-0.00121,2.8e-05,-0.001884,-0.00149
20958.040916,8.992,3.5967,-0.001214,2.7e-05,-0.00189,-0.001493
20960.540834,8.993,3.513472,-0.001218,2.7e-05,-0.00189,-0.001494
20963.07156,8.994,3.400316,-0.001219,3e-05,-0.001885,-0.001498
20964.337634,8.995,3.636028,-0.001218,3.3e-05,-0.001892,-0.001493
20966.868821,8.996,3.889375,-0.001223,3.2e-05,-0.00189,-0.0015
20968.134625000002,8.996,3.756617,-0.001222,3.1e-05,-0.001885,-0.001501
20970.664978,8.997,3.468075,-0.001228,3.2e-05,-0.001887,-0.001503
20973.165634,8.998,3.705352,-0.001229,3.4e-05,-0.001889,-0.001502
20974.431134000002,8.999,3.765922,-0.001228,3.6e-05,-0.001882,-0.001504
20976.961775,9.0,3.960344,-0.001226,4.2e-05,-0.001886,-0.001501
20978.211426,9.0,4.166755,-0.001226,4.2e-05,-0.001887,-0.001504
20980.742425,9.001,3.99756,-0.001227,4.3e-05,-0.001887,-0.001505
20981.994491,9.002,3.781429,-0.001228,4.6e-05,-0.001883,-0.001505
20984.509400000003,9.003,3.973718,-0.001237,4.8e-05,-0.001886,-0.001504
20987.009651,9.004,4.042947,-0.001237,5.1e-05,-0.001888,-0.001506
20988.274716,9.004,3.921663,-0.001234,5.1e-05,-0.001887,-0.001507
20990.79089,9.005,4.098646,-0.001235,5.3e-05,-0.001886,-0.001506
20992.040886000003,9.006,4.245496,-0.001233,5.3e-05,-0.00188,-0.001509
20994.541101000003,9.007,4.019428,-0.001236,5.6e-05,-0.001877,-0.001508
20997.056513,9.008,4.131056,-0.001237,6e-05,-0.001883,-0.001508
20998.306644,9.008,4.295768,-0.001238,5.9e-05,-0.001882,-0.001508
21000.806650000002,9.009,3.737608,-0.001242,5.5e-05,-0.001884,-0.001515
21002.056788,9.01,4.108795,-0.001249,5.5e-05,-0.001886,-0.001519
21004.58887,9.011,4.216269,-0.001254,5.2e-05,-0.001889,-0.001522
21007.103474,9.012,4.238689,-0.001259,5.2e-05,-0.001886,-0.001525
21008.369406,9.012,4.274452,-0.001263,5.1e-05,-0.001889,-0.001525
21010.884509,9.013,4.12174,-0.001266,5.4e-05,-0.001883,-0.001526
21012.135118000002,9.014,3.940619,-0.001266,5.7e-05,-0.001885,-0.001524
21014.649267,9.015,4.063144,-0.001266,5.9e-05,-0.00189,-0.001522
21017.135534,9.016,4.350784,-0.00127,5.9e-05,-0.001888,-0.001529
21018.384771,9.016,4.401115,-0.001271,5.6e-05,-0.001887,-0.001534
21020.899260000002,9.017,4.49958,-0.00128,5.7e-05,-0.001886,-0.001537
21022.165912,9.018,3.715241,-0.001279,5.8e-05,-0.001889,-0.001536
21024.695831,9.019,4.307689,-0.001284,5.4e-05,-0.001888,-0.001544
21027.196336,9.02,4.417291,-0.00129,5.4e-05,-0.001888,-0.001545
21028.46154,9.02,4.795337,-0.001292,5.6e-05,-0.001887,-0.001543
21030.978624,9.021,4.350646,-0.001294,6.2e-05,-0.00188,-0.001543
21032.243287,9.022,4.459886,-0.001293,6.4e-05,-0.001884,-0.001541
21034.760719,9.023,5.393308,-0.001296,6.6e-05,-0.001885,-0.001543
21036.008751,9.023,4.765713,-0.001297,6.8e-05,-0.001887,-0.001541
21038.508851000002,9.024,5.330049,-0.001305,6.6e-05,-0.001884,-0.00155
21041.008913,9.025,4.783793,-0.001307,6.5e-05,-0.001883,-0.001553
21042.259907,9.025,4.922255,-0.001307,6.4e-05,-0.001876,-0.001557
21044.759622,9.027,4.665629,-0.001307,6.7e-05,-0.001875,-0.001555
21046.010745,9.027,4.983945,-0.001309,6.9e-05,-0.00188,-0.001555
21048.524912,9.028,4.700782,-0.00131,7.2e-05,-0.00188,-0.001557
21051.040568,9.029,5.07674,-0.001317,6.2e-05,-0.001875,-0.001571
21052.290576,9.029,4.941253,-0.001319,6.3e-05,-0.00188,-0.001572
21054.78987,9.03,5.039556,-0.001328,6.4e-05,-0.001883,-0.001572
21056.040658,9.031,5.053633,-0.001329,6.5e-05,-0.001886,-0.001573
21058.541767000002,9.031,4.688516,-0.001334,6.7e-05,-0.001888,-0.001574
21061.071902,9.032,4.933179,-0.001345,5e-05,-0.001881,-0.001595
21062.322036,9.033,5.446854,-0.00135,4.7e-05,-0.001885,-0.001598
21064.837886,9.034,4.699572,-0.001352,4.8e-05,-0.001878,-0.001598
21066.087639,9.034,4.808319,-0.001356,4.7e-05,-0.001883,-0.001602
21068.618727,9.035,5.319609,-0.00136,4.6e-05,-0.00188,-0.001606
21071.11983,9.036,5.207948,-0.001366,4.4e-05,-0.001894,-0.00161
21072.384467,9.036,5.035785,-0.001371,4.2e-05,-0.001896,-0.001616
21074.900805,9.037,5.121733,-0.00138,3.4e-05,-0.001897,-0.001622
21076.165741,9.037,5.081681,-0.001385,2.7e-05,-0.001897,-0.00163
21078.680500000002,9.037,4.849806,-0.001386,2.6e-05,-0.001904,-0.001626
21081.180904,9.037,5.079662,-0.001374,3.3e-05,-0.001897,-0.001618
21082.431032,9.037,4.916122,-0.001371,3.5e-05,-0.00189,-0.001613
21084.947096,9.037,5.339157,-0.001364,4e-05,-0.001897,-0.001608
21086.212742,9.037,5.598864,-0.001365,3.3e-05,-0.001902,-0.001613
21088.743858,9.037,5.30261,-0.001362,3.2e-05,-0.001904,-0.001611
21089.99462,9.037,5.079449,-0.001366,2.9e-05,-0.001902,-0.001612
21092.509293000003,9.037,4.934616,-0.001373,1.5e-05,-0.0019,-0.001621
21095.021546,9.037,5.025426,-0.00136,2.5e-05,-0.001894,-0.001605
21096.259344000002,9.037,4.672213,-0.001354,3.3e-05,-0.001901,-0.001597
21098.758657000002,9.037,4.874402,-0.001364,1.7e-05,-0.001904,-0.001605
21100.010267,9.037,4.725961,-0.001366,1e-05,-0.001904,-0.001616
21102.540816,9.037,4.955811,-0.001359,1.8e-05,-0.001907,-0.001607
21105.055968,9.036,4.743495,-0.001353,1.6e-05,-0.001907,-0.001604
21106.30632,9.035,4.353962,-0.001354,1.3e-05,-0.001911,-0.001602
21108.822072000003,9.034,4.787953,-0.001352,1.2e-05,-0.00191,-0.001603
21110.08699,9.034,4.849223,-0.001347,1.2e-05,-0.001907,-0.0016
21112.602548000003,9.033,4.610778,-0.001343,1.3e-05,-0.001907,-0.001598
21115.119026,9.032,4.502811,-0.001345,6e-06,-0.001915,-0.001599
21116.369833,9.031,4.518117,-0.001341,6e-06,-0.00191,-0.001596
21118.901074,9.03,4.507443,-0.001331,1.6e-05,-0.001911,-0.001585
21120.163877,9.03,4.556813,-0.001327,1.3e-05,-0.00191,-0.001584
21122.680546,9.029,4.420824,-0.001325,1.3e-05,-0.001913,-0.001583
21125.197141,9.028,2.964479,-0.001321,2.3e-05,-0.001914,-0.001574
21126.462079,9.028,4.30092,-0.001317,1.7e-05,-0.001907,-0.001577
21128.978838000003,9.027,4.424824,-0.001328,4e-06,-0.001913,-0.001583
21130.229249,9.026,4.071956,-0.001327,-1e-06,-0.00191,-0.001585
21132.744826000002,9.026,4.912159,-0.001323,-2e-06,-0.001915,-0.001578
21134.010334000002,9.025,4.016988,-0.001319,4e-06,-0.001914,-0.001572
21136.522812000003,9.024,4.215155,-0.00132,-2e-06,-0.001912,-0.001575
21139.025830000002,9.023,4.179482,-0.001324,-5e-06,-0.001919,-0.001574
21140.290152,9.023,4.250424,-0.001322,-1.1e-05,-0.001918,-0.001579
21142.791973,9.022,3.943155,-0.001315,-8e-06,-0.001917,-0.001578
21144.055673000003,9.021,4.201812,-0.001314,-6e-06,-0.001916,-0.001575
21146.572279,9.02,3.992579,-0.001308,-1e-05,-0.001914,-0.001575
21149.071877000002,9.019,3.830116,-0.001311,-1.6e-05,-0.001913,-0.001574
21150.321967,9.019,3.902665,-0.001309,-1.8e-05,-0.001922,-0.001569
21152.821785,9.018,3.922846,-0.001302,-1e-05,-0.001919,-0.001561
21154.071897,9.017,4.062735,-0.001289,-3e-06,-0.001914,-0.001555
21156.57176,9.016,4.189796,-0.001273,7e-06,-0.001916,-0.001544
21159.087707000002,9.015,3.917504,-0.001278,8e-06,-0.001923,-0.001541
21160.353539,9.015,3.989082,-0.001276,3e-06,-0.001917,-0.001544
21162.884482,9.014,4.311785,-0.001275,-1e-06,-0.001918,-0.001544
21164.150721,9.013,3.823664,-0.001276,-6e-06,-0.001912,-0.001548
21166.665864000002,9.012,3.608107,-0.001272,-9e-06,-0.001929,-0.001549
21169.166326000002,9.011,3.789764,-0.001282,-1.7e-05,-0.001925,-0.001547
21170.430693000002,9.011,3.572466,-0.001276,-1.8e-05,-0.001917,-0.001547
21172.930226,9.009,3.917398,-0.00128,-1.6e-05,-0.001918,-0.001548
21174.180784,9.009,3.584138,-0.001273,-1.6e-05,-0.001917,-0.001544
21176.680958,9.008,3.866287,-0.00127,-2.3e-05,-0.001924,-0.001542
21179.181431,9.007,4.126494,-0.001271,-2.9e-05,-0.001918,-0.001547
21180.4326,9.006,3.764033,-0.001269,-2.3e-05,-0.001923,-0.00154
21182.932283000002,9.005,3.978816,-0.001249,-1e-05,-0.001923,-0.001523
21184.180754,9.005,3.560656,-0.001251,-4e-06,-0.001921,-0.001522
21186.680948,9.004,4.004547,-0.001267,-3.3e-05,-0.001929,-0.001541
21189.180317000002,9.003,3.294163,-0.001252,-2.5e-05,-0.001924,-0.001534
21190.431261,9.003,3.545139,-0.00125,-2.4e-05,-0.001923,-0.001525
21192.930703,9.002,3.428964,-0.001258,-2.8e-05,-0.001928,-0.001531
21194.181323,9.001,3.905015,-0.001251,-2.7e-05,-0.001923,-0.001526
21196.680445,9.0,3.38362,-0.001233,-1.1e-05,-0.001918,-0.001511
21199.182676,8.999,3.354187,-0.001236,-2.6e-05,-0.001926,-0.001522
21200.43004,8.998,3.295691,-0.001249,-3.7e-05,-0.001925,-0.001529
21202.93067,8.998,3.361662,-0.001249,-3.4e-05,-0.001934,-0.001527
21204.180731,8.997,3.6205,-0.001243,-2.9e-05,-0.001928,-0.001523
21206.680388,8.996,3.280035,-0.00123,-2.3e-05,-0.001924,-0.00151
21209.181172,8.995,3.521907,-0.00123,-2.9e-05,-0.001927,-0.001518
21210.446505,8.995,3.548157,-0.00123,-2.5e-05,-0.001932,-0.001509
21212.961898,8.994,2.957157,-0.001216,-1e-05,-0.001927,-0.001493
21214.228907,8.993,3.010629,-0.001215,-6e-06,-0.001942,-0.001491
21216.759469,8.992,3.159516,-0.001219,-1.7e-05,-0.001934,-0.001495
21218.008095,8.992,3.10511,-0.001215,-1.5e-05,-0.00193,-0.001488
21220.524634,8.991,3.103344,-0.001203,-7e-06,-0.00193,-0.001479
21223.040097,8.99,3.615815,-0.00121,-1.4e-05,-0.001929,-0.001481
21224.290137,8.99,2.904503,-0.001212,-1e-05,-0.001932,-0.001479
21226.805485,8.989,3.024709,-0.001206,-9e-06,-0.001926,-0.001476
21228.056607000002,8.988,3.227131,-0.001206,-1.4e-05,-0.001928,-0.001473
21230.588799,8.987,2.786052,-0.001198,-8e-06,-0.001929,-0.001467
21233.118471,8.986,2.315657,-0.001196,-1.7e-05,-0.001921,-0.001478
21234.384607,8.986,2.836802,-0.001191,-1.8e-05,-0.001923,-0.001471
21236.899308,8.985,4.531226,-0.001185,-1.4e-05,-0.001921,-0.001468
21238.150728,8.984,3.096861,-0.001186,-1.2e-05,-0.001925,-0.001465
21240.665574000002,8.983,2.882905,-0.001187,-1.1e-05,-0.001925,-0.001469
21243.197241,8.982,2.929379,-0.001182,-1.2e-05,-0.001918,-0.001463
21244.462606,8.982,2.618199,-0.001178,-1.5e-05,-0.00192,-0.001457
21246.994469,8.981,2.967593,-0.001179,-2.5e-05,-0.001912,-0.001466
21248.259138,8.98,2.75481,-0.001181,-2.9e-05,-0.001911,-0.001468
21250.775358,8.979,2.716166,-0.001183,-2.8e-05,-0.001916,-0.001466
21252.025467,8.979,2.051174,-0.001183,-2.2e-05,-0.001926,-0.001461
21254.540974,8.978,2.600915,-0.001172,-2.1e-05,-0.001924,-0.001455
21257.03954,8.977,2.690383,-0.001165,-1.3e-05,-0.001922,-0.001449
21258.291055,8.976,2.54834,-0.001163,-1.4e-05,-0.001921,-0.001448
21260.805892,8.975,2.657278,-0.001159,-4e-06,-0.001923,-0.001442
21262.056439,8.975,2.660578,-0.001154,-9e-06,-0.001916,-0.001445
21264.57244,8.974,2.550112,-0.001156,-2.3e-05,-0.001911,-0.001451
21267.102576,8.973,2.554271,-0.001166,-2.7e-05,-0.001919,-0.001448
21268.354335,8.972,2.666366,-0.001164,-2.9e-05,-0.001925,-0.001448
21270.869311000002,8.971,2.444495,-0.001159,-2.8e-05,-0.001925,-0.00145
21272.134607,8.971,2.48351,-0.001157,-3.3e-05,-0.00192,-0.001453
21274.664446000002,8.97,2.474862,-0.001154,-3e-05,-0.001924,-0.001442
21277.180366,8.969,2.419974,-0.001156,-3.6e-05,-0.001924,-0.001444
21278.445831,8.968,2.397665,-0.001151,-3.3e-05,-0.001926,-0.00144
21280.962701,8.967,2.357032,-0.00115,-3.4e-05,-0.001929,-0.001444
21282.228069,8.967,2.788896,-0.001147,-3.6e-05,-0.001925,-0.001446
21284.743204000002,8.966,2.355568,-0.001146,-3.6e-05,-0.001933,-0.001444
21286.009102,8.965,2.167677,-0.001144,-3.6e-05,-0.001928,-0.001442
21288.525802,8.964,2.347844,-0.001139,-3.2e-05,-0.001927,-0.001434
21291.024744000002,8.964,2.245346,-0.001131,-2.7e-05,-0.001924,-0.001428
21292.274110000002,8.963,2.238672,-0.001131,-2.9e-05,-0.00192,-0.00143
21294.790553,8.962,2.260164,-0.00113,-3.4e-05,-0.001916,-0.001433
21296.055697,8.961,2.18962,-0.001132,-3.2e-05,-0.001923,-0.001428
21298.553841,8.96,2.023465,-0.001122,-2.9e-05,-0.001922,-0.001424
21301.056578,8.959,2.137851,-0.001119,-2.8e-05,-0.001923,-0.00142
21302.321021,8.959,2.052362,-0.001116,-2.6e-05,-0.001918,-0.001418
21306.073222,8.958,2.070469,-0.001111,-2.5e-05,-0.001909,-0.001413
21308.570306,8.956,2.141681,-0.001108,-2.2e-05,-0.00192,-0.001407
21311.087082000002,8.956,2.03634,-0.001103,-2e-05,-0.001912,-0.001407
21312.352747,8.955,1.920527,-0.0011,-1.7e-05,-0.001909,-0.001406
21314.853719,8.954,2.009565,-0.001091,-1.9e-05,-0.001907,-0.001402
21316.119481,8.953,2.079668,-0.001088,-1.8e-05,-0.001907,-0.001398
21318.634737,8.952,2.078209,-0.001087,-2.1e-05,-0.001906,-0.001402
21321.135308,8.951,1.797551,-0.001084,-2.2e-05,-0.001911,-0.001398
21322.384369,8.951,1.824109,-0.001081,-1.7e-05,-0.001912,-0.001393
21324.899198,8.95,1.866678,-0.001077,-1.2e-05,-0.001913,-0.001388
21326.150082,8.95,1.882912,-0.001073,-1.4e-05,-0.001906,-0.001389
21328.665718,8.948,1.853124,-0.001071,-1.6e-05,-0.001912,-0.001388
21331.180353,8.947,1.844041,-0.001072,-1.6e-05,-0.001906,-0.001384
21332.430101,8.947,1.836051,-0.001069,-1.4e-05,-0.001905,-0.001379
21334.94681,8.946,1.698009,-0.001069,-1.8e-05,-0.0019,-0.001383
21336.196900000003,8.945,1.657026,-0.001067,-1.7e-05,-0.001904,-0.001383
21338.712711,8.944,1.694544,-0.001063,-2e-05,-0.001906,-0.001385
21341.227494,8.943,1.675031,-0.001064,-2.3e-05,-0.001907,-0.001383
21342.49446,8.942,1.439563,-0.001062,-2e-05,-0.001904,-0.001384
21345.009410000002,8.942,1.569823,-0.001054,-1.4e-05,-0.001903,-0.001374
21346.259882000002,8.941,1.404039,-0.001051,-1.5e-05,-0.001902,-0.001369
21348.774824,8.94,1.539233,-0.001044,-1.3e-05,-0.001898,-0.001367
21350.025498000003,8.94,2.04164,-0.001044,-1.3e-05,-0.001901,-0.001366
21352.540267,8.939,1.579988,-0.001042,-1.1e-05,-0.001903,-0.001362
21355.055856,8.938,1.346562,-0.001043,-1.7e-05,-0.001899,-0.001368
21356.305330000003,8.937,1.597071,-0.001042,-2e-05,-0.001894,-0.001368
21358.806692000002,8.936,1.573224,-0.001042,-2e-05,-0.001894,-0.001369
21360.071072,8.936,1.463898,-0.001039,-1.6e-05,-0.001898,-0.001363
21362.587565,8.935,2.38133,-0.00103,-1e-05,-0.001898,-0.001353
21365.117992,8.934,1.483517,-0.001024,-5e-06,-0.00189,-0.001353
21366.369057,8.934,1.230075,-0.001024,-5e-06,-0.001898,-0.001353
21368.884431000002,8.934,1.415812,-0.001023,-4e-06,-0.001896,-0.001351
21370.135178,8.934,1.489656,-0.001021,-1e-06,-0.001892,-0.001351
21372.650373,8.934,1.414942,-0.00102,-4e-06,-0.001893,-0.001354
21375.164716,8.934,1.399185,-0.001028,-3e-06,-0.001899,-0.001356
21376.412984000002,8.934,1.478143,-0.001032,-4e-06,-0.001892,-0.00136
21378.914822,8.934,1.477347,-0.001032,-2e-06,-0.001891,-0.001361
21380.165603,8.934,1.728164,-0.001032,-4e-06,-0.001893,-0.001363
21382.665118,8.934,1.40292,-0.001039,-6e-06,-0.001893,-0.001371
21385.180545,8.934,1.599554,-0.001042,-4e-06,-0.001897,-0.001368
21386.430843000002,8.934,1.585914,-0.001042,-1e-06,-0.001888,-0.001369
21388.931001,8.934,1.786585,-0.001039,3e-06,-0.00189,-0.001364
21390.180815,8.934,1.675477,-0.00104,3e-06,-0.001893,-0.001367
21392.681422,8.935,1.634563,-0.001043,2e-06,-0.001889,-0.001373
21395.180815,8.936,3.192238,-0.001045,3e-06,-0.001891,-0.001371
21396.431694,8.936,1.824045,-0.001045,7e-06,-0.001894,-0.001368
21398.932206,8.937,2.235781,-0.001048,1e-05,-0.001894,-0.001368
21400.196216,8.938,1.555271,-0.00105,1.1e-05,-0.00189,-0.00137
21402.729705,8.939,1.773783,-0.00105,1.6e-05,-0.001892,-0.001371
21405.243805000002,8.94,1.743024,-0.001052,1.4e-05,-0.00189,-0.001377
21406.493716,8.94,1.866811,-0.001055,1.2e-05,-0.00189,-0.001379
21408.992535,8.941,1.635571,-0.001055,1.1e-05,-0.001885,-0.001383
21410.243295,8.942,1.878928,-0.001056,1e-05,-0.001889,-0.001381
21412.775819000002,8.942,1.849198,-0.001056,1.1e-05,-0.001881,-0.001384
21414.039713000002,8.943,1.910293,-0.00106,1.1e-05,-0.001884,-0.001385
21416.540887000003,8.944,2.053657,-0.001061,1.7e-05,-0.001883,-0.001383
21419.040950000002,8.945,1.974481,-0.001064,2e-05,-0.001888,-0.001383
21420.290619,8.945,2.15008,-0.001063,1.9e-05,-0.001882,-0.001385
21422.789816,8.946,2.013729,-0.001068,2e-05,-0.00188,-0.001387
21424.040201,8.947,2.349823,-0.001068,1.8e-05,-0.001885,-0.001385
21426.541038,8.948,2.065307,-0.00107,1.9e-05,-0.001885,-0.001385
21429.039987,8.949,2.247107,-0.001072,1.8e-05,-0.001884,-0.00139
21430.290066,8.949,2.208034,-0.001071,1.9e-05,-0.001879,-0.001391
21432.791575,8.95,1.950767,-0.001074,2.2e-05,-0.001882,-0.001392
21434.056362,8.951,2.316007,-0.001076,2.4e-05,-0.001885,-0.001392
21436.572180000003,8.952,1.936421,-0.001077,2.4e-05,-0.001887,-0.001392
21440.369656000003,8.952,2.265655,-0.001082,2.5e-05,-0.001889,-0.001397
21442.884415,8.954,2.373463,-0.001081,3e-05,-0.001887,-0.001393
21444.150317,8.955,2.424186,-0.00108,3.2e-05,-0.001884,-0.001393
21446.680826,8.956,2.104131,-0.001082,3e-05,-0.001884,-0.001398
21449.197025,8.957,2.339498,-0.001089,2.6e-05,-0.001882,-0.001406
21450.462208,8.957,2.767866,-0.00109,2.8e-05,-0.001886,-0.001405
21452.994498,8.958,2.580267,-0.001096,3e-05,-0.001882,-0.001407
21454.24455,8.959,2.478263,-0.001097,3.1e-05,-0.001879,-0.001405
21456.759247,8.96,2.571211,-0.001097,3.5e-05,-0.001882,-0.001405
21458.009748,8.96,2.587742,-0.001097,3.4e-05,-0.001878,-0.001411
21460.508807000002,8.961,2.562611,-0.001103,3.4e-05,-0.00188,-0.001414
21463.010261,8.962,2.589647,-0.001102,3.8e-05,-0.001877,-0.001414
21464.274678,8.963,2.635723,-0.001104,3.9e-05,-0.00188,-0.001415
21466.77534,8.964,2.609472,-0.001104,4.3e-05,-0.00188,-0.001412
21468.024817,8.964,2.626316,-0.001106,4e-05,-0.001876,-0.001414
21470.524951,8.965,2.661368,-0.001113,3.6e-05,-0.001874,-0.001424
21473.025878,8.966,2.875499,-0.001124,3.1e-05,-0.001875,-0.001432
21476.821854,8.967,2.704028,-0.001131,1.8e-05,-0.001877,-0.001446
21478.088229,8.968,2.954515,-0.001135,1.7e-05,-0.001881,-0.001445
21480.619182000002,8.969,2.788312,-0.001138,1.8e-05,-0.001877,-0.001449
21483.134726,8.969,3.031834,-0.001146,1.6e-05,-0.001886,-0.001452
21484.385584,8.971,2.630762,-0.001147,1.4e-05,-0.001885,-0.001456
21486.885306,8.972,3.013069,-0.001152,1.3e-05,-0.001884,-0.001459
21488.149265,8.972,2.933708,-0.001149,1.7e-05,-0.001885,-0.001456
21490.649541,8.973,2.954786,-0.001152,1.9e-05,-0.001887,-0.001458
21493.165703000002,8.974,4.151837,-0.001141,2.6e-05,-0.001887,-0.001448
21494.430816,8.975,2.915389,-0.001144,2.7e-05,-0.00189,-0.001453
21496.930753,8.976,3.227195,-0.001158,1.8e-05,-0.001885,-0.001464
21498.180926,8.976,2.762322,-0.00116,1.6e-05,-0.001885,-0.001468
21500.696798,8.977,2.892943,-0.001163,1.5e-05,-0.001881,-0.001467
21503.197075,8.978,3.392533,-0.001162,2e-05,-0.001888,-0.001465
21504.445780000002,8.979,3.065162,-0.00117,1.8e-05,-0.001889,-0.001469
21506.962545000002,8.98,3.168816,-0.001177,1.6e-05,-0.001894,-0.001475
21508.227131,8.98,3.102521,-0.001174,1.8e-05,-0.001895,-0.00147
21510.744099,8.981,2.348883,-0.001182,2.3e-05,-0.001902,-0.001475
21512.009404,8.982,3.224197,-0.001186,1.4e-05,-0.001897,-0.001485
21514.525411000002,8.983,3.36833,-0.001194,7e-06,-0.0019,-0.001494
21517.040167,8.984,3.205056,-0.001204,-3e-06,-0.001902,-0.001504
21518.288838,8.985,3.597931,-0.001206,-1e-06,-0.001901,-0.001505
21520.806505,8.986,3.471412,-0.001203,4e-06,-0.0019,-0.001499
21522.056632,8.986,3.226176,-0.001202,6e-06,-0.001898,-0.001499
21524.571792000002,8.987,3.366166,-0.001205,7e-06,-0.001896,-0.001503
21527.087385,8.988,3.675865,-0.001204,6e-06,-0.0019,-0.001506
21528.35284,8.989,3.204207,-0.00121,2e-06,-0.001905,-0.00151
21530.869000000002,8.99,3.397276,-0.001219,-2e-06,-0.001907,-0.001512
21532.134169,8.99,4.158898,-0.001216,4e-06,-0.001913,-0.001512
21534.649349,8.992,3.493688,-0.001219,6e-06,-0.001905,-0.001514
21537.150413,8.992,3.763492,-0.001218,1.5e-05,-0.001905,-0.001508
21538.415681000002,8.993,3.563834,-0.001216,1.4e-05,-0.001909,-0.00151
21540.915504,8.994,4.027142,-0.001222,1.4e-05,-0.00191,-0.00151
21542.165322,8.994,3.758102,-0.001228,8e-06,-0.001907,-0.001518
21544.681639000002,8.995,4.390409,-0.001248,-5e-06,-0.001915,-0.001529
21547.18028,8.996,3.774368,-0.00125,-6e-06,-0.001912,-0.001535
21548.430581,8.996,4.151508,-0.00125,-7e-06,-0.00191,-0.001535
21550.931038000002,8.997,3.658888,-0.001255,-3e-06,-0.001911,-0.001538
21552.176939,8.998,3.705591,-0.001252,2e-06,-0.001907,-0.001538
21554.681927,8.998,3.916618,-0.001251,-2e-06,-0.001906,-0.001539
21557.181716,8.999,3.497428,-0.001264,-1e-05,-0.001904,-0.00155
21558.431022,9.0,3.728801,-0.001266,-6e-06,-0.001912,-0.001549
21560.946012,9.001,3.690004,-0.00126,5e-06,-0.00191,-0.001541
21562.196877000002,9.001,3.977814,-0.001265,-2e-06,-0.001908,-0.001551
21564.696152,9.002,4.0318,-0.001267,-2e-06,-0.001904,-0.001552
21567.212729,9.003,3.729316,-0.001264,7e-06,-0.001912,-0.001551
21568.461817,9.004,4.058783,-0.001269,1.2e-05,-0.001918,-0.001548
21570.978649,9.005,4.142075,-0.001276,1e-06,-0.001912,-0.001553
21572.225606,9.005,4.654037,-0.001274,-1e-06,-0.001911,-0.001558
21574.744141000003,9.006,4.082513,-0.001279,-1e-06,-0.001916,-0.001559
21577.259789,9.007,4.011646,-0.001277,7e-06,-0.001914,-0.001555
21578.509501,9.008,5.038121,-0.001274,9e-06,-0.001909,-0.001552
21581.040306000003,9.009,4.232721,-0.001276,1.4e-05,-0.001915,-0.001553
21582.305621,9.009,3.338525,-0.001288,1e-06,-0.001911,-0.00157
21584.806766,9.01,4.064719,-0.001306,-1.7e-05,-0.001921,-0.001589
21588.601131,9.012,4.129056,-0.001318,-1.1e-05,-0.001923,-0.001585
21591.119267000002,9.013,4.486264,-0.001318,-7e-06,-0.001924,-0.001585
21592.384704,9.013,4.375098,-0.001312,-2e-06,-0.001918,-0.001584
21594.914515,9.014,4.594682,-0.001317,-4e-06,-0.001918,-0.001586
21596.164652,9.015,3.535128,-0.001323,-6e-06,-0.001908,-0.001588
21598.665641,9.016,4.387188,-0.001332,-1.8e-05,-0.00191,-0.001602
21601.197285000002,9.017,4.028198,-0.001326,-8e-06,-0.001926,-0.001596
21602.462292,9.017,4.366535,-0.001321,-9e-06,-0.001922,-0.001597
21604.992875,9.018,4.687768,-0.001326,-6e-06,-0.001921,-0.001591
21606.259761,9.019,4.256679,-0.001334,-1.3e-05,-0.001915,-0.001606
21608.754408,9.02,4.565832,-0.001346,-1.6e-05,-0.001917,-0.001611
21611.258664,9.02,4.507039,-0.001355,-1.3e-05,-0.001917,-0.00161
21612.509483,9.021,4.514833,-0.001352,-6e-06,-0.001921,-0.001604
21615.024099000002,9.022,4.620089,-0.001353,-9e-06,-0.001923,-0.001616
21616.274751,9.022,4.740603,-0.001354,-1.5e-05,-0.00192,-0.001622
21618.775052,9.023,4.46377,-0.001352,-4e-06,-0.00192,-0.001613
21620.040187000002,9.024,4.497288,-0.001353,-5e-06,-0.001924,-0.001615
21622.570838,9.025,5.159343,-0.001347,1e-05,-0.001933,-0.001601
21625.072157000002,9.026,4.835578,-0.001354,8e-06,-0.001926,-0.001605
21626.336217,9.026,5.073818,-0.001358,5e-06,-0.001929,-0.001611
21628.852603,9.027,4.79703,-0.001359,1.1e-05,-0.001927,-0.001607
21630.104023,9.027,5.654014,-0.001358,1.4e-05,-0.001924,-0.00161
21632.602784000002,9.028,5.01188,-0.001365,1e-05,-0.001932,-0.001614
21635.119526000002,9.028,4.563588,-0.001363,9e-06,-0.001934,-0.001617
21636.383912,9.028,5.274987,-0.001362,9e-06,-0.001934,-0.001615
21638.899637000002,9.028,4.848576,-0.001365,7e-06,-0.001928,-0.001615
21640.149697,9.028,4.780371,-0.001364,9e-06,-0.001926,-0.001614
21642.650137,9.028,5.018969,-0.001359,2.2e-05,-0.001926,-0.001604
21645.181498,9.028,4.98743,-0.001361,2.3e-05,-0.001935,-0.001597
21646.431397,9.028,4.823906,-0.001361,2.1e-05,-0.00193,-0.001597
21648.946354,9.028,4.771798,-0.001363,1.5e-05,-0.001924,-0.001608
21650.213515,9.028,4.971626,-0.001367,1.5e-05,-0.001927,-0.001609
21652.743695,9.028,5.110259,-0.001364,2e-05,-0.001925,-0.001601
21655.258911,9.028,4.847313,-0.001363,2.3e-05,-0.001924,-0.001597
21656.509329,9.028,4.965556,-0.001367,2e-05,-0.001923,-0.001596
21659.039774,9.028,5.24978,-0.001359,2.5e-05,-0.00192,-0.001593
21660.289594,9.028,4.562214,-0.001359,2.9e-05,-0.001926,-0.001594
21662.80585,9.028,5.059476,-0.001352,2.8e-05,-0.001926,-0.001598
21664.072654,9.028,4.977546,-0.001355,2.7e-05,-0.001926,-0.001597
21666.603399,9.028,5.26734,-0.001348,2.9e-05,-0.001921,-0.001594
21669.134082,9.028,4.662977,-0.001348,3.5e-05,-0.001922,-0.001593
21670.399859,9.028,4.805492,-0.001345,3.8e-05,-0.001915,-0.001591
21672.915377,9.028,5.334505,-0.001338,3.2e-05,-0.001914,-0.001599
21674.165543000003,9.028,4.64713,-0.00134,3e-05,-0.001916,-0.001596
21676.665162,9.028,5.029994,-0.001339,3.3e-05,-0.001917,-0.001596
21679.165273000002,9.028,5.798125,-0.001337,3.2e-05,-0.001918,-0.001592
21680.415295,9.028,4.96579,-0.001334,3.5e-05,-0.001916,-0.001591
21682.915216,9.028,5.322976,-0.001329,4.3e-05,-0.001917,-0.001587
21684.165766000002,9.028,4.870921,-0.001326,4.3e-05,-0.001922,-0.001583
21686.680571,9.028,4.806038,-0.001326,3.8e-05,-0.001916,-0.001585
21689.182124,9.028,5.187497,-0.001328,3.5e-05,-0.001917,-0.001586
21690.447136000003,9.028,5.055226,-0.001332,2.9e-05,-0.001915,-0.001591
21692.963139,9.028,4.976384,-0.00134,2.5e-05,-0.00191,-0.001593
21694.213012,9.028,4.858778,-0.00134,2.6e-05,-0.001906,-0.001593
21696.744514,9.028,4.640965,-0.001345,2.9e-05,-0.001904,-0.001592
21699.259371,9.028,5.315519,-0.001346,3.4e-05,-0.001903,-0.001588
21700.509489,9.028,5.238209,-0.00135,3.2e-05,-0.001896,-0.001592
21703.02463,9.028,4.714491,-0.001348,3.1e-05,-0.001895,-0.001592
21704.275386,9.028,5.041421,-0.001348,2.6e-05,-0.001892,-0.001594
21706.790708,9.028,4.507899,-0.001351,2.4e-05,-0.001894,-0.001598
21708.040930000003,9.028,4.776626,-0.001351,2.3e-05,-0.001895,-0.0016
21710.541021,9.028,5.117696,-0.001352,2.1e-05,-0.001905,-0.001596
21713.057523,9.028,5.679834,-0.001349,2.8e-05,-0.0019,-0.001593
21714.306862,9.028,5.400352,-0.001348,3.3e-05,-0.001903,-0.00159
21716.806635,9.028,5.329223,-0.001345,3.3e-05,-0.001898,-0.001589
21718.072147,9.028,4.877001,-0.00134,3.9e-05,-0.0019,-0.001585
21720.603843,9.028,4.606253,-0.001342,3.3e-05,-0.001896,-0.001591
21723.133895,9.028,4.919093,-0.001344,3.1e-05,-0.001899,-0.001591
21724.385127,9.028,4.72429,-0.001345,3e-05,-0.001894,-0.001594
21726.899239000002,9.028,4.897617,-0.001344,3.1e-05,-0.0019,-0.001588
21728.160248,9.028,4.942054,-0.001344,3.5e-05,-0.001902,-0.001589
21730.665566,9.028,5.187656,-0.001342,3.4e-05,-0.001898,-0.001594
21733.180602,9.028,4.773231,-0.001341,3.3e-05,-0.0019,-0.001597
21734.430661000002,9.028,5.008741,-0.001343,3.2e-05,-0.001903,-0.001591
21736.931647,9.028,4.911167,-0.001339,3.2e-05,-0.0019,-0.001591
21738.181862,9.028,4.873176,-0.00134,3.4e-05,-0.001902,-0.001592
21740.681087,9.028,4.822336,-0.001337,3.4e-05,-0.0019,-0.001591
21743.197144,9.028,4.533661,-0.001335,4e-05,-0.001902,-0.001589
21744.462138000003,9.028,5.334323,-0.001335,4e-05,-0.0019,-0.001592
21746.978015,9.028,4.787353,-0.001331,4.2e-05,-0.001901,-0.001589
21748.244835,9.028,4.964034,-0.00133,3.8e-05,-0.001897,-0.001591
21750.759673,9.028,4.800908,-0.001337,3.6e-05,-0.001896,-0.001588
21753.259609,9.028,5.088533,-0.001337,3.9e-05,-0.001894,-0.001586
21754.524617000003,9.028,4.918754,-0.001339,3.7e-05,-0.00189,-0.001588
21757.040307,9.028,4.775719,-0.001337,3.9e-05,-0.001895,-0.001587
21758.291002,9.028,5.276226,-0.001337,4.1e-05,-0.001898,-0.001582
21760.79049,9.028,4.593414,-0.001331,4.7e-05,-0.001903,-0.001576
21762.040651,9.028,4.50279,-0.001329,4.6e-05,-0.0019,-0.001578
21764.540104,9.028,4.69606,-0.001325,5.3e-05,-0.001898,-0.001578
21767.056370000002,9.028,4.561211,-0.001328,4.9e-05,-0.001901,-0.001579
21768.322375,9.028,5.034439,-0.001326,4.8e-05,-0.001898,-0.001581
21770.852747,9.028,5.000193,-0.00133,4.5e-05,-0.0019,-0.001581
21772.103504000002,9.028,4.689906,-0.001327,4.3e-05,-0.001893,-0.00158
21774.633902,9.028,4.709562,-0.001329,3.8e-05,-0.001896,-0.001585
21777.149752,9.028,5.20703,-0.001332,4.3e-05,-0.001898,-0.001582
21778.400344,9.028,3.980095,-0.00133,4.3e-05,-0.001892,-0.001582
21780.931692000002,9.028,4.44752,-0.001331,4.8e-05,-0.001899,-0.001581
21782.182251000002,9.028,5.128491,-0.001331,4.5e-05,-0.001897,-0.001583
21784.68096,9.028,4.85769,-0.001331,4.4e-05,-0.001899,-0.001581
21787.197388,9.028,4.861117,-0.001332,4.5e-05,-0.001894,-0.001583
21788.461702,9.028,4.939089,-0.001335,4.4e-05,-0.001899,-0.001583
21790.979332000003,9.028,4.815508,-0.001333,4.4e-05,-0.001896,-0.001582
21792.244581,9.028,4.818654,-0.001333,4.3e-05,-0.001903,-0.00158
21794.759499,9.028,5.371879,-0.001332,4.1e-05,-0.001898,-0.00158
21797.259745,9.028,4.894143,-0.001329,4.7e-05,-0.001896,-0.001575
21798.510687,9.028,4.845138,-0.001331,4.7e-05,-0.001897,-0.001577
21801.040105,9.028,4.830013,-0.00133,4.6e-05,-0.001896,-0.001576
21802.290663,9.028,4.825896,-0.001331,4.7e-05,-0.001897,-0.001578
21804.790735000002,9.028,4.582337,-0.001329,5.1e-05,-0.001893,-0.001575
21806.042119,9.028,4.72221,-0.001329,5.1e-05,-0.001888,-0.001577
21808.556066,9.028,4.73047,-0.001332,4.7e-05,-0.001887,-0.001578
21811.071989,9.028,4.593526,-0.001332,4.5e-05,-0.001895,-0.001581
21812.322167000002,9.028,4.663343,-0.001331,4.7e-05,-0.001893,-0.00158
21814.821366,9.028,4.753495,-0.001325,4.9e-05,-0.001891,-0.001578
21816.072629000002,9.028,5.075146,-0.001329,4.9e-05,-0.001896,-0.001579
21818.602098,9.028,4.939465,-0.001328,5e-05,-0.001887,-0.001578
21821.119176,9.028,4.507368,-0.001329,4.8e-05,-0.001887,-0.00158
21822.384327,9.028,5.039904,-0.001325,4.7e-05,-0.001883,-0.001582
21824.914194,9.028,5.060538,-0.001323,4.9e-05,-0.001892,-0.001574
21826.164917000002,9.028,4.513947,-0.001322,4.8e-05,-0.001885,-0.00158
21828.696209,9.028,4.757532,-0.001326,5.2e-05,-0.00189,-0.001575
21831.197109,9.028,4.801057,-0.001324,5.4e-05,-0.001889,-0.001574
21832.462779,9.028,4.904795,-0.001324,5.2e-05,-0.001889,-0.001575
21834.979613,9.028,5.048215,-0.001323,4.9e-05,-0.001883,-0.00158
21836.227096000002,9.028,4.83596,-0.001324,4.8e-05,-0.001883,-0.001582
21838.74377,9.028,5.139017,-0.001326,5.1e-05,-0.001888,-0.001579
21841.259669,9.028,4.874476,-0.001326,5.3e-05,-0.001893,-0.001575
21842.509367000002,9.028,5.583342,-0.001326,5.3e-05,-0.001888,-0.001575
21845.009603000002,9.028,4.745293,-0.001324,5.2e-05,-0.001886,-0.001574
21846.275179,9.028,4.693201,-0.001324,5e-05,-0.001881,-0.001577
21848.806603,9.028,4.913119,-0.001327,5.1e-05,-0.001886,-0.001577
21850.072212,9.028,4.782706,-0.001324,5.5e-05,-0.001881,-0.001577
21852.586874,9.028,5.020963,-0.001323,5.7e-05,-0.001886,-0.001574
21855.119225000002,9.029,4.785815,-0.001321,5.5e-05,-0.00188,-0.001575
21856.384478,9.029,4.621437,-0.001322,5.5e-05,-0.001884,-0.001573
21858.915372,9.029,4.80685,-0.001321,5.3e-05,-0.00188,-0.001574
21860.180716000003,9.029,4.606741,-0.001323,5.3e-05,-0.001878,-0.001576
21862.681665,9.029,4.992815,-0.001324,5.2e-05,-0.001878,-0.001578
21865.181265,9.029,5.043172,-0.001322,5.4e-05,-0.001883,-0.001574
21866.431476,9.029,4.704129,-0.00132,5.8e-05,-0.001889,-0.00157
21868.96222,9.029,4.856502,-0.001317,5.6e-05,-0.001886,-0.00157
21870.228726,9.029,4.913098,-0.001319,5.6e-05,-0.001892,-0.001571
21872.759545,9.029,4.917714,-0.001322,5.1e-05,-0.001884,-0.001575
21875.259778,9.029,5.115678,-0.001321,5.6e-05,-0.001885,-0.001572
21876.525281000002,9.029,5.016236,-0.001321,5.7e-05,-0.001887,-0.001571
21879.041039,9.029,5.142345,-0.001322,5.7e-05,-0.001883,-0.001574
21880.305699,9.029,5.311853,-0.00132,5.8e-05,-0.001882,-0.001574
21882.807108,9.029,4.657289,-0.001318,6.1e-05,-0.001879,-0.001569
21884.070997000003,9.029,5.836731,-0.001321,6.2e-05,-0.001883,-0.001569
21886.601079,9.029,4.954076,-0.001322,5.9e-05,-0.001881,-0.001572
21889.103346,9.029,4.63922,-0.001319,5.8e-05,-0.001877,-0.001572
21890.368502,9.029,4.753442,-0.001315,6e-05,-0.001881,-0.001568
21892.885486,9.029,5.15929,-0.001319,5.6e-05,-0.001877,-0.001572
21894.149781,9.029,4.956426,-0.00132,5.6e-05,-0.001882,-0.00157
21896.649567,9.029,4.837551,-0.001321,5.7e-05,-0.001883,-0.001572
21899.150601,9.029,5.152703,-0.001319,5.8e-05,-0.001886,-0.001569
21900.415865000003,9.029,4.3436,-0.001316,5.7e-05,-0.001891,-0.001567
21902.931984000003,9.029,4.753346,-0.001311,6.1e-05,-0.00189,-0.001566
21904.181013,9.029,4.834681,-0.001308,6.5e-05,-0.001893,-0.001564
21906.680568,9.029,4.676988,-0.00131,6.3e-05,-0.001892,-0.001562
21909.180574,9.029,4.809131,-0.001313,6.4e-05,-0.00189,-0.001564
21910.431441,9.029,4.779231,-0.001311,6.3e-05,-0.001887,-0.001562
21912.93144,9.029,5.027617,-0.001314,6e-05,-0.001883,-0.001563
21914.182224,9.029,4.659931,-0.001315,6.2e-05,-0.001882,-0.001563
21916.681252000002,9.029,4.897978,-0.001316,6e-05,-0.001879,-0.001567
21919.181668,9.029,4.915348,-0.001313,5.8e-05,-0.001881,-0.001567
21920.432101000002,9.029,5.127258,-0.001315,5.8e-05,-0.001882,-0.001565
21922.963065,9.029,5.032119,-0.001316,5.8e-05,-0.001883,-0.001566
21924.228750000002,9.029,4.893469,-0.001315,5.5e-05,-0.001882,-0.001567
21926.759348,9.029,5.091062,-0.001316,5.6e-05,-0.00189,-0.001568
21929.259120000002,9.029,5.187869,-0.001313,5.8e-05,-0.001887,-0.001566
21930.510185,9.029,4.906488,-0.001314,5.7e-05,-0.001887,-0.001562
21933.025337,9.029,4.913141,-0.001314,6.3e-05,-0.001884,-0.001558
21934.290681000002,9.029,4.76897,-0.001313,6.6e-05,-0.001887,-0.001556
21936.806054,9.029,4.933831,-0.001311,6.4e-05,-0.001881,-0.001559
21938.071427000003,9.029,5.169064,-0.001311,6.5e-05,-0.001886,-0.001558
21940.571017000002,9.029,4.678272,-0.001307,6.5e-05,-0.001887,-0.001561
21943.0716,9.029,4.734677,-0.001317,6.1e-05,-0.001889,-0.001566
21944.323068,9.029,5.052836,-0.001319,6.1e-05,-0.001889,-0.001566
21946.836742,9.029,4.920653,-0.001321,5.8e-05,-0.001885,-0.00157
21948.084386000002,9.029,4.402505,-0.001326,5.5e-05,-0.001888,-0.001569
21950.60267,9.029,4.766137,-0.001335,3.5e-05,-0.001886,-0.001586
21953.119524,9.029,5.190791,-0.001344,3.1e-05,-0.001895,-0.001593
21954.384221,9.029,4.991924,-0.001344,3e-05,-0.001901,-0.001593
21956.899970000002,9.029,5.055173,-0.001342,3.1e-05,-0.001897,-0.001597
21958.134824,9.029,4.358391,-0.001344,2.8e-05,-0.001895,-0.0016
21960.649329,9.029,4.867123,-0.001343,2.9e-05,-0.001895,-0.001595
21963.164762,9.029,4.651926,-0.001339,3.2e-05,-0.001896,-0.001593
21964.415094,9.029,4.436167,-0.00134,3.2e-05,-0.001894,-0.001593
21966.946925,9.029,4.746306,-0.001341,3.3e-05,-0.001899,-0.001595
21968.211682,9.029,4.735049,-0.001342,2.6e-05,-0.001895,-0.001603
21970.727738,9.029,5.093269,-0.001355,1.6e-05,-0.001906,-0.001606
21973.244567,9.029,4.742587,-0.001355,1.2e-05,-0.001903,-0.001616
21974.493177,9.029,5.063279,-0.001361,8e-06,-0.001908,-0.001618
21976.993961,9.029,4.608348,-0.001368,0.0,-0.001921,-0.001622
21978.259095,9.029,4.249093,-0.001371,-6e-06,-0.001923,-0.001629
21980.759232,9.029,4.947078,-0.00138,-1.2e-05,-0.001927,-0.00163
21983.260104,9.029,4.795242,-0.001377,-1.1e-05,-0.001923,-0.001632
21984.525476000003,9.029,4.89375,-0.001377,-7e-06,-0.001925,-0.001629
21987.040413000002,9.029,5.194509,-0.001378,-1e-05,-0.001922,-0.001634
21988.291585,9.029,4.714995,-0.001372,-3e-06,-0.001925,-0.001628
21990.806114,9.029,4.630774,-0.001366,0.0,-0.00192,-0.001623
21992.071573,9.029,4.705456,-0.001367,-2e-06,-0.001924,-0.001626
21994.604462,9.029,5.125599,-0.001376,-7e-06,-0.001925,-0.001627
21997.103755,9.029,5.206461,-0.001369,-2e-06,-0.001925,-0.001625
21998.368107000002,9.029,4.720995,-0.001361,4e-06,-0.00193,-0.001619
22000.884011000002,9.029,4.506588,-0.001356,9e-06,-0.001926,-0.001612
22002.135701,9.029,5.016342,-0.00136,1.4e-05,-0.001934,-0.001604
22004.650326000003,9.029,4.818675,-0.001365,1.3e-05,-0.001932,-0.001604
22007.165338,9.029,4.864465,-0.001363,8e-06,-0.001927,-0.00161
22008.415711,9.029,4.765814,-0.001363,1.1e-05,-0.001932,-0.001608
22010.931650000002,9.029,4.747972,-0.001366,6e-06,-0.001925,-0.001625
22012.180931000003,9.029,5.138317,-0.00137,5e-06,-0.001933,-0.001626
22014.681064,9.029,5.059848,-0.001378,-5e-06,-0.001937,-0.00163
22017.197098,9.029,4.75324,-0.001379,-1.2e-05,-0.001933,-0.001634
22018.462056,9.029,4.746073,-0.001373,-9e-06,-0.001929,-0.001628
22020.994439000002,9.029,5.262788,-0.001366,-6e-06,-0.001932,-0.001625
22022.259688000002,9.029,4.872608,-0.001366,-3e-06,-0.001935,-0.001621
22024.775818000002,9.029,4.861271,-0.00136,8e-06,-0.001929,-0.001614
22027.290067,9.029,4.712167,-0.001361,1.5e-05,-0.00193,-0.001606
22028.53732,9.029,4.552654,-0.001364,1.3e-05,-0.001935,-0.001605
22031.039679,9.029,4.850512,-0.001368,1.1e-05,-0.001933,-0.001611
22032.289537,9.029,4.369718,-0.001368,9e-06,-0.001932,-0.001614
22034.807019,9.029,4.90505,-0.001369,7e-06,-0.001936,-0.001619
22036.055761,9.029,4.689163,-0.001367,8e-06,-0.001931,-0.001614
22038.571409,9.029,4.565121,-0.001368,1.2e-05,-0.001934,-0.001617
22041.08665,9.029,5.08593,-0.001371,3e-06,-0.001937,-0.001625
22042.337705,9.029,5.076369,-0.001372,2e-06,-0.001934,-0.001623
22044.852897,9.029,4.859345,-0.001372,0.0,-0.001935,-0.001616
22046.103328,9.029,4.70814,-0.001375,3e-06,-0.001939,-0.001616
22048.601969,9.029,4.557259,-0.001376,3e-06,-0.001936,-0.001615
22051.134038,9.029,4.805699,-0.001373,5e-06,-0.001931,-0.001612
22052.384162000002,9.029,4.762827,-0.001372,4e-06,-0.001937,-0.001608
22054.899227,9.029,4.851324,-0.001375,2e-06,-0.001935,-0.001618
22056.149456,9.029,5.035837,-0.001375,4e-06,-0.001941,-0.001617
22058.665068000002,9.029,4.962129,-0.001373,9e-06,-0.001935,-0.001608
22061.166102000003,9.029,4.649305,-0.001365,1.3e-05,-0.001934,-0.001605
22062.429354,9.029,5.018095,-0.001375,-3e-06,-0.001933,-0.001616
22064.931524,9.029,4.782955,-0.001374,2e-06,-0.001934,-0.00162
22066.164854000002,9.029,5.032716,-0.001373,1e-06,-0.001933,-0.001618
22068.680922,9.029,4.396854,-0.001367,-2e-06,-0.001923,-0.00162
22071.181210000002,9.029,5.170896,-0.001356,6e-06,-0.001919,-0.001613
22072.431210000002,9.029,4.749834,-0.001353,1.6e-05,-0.00192,-0.001607
22074.947933,9.029,5.041681,-0.001354,1.3e-05,-0.001908,-0.001604
22076.196932,9.029,4.855844,-0.001354,1.4e-05,-0.00191,-0.001604
22078.711828,9.029,5.110188,-0.001352,1.9e-05,-0.001915,-0.001601
22081.228956,9.029,4.399735,-0.001348,2.9e-05,-0.001915,-0.001596
22082.494682,9.029,4.610465,-0.001342,3.1e-05,-0.001915,-0.001595
22085.00939,9.029,4.935078,-0.001334,3e-05,-0.001915,-0.001596
22086.260188,9.029,4.831997,-0.001337,2.4e-05,-0.00191,-0.001596
22088.759546,9.029,5.252039,-0.001347,1.9e-05,-0.001909,-0.001595
22091.259713,9.029,4.721616,-0.001345,2e-05,-0.001908,-0.001596
22092.509573,9.029,4.772276,-0.001346,2e-05,-0.001908,-0.001598
22095.025264,9.029,4.824644,-0.00135,1.7e-05,-0.001903,-0.001601
22096.27574,9.029,4.856656,-0.001354,1.8e-05,-0.001912,-0.001601
22098.806708,9.029,4.911204,-0.001352,1.3e-05,-0.001907,-0.001605
22100.071555000002,9.029,4.857255,-0.001351,1.3e-05,-0.001905,-0.0016
22102.587112,9.029,4.722077,-0.001351,1.4e-05,-0.001904,-0.001602
22105.104047,9.029,4.709827,-0.001349,2e-05,-0.001905,-0.0016
22106.369163,9.029,5.072916,-0.001347,2.3e-05,-0.001902,-0.001597
22108.884887,9.029,5.031481,-0.001346,2.7e-05,-0.001903,-0.001592
22110.135851,9.029,5.017521,-0.001343,2.7e-05,-0.001897,-0.001594
22112.634553,9.029,4.931094,-0.001346,2.6e-05,-0.001896,-0.001593
22115.149737,9.029,5.407895,-0.001343,2.8e-05,-0.001892,-0.001593
22116.398939000002,9.029,5.091083,-0.001344,2.8e-05,-0.001899,-0.001593
22118.899435,9.029,4.898015,-0.001347,2.8e-05,-0.001902,-0.001595
22120.14936,9.029,5.233871,-0.001345,2.5e-05,-0.001898,-0.001596
22122.649417,9.029,4.835132,-0.001347,2.4e-05,-0.0019,-0.001597
22125.149562000002,9.029,4.521088,-0.001344,3.1e-05,-0.001907,-0.001592
22126.399555,9.029,4.800335,-0.001341,2.9e-05,-0.001907,-0.00159
22128.899534,9.029,4.898684,-0.001338,3.1e-05,-0.001905,-0.001587
22130.149684,9.029,5.034297,-0.001337,3.3e-05,-0.001909,-0.001587
22132.647615,9.029,3.655557,-0.001335,3.4e-05,-0.001903,-0.001586
22135.165313,9.029,4.561657,-0.001336,3e-05,-0.001904,-0.001588
22136.415641,9.029,4.723738,-0.001337,2.9e-05,-0.001894,-0.001589
22138.930914,9.029,4.733319,-0.001339,3e-05,-0.001898,-0.001587
22140.182714000002,9.029,4.734338,-0.001341,3.2e-05,-0.001896,-0.001589
22142.681008,9.029,4.73698,-0.001341,3.1e-05,-0.001893,-0.001587
22145.181351,9.029,5.020975,-0.001341,3.6e-05,-0.001893,-0.001585
22146.431062,9.029,5.040937,-0.001342,3.8e-05,-0.001899,-0.001583
22148.930422,9.029,4.778594,-0.00134,3.7e-05,-0.001896,-0.001581
22150.181013,9.029,5.168864,-0.001339,3.7e-05,-0.001891,-0.001584
22152.681417,9.029,4.140505,-0.001334,3.9e-05,-0.001891,-0.00158
22155.212183,9.029,5.219688,-0.001336,4.2e-05,-0.001897,-0.001575
22156.478807,9.029,5.006674,-0.001334,4.2e-05,-0.001897,-0.001578
22158.995167,9.029,4.844491,-0.001333,4e-05,-0.00189,-0.001586
22160.244423,9.029,5.048799,-0.001337,3.9e-05,-0.001892,-0.001589
22162.759566,9.029,5.005027,-0.001338,3.8e-05,-0.001897,-0.001585
22165.275183,9.029,4.698554,-0.001333,4.4e-05,-0.001897,-0.001581
22166.539989,9.029,4.576952,-0.001332,4.4e-05,-0.001895,-0.00158
22169.056398,9.029,5.079025,-0.001336,4.3e-05,-0.001895,-0.001577
22170.321640000002,9.029,4.914923,-0.001338,4.2e-05,-0.001894,-0.00158
22172.820610000002,9.029,4.588937,-0.001337,4.1e-05,-0.001892,-0.00158
22174.072168000002,9.029,5.656873,-0.001337,4e-05,-0.00189,-0.001581
22176.604017,9.029,4.74394,-0.001335,4.4e-05,-0.001891,-0.001577
22179.11917,9.029,4.775671,-0.001325,5.1e-05,-0.001897,-0.001574
22180.3843,9.029,4.680144,-0.001322,4.7e-05,-0.001897,-0.001576
22182.899413,9.029,5.099529,-0.001325,4.8e-05,-0.0019,-0.001576
22184.148804,9.029,4.830342,-0.001327,4.7e-05,-0.001894,-0.001577
22186.649151,9.029,4.859584,-0.001328,4.7e-05,-0.001894,-0.001577
22189.165954,9.029,4.693445,-0.00133,4.2e-05,-0.0019,-0.001582
22190.430721,9.029,4.635867,-0.001329,3.9e-05,-0.001896,-0.001587
22192.931006,9.029,4.716321,-0.001335,3.4e-05,-0.001893,-0.001587
22194.181544,9.029,4.74072,-0.001335,3.8e-05,-0.001889,-0.001585
22196.681986,9.029,4.748741,-0.001334,4e-05,-0.001891,-0.001581
22199.213162,9.029,4.52921,-0.001332,4e-05,-0.001892,-0.001581
22200.477198,9.029,5.300592,-0.00133,4.1e-05,-0.00189,-0.001578
22203.008667000002,9.029,5.066648,-0.001331,4.6e-05,-0.001894,-0.001579
22204.259644,9.029,4.773114,-0.00133,5e-05,-0.001889,-0.001582
22206.790457000003,9.029,4.698978,-0.001332,5e-05,-0.001894,-0.001576
22209.305245,9.029,5.169023,-0.00133,5.3e-05,-0.001892,-0.001573
22210.555617,9.029,4.384037,-0.001326,5e-05,-0.001886,-0.001578
22213.056719,9.029,4.804208,-0.001329,4.7e-05,-0.001884,-0.00158
22214.306561,9.029,4.832384,-0.001329,4.6e-05,-0.001891,-0.001578
22216.790354,9.029,4.888386,-0.001329,4.1e-05,-0.001891,-0.001584
22219.292002000002,9.029,4.944675,-0.001327,4.2e-05,-0.001895,-0.001581
22220.541487000002,9.029,4.642896,-0.001327,4.4e-05,-0.001895,-0.00158
22223.055833000002,9.029,5.044656,-0.001326,4.3e-05,-0.001893,-0.001584
22224.30702,9.029,4.825148,-0.001328,4.4e-05,-0.001895,-0.00158
22226.805526,9.029,5.000406,-0.001334,4e-05,-0.001892,-0.001586
22229.305915,9.029,4.023996,-0.001334,4.3e-05,-0.001892,-0.001584
22230.5716,9.029,4.79503,-0.001333,4.6e-05,-0.001893,-0.001581
22233.07203,9.029,4.759076,-0.00133,4.4e-05,-0.001895,-0.001581
22234.337124,9.029,4.878566,-0.001332,4.2e-05,-0.001895,-0.001582
22236.870206,9.029,5.123221,-0.001334,3.9e-05,-0.00189,-0.001583
22238.11854,9.029,5.054053,-0.001335,3.9e-05,-0.001892,-0.001585
22240.618772,9.029,5.199184,-0.001335,3.9e-05,-0.001891,-0.001584
22243.135438,9.029,4.789809,-0.001336,3.9e-05,-0.001894,-0.001582
22244.399267,9.029,4.722793,-0.001335,3.9e-05,-0.00189,-0.001582
22246.899363,9.029,4.667221,-0.001332,4.1e-05,-0.00189,-0.001581
22248.149481,9.029,4.721573,-0.001333,4.2e-05,-0.001895,-0.001579
22250.665468,9.029,4.350455,-0.001332,4.6e-05,-0.001893,-0.001579
22253.180848,9.029,4.761225,-0.001331,4.4e-05,-0.001887,-0.001579
22254.447053,9.029,5.260273,-0.001331,4.7e-05,-0.00189,-0.001576
22256.979049,9.029,4.857117,-0.001327,4.8e-05,-0.001886,-0.001577
22258.244562,9.029,4.92643,-0.001328,5.3e-05,-0.001894,-0.001574
22260.759387000002,9.029,4.136059,-0.001325,5.4e-05,-0.001889,-0.001573
22263.275034000002,9.029,4.84717,-0.001321,5.9e-05,-0.001886,-0.001577
22264.539788000002,9.029,4.734157,-0.001322,5.4e-05,-0.001887,-0.001578
22267.055998,9.029,4.975721,-0.001326,4.5e-05,-0.001887,-0.001582
22268.306284000002,9.029,4.882975,-0.001327,4.7e-05,-0.001895,-0.001581
22270.821881,9.029,4.65634,-0.001328,5e-05,-0.001899,-0.001577
22272.088016,9.029,4.872407,-0.001328,4.7e-05,-0.001893,-0.001579
22274.618698000002,9.029,4.830458,-0.001336,4.6e-05,-0.001898,-0.001578
22277.131946,9.029,5.178095,-0.001327,5.3e-05,-0.001897,-0.001575
22278.385035,9.029,4.704188,-0.001325,5.1e-05,-0.001894,-0.001576
22280.914236,9.029,4.804261,-0.001322,5.4e-05,-0.001894,-0.001572
22282.165155000002,9.029,5.436846,-0.001317,5.4e-05,-0.00189,-0.001571
22284.683145000003,9.029,4.608661,-0.00132,5.3e-05,-0.001889,-0.00157
22287.195851,9.029,4.761983,-0.001322,5.6e-05,-0.001891,-0.00157
22288.446921000002,9.029,4.718369,-0.001322,5.4e-05,-0.001885,-0.001571
22290.979121,9.029,4.772843,-0.001325,5.4e-05,-0.001887,-0.001571
22292.245093,9.029,4.871425,-0.001326,5.2e-05,-0.00189,-0.001573
22294.744384,9.029,5.364602,-0.001325,4.9e-05,-0.001884,-0.001576
22297.259131,9.029,4.988942,-0.001324,5.7e-05,-0.001887,-0.001573
22298.509409000002,9.029,4.807158,-0.00132,5.8e-05,-0.001889,-0.001569
22301.025751,9.029,4.84214,-0.001318,5.9e-05,-0.001883,-0.001567
22302.289895,9.029,4.836878,-0.001318,6.1e-05,-0.001884,-0.001567
22304.790521000003,9.029,4.507145,-0.001322,5.3e-05,-0.001888,-0.00157
22307.30693,9.029,4.803221,-0.001322,5.7e-05,-0.001886,-0.001568
22308.572397,9.029,5.14176,-0.001322,5.9e-05,-0.001891,-0.001564
22311.088074,9.029,4.558389,-0.00132,5.6e-05,-0.001892,-0.001567
22312.352473,9.029,4.729462,-0.001318,5.7e-05,-0.001895,-0.001566
22314.884234,9.029,4.814898,-0.001315,6e-05,-0.001888,-0.001568
22316.149007,9.029,5.255545,-0.001318,6.1e-05,-0.001889,-0.001566
22318.665571,9.029,4.503676,-0.001315,5.9e-05,-0.001883,-0.001564
22321.181095,9.029,4.980687,-0.001319,5.5e-05,-0.001886,-0.001573
22322.447127,9.029,4.736232,-0.001318,5.7e-05,-0.001887,-0.001571
22324.962162,9.029,5.132942,-0.001316,5.8e-05,-0.001884,-0.001566
22326.226382,9.029,4.998603,-0.001315,6e-05,-0.001887,-0.001565
22328.709076,9.029,5.44646,-0.001317,5.8e-05,-0.001889,-0.001565
22331.212648,9.029,4.66365,-0.001316,5.9e-05,-0.001889,-0.001562
22332.478744,9.029,4.71439,-0.001315,6e-05,-0.001885,-0.001561
22334.993971,9.029,4.91,-0.001315,5.7e-05,-0.001889,-0.001567
22336.258927000003,9.029,4.503708,-0.001322,5.4e-05,-0.001887,-0.001572
22338.774636000002,9.029,4.517401,-0.001322,5.6e-05,-0.00189,-0.001569
22341.275167,9.029,5.606991,-0.001321,5.8e-05,-0.001891,-0.001566
22342.540753,9.029,4.570862,-0.00132,6e-05,-0.00189,-0.001565
22345.057015000002,9.029,5.014271,-0.001321,6.1e-05,-0.001891,-0.00156
22346.321367,9.029,4.896652,-0.001323,6.1e-05,-0.001892,-0.001562
22348.816567,9.029,4.744662,-0.001323,5.9e-05,-0.001886,-0.001566
22350.072097,9.029,5.391003,-0.001319,5.9e-05,-0.001886,-0.001566
22352.604402,9.029,4.801757,-0.001313,6.4e-05,-0.001888,-0.001564
22355.134864,9.029,4.700474,-0.001313,6.2e-05,-0.001884,-0.001568
22356.399612,9.029,4.931184,-0.001315,6.2e-05,-0.001888,-0.001565
22358.900333,9.029,4.685131,-0.001312,6.4e-05,-0.001887,-0.001562
22360.149517,9.029,4.796054,-0.001311,6.7e-05,-0.001882,-0.001563
22362.667025000002,9.029,4.204916,-0.001309,6.8e-05,-0.001884,-0.001559
22365.165846,9.029,4.571583,-0.001314,6.2e-05,-0.001884,-0.001561
22366.430967,9.029,4.902111,-0.001315,6.3e-05,-0.001883,-0.001563
22368.930351000003,9.029,4.885898,-0.001311,6.8e-05,-0.001882,-0.001559
22370.181451,9.029,4.87785,-0.00131,6.7e-05,-0.00189,-0.001554
22372.678021,9.029,4.30771,-0.001309,6.9e-05,-0.001889,-0.001555
22375.180968,9.029,4.536791,-0.001307,7.3e-05,-0.001889,-0.001555
22376.430907,9.029,4.924473,-0.001306,7.1e-05,-0.001885,-0.001556
22378.929476,9.029,4.51687,-0.00131,6.8e-05,-0.001886,-0.001558
22380.181476,9.029,4.955869,-0.00131,7e-05,-0.001888,-0.001559
22382.681109,9.029,4.767607,-0.001312,6.4e-05,-0.001889,-0.00156
22385.180466,9.029,4.948707,-0.001319,6.3e-05,-0.00189,-0.001561
22386.431027000002,9.029,4.970299,-0.001321,6.2e-05,-0.00189,-0.00156
22388.947131,9.029,4.680818,-0.00132,6e-05,-0.001887,-0.001564
22390.212354,9.029,4.786637,-0.001321,5.8e-05,-0.001883,-0.001565
22392.729244000002,9.029,4.889877,-0.001322,5.9e-05,-0.001881,-0.001562
22395.244368,9.029,5.402916,-0.00132,6.2e-05,-0.001885,-0.001559
22396.509108000002,9.029,4.836374,-0.00132,6.1e-05,-0.001881,-0.001564
22399.009901,9.029,5.277165,-0.001325,5.2e-05,-0.00188,-0.001577
22400.274503,9.029,5.096979,-0.001327,4.9e-05,-0.001877,-0.001578
22402.790784,9.029,4.893532,-0.001327,5.1e-05,-0.001876,-0.001575
22405.307104,9.029,4.595064,-0.001328,4.9e-05,-0.001876,-0.001576
22406.557006000003,9.029,4.767241,-0.001333,4.6e-05,-0.001882,-0.001581
22409.055734,9.029,5.026439,-0.001335,3.7e-05,-0.001878,-0.00159
22410.30671,9.029,4.871462,-0.001337,3.5e-05,-0.001886,-0.00159
22412.806078,9.029,5.393234,-0.001349,2.4e-05,-0.001894,-0.001603
22415.306996,9.029,4.951917,-0.001344,2.5e-05,-0.001892,-0.001604
22416.55542,9.029,5.103715,-0.001343,2.7e-05,-0.001891,-0.001601
22419.055623,9.029,4.610805,-0.001338,3.2e-05,-0.001894,-0.001593
22420.306999,9.029,4.832363,-0.001334,3.2e-05,-0.001894,-0.001592
22422.807192,9.029,4.719382,-0.00134,3e-05,-0.001905,-0.001593
22424.071838,9.029,4.768419,-0.001337,3e-05,-0.001905,-0.00159
22426.587858,9.029,4.551619,-0.001333,3.5e-05,-0.00191,-0.001584
22429.104078,9.029,4.803905,-0.001349,1.9e-05,-0.001908,-0.001605
22430.353999,9.029,4.663979,-0.001353,1.6e-05,-0.001908,-0.001609
22432.885118000002,9.029,4.77704,-0.001353,1.1e-05,-0.001898,-0.001613
22434.149722000002,9.029,5.113058,-0.001354,1.7e-05,-0.001903,-0.001608
22436.665919,9.029,4.708055,-0.001359,1e-05,-0.001903,-0.001617
22439.196444,9.029,5.015144,-0.001352,1.3e-05,-0.001914,-0.001612
22440.446905,9.029,5.037218,-0.00137,-2e-06,-0.001911,-0.001627
22442.962826000003,9.029,4.881378,-0.001378,-3e-06,-0.001925,-0.001629
22444.228481000002,9.029,4.877012,-0.001372,0.0,-0.001924,-0.00162
22446.744367,9.029,4.73403,-0.001365,-1e-06,-0.001912,-0.001621
22449.259886,9.029,4.722762,-0.001373,1e-06,-0.001929,-0.001621
22450.525119,9.029,5.011632,-0.001371,-4e-06,-0.001927,-0.001627
22453.056444,9.029,4.682717,-0.001383,-1.4e-05,-0.001938,-0.001636
22454.306339000002,9.029,5.003062,-0.00138,-1.2e-05,-0.001929,-0.001635
22456.785799,9.029,4.560776,-0.001393,-2.4e-05,-0.001938,-0.001644
22459.290643,9.029,5.11109,-0.001386,-2.1e-05,-0.001937,-0.00164
22460.540595000002,9.029,4.761829,-0.001385,-1.7e-05,-0.001937,-0.001637
22463.041096,9.029,4.903528,-0.001367,-5e-06,-0.001924,-0.001625
22464.305749,9.029,4.7548,-0.001355,4e-06,-0.001922,-0.001616
22466.836141,9.029,4.945434,-0.001367,-6e-06,-0.001934,-0.001626
22468.087128,9.029,5.029145,-0.001379,-2.2e-05,-0.001932,-0.001642
22470.604190000002,9.029,5.127577,-0.001389,-2.6e-05,-0.001937,-0.001644
22473.11837,9.029,4.729208,-0.001375,-9e-06,-0.001936,-0.001627
22474.383875,9.029,4.776573,-0.001363,1e-06,-0.001931,-0.00162
22476.883838,9.029,5.003574,-0.001354,1e-05,-0.001932,-0.001617
22478.149727,9.029,4.793221,-0.00136,-1e-06,-0.001928,-0.001628
22480.682002,9.029,3.800019,-0.00137,-7e-06,-0.001929,-0.001629
22483.182061,9.029,4.705339,-0.001363,-9e-06,-0.001932,-0.001627
22484.430461,9.029,5.262693,-0.001364,-4e-06,-0.00193,-0.001623
22486.930986,9.029,4.8854,-0.001372,3e-06,-0.00193,-0.001614
22488.182248,9.029,4.516838,-0.001367,9e-06,-0.001931,-0.001606
22490.681255,9.029,4.706909,-0.001366,1.3e-05,-0.001938,-0.001599
22493.196471,9.029,4.894201,-0.001362,1.5e-05,-0.001937,-0.001601
22494.447188000002,9.029,4.839079,-0.001363,1.5e-05,-0.001942,-0.001599
22496.962578000002,9.029,4.80738,-0.001357,1.7e-05,-0.001937,-0.001597
22498.211782000002,9.029,5.17608,-0.001361,1.8e-05,-0.001931,-0.001602
22500.729579,9.029,4.815179,-0.001367,-7e-06,-0.001925,-0.001627
22503.244107000002,9.029,4.915549,-0.001373,-3e-06,-0.001921,-0.001623
22504.509198,9.029,4.969573,-0.001371,-0.0,-0.001921,-0.001621
22507.024250000002,9.029,5.016554,-0.00137,4e-06,-0.00192,-0.001615
22508.274826,9.029,5.264576,-0.001371,-2e-06,-0.001924,-0.001619
22510.805738000003,9.029,5.042956,-0.001366,8e-06,-0.001928,-0.001616
22513.306109,9.029,4.89696,-0.001375,-6e-06,-0.001927,-0.001624
22514.556478000002,9.029,5.142929,-0.001379,-6e-06,-0.001934,-0.001625
22517.072085,9.029,5.113978,-0.001373,-1e-06,-0.001941,-0.001617
22518.337987,9.029,4.656807,-0.001372,-0.0,-0.00193,-0.001621
22520.868653,9.029,4.74028,-0.001366,3e-06,-0.00193,-0.001618
22522.119476,9.029,4.833185,-0.001369,-4e-06,-0.00192,-0.001623
22524.634733,9.029,5.002635,-0.001374,-4e-06,-0.001923,-0.001624
22527.148883,9.029,4.741532,-0.001375,-7e-06,-0.001925,-0.001624
22528.40157,9.029,4.719807,-0.001374,-1.1e-05,-0.001922,-0.00163
22530.915602,9.029,4.709053,-0.001386,-1.6e-05,-0.00193,-0.001635
22532.16569,9.029,5.235996,-0.001385,-2e-05,-0.001933,-0.001638
22534.680308000003,9.029,5.26856,-0.001387,-1.8e-05,-0.001934,-0.001638
22537.180982,9.029,5.072385,-0.001383,-1.5e-05,-0.001933,-0.001635
22538.433241,9.029,5.054749,-0.001383,-1.6e-05,-0.001932,-0.001634
22540.931021,9.029,4.790234,-0.001376,-8e-06,-0.001934,-0.001628
22542.182062,9.029,5.005665,-0.001373,-9e-06,-0.001933,-0.001629
22544.680887000002,9.029,4.91634,-0.001376,-9e-06,-0.00192,-0.001627
22547.196916,9.029,5.078546,-0.001379,-1e-05,-0.001931,-0.001632
22548.462648,9.029,5.160724,-0.00138,-1.2e-05,-0.001929,-0.001633
22550.979348,9.029,4.829334,-0.001387,-2e-05,-0.001933,-0.001638
22552.227114,9.029,4.651756,-0.001385,-1.6e-05,-0.001934,-0.001634
22554.743957000002,9.029,4.861223,-0.001382,-1.6e-05,-0.00193,-0.001636
22557.275591,9.029,4.669905,-0.001381,-8e-06,-0.001933,-0.001628
22558.525448,9.029,4.753617,-0.001376,-8e-06,-0.001922,-0.001629
22561.041093,9.029,4.745521,-0.00137,-0.0,-0.001919,-0.001619
22562.3066,9.029,5.725025,-0.001369,6e-06,-0.001914,-0.001615
22564.817935,9.029,4.92313,-0.001362,1e-05,-0.001918,-0.001614
22567.307143,9.029,4.705265,-0.00136,3e-06,-0.001922,-0.001616
22568.552091,9.029,4.275449,-0.001365,2e-06,-0.001923,-0.00162
22571.040457000003,9.029,5.041681,-0.001367,6e-06,-0.001923,-0.001617
22572.290593,9.029,4.569084,-0.001366,7e-06,-0.001921,-0.001616
22574.789776,9.029,5.051349,-0.001367,0.0,-0.001919,-0.001615
22577.289673,9.029,4.871961,-0.001366,4e-06,-0.001919,-0.001617
22578.540535,9.029,5.193872,-0.001365,8e-06,-0.001923,-0.001615
22581.02402,9.029,4.694935,-0.001358,1e-05,-0.001919,-0.00161
22582.27495,9.029,5.029303,-0.00136,1e-05,-0.001921,-0.001611
22584.790856,9.029,4.666452,-0.001358,7e-06,-0.00191,-0.001611
22587.305885,9.029,4.391348,-0.00136,1.1e-05,-0.001914,-0.001612
22588.556181,9.029,4.945667,-0.001359,1.3e-05,-0.001919,-0.00161
22591.072659,9.029,4.930568,-0.001358,1.1e-05,-0.001915,-0.001613
22592.337092,9.029,5.134163,-0.001358,1.2e-05,-0.001919,-0.001608
22594.868943,9.029,4.762912,-0.00136,1.1e-05,-0.00191,-0.001614
22596.134964,9.029,5.227656,-0.001362,9e-06,-0.001913,-0.001616
22598.635457,9.029,4.851324,-0.001362,6e-06,-0.001917,-0.001615
22601.1489,9.029,5.066807,-0.001357,1.1e-05,-0.001915,-0.001613
22602.400325000002,9.029,4.82597,-0.001363,1e-05,-0.00192,-0.001613
22604.915100000002,9.029,5.183991,-0.001366,7e-06,-0.001912,-0.001614
22606.16487,9.029,4.957752,-0.001366,1e-05,-0.001916,-0.001614
22608.665754,9.029,4.6931,-0.00136,1.1e-05,-0.001915,-0.001613
22611.181561,9.029,5.056024,-0.00136,1.2e-05,-0.001914,-0.001613
22612.431046,9.029,5.029978,-0.001362,1.2e-05,-0.00191,-0.001611
22614.946372000002,9.029,5.231109,-0.001362,1.2e-05,-0.001915,-0.00161
22616.197332,9.029,4.662759,-0.001361,1.4e-05,-0.001912,-0.00161
22618.713207,9.029,5.167114,-0.001358,1.5e-05,-0.001907,-0.001612
22621.243548000002,9.029,4.710406,-0.001359,1.5e-05,-0.001913,-0.001604
22622.493804,9.029,4.2892,-0.001359,1.6e-05,-0.001908,-0.001606
22625.024783,9.029,4.852666,-0.001351,2.3e-05,-0.001912,-0.001602
22626.274523,9.029,4.936887,-0.00135,2.4e-05,-0.001909,-0.001598
22628.790573000002,9.029,5.146966,-0.001345,2.7e-05,-0.001904,-0.001597
22631.29034,9.029,4.773793,-0.001352,1.9e-05,-0.001903,-0.001603
22632.540085,9.029,4.899824,-0.001355,1.8e-05,-0.001902,-0.001603
22635.04034,9.029,4.647639,-0.001352,2.3e-05,-0.001903,-0.001601
22636.305933,9.029,4.995112,-0.00135,2.5e-05,-0.001907,-0.001598
22638.821893,9.029,4.822665,-0.001348,2.4e-05,-0.001901,-0.001596
22640.088156,9.029,4.858406,-0.001348,2.7e-05,-0.001901,-0.001597
22642.604209,9.029,4.95276,-0.001342,2.9e-05,-0.001898,-0.001593
22645.118648,9.029,4.584337,-0.001336,3.1e-05,-0.0019,-0.001593
22646.383559,9.029,5.087258,-0.001337,3.1e-05,-0.001902,-0.001592
22648.88403,9.029,5.051349,-0.001336,3.1e-05,-0.001902,-0.001588
22650.135214,9.029,5.048427,-0.001337,3.2e-05,-0.001899,-0.001587
22652.649667,9.029,4.639793,-0.001338,3.5e-05,-0.0019,-0.001589
22655.149119,9.029,4.833419,-0.00134,3.4e-05,-0.001902,-0.001589
22656.398825,9.029,4.612534,-0.001338,3.2e-05,-0.001896,-0.001591
22658.899347000002,9.029,5.04609,-0.001339,3.7e-05,-0.001897,-0.001589
22660.149478,9.029,4.59239,-0.00134,3.7e-05,-0.0019,-0.001587
22662.649986,9.029,5.05953,-0.00134,3.8e-05,-0.001899,-0.001587
22665.164816,9.029,4.728093,-0.001337,3.4e-05,-0.001894,-0.001591
22666.415613,9.029,4.811089,-0.001338,3.6e-05,-0.001898,-0.00159
22668.91527,9.029,5.074031,-0.001339,4e-05,-0.0019,-0.001586
22670.165241000002,9.029,4.835695,-0.001336,4e-05,-0.001891,-0.001587
22672.681542000002,9.029,5.038865,-0.001339,3.6e-05,-0.00189,-0.001592
22675.196958,9.029,4.889622,-0.001334,4.3e-05,-0.00189,-0.001585
22676.462568000003,9.029,4.117448,-0.001334,4.2e-05,-0.001884,-0.001584
22678.979119,9.029,4.725934,-0.001331,4.9e-05,-0.001891,-0.001576
22680.228956,9.029,4.58848,-0.00133,4.9e-05,-0.001889,-0.001579
22682.759026,9.029,4.569233,-0.001332,4.2e-05,-0.00189,-0.001584
22685.242824,9.029,4.789799,-0.001328,4.6e-05,-0.001889,-0.001579
22686.491306,9.029,4.94658,-0.001329,4.8e-05,-0.001887,-0.001575
22688.993729,9.029,4.817959,-0.001324,5.1e-05,-0.001887,-0.001577
22690.243801,9.029,4.923815,-0.001326,4.9e-05,-0.001889,-0.001578
22692.75948,9.029,4.087962,-0.001328,5.1e-05,-0.001894,-0.001577
22695.274877,9.029,5.20152,-0.001327,5.1e-05,-0.00189,-0.001578
22696.539454,9.029,5.190997,-0.001327,5.2e-05,-0.001893,-0.001576
22699.041312,9.029,5.005956,-0.001325,5e-05,-0.001885,-0.001577
22700.290552000002,9.029,4.718984,-0.001326,5.2e-05,-0.001887,-0.001578
22702.806468000002,9.029,4.661014,-0.001328,5.3e-05,-0.001887,-0.001574
22705.338348,9.029,4.910297,-0.001329,5.3e-05,-0.001891,-0.001576
22706.602117000002,9.029,4.540128,-0.00133,5.2e-05,-0.001893,-0.001574
22709.104312,9.029,5.263876,-0.001327,5.3e-05,-0.001893,-0.001571
22710.368279000002,9.029,4.362169,-0.001325,5.3e-05,-0.001888,-0.001575
22712.883942,9.029,4.702915,-0.001323,5.4e-05,-0.001891,-0.001571
22714.133934,9.029,4.772684,-0.00132,5.3e-05,-0.001884,-0.001574
22716.664579,9.029,4.935624,-0.001321,5.5e-05,-0.001887,-0.00157
22719.165515,9.029,5.166439,-0.001316,6.1e-05,-0.001885,-0.001568
22720.415461,9.029,4.870301,-0.001314,6.2e-05,-0.001879,-0.001569
22722.915043,9.029,5.154775,-0.001312,6e-05,-0.001879,-0.001566
22724.165957,9.029,4.792128,-0.001314,6e-05,-0.001885,-0.001567
22726.681429,9.029,4.663348,-0.001313,6.4e-05,-0.001885,-0.001562
22729.181021,9.029,4.861643,-0.001309,6.5e-05,-0.00189,-0.001561
22730.431838,9.029,4.872704,-0.00131,6.6e-05,-0.001891,-0.001563
22732.931125000003,9.029,4.695577,-0.001308,6.3e-05,-0.001887,-0.001566
22734.180536,9.029,4.79008,-0.00131,6.3e-05,-0.001891,-0.001562
22736.696428,9.029,4.984289,-0.001315,6e-05,-0.001885,-0.001568
22739.211457,9.029,4.650212,-0.001312,6.5e-05,-0.001887,-0.001563
22740.462721,9.029,4.722136,-0.00131,6.7e-05,-0.001893,-0.00156
22742.978856,9.029,4.619468,-0.00131,6.7e-05,-0.001888,-0.001561
22744.226995,9.029,5.023036,-0.001311,6.9e-05,-0.00189,-0.001559
22746.729032,9.029,5.009065,-0.001315,6.2e-05,-0.001887,-0.001564
22749.243908,9.029,5.003467,-0.001316,6.1e-05,-0.001886,-0.001566
22750.493779,9.029,4.757012,-0.001317,6.1e-05,-0.001883,-0.001566
22753.010043000002,9.029,4.750248,-0.001315,6.6e-05,-0.001888,-0.001562
22754.259185000003,9.029,5.376182,-0.001315,6.3e-05,-0.001883,-0.001567
22756.758224,9.029,5.009118,-0.001316,6.5e-05,-0.001883,-0.001565
22759.259038,9.029,5.246973,-0.001312,6.3e-05,-0.001882,-0.001567
22760.509456,9.029,4.721324,-0.001314,6.3e-05,-0.001887,-0.001567
22763.009477,9.029,5.317358,-0.001309,6.5e-05,-0.001884,-0.001567
22764.259188,9.029,4.839467,-0.001309,6.2e-05,-0.001877,-0.001568
22766.758797000002,9.029,4.649846,-0.001309,6.4e-05,-0.001876,-0.001569
22769.275289,9.029,4.621246,-0.001312,6.2e-05,-0.001882,-0.001572
22770.540464,9.029,4.70935,-0.001312,6e-05,-0.001882,-0.001575
22773.040256,9.029,5.095173,-0.001308,6.1e-05,-0.001879,-0.00157
22774.290926,9.029,4.954272,-0.001305,6.4e-05,-0.001882,-0.001566
22776.790353,9.029,4.887872,-0.001308,6.6e-05,-0.001881,-0.001563
22779.305536,9.029,4.563991,-0.001317,5.6e-05,-0.001884,-0.001576
22780.555952000002,9.029,4.707583,-0.001319,5.7e-05,-0.001878,-0.001579
22783.070946,9.029,4.640801,-0.001321,5.4e-05,-0.00188,-0.001577
22784.321803,9.029,5.052942,-0.001319,5.2e-05,-0.001881,-0.00158
22786.836847000002,9.029,5.041475,-0.001323,4.8e-05,-0.001877,-0.001586
22788.103430000003,9.029,4.855133,-0.00133,4.2e-05,-0.00188,-0.001591
22790.604038,9.029,5.149622,-0.001335,3.6e-05,-0.001884,-0.001593
22793.134427,9.029,5.147657,-0.001337,3.7e-05,-0.001886,-0.001594
22794.384787000003,9.029,5.041787,-0.001339,3.6e-05,-0.001892,-0.001595
22796.897343,9.029,4.699933,-0.001337,3.3e-05,-0.001888,-0.001596
22798.149136,9.029,4.872163,-0.001337,3.3e-05,-0.001895,-0.001591
22800.650541000003,9.029,4.906546,-0.001339,3.3e-05,-0.001891,-0.001593
22803.165278,9.029,5.172695,-0.001334,3.8e-05,-0.001887,-0.001587
22804.417101,9.029,4.808341,-0.001335,3.7e-05,-0.001888,-0.001587
22806.914706,9.029,4.776387,-0.001325,4.9e-05,-0.001893,-0.001582
22808.164937,9.029,5.330604,-0.001326,4.9e-05,-0.001902,-0.001578
22810.681012,9.029,4.912934,-0.00133,4.6e-05,-0.001902,-0.001583
22813.19687,9.029,4.717748,-0.001339,3.2e-05,-0.001897,-0.001595
22814.462038,9.029,4.884582,-0.001343,2.8e-05,-0.0019,-0.001597
22816.993382,9.029,4.967307,-0.001336,3.4e-05,-0.001897,-0.001594
22818.244587,9.029,4.71926,-0.001337,3.7e-05,-0.001902,-0.00159
22820.743911,9.029,4.678091,-0.001347,3e-05,-0.001912,-0.001597
22823.259778,9.029,4.768365,-0.001349,2.2e-05,-0.001908,-0.001603
22824.523689,9.029,5.353954,-0.00135,2.1e-05,-0.001909,-0.001603
22827.039843000002,9.029,5.031962,-0.001347,2.9e-05,-0.001905,-0.001597
22828.290214,9.029,4.80155,-0.001348,2.4e-05,-0.001903,-0.001608
22830.805622,9.029,5.395306,-0.001355,1.5e-05,-0.001907,-0.001608
22833.305456000002,9.029,4.740608,-0.001365,6e-06,-0.001913,-0.001617
22834.555636,9.029,4.849218,-0.001365,8e-06,-0.001909,-0.001616
22837.071833,9.029,4.780987,-0.001365,5e-06,-0.00191,-0.001621
22838.337627,9.029,4.71848,-0.001364,8e-06,-0.001913,-0.001617
22840.852748,9.029,5.057963,-0.001365,5e-06,-0.001913,-0.001615
22843.353651,9.029,5.224256,-0.00136,1e-05,-0.001904,-0.00161
22844.602014,9.029,4.984411,-0.001353,1.8e-05,-0.001903,-0.001606
22847.118953,9.029,4.853966,-0.001346,2.3e-05,-0.001912,-0.001602
22848.369524,9.029,4.786807,-0.001345,2.4e-05,-0.00191,-0.001604
22850.885205000002,9.029,4.65895,-0.001358,9e-06,-0.001908,-0.001616
22852.149425,9.029,5.191056,-0.001359,9e-06,-0.001907,-0.001615
22854.649992000002,9.029,4.776849,-0.00137,3e-06,-0.001912,-0.00162
22857.150542,9.029,4.807402,-0.001359,9e-06,-0.001909,-0.001612
22858.414979,9.029,5.251079,-0.00136,1.1e-05,-0.001908,-0.001612
22860.931003,9.029,4.763835,-0.001377,-9e-06,-0.001917,-0.001631
22862.19704,9.029,4.667873,-0.001378,-1.2e-05,-0.001921,-0.001634
22864.711509,9.029,4.752874,-0.001385,-1.4e-05,-0.001936,-0.001632
22867.228712,9.029,4.914287,-0.001372,-7e-06,-0.001923,-0.001628
22868.47799,9.029,4.635952,-0.001367,-1e-06,-0.001916,-0.001621
22870.994413,9.029,4.799385,-0.001361,6e-06,-0.00191,-0.001619
22872.244561,9.029,4.803301,-0.001357,8e-06,-0.001909,-0.001614
22874.758934,9.029,4.388302,-0.001354,1.1e-05,-0.001907,-0.001614
22877.289374,9.029,4.749224,-0.001351,1.7e-05,-0.001925,-0.001606
22878.539530000002,9.029,4.767644,-0.001354,2.3e-05,-0.001919,-0.0016
22881.040521000003,9.029,5.060812,-0.001365,1.3e-05,-0.001926,-0.00161
22882.290542000002,9.029,4.712257,-0.001374,7e-06,-0.001931,-0.001614
22884.805527,9.029,5.104682,-0.001366,6e-06,-0.001927,-0.001615
22887.321778,9.029,4.623415,-0.001374,-8e-06,-0.00192,-0.001626
22888.587908,9.029,4.925772,-0.001381,-1.7e-05,-0.001924,-0.001638
22891.102104,9.029,4.826967,-0.001369,-7e-06,-0.001925,-0.001623
22892.354202000002,9.029,4.597754,-0.001363,0.0,-0.001918,-0.001619
22894.868429000002,9.029,4.892434,-0.001353,8e-06,-0.001922,-0.00161
22896.134219,9.029,4.904323,-0.001353,1.2e-05,-0.001919,-0.00161
22898.648884000002,9.029,5.170817,-0.001355,2e-05,-0.001924,-0.0016
22901.149057000002,9.029,4.684192,-0.001367,1e-05,-0.001929,-0.00161
22902.400299,9.029,4.606348,-0.00137,8e-06,-0.001934,-0.001609
22904.915241000002,9.029,4.85934,-0.00137,8e-06,-0.001928,-0.001618
22906.166123000003,9.029,4.855945,-0.001366,1.3e-05,-0.00193,-0.001617
22908.681847,9.029,4.840581,-0.00136,1.1e-05,-0.001929,-0.001613
22911.197027000002,9.029,4.041976,-0.001365,1.4e-05,-0.001935,-0.00161
22912.462493,9.029,5.095333,-0.001365,1.1e-05,-0.001934,-0.001615
22914.978278000002,9.029,5.205823,-0.001368,-5e-06,-0.001925,-0.001623
22916.228144,9.029,4.779369,-0.001369,2e-06,-0.001924,-0.001616
22918.744397000002,9.029,4.637236,-0.001361,1.3e-05,-0.001926,-0.001613
22921.260961,9.029,5.194083,-0.001352,1.9e-05,-0.001924,-0.001608
22922.508267,9.029,4.62288,-0.001351,1.6e-05,-0.00192,-0.001609
22925.009335000002,9.029,4.605229,-0.001352,1.7e-05,-0.001923,-0.001607
22926.257835,9.029,4.860088,-0.001358,2.1e-05,-0.001932,-0.001603
22928.758867,9.029,4.923183,-0.001362,2.1e-05,-0.001933,-0.001598
22931.241511,9.029,4.720724,-0.00136,1.6e-05,-0.00193,-0.001604
22932.494384,9.029,4.796483,-0.001359,1.9e-05,-0.001933,-0.0016
22935.008956,9.029,5.177085,-0.001357,1.5e-05,-0.001925,-0.001604
22936.259528000002,9.029,5.341919,-0.001357,1.5e-05,-0.001924,-0.001606
22938.77519,9.029,4.921905,-0.001356,1.7e-05,-0.001929,-0.001604
22941.289558,9.029,4.928712,-0.001358,1.5e-05,-0.001927,-0.001608
22942.540232,9.029,5.139691,-0.001365,5e-06,-0.001922,-0.001619
22945.054939,9.029,4.895018,-0.001368,3e-06,-0.001925,-0.001618
22946.305886000002,9.029,4.935768,-0.001366,4e-06,-0.001921,-0.001618
22948.837174,9.029,4.743457,-0.001362,5e-06,-0.001913,-0.001616
22950.102782,9.029,4.768488,-0.001363,4e-06,-0.001913,-0.001618
22952.618554,9.029,4.902599,-0.001362,7e-06,-0.00191,-0.001615
22955.134812,9.029,4.891299,-0.001359,1.2e-05,-0.001911,-0.001611
22956.399133,9.029,5.251773,-0.001354,1.4e-05,-0.001908,-0.001609
22958.915857,9.029,4.850746,-0.001353,1.9e-05,-0.001907,-0.001605
22960.180151,9.029,5.088394,-0.00135,2.1e-05,-0.001905,-0.001604
22962.681272,9.029,5.312703,-0.001346,2.1e-05,-0.001908,-0.001599
22965.182159,9.029,4.753723,-0.001346,2.4e-05,-0.001907,-0.001598
22966.431391000002,9.029,4.762339,-0.001346,2.5e-05,-0.001906,-0.001597
22968.94666,9.029,4.918987,-0.001347,2.4e-05,-0.001909,-0.001596
22970.213143,9.029,3.1629,-0.00135,2.2e-05,-0.001904,-0.001597
22972.744487,9.029,4.81833,-0.001349,2.3e-05,-0.001907,-0.001595
22975.259829000002,9.029,4.831827,-0.001352,1.5e-05,-0.0019,-0.001604
22976.509758,9.029,4.861918,-0.001352,1.8e-05,-0.001901,-0.001602
22979.025467,9.029,4.568182,-0.001351,2.4e-05,-0.001904,-0.001597
22980.291097,9.029,4.888057,-0.001349,2.4e-05,-0.0019,-0.001596
22982.805940000002,9.029,4.548277,-0.001349,2.5e-05,-0.001901,-0.001598
22985.290778000002,9.029,4.858242,-0.001347,2.5e-05,-0.001899,-0.001598
22986.555933,9.029,4.869027,-0.001347,2.3e-05,-0.001898,-0.001599
22989.056473,9.029,4.762928,-0.001347,2.4e-05,-0.001903,-0.001599
22990.305947,9.029,4.768026,-0.001349,2.2e-05,-0.001905,-0.001597
22992.806021,9.029,5.166975,-0.001348,2.2e-05,-0.0019,-0.001599
22995.322884,9.029,3.612765,-0.001351,2.5e-05,-0.001904,-0.0016
22996.571574,9.029,4.979695,-0.00135,2.5e-05,-0.001905,-0.001598
22999.103661,9.029,4.713695,-0.001343,2.9e-05,-0.001902,-0.00159
23000.368879,9.029,4.362758,-0.001344,3.1e-05,-0.001909,-0.001588
23002.899763,9.029,4.668001,-0.001336,3.3e-05,-0.001902,-0.001584
23004.166773,9.029,4.91244,-0.001336,3.3e-05,-0.001902,-0.001586
23006.665141,9.029,5.072172,-0.001335,3.3e-05,-0.001904,-0.001585
23009.182257,9.029,4.557476,-0.001338,3.2e-05,-0.0019,-0.001589
23010.429471,9.029,5.276315,-0.00134,3.1e-05,-0.001898,-0.001591
23012.930667,9.029,4.290596,-0.001337,3.6e-05,-0.001897,-0.001588
23014.180914,9.029,5.086196,-0.001333,3.7e-05,-0.001889,-0.00159
23016.697132,9.029,5.020326,-0.001336,3.4e-05,-0.00189,-0.001589
23019.212502000002,9.029,4.922579,-0.00134,3.9e-05,-0.001894,-0.001585
23020.478626,9.029,5.028401,-0.001341,3.7e-05,-0.001889,-0.001585
23022.994697000002,9.029,4.735823,-0.001338,3.9e-05,-0.001899,-0.001587
23024.242045,9.029,4.66486,-0.001335,3.8e-05,-0.001893,-0.001588
23026.743817000002,9.029,4.841143,-0.001331,4e-05,-0.001901,-0.001583
23029.258888,9.029,5.313606,-0.001331,4.2e-05,-0.001899,-0.001583
23030.52389,9.029,4.584814,-0.001331,4.2e-05,-0.001902,-0.001582
23033.024716,9.029,5.002093,-0.001334,4.3e-05,-0.001902,-0.001582
23034.290611,9.029,4.653692,-0.001336,4.3e-05,-0.001896,-0.001587
23036.806506,9.029,4.79051,-0.001341,4e-05,-0.001901,-0.001588
23039.336842,9.029,4.677699,-0.001338,3.9e-05,-0.001895,-0.001587
23040.602116000002,9.029,4.799423,-0.001338,4.1e-05,-0.001899,-0.001584
23043.103747,9.029,5.255351,-0.001336,4.1e-05,-0.0019,-0.001584
23044.368255,9.029,4.706374,-0.001336,3.9e-05,-0.001895,-0.00158
23046.885493,9.029,4.875728,-0.001335,4.6e-05,-0.001901,-0.001577
23048.149622,9.029,4.828845,-0.001332,4.4e-05,-0.001895,-0.001581
23050.665181,9.029,4.679529,-0.00133,4.7e-05,-0.001897,-0.00158
23053.180913,9.029,4.863404,-0.001328,5.2e-05,-0.001891,-0.001579
23054.432098,9.029,5.014589,-0.001328,5.4e-05,-0.001892,-0.001579
23056.931302,9.029,4.981499,-0.001326,4.8e-05,-0.001884,-0.001584
23058.181376,9.029,4.705976,-0.001329,4.7e-05,-0.001891,-0.001582
23060.696388,9.029,4.644387,-0.001329,4.4e-05,-0.001891,-0.001581
23063.196218,9.029,4.616184,-0.00133,4.6e-05,-0.001894,-0.001578
23064.446999,9.029,4.252451,-0.001329,4.6e-05,-0.001889,-0.001581
23066.978856,9.029,4.860502,-0.001332,4.6e-05,-0.001894,-0.001577
23068.243388000003,9.029,4.729282,-0.001333,4.5e-05,-0.001892,-0.001579
23070.759429,9.029,5.384841,-0.001332,4.6e-05,-0.001896,-0.001575
23073.259704,9.029,4.861064,-0.001329,4.7e-05,-0.001896,-0.001577
23074.524581,9.029,4.783772,-0.001328,4.8e-05,-0.001892,-0.00158
23077.024306,9.029,4.896302,-0.001327,4.5e-05,-0.001889,-0.001584
23078.275096,9.029,4.814617,-0.001328,4.5e-05,-0.001893,-0.001583
23080.791228000002,9.029,4.784504,-0.001327,4.5e-05,-0.001889,-0.00158
23083.306015000002,9.029,5.131189,-0.001325,4.7e-05,-0.001888,-0.001578
23084.556507,9.029,4.770201,-0.001327,5.1e-05,-0.001895,-0.001573
23087.05656,9.029,5.339901,-0.001327,5.1e-05,-0.001899,-0.001572
23088.322882,9.029,5.033177,-0.001328,5.2e-05,-0.001898,-0.001573
23090.836393,9.029,4.866163,-0.001328,5.3e-05,-0.001897,-0.00157
23093.353863,9.029,4.946723,-0.001328,5.2e-05,-0.001886,-0.001573
23094.602865,9.029,4.876577,-0.001329,5e-05,-0.001888,-0.001577
23097.134714,9.029,5.213897,-0.001328,4.9e-05,-0.001893,-0.001575
23098.383734000003,9.029,4.716629,-0.001328,5.1e-05,-0.001896,-0.001572
23100.898891,9.029,4.75689,-0.001323,5.6e-05,-0.001896,-0.001571
23102.149473,9.029,4.646345,-0.001319,5.4e-05,-0.001889,-0.001572
23104.66633,9.029,5.101654,-0.001322,5.4e-05,-0.001889,-0.001575
23107.181882,9.029,5.490229,-0.001325,5.4e-05,-0.001892,-0.001573
23108.430852,9.029,4.588491,-0.001325,5.3e-05,-0.001889,-0.001578
23110.962261,9.029,4.703854,-0.001322,5.1e-05,-0.001887,-0.001577
23112.228113,9.029,4.613229,-0.001322,5e-05,-0.001881,-0.001576
23114.759226000002,9.029,5.537881,-0.001323,5.3e-05,-0.001888,-0.001573
23117.270108,9.029,4.740147,-0.001328,5.3e-05,-0.001889,-0.001576
23118.525141000002,9.029,5.229037,-0.001326,5.4e-05,-0.001885,-0.001575
23121.024079000003,9.029,4.867744,-0.001326,5.5e-05,-0.001884,-0.001575
23122.290747,9.029,4.500774,-0.001326,5.4e-05,-0.001886,-0.001573
23124.806822,9.029,5.069337,-0.001328,5.6e-05,-0.001887,-0.00157
23127.30592,9.029,5.117165,-0.001325,5.4e-05,-0.001886,-0.001574
23128.55584,9.029,5.018255,-0.001326,5.6e-05,-0.001893,-0.001572
23131.056002,9.029,5.243858,-0.001324,5.5e-05,-0.00189,-0.00157
23132.321437,9.029,5.012677,-0.001324,5.5e-05,-0.001884,-0.001572
23134.853002,9.029,4.49428,-0.001316,6e-05,-0.00189,-0.001569
23137.368953,9.03,5.327311,-0.001319,5.5e-05,-0.001888,-0.001572
23138.634295,9.03,4.766917,-0.001321,5.5e-05,-0.001889,-0.001572
23141.118095,9.03,5.238599,-0.001321,5.1e-05,-0.001892,-0.001574
23142.369075000002,9.03,4.789274,-0.001322,4.9e-05,-0.001888,-0.001576
23144.868919,9.03,4.70796,-0.001327,5e-05,-0.001895,-0.001574
23146.133694,9.03,5.002372,-0.001326,5.5e-05,-0.001897,-0.001571
23148.64977,9.03,4.666091,-0.001321,6e-05,-0.001895,-0.001569
23151.150089000002,9.03,4.65947,-0.001317,6.3e-05,-0.00189,-0.001561
23152.398955,9.03,4.74463,-0.001316,6.3e-05,-0.001891,-0.00156
23152.665814,8.364,0.042277,-0.000897,-1.9e-05,-0.002017,-0.001194
23153.929353,8.364,0.542424,-0.000895,-1.9e-05,-0.002012,-0.0012
23155.177275000002,8.364,-0.05465,-0.000892,-2.2e-05,-0.002018,-0.0012
23157.693452,8.364,-0.081414,-0.000887,-1.8e-05,-0.002014,-0.001196
23158.959505,8.364,-0.22039,-0.000889,-2.6e-05,-0.002012,-0.001202
23161.476261,8.364,-0.364746,-0.000889,-2.1e-05,-0.002012,-0.001197
23163.991410000002,8.364,-0.306812,-0.000885,-1.3e-05,-0.002014,-0.001197
23165.240562,8.364,-0.000371,-0.000884,-9e-06,-0.002014,-0.001196
23167.755077,8.364,-0.280338,-0.000887,-1.2e-05,-0.002013,-0.001193
23169.005457,8.364,0.02463,-0.00089,-1.3e-05,-0.002015,-0.001192
23171.504479,8.364,0.985943,-0.000891,-1.8e-05,-0.002011,-0.001199
23174.003978,8.364,-0.079902,-0.000889,-1.6e-05,-0.002016,-0.001195
23175.256778,8.364,0.889748,-0.000888,-1.7e-05,-0.00201,-0.0012
23177.757802,8.365,-0.237569,-0.000885,-1.7e-05,-0.002008,-0.001202
23179.006787000002,8.365,1.337373,-0.000886,-1.2e-05,-0.002015,-0.001199
23181.506753,8.366,-0.098071,-0.000885,-1e-05,-0.002017,-0.001203
23184.006525,8.366,-0.344062,-0.000885,-1.4e-05,-0.002011,-0.001207
23185.271362,8.367,-0.158627,-0.000886,-1.3e-05,-0.002011,-0.001206
23187.787236,8.368,0.100948,-0.000887,-1.2e-05,-0.00201,-0.001209
23189.038427,8.368,0.034463,-0.000888,-1.2e-05,-0.002008,-0.001209
23191.534618,8.369,0.219865,-0.000888,-1.3e-05,-0.00201,-0.001207
23194.037806,8.37,0.168091,-0.000887,-9e-06,-0.002008,-0.001206
23195.287522000002,8.37,0.007279,-0.000884,-9e-06,-0.002005,-0.001207
23197.803458000002,8.372,0.011026,-0.000888,-1e-05,-0.00201,-0.001206
23199.052516,8.372,1.12588,-0.000885,-1.1e-05,-0.00201,-0.001205
23201.568457,8.373,0.122942,-0.000879,-9e-06,-0.002005,-0.001209
23204.06821,8.374,-0.271777,-0.000878,-1e-05,-0.002006,-0.001211
23205.318466,8.375,0.063515,-0.000876,-1e-05,-0.002004,-0.001212
23207.834506,8.376,0.127854,-0.000882,-1e-05,-0.002012,-0.001213
23209.084618,8.376,1.001238,-0.000883,-8e-06,-0.002013,-0.001213
23211.614992,8.378,-0.130871,-0.000881,-9e-06,-0.002011,-0.001215
23212.864768,8.378,0.475125,-0.000884,-1.2e-05,-0.002014,-0.001213
23215.36489,8.38,0.016758,-0.000884,-8e-06,-0.002013,-0.001211
23217.881763,8.38,0.074702,-0.000881,-1e-05,-0.002012,-0.001217
23219.14765,8.381,-0.184368,-0.00088,-9e-06,-0.002013,-0.001217
23221.647436,8.383,0.4604,-0.000882,-8e-06,-0.00201,-0.001216
23222.89661,8.383,-0.245739,-0.000882,-5e-06,-0.002014,-0.001213
23225.397686,8.384,0.655209,-0.000882,-8e-06,-0.002012,-0.001213
23227.897007,8.385,0.059179,-0.000882,-1.1e-05,-0.002011,-0.00122
23229.148025000002,8.385,0.675735,-0.000884,-1.4e-05,-0.002005,-0.001226
23231.646173,8.387,0.221907,-0.000887,-1.5e-05,-0.00201,-0.001225
23232.912138,8.387,-0.431872,-0.000886,-1.1e-05,-0.002008,-0.001222
23235.411136,8.388,-0.186208,-0.000881,-6e-06,-0.002008,-0.00122
23237.911997,8.389,0.012764,-0.000881,-4e-06,-0.002008,-0.001217
23239.162479000002,8.39,-0.052382,-0.000879,-6e-06,-0.002003,-0.001223
23241.662725000002,8.391,0.166585,-0.000879,-8e-06,-0.002004,-0.001225
23242.911473,8.391,0.38628,-0.00088,-1e-05,-0.002007,-0.001223
23245.429505,8.392,0.022397,-0.000879,-6e-06,-0.002012,-0.001222
23247.927709,8.393,0.233257,-0.000883,-9e-06,-0.002009,-0.001231
23249.193415,8.394,1.871575,-0.000882,-5e-06,-0.002007,-0.001228
23251.693477,8.395,-0.150797,-0.000881,-4e-06,-0.002006,-0.00123
23252.959347,8.395,0.058099,-0.00088,-4e-06,-0.002012,-0.001229
23255.471731,8.396,1.912388,-0.000878,1e-06,-0.002012,-0.001227
23257.990372,8.397,0.207504,-0.000881,-4e-06,-0.002011,-0.00123
23259.240414,8.398,0.187735,-0.000879,-4e-06,-0.002015,-0.001228
23261.77323,8.399,-0.165237,-0.000877,-3e-06,-0.002007,-0.001229
23263.02226,8.399,0.244551,-0.00088,-1e-06,-0.002012,-0.001226
23265.522808,8.4,-0.306282,-0.000885,-5e-06,-0.002014,-0.00123
23268.021698,8.401,0.191335,-0.000885,-7e-06,-0.002013,-0.001229
23269.272333,8.402,0.135682,-0.000885,-5e-06,-0.002014,-0.001229
23271.78455,8.403,2.136949,-0.000882,-5e-06,-0.002012,-0.001233
23273.036864,8.404,0.107304,-0.000884,-9e-06,-0.002013,-0.001237
23275.537268,8.405,1.056508,-0.000885,-3e-06,-0.002014,-0.001239
23278.036702,8.406,0.158721,-0.000889,-1e-05,-0.002013,-0.00124
23279.288115,8.406,0.374825,-0.000887,-1.2e-05,-0.002007,-0.001243
23281.787500000002,8.408,0.333144,-0.000887,-6e-06,-0.002012,-0.001237
23283.052538,8.408,0.225569,-0.000886,-7e-06,-0.002013,-0.001237
23285.55201,8.409,0.320093,-0.000883,-2e-06,-0.00201,-0.001234
23288.053331,8.411,0.085439,-0.000889,-9e-06,-0.002009,-0.001246
23289.31819,8.411,0.357531,-0.000893,-1e-05,-0.00201,-0.001248
23291.818407,8.412,0.122267,-0.000888,-1.1e-05,-0.002006,-0.001247
23293.084479,8.413,0.311232,-0.000884,-1e-05,-0.002005,-0.001243
23295.582958,8.414,0.378509,-0.000887,-9e-06,-0.002004,-0.00125
23298.084715,8.415,-0.435062,-0.000887,-5e-06,-0.002004,-0.001248
23299.333918,8.415,0.447799,-0.000884,-2e-06,-0.00201,-0.001243
23301.832731000002,8.416,0.333818,-0.000881,-4e-06,-0.002002,-0.00125
23303.083271,8.417,0.441777,-0.000881,-8e-06,-0.002007,-0.001247
23305.600685,8.418,0.474562,-0.000883,-8e-06,-0.002,-0.001252
23306.849315,8.418,0.401386,-0.000885,-1.1e-05,-0.002002,-0.001258
23309.365202,8.419,0.228704,-0.000893,-1.8e-05,-0.002006,-0.001265
23311.865119000002,8.42,0.364651,-0.00089,-1.3e-05,-0.002006,-0.001259
23313.115353,8.421,0.412867,-0.000883,-1e-05,-0.002002,-0.001257
23315.615776000002,8.422,0.408705,-0.000886,-1.2e-05,-0.002002,-0.001263
23316.865245,8.422,0.40688,-0.000888,-6e-06,-0.002004,-0.001259
23319.379858,8.423,0.587637,-0.000886,-5e-06,-0.002,-0.00126
23321.880970000002,8.424,-0.058663,-0.00089,-7e-06,-0.002001,-0.001263
23323.130897,8.424,1.39606,-0.000888,-3e-06,-0.002009,-0.001262
23325.646477000002,8.426,0.309296,-0.000887,-7e-06,-0.002009,-0.001264
23326.91199,8.426,0.188814,-0.000885,-1e-05,-0.002006,-0.001264
23329.413264,8.427,0.453312,-0.000891,-1.6e-05,-0.002002,-0.001272
23331.928101,8.428,1.802681,-0.000894,-2e-05,-0.002008,-0.001271
23333.175255000002,8.428,-0.098057,-0.000892,-1.7e-05,-0.002007,-0.001271
23335.677401,8.429,3.029723,-0.000894,-1.3e-05,-0.002,-0.00127
23336.928282,8.43,-0.660296,-0.000894,-1.1e-05,-0.002009,-0.001269
23339.428507,8.431,1.680692,-0.000889,-6e-06,-0.002007,-0.001265
23341.941985,8.432,0.441923,-0.000887,-7e-06,-0.002008,-0.001264
23343.193438000002,8.432,0.268297,-0.00089,-8e-06,-0.002006,-0.001265
23345.679511000002,8.434,0.712293,-0.00089,-7e-06,-0.002004,-0.001269
23346.928164,8.434,3.581262,-0.000888,-5e-06,-0.002009,-0.001268
23349.427995000002,8.435,0.554297,-0.000888,-3e-06,-0.00201,-0.00127
23351.928339000002,8.436,-2.086095,-0.000886,-2e-06,-0.002006,-0.001269
23353.192178,8.437,3.324811,-0.000887,-1e-06,-0.002008,-0.001269
23355.693467,8.438,0.44581,-0.000886,-4e-06,-0.002004,-0.001271
23356.959485,8.439,0.513542,-0.000886,-0.0,-0.002006,-0.00127
23359.474585,8.44,0.499781,-0.000891,-4e-06,-0.002009,-0.001275
23361.975051,8.441,2.422913,-0.000893,-1e-05,-0.00201,-0.001278
23363.224258000002,8.442,2.479801,-0.000894,-1.4e-05,-0.002004,-0.001281
23365.740192,8.445,2.625086,-0.000895,-1.3e-05,-0.002005,-0.001284
23366.989684,8.445,-0.457668,-0.000897,-1.3e-05,-0.002009,-0.001284
23369.488767,8.446,0.813724,-0.000894,-1.2e-05,-0.002001,-0.001284
23371.990094,8.446,0.561522,-0.000892,-6e-06,-0.002008,-0.001286
23373.239262,8.447,1.42047,-0.000893,-9e-06,-0.002003,-0.001288
23375.740624000002,8.448,1.37337,-0.000896,-7e-06,-0.002009,-0.001289
23376.989392,8.448,0.672122,-0.000895,-9e-06,-0.002005,-0.001289
23379.490114,8.449,0.628656,-0.000894,-1e-05,-0.002009,-0.001294
23382.002128,8.45,0.333063,-0.000897,-9e-06,-0.002011,-0.001293
23383.257344,8.451,0.615552,-0.000894,-3e-06,-0.00201,-0.001292
23385.755493,8.452,0.481547,-0.000894,-5e-06,-0.002011,-0.001293
23387.007110000002,8.452,0.678111,-0.000894,-9e-06,-0.002007,-0.001297
23389.506463,8.453,0.541846,-0.000894,-4e-06,-0.002007,-0.001298
23392.021235,8.454,0.639744,-0.000898,-3e-06,-0.002012,-0.001299
23393.271364,8.454,0.78394,-0.000899,-3e-06,-0.00201,-0.001298
23395.786973000002,8.455,0.836749,-0.000895,-3e-06,-0.002002,-0.001304
23397.036669,8.456,0.895929,-0.000895,-2e-06,-0.002006,-0.001303
23399.53835,8.457,0.811194,-0.000898,-4e-06,-0.002002,-0.001306
23402.053612,8.458,0.49351,-0.000902,-6e-06,-0.001998,-0.00131
23403.303561,8.459,0.793893,-0.000906,-3e-06,-0.001999,-0.001309
23405.819513000002,8.46,0.811459,-0.000905,3e-06,-0.002009,-0.001305
23407.084613,8.46,0.693958,-0.000899,9e-06,-0.002001,-0.001305
23409.59596,8.462,0.783569,-0.000896,1.1e-05,-0.002002,-0.001307
23412.100425,8.462,-1.254064,-0.000897,9e-06,-0.002006,-0.001302
23413.349346,8.463,0.858792,-0.000895,1e-05,-0.002002,-0.001304
23415.882469,8.464,0.817411,-0.000895,4e-06,-0.001998,-0.001309
23417.132183,8.465,-0.201536,-0.0009,1e-06,-0.001999,-0.001311
23419.658969,8.466,0.693056,-0.000903,3e-06,-0.002006,-0.001312
23420.912473,8.467,1.435436,-0.0009,9e-06,-0.00201,-0.001311
23423.412525,8.468,0.794853,-0.0009,1.1e-05,-0.002006,-0.00131
23425.929078,8.469,0.294956,-0.000901,8e-06,-0.002006,-0.00131
23427.176991,8.469,1.022634,-0.000902,7e-06,-0.002003,-0.001316
23429.695606,8.47,0.888905,-0.000907,5e-06,-0.002008,-0.001319
23430.943336,8.471,1.003832,-0.000907,5e-06,-0.002001,-0.001322
23433.444587,8.472,-0.961586,-0.000908,4e-06,-0.002009,-0.001323
23435.959268000002,8.473,0.801013,-0.000908,2e-06,-0.002007,-0.00133
23437.208074000002,8.474,0.975264,-0.000908,1e-06,-0.002006,-0.00133
23439.69336,8.475,1.061299,-0.000909,1e-06,-0.002008,-0.00133
23440.943379,8.476,0.460623,-0.000909,5e-06,-0.002004,-0.00133
23443.470342,8.477,0.976823,-0.000903,9e-06,-0.002009,-0.001329
23445.976203000002,8.478,0.925129,-0.000902,7e-06,-0.002009,-0.00133
23447.224479,8.478,1.114999,-0.000902,8e-06,-0.002004,-0.001334
23449.7401,8.479,0.963767,-0.000903,1e-05,-0.002006,-0.001331
23450.990449,8.48,1.102096,-0.000901,1.3e-05,-0.002008,-0.00133
23453.504054,8.481,-0.171121,-0.000901,1.5e-05,-0.002003,-0.001329
23455.991388000002,8.482,1.114569,-0.000903,1.7e-05,-0.002003,-0.00133
23457.241329,8.482,0.998936,-0.000903,1.8e-05,-0.002009,-0.001329
23459.757108,8.484,0.75161,-0.000903,1.5e-05,-0.00201,-0.001331
23461.006555,8.484,1.072817,-0.000903,1.2e-05,-0.00201,-0.001333
23463.520464,8.485,1.097847,-0.000904,1.2e-05,-0.002011,-0.001335
23466.021681000002,8.486,1.221316,-0.000903,1.2e-05,-0.002008,-0.001336
23467.271453,8.486,1.172746,-0.000905,1.2e-05,-0.002002,-0.00134
23469.787206,8.487,1.255025,-0.000905,2.3e-05,-0.002003,-0.001338
23471.038561,8.488,1.303213,-0.000904,2e-05,-0.001998,-0.001341
23473.537981,8.489,-1.532897,-0.000899,2e-05,-0.002,-0.001339
23476.038394,8.49,1.237783,-0.000903,1.2e-05,-0.002001,-0.001348
23477.287355,8.49,0.696038,-0.000906,1e-05,-0.002006,-0.001345
23479.802599000002,8.491,1.205114,-0.0009,1.2e-05,-0.002001,-0.001349
23481.052578,8.492,0.268976,-0.000905,1.3e-05,-0.002009,-0.001353
23483.552628,8.493,1.010008,-0.00091,7e-06,-0.002004,-0.001358
23487.312449,8.494,1.163722,-0.000914,1.3e-05,-0.001996,-0.001356
23489.800509,8.496,1.389827,-0.000912,1.5e-05,-0.001994,-0.001359
23491.053563,8.496,0.954456,-0.000907,1.8e-05,-0.002001,-0.001359
23493.568102,8.497,1.320322,-0.000912,1.3e-05,-0.002001,-0.001368
23496.083463,8.499,1.289547,-0.000914,1.1e-05,-0.002,-0.001367
23497.333239,8.499,0.539299,-0.000916,9e-06,-0.002005,-0.001369
23499.849392,8.5,1.179749,-0.00092,9e-06,-0.002003,-0.001372
23501.115333,8.501,2.777431,-0.000918,1.1e-05,-0.002,-0.001373
23503.630274,8.502,1.344424,-0.000921,6e-06,-0.002007,-0.001377
23504.897202,8.502,1.676803,-0.000927,-1e-06,-0.002006,-0.001382
23507.412706,8.503,1.461113,-0.00094,-1.1e-05,-0.002001,-0.001393
23509.92703,8.504,1.443431,-0.000951,-2.1e-05,-0.002006,-0.001404
23511.179418,8.505,1.369003,-0.000954,-2e-05,-0.002013,-0.001406
23513.677745,8.506,1.475257,-0.000953,-1.7e-05,-0.002006,-0.001406
23514.927402,8.506,1.535249,-0.000956,-1.7e-05,-0.002009,-0.001407
23517.443451,8.507,1.63999,-0.000955,-1.3e-05,-0.002001,-0.001406
23519.943316,8.508,1.457277,-0.000957,-1.4e-05,-0.002002,-0.001406
23521.209336,8.509,1.291069,-0.000962,-1.6e-05,-0.002004,-0.001411
23523.725323,8.51,1.656744,-0.000957,-1.6e-05,-0.002002,-0.001417
23524.990611,8.51,1.721028,-0.000957,-1.3e-05,-0.002001,-0.001417
23527.50618,8.511,0.509924,-0.000946,-9e-06,-0.001992,-0.001412
23530.022162,8.512,1.499338,-0.000948,-9e-06,-0.002003,-0.001412
23531.272488000002,8.512,2.957237,-0.000948,-1.3e-05,-0.002014,-0.001416
23533.786925,8.513,1.559213,-0.000951,-1.1e-05,-0.002006,-0.001421
23535.036915,8.514,1.649741,-0.00095,-5e-06,-0.002014,-0.001411
23537.536924,8.515,1.680607,-0.000957,0.0,-0.002014,-0.001413
23540.03709,8.516,1.398352,-0.000954,1e-06,-0.00202,-0.001419
23541.287714000002,8.516,1.64737,-0.000953,-1e-06,-0.002015,-0.001419
23543.803461,8.517,1.603103,-0.000964,-9e-06,-0.002016,-0.001421
23545.069523000002,8.518,1.756165,-0.000963,-8e-06,-0.002021,-0.001417
23547.552186,8.519,1.798909,-0.000952,1e-06,-0.002026,-0.001415
23550.052603,8.52,2.191747,-0.000968,-6e-06,-0.00203,-0.001426
23551.301197,8.52,1.088292,-0.000969,-6e-06,-0.002025,-0.001426
23553.802155,8.521,1.747793,-0.000974,-1.1e-05,-0.002031,-0.001429
23555.068615,8.522,1.633773,-0.000972,-1.1e-05,-0.002031,-0.00143
23557.567132,8.523,1.832433,-0.000973,-1.1e-05,-0.002027,-0.001431
23560.068682,8.523,1.988986,-0.000972,-3e-06,-0.00203,-0.00143
23561.31783,8.524,1.878329,-0.000971,-2e-06,-0.002032,-0.001431
23563.819124,8.525,1.926463,-0.00098,-9e-06,-0.00203,-0.001435
23565.068106,8.526,1.653365,-0.000982,-1.2e-05,-0.002031,-0.001437
23567.58343,8.527,1.739559,-0.000991,-1.8e-05,-0.002028,-0.001448
23570.099399,8.528,1.953128,-0.000993,-1.8e-05,-0.002027,-0.001453
23571.35036,8.528,2.029454,-0.000994,-1.5e-05,-0.002033,-0.001449
23573.865811,8.529,1.69594,-0.000995,-1.9e-05,-0.002033,-0.001452
23575.115939,8.53,1.871384,-0.000993,-1.4e-05,-0.002034,-0.00145
23577.614683,8.531,1.850344,-0.00099,-6e-06,-0.002031,-0.00145
23580.115738,8.532,2.01895,-0.000986,-3e-06,-0.00203,-0.001448
23581.364327,8.533,1.684422,-0.000986,-2e-06,-0.002031,-0.001448
23583.86553,8.533,2.064013,-0.000985,2e-06,-0.002037,-0.001448
23585.130345,8.534,2.050903,-0.000985,-0.0,-0.002034,-0.00145
23587.647426,8.535,2.03894,-0.001001,-6e-06,-0.002035,-0.001452
23588.89544,8.535,2.17407,-0.001006,-1.6e-05,-0.002032,-0.001463
23591.392222000002,8.536,2.133676,-0.001011,-1.8e-05,-0.002037,-0.001467
23593.897048,8.537,2.291003,-0.001006,-1.4e-05,-0.002034,-0.001466
23595.145971,8.538,2.119055,-0.001006,-1.4e-05,-0.002033,-0.001466
23597.647795,8.539,2.712718,-0.001011,-1.5e-05,-0.002033,-0.001469
23598.897347000002,8.54,2.268599,-0.001011,-1.7e-05,-0.002032,-0.001471
23601.39663,8.54,2.694616,-0.001012,-1e-05,-0.002035,-0.001467
23603.897823,8.541,2.341817,-0.001007,2e-06,-0.002029,-0.001462
23605.147366,8.542,2.252874,-0.001011,2e-06,-0.002035,-0.001464
23607.664047000002,8.543,2.413199,-0.001004,3e-06,-0.002026,-0.001467
23608.912468000002,8.543,2.189959,-0.001005,4e-06,-0.002032,-0.001467
23611.44385,8.544,2.218146,-0.001007,2e-06,-0.002031,-0.001467
23613.959189,8.545,2.236974,-0.001008,9e-06,-0.002029,-0.001468
23615.20839,8.545,2.273724,-0.001007,1.1e-05,-0.002032,-0.001469
23617.710512,8.546,2.496428,-0.001006,1.5e-05,-0.002034,-0.001467
23618.955762,8.547,2.442463,-0.001009,1.4e-05,-0.002032,-0.001466
23621.457821,8.548,2.744777,-0.001016,1.1e-05,-0.002031,-0.00147
23623.959602,8.549,2.449498,-0.001024,2e-06,-0.002034,-0.001475
23625.193319,8.549,2.396376,-0.001028,-2e-06,-0.002029,-0.001482
23627.692554,8.55,2.835651,-0.001026,1e-06,-0.002025,-0.001486
23628.944045,8.551,2.467005,-0.001027,1e-06,-0.002027,-0.001485
23631.44373,8.552,2.932865,-0.00103,1e-06,-0.002024,-0.001488
23633.959436,8.553,1.809705,-0.001031,8e-06,-0.002026,-0.001486
23635.224537000002,8.554,2.658005,-0.001033,4e-06,-0.002021,-0.001493
23637.721979,8.556,2.910211,-0.001037,-2e-06,-0.002027,-0.001495
23638.976078,8.556,2.748252,-0.001034,0.0,-0.002024,-0.001495
23641.474412,8.557,2.677342,-0.001033,1e-05,-0.002025,-0.001486
23643.974402,8.559,2.649177,-0.001036,1.6e-05,-0.002024,-0.001492
23645.240485000002,8.56,2.789628,-0.001039,1.7e-05,-0.002022,-0.001495
23647.741442000002,8.561,2.868867,-0.001038,2.6e-05,-0.002028,-0.001491
23648.990925000002,8.561,2.957656,-0.00104,2.6e-05,-0.002032,-0.001497
23651.469204,8.562,2.775994,-0.001041,2e-05,-0.002023,-0.001506
23653.97604,8.563,2.867154,-0.00103,1.8e-05,-0.00202,-0.001504
23655.224586,8.563,2.971015,-0.001029,2.2e-05,-0.002025,-0.001499
23657.740102,8.564,2.754603,-0.001043,1.8e-05,-0.002019,-0.001512
23658.991425,8.564,2.955598,-0.00105,1.6e-05,-0.002014,-0.001516
23661.507041,8.565,2.976532,-0.001057,1.4e-05,-0.002023,-0.001513
23664.021933,8.566,2.898556,-0.001064,9e-06,-0.002022,-0.001521
23665.287435000002,8.567,4.09697,-0.001066,3e-06,-0.002019,-0.001525
23667.802206,8.568,2.962781,-0.001067,3e-06,-0.002025,-0.001527
23669.051791,8.568,3.224834,-0.00107,-5e-06,-0.002019,-0.001536
23671.553471,8.569,3.478043,-0.001077,-8e-06,-0.002024,-0.00154
23674.069388,8.57,3.065554,-0.001078,-5e-06,-0.002019,-0.001542
23675.333897,8.571,2.83328,-0.001081,-7e-06,-0.002019,-0.001546
23677.83331,8.572,3.323745,-0.001078,1e-06,-0.002016,-0.001543
23679.084583,8.572,3.252607,-0.001077,-1e-06,-0.00201,-0.001544
23681.584349,8.573,4.075515,-0.001076,0.0,-0.002005,-0.001541
23684.083223,8.574,3.377127,-0.001074,8e-06,-0.002002,-0.001536
23685.350809,8.574,3.911779,-0.001076,1e-05,-0.002004,-0.001534
23687.849317,8.575,3.098537,-0.001072,1.7e-05,-0.002003,-0.001535
23689.099379,8.576,2.971354,-0.001077,1.4e-05,-0.002005,-0.001539
23691.599808,8.577,3.24641,-0.001084,9e-06,-0.002,-0.001546
23694.116157,8.578,3.330568,-0.001086,8e-06,-0.002009,-0.001552
23695.365712,8.578,3.440047,-0.001088,4e-06,-0.002001,-0.001557
23697.866045,8.579,3.269181,-0.001092,6e-06,-0.002004,-0.001554
23699.115086,8.58,3.315745,-0.001091,9e-06,-0.002002,-0.001551
23701.626763,8.581,3.370224,-0.001086,1.7e-05,-0.001998,-0.001548
23704.11528,8.582,3.403494,-0.001086,1.9e-05,-0.001998,-0.001549
23705.365294,8.582,3.34791,-0.001091,1.7e-05,-0.002001,-0.00155
23707.880239000002,8.583,3.27986,-0.001092,1.4e-05,-0.001992,-0.001555
23709.130035000002,8.583,3.445416,-0.001094,1.7e-05,-0.002,-0.001556
23711.630218000002,8.584,3.49251,-0.001097,1.3e-05,-0.001996,-0.001559
23712.896535,8.585,3.520549,-0.001093,1.6e-05,-0.001997,-0.001554
23715.396413000002,8.586,3.633084,-0.001097,1.7e-05,-0.002002,-0.001557
23717.912413000002,8.587,2.137517,-0.001103,1.6e-05,-0.002002,-0.001565
23719.178421,8.587,3.603019,-0.001104,1.7e-05,-0.002003,-0.001567
23721.678057,8.588,4.520711,-0.001098,2.4e-05,-0.002004,-0.00156
23722.927944,8.589,3.782851,-0.001099,2.3e-05,-0.002011,-0.00156
23725.428767,8.59,3.861279,-0.001102,2.2e-05,-0.002007,-0.001568
23727.92826,8.591,3.765678,-0.001111,1.7e-05,-0.002004,-0.001575
23729.194162,8.592,4.758095,-0.00111,1.8e-05,-0.002005,-0.001576
23731.708392,8.593,3.567548,-0.00111,2.3e-05,-0.002005,-0.001573
23732.973737,8.593,3.748112,-0.001108,2.3e-05,-0.002005,-0.001574
23735.47434,8.594,3.880012,-0.001115,2.4e-05,-0.002004,-0.001576
23737.99035,8.596,4.02433,-0.001116,3e-05,-0.002007,-0.001574
23739.256747,8.596,3.676364,-0.001117,3.3e-05,-0.002006,-0.001573
23741.755768,8.597,4.378971,-0.001119,3.1e-05,-0.002011,-0.001573
23743.006249000002,8.598,3.699293,-0.001119,2.9e-05,-0.002005,-0.001577
23745.506084,8.599,3.813484,-0.001118,3.1e-05,-0.002006,-0.001579
23748.005605000002,8.6,3.860244,-0.001122,3.6e-05,-0.002007,-0.001578
23749.255174,8.6,3.662873,-0.001121,3.9e-05,-0.002011,-0.001577
23751.772416,8.601,6.242367,-0.001119,4.2e-05,-0.002007,-0.001578
23755.537633,8.603,3.949993,-0.001121,4.5e-05,-0.002011,-0.001582
23758.038274000002,8.604,4.637251,-0.001124,5.3e-05,-0.002008,-0.001581
23759.287648,8.604,3.892553,-0.001122,5.6e-05,-0.002006,-0.001581
23761.803452,8.605,3.969718,-0.001124,4.9e-05,-0.002008,-0.001587
23763.069082,8.606,3.614706,-0.001127,4.6e-05,-0.002007,-0.001586
23765.568444,8.607,3.739873,-0.001135,4.2e-05,-0.002008,-0.001587
23768.083403,8.608,5.096288,-0.001142,4.2e-05,-0.002006,-0.001591
23769.334818,8.608,4.003507,-0.001144,4.1e-05,-0.002003,-0.001594
23771.834404,8.609,4.150224,-0.001146,4.3e-05,-0.002,-0.0016
23773.100571,8.61,4.118191,-0.001146,4.4e-05,-0.002,-0.001603
23775.615765000002,8.611,3.990117,-0.001152,4.5e-05,-0.002,-0.001603
23778.115064,8.612,4.006054,-0.001151,4.7e-05,-0.002002,-0.001603
23779.364503,8.612,4.141629,-0.001152,4.7e-05,-0.002004,-0.001605
23781.865337,8.613,4.237654,-0.001159,4.5e-05,-0.002003,-0.001609
23783.115743000002,8.614,4.501076,-0.001159,4.4e-05,-0.001998,-0.001612
23785.630185,8.615,4.320321,-0.001163,4.4e-05,-0.002001,-0.001616
23788.132387,8.616,4.922048,-0.001166,4.6e-05,-0.002002,-0.001611
23789.380595000002,8.616,4.492126,-0.001166,4.8e-05,-0.002004,-0.001611
23791.880904,8.617,5.288639,-0.001168,5.3e-05,-0.002005,-0.001611
23793.130444000002,8.618,4.512132,-0.001168,5.4e-05,-0.002001,-0.001612
23795.643975,8.619,4.387035,-0.001167,5.5e-05,-0.002002,-0.001614
23798.146577,8.62,4.537714,-0.001171,5.6e-05,-0.002,-0.00162
23799.396545,8.62,4.410776,-0.001172,6.2e-05,-0.002001,-0.001617
23801.895357,8.621,5.18931,-0.00117,6.1e-05,-0.002002,-0.001619
23803.14838,8.622,4.594003,-0.001174,6.1e-05,-0.002002,-0.001621
23805.646942,8.623,4.957079,-0.001176,6.3e-05,-0.002,-0.001622
23808.146151,8.624,4.797131,-0.001178,6.3e-05,-0.002001,-0.001625
23809.397565,8.624,4.962893,-0.001178,6.5e-05,-0.002007,-0.001622
23811.913294,8.625,5.065054,-0.001183,6.6e-05,-0.002,-0.001628
23813.162385,8.626,4.815853,-0.001186,6.5e-05,-0.001997,-0.001631
23815.693088,8.627,5.141914,-0.001187,7.1e-05,-0.001997,-0.001629
23816.943396000002,8.628,4.581202,-0.001188,7.2e-05,-0.001996,-0.001632
23819.459912000002,8.629,5.038121,-0.001194,7e-05,-0.002004,-0.001632
23821.958147,8.63,4.948877,-0.001197,7.3e-05,-0.002001,-0.001632
23823.207985,8.63,4.894015,-0.001197,7.1e-05,-0.001993,-0.001637
23825.709448,8.631,5.111216,-0.001201,7.5e-05,-0.001994,-0.001636
23826.960374000002,8.632,4.563885,-0.001204,7.7e-05,-0.001999,-0.001634
23829.457961,8.633,5.141192,-0.001207,7.9e-05,-0.002003,-0.001634
23831.955862,8.634,5.066223,-0.001206,7.7e-05,-0.001994,-0.001637
23833.209079,8.634,5.227762,-0.001209,7.6e-05,-0.001993,-0.00164
23835.725355000002,8.636,5.141069,-0.001212,7.4e-05,-0.001993,-0.001641
23836.975277,8.636,5.19334,-0.001214,7.4e-05,-0.001997,-0.001641
23839.488639,8.637,5.170445,-0.001216,7.6e-05,-0.001996,-0.001643
23841.990509,8.638,5.226593,-0.001218,7.9e-05,-0.001997,-0.001646
23843.257181,8.638,5.005825,-0.00122,7.6e-05,-0.001995,-0.001648
23845.772379000002,8.639,4.811259,-0.001225,7.5e-05,-0.001995,-0.001654
23847.037155,8.64,5.327683,-0.001226,7.6e-05,-0.001995,-0.001655
23849.537445,8.641,5.524548,-0.001229,7.8e-05,-0.001996,-0.001657
23852.038174,8.642,5.593552,-0.001234,7.8e-05,-0.001997,-0.001659
23853.286354,8.642,5.079396,-0.001234,7.7e-05,-0.001993,-0.001662
23855.787553000002,8.643,5.027126,-0.001236,7.7e-05,-0.001991,-0.001665
23857.03701,8.644,5.411826,-0.001237,7.9e-05,-0.001998,-0.001663
23859.536204,8.645,5.615596,-0.001242,8.1e-05,-0.001995,-0.001666
23862.037378,8.645,5.472278,-0.001244,8.4e-05,-0.002,-0.001667
23863.287144,8.646,5.502025,-0.001244,8.5e-05,-0.001997,-0.001666
23865.817300000002,8.647,5.966618,-0.001248,8.5e-05,-0.001995,-0.001669
23867.067237,8.647,5.439768,-0.001249,8.5e-05,-0.001991,-0.001669
23869.569269,8.648,6.122102,-0.001255,8.4e-05,-0.001993,-0.001674
23872.068314,8.649,5.524707,-0.001258,8.2e-05,-0.001996,-0.001677
23873.33305,8.65,5.912488,-0.001258,8.3e-05,-0.001995,-0.001679
23875.833003,8.651,5.589355,-0.001259,8.6e-05,-0.001991,-0.001677
23877.084628,8.651,5.679979,-0.00126,8.5e-05,-0.001987,-0.001682
23879.582536,8.652,5.669833,-0.001264,8.9e-05,-0.001986,-0.00168
23882.084499,8.653,6.292674,-0.001266,9.3e-05,-0.001989,-0.001682
23883.333492,8.654,5.682741,-0.001267,9.3e-05,-0.001992,-0.001682
23885.850248,8.654,6.345529,-0.001274,9.1e-05,-0.001992,-0.001687
23887.099580000002,8.655,5.725238,-0.001277,9.1e-05,-0.001989,-0.00169
23889.599193000002,8.656,6.263084,-0.001279,9.3e-05,-0.00199,-0.001689
23892.114314000002,8.657,5.750417,-0.001285,9.2e-05,-0.00199,-0.001689
23893.364359,8.658,6.713389,-0.001287,9.1e-05,-0.001986,-0.001693
23895.866127,8.659,6.054479,-0.001287,9.6e-05,-0.001984,-0.001693
23897.115692,8.659,5.405771,-0.001289,9.7e-05,-0.00199,-0.001693
23899.615865,8.66,5.923962,-0.001293,9.4e-05,-0.001993,-0.001699
23902.116485000002,8.661,5.873232,-0.0013,9.3e-05,-0.00199,-0.001702
23903.366538000002,8.662,5.805822,-0.001301,9.2e-05,-0.001986,-0.001706
23905.898565,8.663,6.461969,-0.001305,9.3e-05,-0.001988,-0.001703
23907.147014000002,8.664,6.142076,-0.001304,9.3e-05,-0.001982,-0.001706
23909.646796,8.665,6.333205,-0.001308,9.4e-05,-0.001982,-0.001707
23910.896509000002,8.665,6.112116,-0.00131,9.4e-05,-0.001985,-0.001706
23913.411464,8.666,6.312116,-0.001311,9.7e-05,-0.001983,-0.001704
23915.912116,8.667,6.938409,-0.001308,9.9e-05,-0.001983,-0.00171
23917.161973000002,8.668,6.170548,-0.001312,9.7e-05,-0.001985,-0.001714
23919.677067,8.669,6.534213,-0.001313,9.6e-05,-0.001987,-0.001716
23920.928994,8.669,6.358277,-0.001314,9.9e-05,-0.001981,-0.001717
23923.428279,8.67,6.82319,-0.001315,0.000104,-0.001982,-0.001717
23925.959504000002,8.671,6.299632,-0.00132,0.000106,-0.001981,-0.001716
23927.208857,8.671,6.699152,-0.00132,0.000106,-0.001976,-0.001718
23929.709266,8.672,6.863243,-0.001323,0.000109,-0.001976,-0.001721
23930.958319,8.673,6.277799,-0.001324,0.000109,-0.001976,-0.001723
23933.459003,8.674,6.292408,-0.001331,0.000114,-0.001976,-0.001723
23935.973812,8.675,6.702712,-0.00133,0.000114,-0.001967,-0.001728
23937.219258,8.675,6.856815,-0.001331,0.000117,-0.001962,-0.001727
23939.709237,8.676,6.530867,-0.001331,0.00012,-0.00196,-0.001727
23940.959927,8.677,6.955885,-0.001337,0.000119,-0.001966,-0.001728
23943.457996,8.677,6.66064,-0.001338,0.000118,-0.00197,-0.001732
23945.959581,8.678,6.910042,-0.001346,0.000115,-0.001971,-0.001739
23947.209924,8.679,6.416285,-0.001352,0.000108,-0.001965,-0.001749
23949.707937,8.68,6.244067,-0.001362,9.8e-05,-0.001963,-0.001762
23950.958941,8.68,6.441092,-0.001363,0.000101,-0.00197,-0.001757
23953.460286,8.681,6.483324,-0.001363,0.000105,-0.001971,-0.001753
23955.959461000002,8.682,7.333254,-0.001365,0.000106,-0.001967,-0.001757
23957.208259,8.683,6.547706,-0.001367,0.000104,-0.00196,-0.00176
23959.708094,8.684,7.471687,-0.001372,0.000104,-0.001967,-0.001763
23960.959217,8.684,6.338676,-0.001374,0.000105,-0.00197,-0.001762
23963.475752000002,8.685,6.264412,-0.001382,0.000104,-0.001978,-0.001766
23965.989763,8.686,6.794504,-0.001383,0.00011,-0.001976,-0.001771
23967.240051,8.687,7.083481,-0.001387,0.000105,-0.001986,-0.001775
23969.740389000002,8.688,7.098726,-0.001396,9.6e-05,-0.001976,-0.001786
23971.005866,8.688,6.473284,-0.0014,9e-05,-0.001973,-0.001792
23973.504849,8.689,7.337557,-0.001408,8.5e-05,-0.001974,-0.001797
23976.022096,8.69,6.996735,-0.001416,8.2e-05,-0.001981,-0.001803
23977.272604,8.691,7.131768,-0.001418,8.1e-05,-0.001985,-0.001802
23979.788463,8.692,7.087997,-0.001416,8.7e-05,-0.001981,-0.001801
23981.037472,8.692,6.978993,-0.001416,8.8e-05,-0.001988,-0.001801
23983.537819,8.693,6.79291,-0.001432,7.8e-05,-0.001987,-0.001814
23986.036501000002,8.694,6.804915,-0.001438,7.5e-05,-0.001986,-0.00182
23987.286474,8.694,7.287836,-0.001439,7.3e-05,-0.001984,-0.001824
23989.802334,8.696,6.661012,-0.00144,7.7e-05,-0.001987,-0.00182
23991.053106,8.696,6.895434,-0.00144,8.2e-05,-0.001992,-0.001815
23993.552368,8.697,7.588818,-0.001438,9.1e-05,-0.001988,-0.001809
23996.052593,8.698,7.171715,-0.001448,7.6e-05,-0.001992,-0.001832
23997.30241,8.699,7.351157,-0.001454,7e-05,-0.001988,-0.001837
23999.817827,8.7,7.938352,-0.001462,6.7e-05,-0.001991,-0.001845
24001.068472,8.7,6.738302,-0.001462,7.2e-05,-0.001994,-0.001838
24003.583228,8.701,7.65166,-0.001455,8.2e-05,-0.001991,-0.001832
24006.083357,8.702,7.875139,-0.001453,8.5e-05,-0.001996,-0.001833
24007.333961,8.703,7.12534,-0.001455,8.6e-05,-0.001999,-0.001835
24009.849899,8.704,7.289324,-0.001473,7.5e-05,-0.002001,-0.001848
24011.099385,8.704,7.085659,-0.00148,7.3e-05,-0.002001,-0.00185
24013.615364,8.706,7.331767,-0.00148,7.4e-05,-0.002001,-0.001849
24016.146722,8.707,7.568366,-0.001481,7.4e-05,-0.001994,-0.001853
24017.395493,8.707,7.310041,-0.001482,7.6e-05,-0.002002,-0.00185
24019.896956,8.708,7.456017,-0.001489,7.8e-05,-0.002008,-0.00185
24021.146372,8.708,7.633917,-0.001489,7.9e-05,-0.002008,-0.00185
24023.647499,8.709,7.511793,-0.001492,7.9e-05,-0.002006,-0.001857
24026.163604,8.71,7.508712,-0.001489,8.4e-05,-0.002005,-0.001859
24027.412706,8.711,7.540797,-0.00149,8.9e-05,-0.00201,-0.001853
24029.928348,8.712,6.936497,-0.001492,9e-05,-0.002013,-0.001851
24031.192142,8.712,7.549243,-0.001492,8.6e-05,-0.002014,-0.001854
24033.69276,8.713,7.563055,-0.001495,9.6e-05,-0.002016,-0.001852
24034.943359,8.713,8.162362,-0.001502,9e-05,-0.002018,-0.001857
24037.459282,8.714,8.398643,-0.001514,8.5e-05,-0.002018,-0.001861
24039.959078,8.715,8.040291,-0.001514,8.6e-05,-0.002017,-0.001865
24041.209555,8.716,8.150144,-0.001515,8.9e-05,-0.002021,-0.001867
24043.709344,8.717,8.134526,-0.001514,9.1e-05,-0.002016,-0.001868
24044.958332000002,8.717,9.1188,-0.001518,9e-05,-0.002008,-0.001872
24047.460257,8.718,8.492401,-0.001521,9.9e-05,-0.002011,-0.001868
24049.955522,8.72,7.706427,-0.001529,9.5e-05,-0.002017,-0.001874
24051.208317,8.721,7.692828,-0.001531,9.2e-05,-0.002015,-0.001873
24053.70942,8.721,8.376385,-0.001536,8.8e-05,-0.002012,-0.001881
24054.957048,8.722,7.814846,-0.00153,9.1e-05,-0.002017,-0.001879
24057.458415,8.723,7.943505,-0.001542,8.9e-05,-0.002024,-0.001885
24059.959035,8.724,8.412614,-0.001543,8.7e-05,-0.002019,-0.00189
24061.208439,8.724,7.995298,-0.001546,8.3e-05,-0.002014,-0.001899
24063.708446,8.726,8.594179,-0.001545,8.3e-05,-0.002016,-0.001903
24064.958352,8.726,8.664246,-0.001548,8.4e-05,-0.002016,-0.001905
24067.475215000002,8.727,8.437315,-0.00156,7.4e-05,-0.002019,-0.00192
24069.974834,8.728,8.022336,-0.001569,6.6e-05,-0.002019,-0.001929
24071.224466,8.728,8.801509,-0.001571,6.5e-05,-0.002015,-0.001933
24073.725725,8.729,8.422759,-0.001575,6.7e-05,-0.002016,-0.001937
24074.974525,8.729,8.974365,-0.001574,6.9e-05,-0.002023,-0.00193
24077.490891,8.73,8.560873,-0.001574,7.2e-05,-0.002023,-0.001935
24080.005100000002,8.731,8.640182,-0.001572,9e-05,-0.00202,-0.001928
24081.254968,8.732,9.112904,-0.001568,9.1e-05,-0.00202,-0.001927
24083.755579,8.733,8.954392,-0.001579,7.6e-05,-0.002016,-0.001937
24085.00695,8.733,8.37766,-0.001579,7.7e-05,-0.002013,-0.001938
24087.52207,8.734,9.041722,-0.001583,8.2e-05,-0.002019,-0.001934
24090.037313,8.735,8.654525,-0.001586,8.1e-05,-0.002015,-0.001945
24091.303525,8.735,8.861802,-0.00159,8e-05,-0.002016,-0.001944
24093.818196,8.736,8.534313,-0.001596,8.4e-05,-0.002019,-0.001938
24095.069428,8.737,9.221535,-0.001597,8.3e-05,-0.002015,-0.00194
24097.568209,8.738,8.361458,-0.001603,8.4e-05,-0.002012,-0.001944
24100.069523000002,8.739,8.892771,-0.001605,9e-05,-0.002015,-0.001939
24101.31787,8.739,8.507062,-0.001609,9.2e-05,-0.002025,-0.001939
24103.819198,8.74,8.966397,-0.00161,9e-05,-0.002021,-0.001943
24105.084716,8.741,9.208999,-0.001606,9.4e-05,-0.002017,-0.001941
24107.584512,8.742,9.012453,-0.001616,8.9e-05,-0.002018,-0.001952
24110.08347,8.743,8.967619,-0.001627,8.7e-05,-0.002018,-0.001953
24111.333872,8.743,9.279012,-0.001632,9e-05,-0.002024,-0.001952
24113.849289,8.744,8.883634,-0.001633,8.8e-05,-0.002025,-0.001957
24115.114838,8.744,9.353699,-0.001628,8.9e-05,-0.002025,-0.001956
24117.614228000002,8.745,9.952901,-0.001627,9.2e-05,-0.00202,-0.001961
24120.112825,8.746,9.100048,-0.001633,9.3e-05,-0.002022,-0.001962
24121.366466,8.747,8.999014,-0.001637,9.1e-05,-0.002021,-0.001962
24123.882323,8.748,9.548812,-0.001631,0.0001,-0.002018,-0.00196
24125.131981000002,8.748,9.370273,-0.001631,0.000106,-0.002019,-0.001958
24127.631475000002,8.749,9.797682,-0.001631,0.000103,-0.002015,-0.00196
24130.147945,8.75,9.812556,-0.001636,0.000103,-0.002014,-0.001967
24131.391218,8.75,9.894521,-0.001641,0.000105,-0.002016,-0.001968
24133.897706,8.751,10.095105,-0.001642,0.000107,-0.002022,-0.001962
24135.146342,8.752,8.458244,-0.00164,0.000109,-0.002018,-0.00196
24137.661918,8.753,9.370911,-0.001646,0.000113,-0.002018,-0.001964
24140.161064,8.754,9.699568,-0.001646,0.00011,-0.002017,-0.001972
24141.428102,8.754,9.200074,-0.001644,0.000111,-0.002014,-0.001974
24143.943273,8.755,9.60836,-0.001643,0.000119,-0.002013,-0.001976
24145.193328,8.756,9.573778,-0.001644,0.000119,-0.002021,-0.001975
24147.708450000002,8.757,9.68751,-0.001644,0.000123,-0.002017,-0.001978
24148.959231,8.757,9.497285,-0.001645,0.000123,-0.002017,-0.001983
24151.458058,8.758,9.593965,-0.001658,0.000103,-0.002012,-0.001999
24153.975502,8.759,9.683526,-0.001667,9.6e-05,-0.002012,-0.002008
24155.225518,8.76,9.555664,-0.001669,9.5e-05,-0.002008,-0.002012
24157.740491,8.761,10.249156,-0.001679,8.7e-05,-0.002007,-0.002019
24158.989405,8.761,9.877097,-0.001682,9.1e-05,-0.002007,-0.002017
24161.507316,8.762,10.412873,-0.001687,9.1e-05,-0.002,-0.002019
24164.005519000002,8.763,10.154122,-0.001689,9.1e-05,-0.002,-0.002019
24165.255485,8.764,9.621587,-0.001692,9.1e-05,-0.001999,-0.002022
24167.757146,8.765,10.286552,-0.001695,9.4e-05,-0.001999,-0.002025
24169.005784,8.765,10.085544,-0.001692,9.7e-05,-0.002003,-0.002021
24171.505155,8.766,9.698134,-0.001691,9.9e-05,-0.002009,-0.002021
24174.005832,8.767,10.369155,-0.0017,9.6e-05,-0.002008,-0.002031
24175.257662,8.767,10.088306,-0.001701,9.7e-05,-0.002004,-0.002034
24177.75713,8.768,10.039382,-0.001705,9.6e-05,-0.002,-0.002041
24179.021084,8.769,9.621906,-0.001709,9.4e-05,-0.001999,-0.00204
24181.523101,8.77,10.238319,-0.00171,0.0001,-0.001999,-0.002036
24184.006452,8.771,10.181905,-0.001713,9.6e-05,-0.001995,-0.002042
24185.255928,8.771,10.309341,-0.001719,9.7e-05,-0.002001,-0.002042
24187.756285,8.772,10.482568,-0.001721,9.6e-05,-0.002001,-0.002045
24189.005405,8.773,9.766766,-0.001723,9.8e-05,-0.001997,-0.002045
24191.503234,8.774,9.989183,-0.001718,0.000108,-0.001997,-0.002042
24194.006993,8.774,9.795504,-0.001715,0.000111,-0.002,-0.002043
24195.25646,8.775,10.564586,-0.001715,0.00011,-0.002002,-0.002045
24197.756442,8.776,10.508968,-0.001723,0.000109,-0.002009,-0.002051
24199.021164,8.776,10.426312,-0.001725,0.000113,-0.002008,-0.002047
24201.522505,8.777,10.224455,-0.001727,0.000113,-0.002005,-0.002048
24204.021742,8.778,10.36448,-0.001732,0.000112,-0.002004,-0.002055
24205.272182,8.779,10.605011,-0.00173,0.000114,-0.002007,-0.002056
24207.772025000002,8.78,10.553325,-0.001728,0.000116,-0.002002,-0.002059
24209.023326000002,8.78,9.964057,-0.001728,0.000119,-0.002004,-0.002057
24211.522358000002,8.781,10.356512,-0.001727,0.000123,-0.002007,-0.002054
24214.037422,8.782,9.990352,-0.001725,0.000125,-0.002007,-0.002055
24215.288887000002,8.782,10.261214,-0.001729,0.000128,-0.002007,-0.002056
24217.786792,8.784,11.118211,-0.00173,0.000132,-0.002012,-0.002055
24219.037404000002,8.784,10.601983,-0.00173,0.000133,-0.002001,-0.002059
24221.536793,8.785,10.923362,-0.001735,0.000127,-0.001998,-0.00207
24225.286649,8.786,10.193219,-0.00174,0.000131,-0.002004,-0.002064
24227.787112,8.788,10.926975,-0.001748,0.000131,-0.002007,-0.002069
24229.037014,8.788,10.491067,-0.001746,0.00013,-0.002004,-0.002072
24231.537866,8.789,11.174944,-0.001746,0.000132,-0.002004,-0.002076
24234.038193,8.79,10.703337,-0.001748,0.000133,-0.002003,-0.002076
24235.287152,8.79,10.840441,-0.001749,0.000137,-0.002006,-0.002076
24237.80206,8.792,10.783177,-0.001751,0.000141,-0.002003,-0.00208
24239.054233,8.793,11.048676,-0.001752,0.000141,-0.002004,-0.002079
24241.551791,8.793,11.184877,-0.001753,0.000142,-0.002007,-0.002079
24244.054129,8.794,10.730694,-0.001755,0.000146,-0.002007,-0.002081
24245.303505,8.795,10.428543,-0.001759,0.000145,-0.002003,-0.002084
24247.803447000002,8.796,10.723576,-0.001765,0.000145,-0.002009,-0.002083
24249.052297000002,8.796,11.122089,-0.001764,0.000146,-0.002008,-0.002084
24251.549849,8.797,10.625993,-0.001765,0.000144,-0.002007,-0.00209
24254.069317,8.798,11.676721,-0.001767,0.000146,-0.002001,-0.002095
24255.334611000002,8.798,10.960228,-0.001768,0.000147,-0.002003,-0.002094
24257.835242,8.799,10.608358,-0.00177,0.000152,-0.002,-0.002097
24259.084487,8.8,10.548703,-0.001771,0.000153,-0.002004,-0.002097
24261.585387,8.8,10.645223,-0.00177,0.000151,-0.002001,-0.002101
24264.084302,8.801,11.170269,-0.001774,0.000149,-0.002,-0.002109
24265.334209,8.802,10.851065,-0.001774,0.000147,-0.001998,-0.00211
24267.849324,8.803,10.989816,-0.001777,0.000153,-0.001998,-0.002107
24269.099958,8.803,11.343389,-0.001779,0.000154,-0.001995,-0.002108
24271.614489,8.804,11.279432,-0.00178,0.000153,-0.001995,-0.002117
24274.147174,8.805,11.17914,-0.001783,0.00015,-0.001996,-0.002121
24275.397478,8.806,11.277413,-0.001785,0.000151,-0.002002,-0.002124
24277.89701,8.807,11.168623,-0.001789,0.000149,-0.001999,-0.002127
24279.146932,8.807,11.292287,-0.001786,0.00015,-0.001993,-0.002129
24281.647036000002,8.808,11.578342,-0.001789,0.000155,-0.001995,-0.002127
24284.145538,8.809,11.31906,-0.001795,0.000151,-0.001997,-0.002132
24285.395063,8.809,11.11428,-0.001798,0.00015,-0.001993,-0.002136
24287.897232,8.81,11.406443,-0.0018,0.000149,-0.002,-0.002137
24289.161803,8.811,11.510666,-0.001799,0.000151,-0.001997,-0.002138
24291.662060000002,8.812,11.971806,-0.001804,0.000151,-0.001997,-0.002138
24294.161535,8.812,11.25404,-0.001803,0.000156,-0.002,-0.002135
24295.411644,8.812,10.856803,-0.001801,0.000158,-0.001998,-0.002138
24297.911175,8.812,11.882936,-0.001796,0.000159,-0.001998,-0.002139
24299.162524,8.812,11.180787,-0.001794,0.00016,-0.001993,-0.002137
24301.662388,8.813,11.058557,-0.001794,0.000163,-0.001993,-0.00214
24304.163412,8.813,11.371331,-0.001794,0.000164,-0.001997,-0.002139
24305.426676,8.813,11.304664,-0.001793,0.000161,-0.001995,-0.00214
24307.927565,8.813,11.333668,-0.001795,0.000158,-0.001995,-0.002143
24309.17787,8.813,11.305249,-0.001798,0.00016,-0.002002,-0.002142
24311.676912,8.813,11.308383,-0.001794,0.000161,-0.001999,-0.00214
24314.178349,8.813,12.076985,-0.001794,0.00016,-0.001999,-0.00214
24315.44306,8.813,10.897705,-0.001792,0.000156,-0.001995,-0.002144
24317.94212,8.813,10.931065,-0.001792,0.000158,-0.001998,-0.002142
24319.194251,8.813,10.968355,-0.001791,0.000158,-0.001993,-0.002141
24321.692443,8.813,11.144558,-0.00179,0.00016,-0.001994,-0.002142
24324.194427000002,8.813,11.593428,-0.001794,0.000159,-0.001994,-0.002143
24325.444537,8.814,11.373243,-0.001792,0.00016,-0.001998,-0.00214
24327.942432,8.814,11.33388,-0.001796,0.000157,-0.001994,-0.002143
24329.193549,8.814,11.35226,-0.001796,0.000158,-0.001996,-0.002145
24331.693542,8.814,11.213191,-0.001799,0.000156,-0.001995,-0.002145
24334.192809,8.814,10.98137,-0.001795,0.000158,-0.001997,-0.002144
24335.443284,8.814,10.921185,-0.001793,0.000158,-0.001992,-0.002144
24337.957426,8.814,11.272208,-0.001792,0.000158,-0.001991,-0.002144
24339.225676000002,8.814,11.26068,-0.001793,0.00016,-0.001991,-0.002145
24341.741886,8.814,11.546257,-0.001791,0.000162,-0.001989,-0.002143
24342.989507000002,8.814,11.327081,-0.00179,0.000162,-0.001992,-0.002141
24345.489711000002,8.814,10.914226,-0.001794,0.000161,-0.00199,-0.002143
24347.990018,8.814,11.474491,-0.001799,0.00016,-0.001991,-0.002144
24349.241299,8.814,11.400918,-0.001798,0.00016,-0.00199,-0.002146
24351.757422000002,8.814,11.295687,-0.0018,0.000163,-0.001994,-0.002139
24353.003858,8.814,11.059088,-0.001801,0.000162,-0.001989,-0.002142
24355.521534,8.814,11.206179,-0.001803,0.000165,-0.001993,-0.002141
24358.03703,8.814,11.612711,-0.001802,0.000164,-0.001988,-0.002141
24359.288144000002,8.814,11.644796,-0.001803,0.000166,-0.001993,-0.00214
24361.787264,8.814,11.080442,-0.001804,0.000165,-0.001988,-0.002141
24363.037113000002,8.814,11.350507,-0.001803,0.000164,-0.001984,-0.00214
24365.537930000002,8.814,11.577811,-0.001807,0.000164,-0.001985,-0.002139
24368.036639,8.814,11.290056,-0.00181,0.000164,-0.001985,-0.002142
24369.286903,8.814,10.910295,-0.001812,0.000167,-0.001989,-0.002139
24371.786395,8.814,11.211544,-0.001815,0.000165,-0.001991,-0.002141
24373.035468000002,8.814,11.141265,-0.001818,0.000163,-0.001986,-0.002144
24375.537256,8.814,11.292234,-0.00182,0.00016,-0.001984,-0.002145
24378.052305,8.814,10.843416,-0.00182,0.000164,-0.001988,-0.002142
24379.317464,8.814,11.531914,-0.001819,0.000167,-0.001986,-0.002139
24381.819313,8.814,10.74339,-0.001821,0.000168,-0.001987,-0.002136
24383.068003,8.814,11.763096,-0.001819,0.00017,-0.001979,-0.002137
24385.568159000002,8.814,11.05845,-0.00182,0.00017,-0.00198,-0.002136
24388.068102,8.814,11.375952,-0.001819,0.000174,-0.001977,-0.002135
24389.317732,8.814,11.436934,-0.00182,0.000176,-0.001983,-0.002133
24391.834126,8.814,10.804956,-0.001823,0.000176,-0.001987,-0.002132
24393.099538000002,8.814,11.215369,-0.001826,0.000175,-0.001986,-0.002132
24395.599039,8.815,10.789976,-0.001833,0.000172,-0.001982,-0.002138
24398.099576,8.815,11.510985,-0.001828,0.000177,-0.001975,-0.002137
24399.350169,8.815,11.002406,-0.001829,0.000178,-0.001969,-0.002135
24401.848899,8.815,11.132341,-0.001832,0.00018,-0.001964,-0.002127
24403.098805,8.815,11.698766,-0.001835,0.000179,-0.001963,-0.002124
24405.599951,8.815,11.323947,-0.001838,0.000184,-0.001963,-0.002121
24408.099888,8.815,11.113748,-0.001848,0.000197,-0.001965,-0.002119
24409.365156,8.815,11.299777,-0.001859,0.000192,-0.001961,-0.002126
24411.881526,8.815,10.826205,-0.00187,0.000195,-0.001961,-0.002125
24413.131144,8.815,10.99141,-0.001881,0.000193,-0.001963,-0.002126
24415.661634,8.815,11.598581,-0.001898,0.000198,-0.001964,-0.002123
24418.159442,8.815,11.310401,-0.001931,0.000199,-0.001964,-0.002126
24419.412463,8.815,10.576219,-0.001954,0.000197,-0.001957,-0.002128
24421.912124000002,8.815,11.132288,-0.002014,0.000195,-0.001961,-0.002136
24423.16243,8.815,11.826734,-0.002025,0.000197,-0.001963,-0.002104
24425.663012,8.902,6.320509,-0.000809,-0.000852,-0.001963,-0.00207
24428.177885,8.902,5.854693,-0.000801,-0.00084,-0.001962,-0.002064
24429.425333,8.904,5.511746,-0.000802,-0.000839,-0.001965,-0.00207
24431.942348,8.908,5.609488,-0.000807,-0.000846,-0.001961,-0.002075
24433.187487,8.908,5.517005,-0.000812,-0.00085,-0.001962,-0.002081
24435.67843,8.908,5.752754,-0.000811,-0.000851,-0.001967,-0.002081
24438.177099,8.909,5.855118,-0.000812,-0.000851,-0.001969,-0.002078
24439.444328,8.909,5.821121,-0.000815,-0.000855,-0.001966,-0.002078
24441.959204,8.909,5.699793,-0.000823,-0.000856,-0.001972,-0.002084
24443.208231,8.909,5.643007,-0.000823,-0.000849,-0.001979,-0.002082
24445.709772000002,8.909,5.772834,-0.00083,-0.00086,-0.001982,-0.00209
24446.959059,8.909,5.753763,-0.000831,-0.000864,-0.001977,-0.002095
24449.459494000002,8.909,5.507497,-0.000823,-0.000852,-0.001976,-0.00208
24451.974529,8.909,5.334164,-0.000816,-0.000847,-0.001974,-0.002071
24453.238982,8.909,5.528639,-0.00082,-0.00085,-0.001976,-0.002075
24455.741163,8.909,5.497084,-0.000832,-0.000864,-0.001975,-0.002089
24457.005129,8.909,5.317643,-0.000835,-0.000865,-0.00198,-0.002089
24459.505143000002,8.909,5.645131,-0.000836,-0.000863,-0.001979,-0.002086
24462.007146,8.91,5.493154,-0.000833,-0.000858,-0.001994,-0.00208
24463.271742,8.91,5.593817,-0.00083,-0.000857,-0.001993,-0.002081
24465.771148,8.91,5.530763,-0.000826,-0.000859,-0.001995,-0.002085
24467.037162,8.91,5.215969,-0.000827,-0.000858,-0.001995,-0.00208
24469.537370000002,8.91,5.294589,-0.000827,-0.000849,-0.00199,-0.002079
24472.052412,8.91,5.510896,-0.000815,-0.000851,-0.001995,-0.002078
24473.301769,8.91,4.377872,-0.000818,-0.00086,-0.00199,-0.00209
24475.819501,8.91,5.966087,-0.000823,-0.000861,-0.002002,-0.002083
24477.068177,8.91,5.350896,-0.000822,-0.000855,-0.001998,-0.002079
24479.568399,8.91,5.155199,-0.000825,-0.000844,-0.001996,-0.002068
24482.069024,8.91,5.342663,-0.000831,-0.000856,-0.002002,-0.002074
24483.318375,8.91,5.774215,-0.000828,-0.000853,-0.002007,-0.002075
24485.817502,8.91,5.692622,-0.000828,-0.000853,-0.002,-0.002078
24487.068108,8.91,5.396686,-0.00083,-0.000852,-0.002004,-0.002078
24489.567974,8.91,5.849594,-0.000826,-0.000839,-0.002008,-0.00207
24492.083711,8.91,5.624256,-0.000823,-0.000845,-0.002003,-0.002071
24493.334973,8.91,5.241043,-0.000823,-0.000856,-0.002003,-0.002077
24495.833503,8.91,5.831373,-0.000829,-0.000865,-0.001996,-0.002083
24497.083294,8.91,5.464946,-0.000831,-0.000866,-0.001993,-0.002085
24499.615108,8.91,5.721679,-0.000827,-0.000859,-0.001999,-0.002075
24502.115869,8.91,5.560458,-0.000832,-0.00085,-0.002006,-0.002067
24503.36645,8.91,5.471375,-0.000831,-0.000849,-0.002012,-0.002064
24505.86587,8.91,5.239927,-0.000833,-0.000853,-0.002013,-0.002064
24507.110328000002,8.91,5.200033,-0.000834,-0.000852,-0.002009,-0.002064
24509.616483,8.91,5.919553,-0.000833,-0.000859,-0.002014,-0.002069
24512.115997,8.91,5.287896,-0.000834,-0.00086,-0.002011,-0.002074
24513.365623,8.91,5.616606,-0.000839,-0.000863,-0.002017,-0.002076
24515.880603,8.91,5.485239,-0.000849,-0.000876,-0.002013,-0.002089
24517.13042,8.91,5.520989,-0.000849,-0.000877,-0.002013,-0.002088
24519.630622,8.91,5.810443,-0.000843,-0.000873,-0.002012,-0.002085
24522.130961,8.91,5.010605,-0.000842,-0.000872,-0.002015,-0.002082
24523.397986,8.91,5.369011,-0.000838,-0.000867,-0.002009,-0.00208
24525.881411000002,8.91,5.210763,-0.000835,-0.00086,-0.002015,-0.002077
24527.14726,8.91,5.603114,-0.000836,-0.000858,-0.002015,-0.002072
24529.661356,8.91,5.497669,-0.000841,-0.000867,-0.002017,-0.002078
24532.161732,8.911,5.345001,-0.000846,-0.000871,-0.002011,-0.002081
24533.412304,8.911,5.750151,-0.000842,-0.000866,-0.002016,-0.002073
24535.912498,8.911,5.387178,-0.000838,-0.000865,-0.002009,-0.002078
24537.17699,8.911,5.694215,-0.000833,-0.000862,-0.002011,-0.002076
24539.677622,8.911,5.416713,-0.000837,-0.000859,-0.00202,-0.00207
24542.177098,8.911,5.460591,-0.00084,-0.000864,-0.002017,-0.002079
24543.444474,8.911,5.479555,-0.000842,-0.000864,-0.002015,-0.002082
24545.942443,8.911,5.402318,-0.000838,-0.00086,-0.002015,-0.002081
24547.193064,8.911,5.413526,-0.000833,-0.000859,-0.00202,-0.002075
24549.69295,8.911,5.726566,-0.000824,-0.00085,-0.002022,-0.002069
24552.193184,8.911,5.495491,-0.000827,-0.000855,-0.002025,-0.002077
24553.443954000002,8.911,5.595729,-0.00083,-0.00086,-0.002023,-0.002085
24555.943511,8.911,5.193393,-0.000836,-0.000869,-0.002018,-0.002091
24557.194467,8.911,5.663459,-0.000836,-0.000872,-0.002019,-0.002091
24559.692381,8.911,5.365665,-0.000833,-0.000871,-0.002019,-0.002089
24562.208720000002,8.911,5.514349,-0.000826,-0.000865,-0.002013,-0.002088
24563.459668,8.911,5.207736,-0.000826,-0.000868,-0.002014,-0.002085
24565.97423,8.912,5.247418,-0.000828,-0.00087,-0.002018,-0.002082
24567.240256,8.912,5.344523,-0.000829,-0.000868,-0.00202,-0.002081
24569.741135,8.912,5.364708,-0.000835,-0.000867,-0.002026,-0.00208
24571.007623,8.912,5.585477,-0.000841,-0.000866,-0.002024,-0.002075
24573.506456,8.912,5.409648,-0.000841,-0.000869,-0.002025,-0.002072
24576.006236,8.912,5.274138,-0.000838,-0.000867,-0.002021,-0.002069
24577.272306,8.912,5.830736,-0.000838,-0.000869,-0.002017,-0.002073
24579.787112,8.912,5.372464,-0.000837,-0.000871,-0.002024,-0.002076
24581.03885,8.912,5.377351,-0.000834,-0.000871,-0.002018,-0.002078
24583.553046,8.912,5.466699,-0.000846,-0.000873,-0.002028,-0.00208
24586.053421,8.912,5.583778,-0.000847,-0.000878,-0.002029,-0.002085
24587.302114000002,8.912,5.515677,-0.000848,-0.000879,-0.002029,-0.002084
24589.786625,8.912,5.377351,-0.000846,-0.000878,-0.002023,-0.002085
24591.033427000002,8.912,5.400564,-0.000846,-0.000878,-0.002024,-0.002084
24593.537397,8.912,5.617881,-0.000847,-0.000874,-0.002024,-0.002083
24596.053241,8.912,5.472171,-0.000844,-0.000867,-0.002022,-0.002081
24597.317103,8.912,5.315199,-0.000843,-0.000867,-0.00202,-0.00208
24599.835176,8.912,5.460648,-0.000837,-0.000859,-0.002025,-0.002073
24601.084528,8.912,5.001734,-0.000836,-0.00086,-0.002019,-0.002076
24603.583825,8.912,5.107391,-0.000833,-0.000863,-0.002018,-0.002077
24606.099458,8.912,5.234083,-0.000835,-0.000865,-0.002023,-0.002078
24607.349786,8.912,5.769169,-0.000829,-0.000866,-0.002018,-0.00208
24609.849225,8.912,5.022345,-0.000828,-0.00086,-0.002019,-0.002076
24611.115355,8.912,5.645876,-0.000828,-0.000857,-0.002017,-0.002074
24613.630245,8.912,5.288267,-0.000827,-0.000859,-0.002011,-0.002077
24616.13035,8.912,5.397378,-0.000825,-0.000855,-0.002011,-0.002076
24617.380158,8.912,5.577562,-0.000828,-0.000853,-0.002014,-0.002077
24619.88075,8.912,5.321043,-0.000823,-0.000851,-0.002017,-0.002079
24621.130345,8.912,5.435465,-0.000825,-0.000852,-0.002011,-0.002079
24623.630026,8.912,5.756791,-0.000824,-0.000848,-0.002011,-0.002076
24626.129973,8.912,5.124496,-0.000823,-0.000848,-0.002014,-0.002072
24627.382105,8.912,5.407523,-0.000825,-0.000849,-0.002017,-0.002068
24629.912732,8.912,5.400989,-0.000818,-0.000849,-0.00201,-0.002068
24631.162853,8.912,5.294429,-0.000821,-0.000848,-0.002019,-0.002066
24633.662169,8.912,5.095545,-0.000821,-0.000847,-0.002014,-0.002068
24636.17797,8.912,5.786486,-0.000821,-0.000846,-0.002015,-0.002065
24637.429149,8.912,6.095913,-0.00082,-0.000843,-0.002013,-0.002065
24639.928066,8.912,5.400192,-0.00082,-0.000843,-0.002011,-0.002068
24641.179394,8.912,5.974427,-0.000818,-0.000837,-0.002012,-0.002062
24643.676714,8.912,5.458679,-0.00082,-0.000838,-0.002011,-0.002066
24646.177562,8.912,5.365718,-0.000822,-0.000839,-0.002012,-0.002062
24647.427298000002,8.912,5.351906,-0.00082,-0.000835,-0.002015,-0.002063
24649.92718,8.912,5.125293,-0.000823,-0.000843,-0.002017,-0.002069
24651.179559,8.912,5.641573,-0.000825,-0.000847,-0.002016,-0.002071
24653.693310000002,8.912,5.188081,-0.000821,-0.000846,-0.002014,-0.002072
24656.193652,8.912,5.151003,-0.00082,-0.000839,-0.00201,-0.002069
24657.442753,8.912,5.254218,-0.000819,-0.000835,-0.002017,-0.002065
24659.943357,8.912,5.066435,-0.000823,-0.000837,-0.002016,-0.002066
24661.194308000002,8.912,5.246462,-0.00082,-0.000839,-0.00201,-0.00207
24663.708311000002,8.912,5.675092,-0.000818,-0.000837,-0.002014,-0.002071
24666.208858,8.912,5.485451,-0.000818,-0.000839,-0.002014,-0.002072
24667.459126,8.912,5.322743,-0.000819,-0.000837,-0.002015,-0.002074
24669.956389,8.912,5.400989,-0.000822,-0.000843,-0.002012,-0.002074
24671.208656,8.912,5.14261,-0.000824,-0.000848,-0.00201,-0.002076
24673.709096,8.912,5.409701,-0.000829,-0.000854,-0.002004,-0.002075
24674.974961,8.912,5.119874,-0.000831,-0.00085,-0.002005,-0.002079
24677.474625,8.912,5.188241,-0.00083,-0.000848,-0.002005,-0.002078
24679.975719000002,8.912,5.299529,-0.000828,-0.000848,-0.002006,-0.002075
24681.225474,8.912,5.256289,-0.000828,-0.000849,-0.002009,-0.002076
24683.724841,8.912,5.527469,-0.000827,-0.000849,-0.002008,-0.002076
24684.974514,8.912,5.971505,-0.000822,-0.000848,-0.002002,-0.002071
24687.474932,8.912,5.20338,-0.000824,-0.000845,-0.002003,-0.00207
24689.99202,8.912,5.781121,-0.000822,-0.000848,-0.002004,-0.002076
24691.240145,8.912,5.406514,-0.000823,-0.000847,-0.002006,-0.002071
24693.756353,8.912,5.890018,-0.000821,-0.00084,-0.002002,-0.002069
24695.022089000002,8.912,5.487629,-0.000824,-0.000841,-0.002001,-0.002072
24697.53725,8.912,5.110427,-0.000824,-0.000841,-0.002005,-0.00207
24700.048744,8.912,5.051667,-0.000818,-0.00084,-0.002,-0.002067
24701.302848,8.912,5.414269,-0.000817,-0.000837,-0.002003,-0.002068
24703.802168000002,8.912,5.458944,-0.000817,-0.00084,-0.001997,-0.002071
24705.069706000002,8.912,5.545371,-0.000819,-0.000839,-0.001997,-0.002068
24707.569381,8.912,5.37087,-0.000818,-0.000842,-0.001994,-0.002072
24710.067643000002,8.912,5.641307,-0.00082,-0.000843,-0.001994,-0.002075
24711.319451,8.912,5.211083,-0.000823,-0.000843,-0.001998,-0.002072
24713.818355,8.912,5.667389,-0.000821,-0.000839,-0.001999,-0.002067
24715.067900000002,8.912,5.50978,-0.000819,-0.000836,-0.001995,-0.002066
24717.568233,8.912,5.557111,-0.000817,-0.000834,-0.001999,-0.002067
24721.318458,8.913,5.362796,-0.000819,-0.000838,-0.002,-0.00207
24723.833354000002,8.914,5.385107,-0.000827,-0.000851,-0.001997,-0.002077
24725.084958,8.914,5.237855,-0.00083,-0.000853,-0.001994,-0.002077
24727.583139000002,8.914,5.436527,-0.000831,-0.000854,-0.001995,-0.002074
24730.099141,8.914,5.559342,-0.00083,-0.000844,-0.002,-0.002064
24731.350187,8.914,5.008746,-0.000829,-0.000839,-0.001996,-0.002063
24733.847354,8.914,5.193234,-0.000825,-0.000836,-0.001997,-0.002063
24735.096598,8.914,5.617669,-0.000825,-0.000825,-0.002002,-0.00206
24737.599408000002,8.914,5.407205,-0.000822,-0.000828,-0.002003,-0.002062
24740.099458,8.914,5.375651,-0.000817,-0.000826,-0.002002,-0.002062
