Temps (s),Depl (mm),Force (kN),Jauge 0,Jauge 1,Jauge 2,Jauge 3
0.267118,13.772,-0.211795,0.000113,-0.001096,-0.00192,0.000339
1.512012,13.772,0.314357,0.000112,-0.001098,-0.001915,0.00034
2.778609,13.772,-0.043255,0.000113,-0.001096,-0.001918,0.000341
5.294265,13.772,0.17981,0.000108,-0.001103,-0.001922,0.000339
6.558994,13.772,-0.064549,9.7e-05,-0.00111,-0.001917,0.000329
9.071685,13.772,-0.2241,9.4e-05,-0.00111,-0.001916,0.000328
11.588875,13.772,0.092343,0.000107,-0.0011,-0.001925,0.000337
12.840718,13.772,0.745175,0.000108,-0.001099,-0.001925,0.000338
15.355987,13.772,1.772075,9.9e-05,-0.001104,-0.001929,0.000324
16.622863,13.772,-0.557496,9.1e-05,-0.00111,-0.001932,0.000316
19.152903,13.772,-0.01973,7.1e-05,-0.001128,-0.001943,0.000292
21.668289,13.772,-0.168118,6.4e-05,-0.001133,-0.001944,0.000289
22.919753,13.772,-0.457149,6.2e-05,-0.001133,-0.001939,0.000288
25.434122,13.772,-0.162298,5.7e-05,-0.001142,-0.001941,0.000275
26.699818,13.772,1.075448,5.5e-05,-0.001142,-0.001953,0.000274
29.230855,13.772,0.089766,5.7e-05,-0.001143,-0.001951,0.000271
30.480182,13.772,0.092603,5.5e-05,-0.001142,-0.001952,0.000275
32.995632,13.772,0.04163,6.2e-05,-0.001139,-0.001954,0.000282
35.512337,13.772,0.143734,5.3e-05,-0.001145,-0.001957,0.000272
36.777411,13.772,0.080808,4.8e-05,-0.00115,-0.001956,0.000265
39.278779,13.772,-0.357328,4.9e-05,-0.001146,-0.001947,0.000267
40.544111,13.772,-0.112176,4.4e-05,-0.001147,-0.001944,0.00026
43.059614,13.772,0.452506,5.4e-05,-0.001138,-0.001945,0.000273
45.559638,13.772,0.272696,5.3e-05,-0.00114,-0.001947,0.000267
46.825194,13.772,1.160385,5e-05,-0.001143,-0.001952,0.000266
49.340169,13.772,0.249479,5.1e-05,-0.001138,-0.00195,0.000266
50.591169,13.772,0.336402,4.9e-05,-0.001144,-0.001952,0.000259
53.103757,13.772,0.233421,4.8e-05,-0.001147,-0.001958,0.000255
55.605767,13.772,0.216714,4e-05,-0.001151,-0.00196,0.000249
56.871698,13.772,0.43746,3.3e-05,-0.001154,-0.00195,0.000242
59.387741,13.772,-0.102625,4.3e-05,-0.001146,-0.001958,0.000252
60.653627,13.772,0.267676,5e-05,-0.001139,-0.001953,0.000258
63.184016,13.772,0.235708,6.4e-05,-0.001129,-0.00196,0.000279
64.449802,13.772,0.345436,5.9e-05,-0.001131,-0.001953,0.000273
66.966513,13.772,0.264557,4.5e-05,-0.001142,-0.001955,0.000254
69.481026,13.772,-0.400277,3.1e-05,-0.001155,-0.001962,0.000241
70.731013,13.772,0.440826,2.6e-05,-0.00116,-0.001957,0.000236
73.232648,13.772,0.272934,2.8e-05,-0.001156,-0.001964,0.000229
74.480132,13.772,0.421258,2.9e-05,-0.001154,-0.001967,0.00023
76.980755,13.772,0.513545,2.8e-05,-0.001156,-0.001974,0.000231
79.480822,13.772,0.38831,3.3e-05,-0.001146,-0.001966,0.000241
80.746441,13.772,-0.220322,3e-05,-0.001148,-0.001963,0.00024
83.261914,13.772,0.366449,3.3e-05,-0.001146,-0.001957,0.000234
84.528113,13.772,0.365841,3.5e-05,-0.001145,-0.001956,0.000239
87.059005,13.772,0.456485,3.3e-05,-0.001147,-0.001958,0.000237
89.574696,13.772,0.327572,4e-05,-0.001138,-0.001968,0.000246
90.824727,13.772,-0.067351,3.5e-05,-0.001142,-0.001962,0.00024
93.355275,13.772,0.653718,2.6e-05,-0.001149,-0.001965,0.000231
94.622759,13.772,-0.474517,2.9e-05,-0.001146,-0.001962,0.000232
97.154118,13.772,0.325318,3.1e-05,-0.00114,-0.00197,0.000237
99.668429,13.772,0.540567,2.2e-05,-0.001152,-0.001976,0.000217
100.919136,13.772,0.713158,2.3e-05,-0.001148,-0.001969,0.000216
103.450768,13.772,0.655118,3.4e-05,-0.001135,-0.001972,0.000235
104.699091,13.772,0.646603,3e-05,-0.001141,-0.001967,0.000228
107.199839,13.772,-0.326273,2.8e-05,-0.00114,-0.001971,0.000227
108.450105,13.772,0.628916,2.5e-05,-0.001139,-0.001967,0.000227
110.950789,13.772,0.266599,2.7e-05,-0.001138,-0.001967,0.000229
113.480936,13.772,2.840691,1.5e-05,-0.001155,-0.001982,0.000201
114.73281,13.772,0.559905,1.6e-05,-0.001153,-0.001975,0.000197
117.262682,13.772,0.481048,5e-06,-0.001158,-0.00198,0.000195
118.527222,13.772,0.832123,3e-06,-0.001156,-0.001975,0.000196
121.028729,13.772,0.662074,1.6e-05,-0.00115,-0.001972,0.000207
123.543571,13.772,0.507282,2.1e-05,-0.001147,-0.001965,0.000215
124.809382,13.772,0.70294,1.9e-05,-0.001147,-0.001965,0.000212
127.309924,13.772,0.297895,2.7e-05,-0.001142,-0.001966,0.000216
128.574194,13.772,0.607827,2.3e-05,-0.001144,-0.001967,0.000211
131.090248,13.772,3.643233,1.8e-05,-0.001154,-0.00197,0.000205
133.606996,13.772,0.624236,2.4e-05,-0.001147,-0.001961,0.000212
134.870781,13.772,0.663883,2.8e-05,-0.001141,-0.001966,0.00022
137.371778,13.772,0.690536,3.3e-05,-0.001139,-0.001962,0.000221
138.636396,13.772,0.683767,3.1e-05,-0.001136,-0.001961,0.000228
141.153592,13.772,0.499765,2.3e-05,-0.001141,-0.001962,0.000223
143.68376,13.772,0.481711,2.8e-05,-0.001139,-0.001968,0.000224
144.93402,13.772,0.705789,2.2e-05,-0.001145,-0.001961,0.000217
147.466203,13.772,0.634943,1.5e-05,-0.001146,-0.001968,0.000212
148.731243,13.772,0.408143,1.4e-05,-0.001149,-0.00196,0.000214
151.230669,13.772,0.743361,3e-05,-0.001137,-0.001958,0.000228
152.482717,13.772,0.416844,3.7e-05,-0.001131,-0.001956,0.000234
154.9805,13.772,0.687862,4.3e-05,-0.001121,-0.00196,0.000242
157.480503,13.772,0.655203,5.4e-05,-0.001116,-0.001959,0.000249
158.730819,13.772,0.696298,5.4e-05,-0.001116,-0.00195,0.000246
161.231154,13.772,0.642805,6.2e-05,-0.00111,-0.001951,0.000251
162.481986,13.772,2.131458,6.3e-05,-0.001108,-0.001947,0.000256
164.980194,13.772,0.706813,6.7e-05,-0.001103,-0.001952,0.000264
167.483047,13.772,0.597121,6.3e-05,-0.001104,-0.001952,0.00026
168.7321,13.772,0.537103,6.1e-05,-0.001107,-0.001952,0.000255
171.247586,13.772,-0.192559,6.7e-05,-0.001107,-0.001946,0.000258
172.511883,13.772,0.679782,6.8e-05,-0.001105,-0.00195,0.000262
175.02696,13.772,0.7643,6.6e-05,-0.001104,-0.001948,0.000263
177.525807,13.772,0.411507,6.4e-05,-0.001104,-0.00194,0.000261
178.778762,13.772,0.58528,6.3e-05,-0.001106,-0.00194,0.000258
181.304564,13.772,1.989951,6.6e-05,-0.001102,-0.001942,0.000261
182.559935,13.772,0.381145,6.7e-05,-0.001102,-0.001938,0.000262
185.074952,13.772,0.771484,6.9e-05,-0.001098,-0.001938,0.000266
187.574861,13.772,0.647325,6.7e-05,-0.001101,-0.001939,0.000261
188.824068,13.772,0.572001,6.6e-05,-0.001106,-0.001938,0.000258
191.32498,13.772,0.641192,6.4e-05,-0.001107,-0.001944,0.000257
192.574601,13.772,0.582951,6.7e-05,-0.001106,-0.001935,0.00026
195.090433,13.772,0.604464,6.8e-05,-0.001106,-0.001939,0.000261
197.603776,13.772,3.633084,6.8e-05,-0.001106,-0.001942,0.000258
198.85721,13.772,0.381081,6.2e-05,-0.00111,-0.001939,0.000252
201.357238,13.772,1.151616,6.7e-05,-0.001107,-0.001938,0.000256
202.604541,13.772,0.563513,6.4e-05,-0.001108,-0.001943,0.000257
205.106581,13.772,1.304141,6e-05,-0.001113,-0.001935,0.000252
207.636193,13.772,0.787161,6.7e-05,-0.001106,-0.001942,0.000262
208.88622,13.772,0.575391,6.6e-05,-0.001108,-0.001938,0.000261
211.402599,13.772,0.506412,7.3e-05,-0.001102,-0.001938,0.000265
212.653984,13.772,0.523484,7.1e-05,-0.001099,-0.001942,0.000269
215.184928,13.772,0.621563,6.9e-05,-0.001103,-0.001938,0.000264
217.682895,13.772,0.585906,6.8e-05,-0.001106,-0.001925,0.000266
218.933844,13.772,0.647516,7e-05,-0.001103,-0.001933,0.000271
221.449954,13.772,0.780211,6.3e-05,-0.001104,-0.001931,0.000262
222.700086,13.772,3.294322,6.2e-05,-0.001104,-0.001926,0.00026
225.199538,13.772,-1.258409,7.1e-05,-0.001098,-0.001924,0.000266
227.700789,13.772,2.705895,7.5e-05,-0.001099,-0.001924,0.000266
228.964947,13.772,0.628459,7.1e-05,-0.001102,-0.001933,0.000263
231.481294,13.772,0.519092,5.9e-05,-0.001109,-0.001927,0.000261
232.732584,13.772,0.742422,5.9e-05,-0.001107,-0.00193,0.000256
235.247385,13.772,0.745377,5.7e-05,-0.001112,-0.001936,0.000251
236.497219,13.772,0.765717,5.6e-05,-0.001111,-0.001926,0.000247
239.028466,13.772,0.655845,5.8e-05,-0.00111,-0.001932,0.000252
241.544111,13.772,0.655904,5.5e-05,-0.00111,-0.001933,0.000249
242.809094,13.772,0.274456,5.4e-05,-0.001109,-0.00193,0.000248
245.323993,13.772,0.456569,5.7e-05,-0.001109,-0.001931,0.000249
246.574108,13.772,0.271093,5.8e-05,-0.001108,-0.001923,0.000251
249.105486,13.772,0.691189,6.2e-05,-0.001107,-0.00193,0.000257
251.637355,13.772,0.661771,6.1e-05,-0.001107,-0.001926,0.000251
252.902955,13.772,0.175816,5.9e-05,-0.001107,-0.001928,0.00025
255.402798,13.772,2.281809,6e-05,-0.001106,-0.001929,0.000249
256.669663,13.772,0.742644,5.9e-05,-0.001108,-0.001921,0.000246
259.184099,13.772,0.186485,6.6e-05,-0.001105,-0.001927,0.000252
261.700911,13.772,0.608289,6.8e-05,-0.001103,-0.001926,0.000265
262.966014,13.772,0.841614,6.6e-05,-0.001102,-0.001917,0.000264
265.480775,13.772,0.68113,6.9e-05,-0.001101,-0.001921,0.000271
266.730795,13.772,1.947737,6.5e-05,-0.001102,-0.001912,0.000268
269.231056,13.772,0.677936,6.2e-05,-0.001104,-0.001915,0.000266
270.482342,13.772,0.646099,6.3e-05,-0.001102,-0.001919,0.000268
272.997086,13.772,0.671782,6.6e-05,-0.001102,-0.001921,0.000266
275.528951,13.772,2.497303,6.4e-05,-0.001106,-0.001915,0.000263
276.779654,13.772,0.468941,6.5e-05,-0.001103,-0.001918,0.000264
279.294216,13.772,0.556987,6.1e-05,-0.001106,-0.001916,0.000259
280.542585,13.772,0.360051,6.4e-05,-0.001105,-0.001917,0.00026
283.05845,13.772,0.664116,6.3e-05,-0.001102,-0.001921,0.00026
285.559961,13.772,0.733562,6.7e-05,-0.001102,-0.00192,0.000263
286.824666,13.772,-0.396928,6.2e-05,-0.001104,-0.001917,0.000258
289.32465,13.772,0.558589,6.5e-05,-0.0011,-0.001916,0.000262
290.574104,13.772,-0.515712,6.5e-05,-0.001101,-0.001924,0.000261
293.07373,13.772,0.601344,7.1e-05,-0.001096,-0.001925,0.000269
295.590003,13.772,0.75195,7.1e-05,-0.001096,-0.001927,0.000267
296.840763,13.772,0.386264,7.1e-05,-0.001098,-0.001921,0.000265
299.340768,13.772,0.590384,7.1e-05,-0.001099,-0.00192,0.000263
300.589972,13.772,0.357085,7.3e-05,-0.001097,-0.001929,0.000265
303.091552,13.772,0.565751,6.9e-05,-0.001101,-0.001927,0.000261
305.590777,13.772,0.68991,6.5e-05,-0.001103,-0.001925,0.000259
306.840787,13.772,0.609095,6.8e-05,-0.001101,-0.001919,0.000258
309.356237,13.772,0.739217,6.7e-05,-0.001104,-0.001919,0.000255
310.622836,13.772,0.140875,6.6e-05,-0.001102,-0.001923,0.000258
313.138924,13.772,0.50881,6.1e-05,-0.001105,-0.001925,0.000247
315.636639,13.772,0.529103,6.5e-05,-0.001105,-0.00192,0.000256
316.888216,13.772,0.560674,7e-05,-0.001102,-0.001923,0.000259
319.403581,13.772,0.369882,7e-05,-0.001098,-0.001927,0.000264
320.668433,13.772,0.627828,6.9e-05,-0.001098,-0.001922,0.000265
323.183799,13.772,0.642041,7.3e-05,-0.001095,-0.001926,0.000265
325.683635,13.772,0.416886,7.8e-05,-0.001091,-0.001925,0.000272
326.934109,13.772,0.696621,7.6e-05,-0.001092,-0.001918,0.000269
329.46573,13.772,0.8014,8.1e-05,-0.001089,-0.001925,0.000271
330.715184,13.772,3.292566,7.9e-05,-0.001091,-0.00192,0.00027
333.245784,13.772,0.867095,8e-05,-0.001091,-0.001925,0.00027
334.496099,13.772,0.594607,8e-05,-0.001091,-0.001921,0.000273
337.028682,13.772,-1.055473,7.8e-05,-0.001092,-0.001915,0.000269
339.558148,13.772,0.643288,7.9e-05,-0.00109,-0.00192,0.000271
340.808824,13.772,0.675703,8.2e-05,-0.00109,-0.001913,0.000273
343.308931,13.772,0.645649,8.4e-05,-0.001085,-0.001917,0.000273
344.559027,13.772,0.603376,8.4e-05,-0.001086,-0.001923,0.000274
347.089467,13.772,0.704181,7.5e-05,-0.001093,-0.001917,0.000268
349.60571,13.772,0.656461,6.7e-05,-0.001099,-0.001919,0.000264
350.873199,13.772,0.008398,6.9e-05,-0.0011,-0.00192,0.000264
353.386791,13.772,0.585519,6.5e-05,-0.001102,-0.001918,0.000259
354.652906,13.772,0.657808,6.5e-05,-0.001101,-0.001917,0.000259
357.183968,13.772,0.713163,6.5e-05,-0.001102,-0.001921,0.000259
359.699576,13.772,0.557587,6.7e-05,-0.0011,-0.001925,0.000262
360.950192,13.772,0.704065,6.9e-05,-0.001099,-0.001919,0.000264
363.465068,13.772,0.718903,7.3e-05,-0.001097,-0.001918,0.000264
364.731808,13.772,0.671077,7.6e-05,-0.001097,-0.001917,0.000268
367.231199,13.772,2.536594,7.5e-05,-0.001095,-0.001909,0.000268
368.482164,13.772,0.086433,7.8e-05,-0.001093,-0.001911,0.000271
370.981278,13.772,0.610676,7.5e-05,-0.001092,-0.001917,0.000275
373.482178,13.772,3.683505,7.7e-05,-0.001093,-0.001912,0.000274
374.730165,13.772,0.842181,7.5e-05,-0.001093,-0.001909,0.000271
377.230806,13.772,0.746363,7.4e-05,-0.001095,-0.001907,0.000271
378.481312,13.772,0.670811,7.4e-05,-0.001093,-0.001914,0.00027
381.012927,13.772,0.602649,6.8e-05,-0.001102,-0.001909,0.000261
383.529101,13.772,0.61691,6.2e-05,-0.001105,-0.001908,0.000258
384.794108,13.772,-1.678403,6.1e-05,-0.001107,-0.001912,0.000257
387.323469,13.772,0.620411,6.7e-05,-0.001102,-0.001914,0.000263
388.574312,13.772,0.829746,6.8e-05,-0.0011,-0.001908,0.000261
391.090212,13.772,0.740337,6.5e-05,-0.001104,-0.001906,0.000258
393.606676,13.772,-0.058411,4.2e-05,-0.001124,-0.001919,0.000233
394.872814,13.772,0.621085,4e-05,-0.001127,-0.001928,0.000228
397.386109,13.772,0.758985,2.9e-05,-0.001136,-0.001932,0.000219
398.637326,13.772,0.661432,2.7e-05,-0.001138,-0.001935,0.000217
401.153527,13.772,0.512391,2.4e-05,-0.001141,-0.001937,0.000216
403.668189,13.772,0.860607,2.5e-05,-0.001139,-0.001937,0.000218
404.918877,13.772,0.507807,3.3e-05,-0.001135,-0.001935,0.000227
407.434035,13.772,0.639028,2.7e-05,-0.001142,-0.001927,0.000217
408.699279,13.772,0.712118,2.6e-05,-0.001142,-0.001934,0.000218
411.2149,13.772,-0.456649,3.4e-05,-0.001133,-0.001935,0.000228
412.465078,13.772,0.654896,3.8e-05,-0.001131,-0.001945,0.000229
414.980814,13.772,0.66132,3.1e-05,-0.001139,-0.001948,0.000217
417.481893,13.772,0.542695,2.5e-05,-0.001142,-0.001947,0.000214
418.731133,13.772,0.718177,1.9e-05,-0.001148,-0.001942,0.000207
421.231082,13.772,0.546244,2.4e-05,-0.001141,-0.001939,0.000217
422.482142,13.772,0.615631,3e-05,-0.001133,-0.001945,0.000225
425.01252,13.772,2.547088,2.4e-05,-0.001141,-0.001936,0.00022
427.542711,13.772,2.224873,2.9e-05,-0.001137,-0.001953,0.000225
428.793683,13.772,0.465753,3.4e-05,-0.001136,-0.001948,0.000222
431.324632,13.772,0.282366,4.3e-05,-0.001126,-0.001952,0.000233
432.589171,13.772,0.704797,4.7e-05,-0.001124,-0.001948,0.00024
435.106004,13.772,0.72597,3.6e-05,-0.00113,-0.001953,0.00023
437.62155,13.772,0.613499,3.7e-05,-0.001128,-0.001956,0.000235
438.887184,13.772,0.600899,3.3e-05,-0.001132,-0.001949,0.000228
441.403087,13.772,2.479695,2.9e-05,-0.001133,-0.001962,0.000225
442.654116,13.772,0.6628,2.6e-05,-0.001136,-0.001962,0.000222
445.184512,13.772,0.387283,3.4e-05,-0.001135,-0.001957,0.000221
447.699171,13.772,0.485876,2.5e-05,-0.001145,-0.001956,0.000208
448.94977,13.772,0.767478,2e-05,-0.001145,-0.001946,0.000209
451.464539,13.772,0.345573,3.3e-05,-0.001136,-0.001947,0.000219
452.730392,13.772,1.487873,2.8e-05,-0.00114,-0.001954,0.000213
455.230584,13.772,0.615271,9e-06,-0.001157,-0.001959,0.000198
456.480448,13.772,0.690165,1.2e-05,-0.001154,-0.00196,0.000198
458.980199,13.772,0.523458,1.2e-05,-0.001154,-0.001946,0.000202
461.480757,13.772,0.301799,2.2e-05,-0.001145,-0.001946,0.000212
462.731148,13.772,0.421051,2.5e-05,-0.001143,-0.001958,0.000213
465.230553,13.772,0.503059,1.9e-05,-0.001146,-0.001967,0.000212
466.480622,13.772,0.211133,1.6e-05,-0.001151,-0.001958,0.000204
468.980998,13.772,0.081908,1.8e-05,-0.001153,-0.001957,0.0002
471.48074,13.772,0.63159,2.4e-05,-0.001146,-0.001961,0.000213
472.731481,13.772,0.205833,2.4e-05,-0.001143,-0.001968,0.000216
475.246379,13.772,0.613806,2.9e-05,-0.001139,-0.001972,0.000225
476.512032,13.772,0.648789,3.6e-05,-0.001136,-0.001962,0.000229
479.043829,13.772,0.697115,2.8e-05,-0.00114,-0.001973,0.000224
481.574155,13.772,2.64593,2.6e-05,-0.00114,-0.001966,0.000225
482.824498,13.772,0.268196,2.8e-05,-0.001139,-0.001974,0.000225
485.354841,13.772,0.070183,2.1e-05,-0.001147,-0.001969,0.000214
486.605909,13.772,0.754496,1.4e-05,-0.001153,-0.001975,0.000206
489.136412,13.772,-0.438049,8e-06,-0.001161,-0.001982,0.000199
491.653511,13.772,0.571163,0.0,-0.001168,-0.001969,0.000188
492.918657,13.772,2.492773,-3e-06,-0.001173,-0.001971,0.000188
495.434109,13.772,0.945135,4e-06,-0.001163,-0.001965,0.000198
496.684497,13.772,0.619446,5e-06,-0.00116,-0.001963,0.000197
499.168948,13.772,0.654583,1.6e-05,-0.001156,-0.001962,0.000212
501.684135,13.772,-0.476506,2.3e-05,-0.001149,-0.00197,0.000208
502.949081,13.772,0.836786,3.2e-05,-0.001143,-0.001975,0.000214
505.449911,13.772,0.686069,3.9e-05,-0.001134,-0.001972,0.000228
506.699894,13.772,0.55686,3.8e-05,-0.001132,-0.001971,0.000234
509.20078,13.772,0.696743,2.4e-05,-0.001138,-0.001968,0.000223
511.714558,13.772,0.745621,2.6e-05,-0.001149,-0.001971,0.000214
512.964844,13.772,0.718208,2.5e-05,-0.001149,-0.001964,0.000215
515.481943,13.772,0.735233,3.2e-05,-0.00114,-0.00197,0.000223
516.730141,13.772,0.552329,2.5e-05,-0.001145,-0.001971,0.000217
519.231531,13.772,3.163139,2e-05,-0.001149,-0.001971,0.000207
520.497197,13.772,0.189556,1.9e-05,-0.00115,-0.001959,0.000205
523.011006,13.772,0.691756,1.8e-05,-0.00115,-0.001957,0.000207
525.528074,13.772,0.579275,1.5e-05,-0.00115,-0.001955,0.000211
526.794355,13.772,0.616523,1.7e-05,-0.001149,-0.001956,0.000211
529.293672,13.772,0.317142,1.6e-05,-0.001149,-0.001951,0.000213
530.543689,13.772,0.617902,1.5e-05,-0.001147,-0.001959,0.000216
533.028519,13.772,0.658328,1.9e-05,-0.001143,-0.001955,0.000216
535.542859,13.772,0.698224,2.7e-05,-0.001136,-0.001953,0.000223
536.794022,13.772,0.446574,3.1e-05,-0.001131,-0.001947,0.000228
539.308652,13.772,0.563719,3.5e-05,-0.001129,-0.001943,0.000232
540.559416,13.772,0.660625,3.9e-05,-0.001122,-0.001948,0.000238
543.074088,13.772,0.695205,4.7e-05,-0.001119,-0.001941,0.000241
545.575079,13.772,0.521856,5.2e-05,-0.001115,-0.00194,0.000244
546.825124,13.772,-2.459068,5.4e-05,-0.001115,-0.001944,0.000245
549.339774,13.772,0.522487,4.6e-05,-0.00112,-0.001945,0.000233
550.587832,13.772,0.573927,4.5e-05,-0.001122,-0.00193,0.000233
553.106237,13.772,0.555831,5.1e-05,-0.001123,-0.001928,0.000236
555.621854,13.772,0.647012,4.6e-05,-0.001121,-0.001932,0.000234
556.887527,13.772,1.909327,4.8e-05,-0.001122,-0.001934,0.000233
559.400662,13.772,0.652811,4.5e-05,-0.001125,-0.001936,0.000231
560.652924,13.772,0.627664,4.6e-05,-0.001123,-0.00194,0.000234
563.183793,13.772,0.53827,4.3e-05,-0.001125,-0.001935,0.000233
565.683795,13.772,1.757581,4.9e-05,-0.001126,-0.00194,0.000235
566.934352,13.772,0.189105,4.8e-05,-0.001125,-0.001941,0.000236
569.449512,13.772,0.515622,4.4e-05,-0.001122,-0.001944,0.000238
570.699159,13.772,0.44258,4.2e-05,-0.001123,-0.001939,0.000237
573.230678,13.772,0.564908,4.5e-05,-0.00112,-0.001945,0.00024
574.480814,13.772,1.243847,4.4e-05,-0.001119,-0.001938,0.000238
576.981979,13.772,-0.785176,4.9e-05,-0.001117,-0.001935,0.000241
579.512495,13.772,0.392052,4.7e-05,-0.001117,-0.001941,0.00024
580.778601,13.772,0.591418,4.5e-05,-0.001119,-0.001937,0.000239
583.309145,13.772,0.633977,4.8e-05,-0.001118,-0.001944,0.00024
584.574231,13.772,0.656705,4.5e-05,-0.001121,-0.001942,0.000238
587.074588,13.772,0.627754,4.3e-05,-0.001123,-0.001937,0.00024
589.590538,13.772,1.355852,4.6e-05,-0.001119,-0.001935,0.000245
590.855721,13.772,-0.414318,5.1e-05,-0.001117,-0.001931,0.000246
593.386281,13.772,0.759059,5.3e-05,-0.001116,-0.001934,0.00025
594.622488,13.772,2.653591,4.7e-05,-0.00112,-0.001926,0.000243
597.152774,13.772,2.88282,4.8e-05,-0.001122,-0.001936,0.000245
599.654109,13.772,0.055843,5.1e-05,-0.001123,-0.001932,0.000242
600.91853,13.772,0.601933,4.7e-05,-0.001122,-0.001927,0.000244
603.434227,13.772,0.721429,5e-05,-0.001119,-0.001926,0.000247
604.684157,13.772,0.602114,4.8e-05,-0.00112,-0.001923,0.000246
607.184881,13.772,3.070557,4.7e-05,-0.001118,-0.001922,0.000244
608.449493,13.772,0.336729,5.3e-05,-0.001115,-0.001926,0.000249
610.949481,13.772,0.55521,5.8e-05,-0.001114,-0.001928,0.000252
613.451129,13.772,0.542155,6e-05,-0.001111,-0.001929,0.000254
614.714648,13.772,0.413119,6.3e-05,-0.00111,-0.001926,0.000256
617.230808,13.772,0.205568,7.2e-05,-0.001104,-0.00193,0.000267
619.731164,13.772,2.280531,6.5e-05,-0.001106,-0.001926,0.000262
620.982143,13.772,0.395851,6.4e-05,-0.001105,-0.001924,0.00026
623.480771,13.772,0.818467,6.9e-05,-0.001104,-0.001922,0.000262
624.732753,13.772,0.622486,6.9e-05,-0.001101,-0.001921,0.000264
627.230269,13.772,0.68712,6.6e-05,-0.001105,-0.001923,0.00026
629.730301,13.772,0.633399,6.4e-05,-0.001105,-0.001924,0.000256
630.980939,13.772,2.372948,6.9e-05,-0.001101,-0.001921,0.000259
633.481119,13.772,0.717296,6.5e-05,-0.001105,-0.001928,0.000255
634.731901,13.772,0.703046,6.4e-05,-0.001104,-0.001926,0.000255
637.231071,13.772,0.721731,6.8e-05,-0.001103,-0.001926,0.000257
639.731732,13.772,0.617011,6.2e-05,-0.001105,-0.001932,0.000255
640.980144,13.772,0.704855,5.9e-05,-0.001108,-0.001931,0.000253
643.480553,13.772,0.675029,5.2e-05,-0.001114,-0.001928,0.000244
644.730381,13.772,0.821714,5e-05,-0.001117,-0.001921,0.000241
647.231107,13.772,-0.763568,5.4e-05,-0.001115,-0.001923,0.000246
649.730777,13.772,0.711009,6.3e-05,-0.00111,-0.001921,0.000257
650.981784,13.772,0.585593,6.5e-05,-0.001104,-0.001922,0.00026
653.480209,13.772,0.647452,6.8e-05,-0.001103,-0.001922,0.000265
654.746,13.772,0.701136,6.7e-05,-0.001103,-0.001919,0.000264
657.278545,13.772,0.732283,6.9e-05,-0.0011,-0.001922,0.000267
658.542961,13.772,0.522795,7.2e-05,-0.0011,-0.001913,0.000268
661.05842,13.772,2.428828,6.9e-05,-0.001099,-0.001921,0.000267
663.558867,13.772,0.607329,6.8e-05,-0.001103,-0.001916,0.000263
664.808653,13.772,0.829873,6.8e-05,-0.001104,-0.001918,0.000265
667.324228,13.772,0.723811,6.8e-05,-0.001102,-0.001912,0.000265
668.57523,13.772,0.731747,6.9e-05,-0.001101,-0.001917,0.000266
671.089193,13.772,3.655567,7e-05,-0.001104,-0.001915,0.000262
673.589754,13.772,0.995763,6.9e-05,-0.0011,-0.001923,0.000265
674.840513,13.772,0.570118,6.8e-05,-0.001101,-0.001912,0.000264
677.340597,13.772,0.693008,7e-05,-0.001098,-0.001913,0.000265
678.590656,13.772,0.527448,7.3e-05,-0.001099,-0.001923,0.000265
681.106219,13.772,2.352634,6.7e-05,-0.001104,-0.001923,0.00026
683.636977,13.772,0.730103,6.7e-05,-0.001104,-0.001915,0.00026
684.902527,13.772,-1.3137,6.8e-05,-0.001104,-0.001917,0.00026
687.433499,13.772,0.70937,6.9e-05,-0.001102,-0.001913,0.000264
688.684519,13.772,0.685899,7e-05,-0.001099,-0.001922,0.000265
691.182931,13.772,0.542355,6.8e-05,-0.001102,-0.001921,0.000265
693.68376,13.772,0.256445,7.2e-05,-0.001099,-0.001921,0.000269
694.948762,13.772,0.719853,7.1e-05,-0.001097,-0.001921,0.000267
697.449767,13.772,-1.218253,7e-05,-0.001099,-0.001917,0.000266
698.699916,13.772,2.850734,7.2e-05,-0.001098,-0.001919,0.00027
701.215187,13.772,0.182044,7.4e-05,-0.001096,-0.001914,0.000268
702.481091,13.772,0.656132,7.4e-05,-0.001095,-0.001921,0.000268
704.996156,13.772,0.564706,7.5e-05,-0.001094,-0.001916,0.000267
707.512098,13.772,0.819639,7.6e-05,-0.001097,-0.001913,0.000268
708.762865,13.772,0.140478,7.7e-05,-0.001093,-0.001924,0.000271
711.294512,13.772,-0.89317,7.7e-05,-0.001095,-0.001914,0.000271
712.556782,13.772,1.252606,7.9e-05,-0.001094,-0.001913,0.000271
715.075111,13.772,0.200199,7.7e-05,-0.001095,-0.001913,0.000271
717.5898,13.772,0.572319,8.1e-05,-0.001092,-0.001916,0.000275
718.840735,13.772,0.68547,8.3e-05,-0.00109,-0.001919,0.000277
721.355668,13.772,0.914863,8.4e-05,-0.001091,-0.001915,0.000272
722.62304,13.772,0.296882,8.6e-05,-0.001091,-0.001913,0.000273
725.136596,13.772,0.682987,8.7e-05,-0.001086,-0.001918,0.000279
727.638082,13.772,0.628528,8.2e-05,-0.001089,-0.001921,0.000276
728.902468,13.772,0.549162,7.7e-05,-0.001095,-0.001923,0.000268
731.418352,13.772,0.507176,7.2e-05,-0.001095,-0.001924,0.000266
732.669081,13.772,-1.074216,7.3e-05,-0.001095,-0.001917,0.000267
735.183654,13.772,0.415602,7.8e-05,-0.001093,-0.001926,0.000273
737.700614,13.772,0.581386,7.9e-05,-0.001089,-0.001928,0.000272
738.950234,13.772,0.631409,8.2e-05,-0.001089,-0.001921,0.000277
741.465383,13.772,-2.190608,8.4e-05,-0.001088,-0.001925,0.000281
742.730733,13.772,1.917551,8.4e-05,-0.001088,-0.001921,0.000279
745.261954,13.772,2.494476,8.4e-05,-0.00109,-0.001925,0.000277
746.514217,13.772,0.519606,8.6e-05,-0.001091,-0.001923,0.000279
749.027358,13.772,0.463296,8.3e-05,-0.00109,-0.001919,0.000275
751.558733,13.772,0.598591,8e-05,-0.001089,-0.001921,0.000279
752.809102,13.772,0.688791,8.2e-05,-0.00109,-0.001919,0.000277
755.34013,13.772,0.667119,8.8e-05,-0.001081,-0.001928,0.000283
756.590586,13.772,0.680912,9e-05,-0.001084,-0.001922,0.000281
759.09061,13.772,0.690807,8.5e-05,-0.001085,-0.001919,0.000277
761.590135,13.772,0.226088,7.9e-05,-0.00109,-0.001918,0.000274
762.840412,13.772,0.237632,7.9e-05,-0.001088,-0.001924,0.000275
765.371843,13.772,3.091311,8.6e-05,-0.001086,-0.001914,0.000279
766.622736,13.772,0.548356,8.7e-05,-0.001084,-0.001921,0.000281
769.154118,13.772,0.617727,8.5e-05,-0.001085,-0.001917,0.000281
771.663676,13.772,2.112455,9e-05,-0.001083,-0.001912,0.000283
772.91986,13.772,-1.381528,9e-05,-0.001084,-0.001919,0.000282
775.448345,13.772,0.625107,8.3e-05,-0.00109,-0.001911,0.000275
776.701113,13.772,0.668832,8.3e-05,-0.001087,-0.001918,0.000275
779.2152,13.772,0.846288,8e-05,-0.001091,-0.001912,0.000272
781.730405,13.772,0.375452,7.8e-05,-0.001093,-0.00191,0.00027
782.981586,13.772,0.684361,7.8e-05,-0.001092,-0.001917,0.000271
785.479985,13.772,0.647649,7.8e-05,-0.001093,-0.001916,0.000272
786.731467,13.772,2.68677,7.7e-05,-0.001094,-0.001911,0.000271
789.261871,13.772,0.716946,8.5e-05,-0.001086,-0.001919,0.000278
790.511751,13.772,0.531708,9e-05,-0.001085,-0.001917,0.00028
793.012582,13.772,0.663729,8.2e-05,-0.001092,-0.001917,0.000273
795.527783,13.772,0.579943,6.9e-05,-0.001102,-0.001919,0.000267
796.794478,13.772,0.337758,6.4e-05,-0.001107,-0.00191,0.000257
799.308726,13.772,0.602973,6.2e-05,-0.001106,-0.001917,0.000257
800.560198,13.772,0.581349,5.7e-05,-0.00111,-0.001918,0.000253
803.090783,13.772,-2.110929,5.1e-05,-0.001116,-0.001934,0.000243
805.622438,13.772,0.704532,5.1e-05,-0.001116,-0.001934,0.00025
806.887121,13.772,0.50525,4.9e-05,-0.001117,-0.001937,0.00025
809.403739,13.772,0.659421,4e-05,-0.001127,-0.001941,0.000233
810.669144,13.772,0.705571,3.9e-05,-0.001126,-0.001942,0.000233
813.183779,13.772,-0.757355,3.6e-05,-0.001132,-0.001948,0.000225
815.699949,13.772,0.116084,2.4e-05,-0.001142,-0.001949,0.000217
816.965295,13.772,0.707805,2.4e-05,-0.001142,-0.001951,0.000217
819.495706,13.772,0.723742,3.1e-05,-0.001135,-0.001947,0.000226
820.745741,13.772,0.531474,3.1e-05,-0.001135,-0.001955,0.000228
823.246473,13.772,0.725445,3.3e-05,-0.001135,-0.001954,0.000227
824.495868,13.772,0.5808,3e-05,-0.001137,-0.001951,0.000225
827.029337,13.772,-0.036702,2.7e-05,-0.001142,-0.001954,0.000211
829.544106,13.772,0.58406,1.8e-05,-0.001148,-0.001957,0.000209
830.793637,13.772,-0.058533,2.2e-05,-0.001146,-0.001944,0.000212
833.308941,13.772,0.380651,1.8e-05,-0.00115,-0.001938,0.000208
834.559053,13.772,0.496311,2.1e-05,-0.001147,-0.001944,0.000211
837.073957,13.772,0.58163,2.2e-05,-0.001146,-0.001934,0.000209
839.59062,13.772,-0.000552,2e-05,-0.001147,-0.001938,0.000208
840.840141,13.772,0.743355,2.2e-05,-0.001146,-0.00195,0.000208
843.355924,13.772,0.635516,2.9e-05,-0.001136,-0.001959,0.000221
844.621331,13.772,0.61518,2.8e-05,-0.001137,-0.001959,0.000225
847.137553,13.772,0.71536,2.8e-05,-0.001138,-0.001961,0.000225
849.653724,13.772,0.697391,3e-05,-0.001139,-0.001957,0.000226
850.902116,13.772,0.533909,3.6e-05,-0.001133,-0.001959,0.00023
853.402395,13.772,0.785341,4.3e-05,-0.001123,-0.001957,0.00024
854.653459,13.772,0.528249,4.4e-05,-0.001122,-0.001958,0.000241
857.168182,13.772,0.54339,3.8e-05,-0.001128,-0.001955,0.000237
859.679495,13.772,0.70528,3.1e-05,-0.001137,-0.001956,0.00022
860.934558,13.772,0.502205,2.8e-05,-0.001141,-0.001961,0.000219
863.434122,13.772,0.604039,4e-05,-0.001131,-0.001963,0.000234
864.684108,13.772,0.323843,4.2e-05,-0.001128,-0.001956,0.000238
867.199689,13.772,1.917264,4.1e-05,-0.001125,-0.001961,0.000244
869.71547,13.772,0.598559,3.1e-05,-0.00114,-0.001963,0.000216
870.964895,13.772,0.419481,2.1e-05,-0.00115,-0.001949,0.000202
873.480016,13.772,0.610629,2.4e-05,-0.001147,-0.00196,0.000206
874.730372,13.772,0.564781,2.4e-05,-0.001145,-0.001966,0.00021
877.247064,13.772,0.20048,1.6e-05,-0.001156,-0.001965,0.0002
878.511432,13.772,0.604188,1.2e-05,-0.001157,-0.001964,0.000203
881.011919,13.772,-0.61153,1.4e-05,-0.001159,-0.001965,0.000203
883.544836,13.772,0.729466,1.8e-05,-0.001152,-0.001961,0.000207
884.793676,13.772,0.693693,2.1e-05,-0.001149,-0.001964,0.000213
887.294502,13.772,0.731938,2.7e-05,-0.001142,-0.001963,0.000214
888.559825,13.772,0.596395,2.5e-05,-0.001143,-0.001958,0.000213
891.074159,13.772,0.632072,2.3e-05,-0.001141,-0.001965,0.000218
893.574434,13.772,0.518057,2.7e-05,-0.001138,-0.001968,0.000223
894.824289,13.772,1.205771,2.6e-05,-0.001139,-0.001969,0.000223
897.325326,13.772,0.543257,8e-06,-0.001157,-0.001974,0.000201
898.57474,13.772,0.595678,9e-06,-0.001162,-0.001967,0.0002
901.088791,13.772,0.692849,1.5e-05,-0.001155,-0.001971,0.000208
903.607011,13.772,0.824584,1.6e-05,-0.001155,-0.001963,0.000207
904.856215,13.772,0.332596,1.7e-05,-0.001153,-0.001959,0.000205
907.386569,13.772,0.7304,3.2e-05,-0.001142,-0.001963,0.000216
908.637929,13.772,0.57885,3.2e-05,-0.00114,-0.001959,0.000218
911.152083,13.772,-0.840409,2.4e-05,-0.001145,-0.001961,0.00022
913.684111,13.772,0.488634,2.4e-05,-0.001144,-0.00196,0.000217
914.934099,13.772,0.627372,2.3e-05,-0.001145,-0.00195,0.000215
917.43403,13.772,0.527782,1.5e-05,-0.001155,-0.001948,0.000208
918.684682,13.772,0.739753,1.6e-05,-0.001156,-0.001953,0.000207
921.1988,13.772,0.645166,1.9e-05,-0.001151,-0.001959,0.000207
923.715733,13.772,0.574378,1.2e-05,-0.001155,-0.001965,0.000208
924.98087,13.772,0.826589,1.3e-05,-0.001154,-0.001961,0.000209
927.48078,13.772,0.492295,4e-06,-0.001163,-0.001958,0.000194
928.746301,13.772,0.650694,-0.0,-0.001166,-0.001961,0.000191
931.277575,13.772,0.253914,9e-06,-0.001158,-0.001967,0.000202
932.529048,13.772,0.229898,1.3e-05,-0.001152,-0.001969,0.000209
935.05896,13.772,0.804779,2.4e-05,-0.001145,-0.001961,0.000214
937.57493,13.772,0.622157,2.9e-05,-0.001139,-0.001956,0.000219
938.840917,13.772,0.643866,2.7e-05,-0.001137,-0.001955,0.000221
941.356532,13.772,0.584601,2.7e-05,-0.001137,-0.001951,0.000225
942.622547,13.772,-1.267168,3e-05,-0.001135,-0.001951,0.000229
945.152439,13.772,0.584649,3.9e-05,-0.001128,-0.001945,0.000231
947.669212,13.772,-1.523204,4.1e-05,-0.001122,-0.001949,0.000234
948.933857,13.772,3.282979,4.6e-05,-0.001121,-0.001939,0.000237
951.434589,13.772,0.654572,4.8e-05,-0.001121,-0.001938,0.000236
952.682892,13.772,0.666058,5e-05,-0.00112,-0.001944,0.000238
955.185331,13.772,0.611392,4.8e-05,-0.001121,-0.001941,0.000237
957.683757,13.772,0.426701,5.2e-05,-0.00112,-0.001943,0.000243
958.949082,13.772,0.625839,5.1e-05,-0.00112,-0.001938,0.00024
961.448671,13.772,0.373829,5.3e-05,-0.001119,-0.001935,0.000241
962.699831,13.772,0.670838,5.3e-05,-0.001117,-0.001942,0.000242
965.199885,13.772,0.618178,5.3e-05,-0.001115,-0.001939,0.000245
967.700103,13.772,0.651389,5.6e-05,-0.001115,-0.001938,0.000244
968.964811,13.772,0.800456,5.6e-05,-0.001116,-0.001933,0.000244
971.465184,13.772,0.640258,5.6e-05,-0.001115,-0.001928,0.000243
972.731525,13.772,0.627987,5.4e-05,-0.001116,-0.001932,0.000241
975.24688,13.772,0.669931,5.2e-05,-0.00112,-0.001924,0.000241
977.762053,13.772,0.71702,4.9e-05,-0.00112,-0.001928,0.000239
979.012443,13.772,0.63838,4.8e-05,-0.001122,-0.001933,0.000239
981.544402,13.772,1.974746,4.5e-05,-0.001126,-0.001927,0.000234
982.807892,13.772,0.471658,4.6e-05,-0.001121,-0.001932,0.000238
985.30904,13.772,0.664795,4.9e-05,-0.00112,-0.001935,0.000244
986.559127,13.772,0.562743,5e-05,-0.001118,-0.001925,0.000244
989.074535,13.772,0.534185,5e-05,-0.001117,-0.001927,0.000243
991.590412,13.772,0.220417,5.1e-05,-0.001118,-0.001935,0.000245
992.839973,13.772,-1.696133,5.2e-05,-0.001116,-0.001934,0.000247
995.356935,13.772,0.509468,5.4e-05,-0.001115,-0.001932,0.000248
996.605321,13.772,0.881706,5.6e-05,-0.001111,-0.001932,0.000251
999.122437,13.772,0.694595,6.1e-05,-0.001108,-0.001934,0.000253
1001.65293,13.772,0.69069,6e-05,-0.001107,-0.001932,0.000256
1002.919707,13.772,0.629027,6.3e-05,-0.001107,-0.001936,0.000258
1005.433909,13.772,0.641256,6.7e-05,-0.001102,-0.001932,0.000261
1006.684893,13.772,-1.622189,6.8e-05,-0.0011,-0.001926,0.00026
1009.198548,13.772,0.433959,7.7e-05,-0.001098,-0.001927,0.000267
1011.695202,13.772,1.657201,7.8e-05,-0.001097,-0.001918,0.000267
1012.935113,13.772,0.624613,8e-05,-0.001095,-0.001926,0.000271
1015.464716,13.772,0.600342,7.5e-05,-0.001096,-0.001925,0.000269
1016.730783,13.772,1.330562,7.8e-05,-0.001095,-0.001927,0.000274
1019.247532,13.772,0.692308,7.6e-05,-0.001096,-0.001922,0.000272
1020.512325,13.772,0.533251,6.9e-05,-0.0011,-0.001928,0.000263
1023.042947,13.772,0.214332,6.4e-05,-0.001106,-0.00192,0.000252
1025.559045,13.772,1.073543,6.6e-05,-0.001105,-0.001922,0.000255
1026.809002,13.772,0.486528,6.5e-05,-0.001104,-0.001932,0.000257
1029.340436,13.772,-0.185917,7.1e-05,-0.001099,-0.00192,0.00026
1030.589953,13.772,1.002602,6.6e-05,-0.0011,-0.001928,0.000258
1033.091134,13.772,0.392413,7e-05,-0.001101,-0.001927,0.00026
1035.622755,13.772,0.595111,7.1e-05,-0.001102,-0.001924,0.000262
1036.887554,13.772,2.608353,7.1e-05,-0.001101,-0.001931,0.000261
1039.404045,13.772,0.711014,6.9e-05,-0.001101,-0.001918,0.00026
1040.652868,13.772,0.659087,6.9e-05,-0.0011,-0.001919,0.000262
1043.169577,13.772,0.619833,7.1e-05,-0.0011,-0.001919,0.000265
1045.699318,13.772,0.653888,7.3e-05,-0.001101,-0.001919,0.000264
1046.949579,13.772,-0.575412,7.3e-05,-0.0011,-0.001923,0.000266
1049.449659,13.772,0.576903,7e-05,-0.001103,-0.00192,0.000263
1050.715316,13.772,0.698165,6.8e-05,-0.001103,-0.001917,0.000263
1053.214748,13.772,0.371871,6.9e-05,-0.001104,-0.001919,0.00026
1055.731992,13.772,0.566595,7e-05,-0.001101,-0.001918,0.000261
1056.99677,13.772,0.653941,6.8e-05,-0.001103,-0.001916,0.00026
1059.512544,13.772,0.044315,7.1e-05,-0.0011,-0.001914,0.000262
1060.779079,13.772,0.605992,7.5e-05,-0.001098,-0.001921,0.000265
1063.308682,13.772,0.543793,7.7e-05,-0.001096,-0.001924,0.000266
1064.559467,13.772,0.008775,7.5e-05,-0.001095,-0.001926,0.00027
1067.057483,13.772,0.544244,7.6e-05,-0.001092,-0.001926,0.000269
1069.574776,13.772,0.578277,7.9e-05,-0.001094,-0.001923,0.000269
1070.840805,13.772,0.708463,7.6e-05,-0.001096,-0.001923,0.000266
1073.356679,13.772,0.523219,7.4e-05,-0.001098,-0.001924,0.000263
1074.622555,13.772,0.656466,7.3e-05,-0.001099,-0.001921,0.000264
1077.137422,13.772,0.80488,7.6e-05,-0.001096,-0.001923,0.000269
1079.650529,13.772,0.735817,7.7e-05,-0.001093,-0.001921,0.000272
1080.887974,13.772,0.634295,7.5e-05,-0.001095,-0.001915,0.000271
1083.40399,13.772,0.740368,7.3e-05,-0.001098,-0.001911,0.000267
1084.66792,13.772,0.516673,7.3e-05,-0.001096,-0.001919,0.000269
1087.184644,13.772,0.675098,7.3e-05,-0.001096,-0.001915,0.000267
1089.7158,13.772,1.126532,7.7e-05,-0.001094,-0.001919,0.000267
1090.97997,13.772,0.61456,7.9e-05,-0.001093,-0.001914,0.000269
1093.482876,13.772,0.483303,8.5e-05,-0.001092,-0.001916,0.000271
1094.730518,13.772,0.607345,8.4e-05,-0.00109,-0.001918,0.000274
1097.231177,13.772,0.48691,8.2e-05,-0.00109,-0.001914,0.00027
1099.730792,13.772,0.633754,8.2e-05,-0.001087,-0.001914,0.000276
1100.980467,13.772,0.349621,8.4e-05,-0.001086,-0.001914,0.000278
1103.495783,13.772,0.391782,8.7e-05,-0.001084,-0.001912,0.000282
1104.761778,13.772,1.833186,9e-05,-0.001083,-0.001919,0.00028
1107.263645,13.772,-0.407565,8.8e-05,-0.001083,-0.001916,0.000284
1108.513024,13.772,0.555045,8.7e-05,-0.001082,-0.001915,0.000282
1111.028936,13.772,0.653076,8.8e-05,-0.001082,-0.001913,0.000278
1113.558416,13.772,0.695714,9.5e-05,-0.001077,-0.001919,0.000285
1114.809026,13.772,2.372985,9.5e-05,-0.001078,-0.001916,0.000286
1117.32346,13.772,0.693099,9.3e-05,-0.001078,-0.001915,0.000287
1118.573544,13.772,0.647161,9.2e-05,-0.001078,-0.001922,0.000288
1121.073864,13.772,0.850161,9.2e-05,-0.001082,-0.00192,0.000284
1123.573718,13.772,-0.355,9.3e-05,-0.001082,-0.00192,0.000284
1124.823894,13.772,0.664933,9.4e-05,-0.001082,-0.001924,0.000281
1127.324648,13.772,-0.502375,8.6e-05,-0.001085,-0.001926,0.000276
1128.574896,13.772,1.702423,8e-05,-0.001091,-0.001916,0.00027
1131.090279,13.772,0.684679,7.5e-05,-0.001095,-0.001913,0.000266
1133.589143,13.772,0.407262,7.5e-05,-0.001095,-0.001909,0.000271
1134.840668,13.772,0.616889,7.9e-05,-0.001094,-0.001916,0.00027
1137.370708,13.772,0.685136,8e-05,-0.001093,-0.001913,0.000269
1138.622538,13.772,0.439354,7.9e-05,-0.001098,-0.001911,0.000265
1141.152727,13.772,0.394222,5.4e-05,-0.001118,-0.001934,0.00024
1143.669327,13.772,0.573587,4.1e-05,-0.001125,-0.001943,0.000236
1144.933924,13.772,-0.919553,4.2e-05,-0.001123,-0.001937,0.000237
1147.434907,13.772,0.444468,4.7e-05,-0.001122,-0.001939,0.000239
1148.68477,13.772,0.5354,4.9e-05,-0.001119,-0.00193,0.000241
1151.199418,13.772,0.548377,3.5e-05,-0.001135,-0.001938,0.00022
1153.715264,13.772,-0.136096,2.4e-05,-0.001142,-0.001943,0.000212
1154.981033,13.772,0.671533,2.8e-05,-0.001142,-0.001947,0.000221
1157.496074,13.772,0.707189,3.4e-05,-0.001136,-0.001945,0.000224
1158.762892,13.772,0.58711,3.1e-05,-0.001138,-0.001943,0.000218
1161.277633,13.772,1.590158,2.4e-05,-0.001147,-0.001951,0.00021
1162.544078,13.772,0.038627,2.2e-05,-0.001147,-0.001944,0.00021
1165.058769,13.772,0.527601,1e-06,-0.001166,-0.001958,0.000189
1167.558993,13.772,0.628252,8e-06,-0.00116,-0.001958,0.000197
1168.808521,13.772,0.614347,1.3e-05,-0.001153,-0.00196,0.000206
1171.324878,13.772,-0.696557,2.4e-05,-0.001145,-0.001957,0.000217
1172.589301,13.772,2.982888,2e-05,-0.001148,-0.001954,0.00021
1175.090282,13.772,0.547793,1.8e-05,-0.001149,-0.001958,0.000209
1177.590528,13.772,0.390127,1.6e-05,-0.001155,-0.00195,0.000203
1178.840371,13.772,-0.183625,6e-06,-0.001163,-0.001948,0.000193
1181.340642,13.772,0.466596,4e-06,-0.001165,-0.001958,0.000192
1182.606508,13.772,0.747488,8e-06,-0.001159,-0.00196,0.0002
1185.137883,13.772,1.751586,3e-06,-0.001162,-0.001964,0.000193
1187.669527,13.772,0.615297,1.4e-05,-0.001156,-0.001957,0.0002
1188.919388,13.772,0.692722,1.5e-05,-0.001152,-0.001961,0.0002
1191.435868,13.772,0.528477,2.6e-05,-0.001143,-0.001955,0.000208
1192.684548,13.772,-1.634731,2.5e-05,-0.001142,-0.001961,0.000214
1195.1858,13.772,-0.071605,2.2e-05,-0.00115,-0.001971,0.000206
1197.684322,13.772,0.713901,7e-06,-0.001161,-0.00196,0.000197
1198.93577,13.772,0.507028,8e-06,-0.001164,-0.001965,0.000197
1201.43352,13.772,1.117094,2e-06,-0.001165,-0.001965,0.000193
1202.68369,13.772,0.478003,6e-06,-0.001164,-0.001958,0.000195
1205.199943,13.772,0.645654,1e-05,-0.001161,-0.001957,0.000197
1207.699551,13.772,0.180771,1.9e-05,-0.001152,-0.001948,0.000204
1208.965481,13.772,0.322251,1.9e-05,-0.00115,-0.001951,0.000199
1211.480246,13.772,0.544902,1e-05,-0.001156,-0.001949,0.000196
1212.730829,13.772,-1.288813,1e-05,-0.001156,-0.001953,0.000199
1215.23031,13.772,0.594262,6e-06,-0.001164,-0.001955,0.000189
1217.731231,13.772,0.805379,6e-06,-0.001164,-0.001962,0.000192
1218.980826,13.772,0.563062,1.6e-05,-0.001157,-0.001961,0.000201
1221.482638,13.772,2.23298,1.8e-05,-0.001151,-0.001967,0.000204
1222.74702,13.772,0.365107,1.9e-05,-0.001148,-0.00197,0.000211
1225.278762,13.772,0.587094,1.7e-05,-0.001158,-0.001967,0.000203
1226.542725,13.772,0.657479,1.6e-05,-0.001157,-0.001964,0.000207
1229.058935,13.772,0.655166,2.6e-05,-0.00115,-0.001972,0.000212
1231.574704,13.772,0.707831,3e-06,-0.001165,-0.00197,0.000191
1232.838513,13.772,1.53961,-3e-06,-0.001168,-0.001968,0.000191
1235.340153,13.772,0.673262,1e-06,-0.001166,-0.001974,0.000195
1236.590047,13.772,0.583195,8e-06,-0.001162,-0.00197,0.000196
1239.123018,13.772,0.670143,6e-06,-0.001168,-0.001961,0.000191
1241.637377,13.772,1.699154,4e-06,-0.001167,-0.001957,0.000187
1242.887274,13.772,0.629324,1.2e-05,-0.00116,-0.001963,0.000197
1245.403585,13.772,0.468278,2.7e-05,-0.001145,-0.001964,0.000214
1246.652368,13.772,-0.636189,2.5e-05,-0.001145,-0.00197,0.000216
1249.169152,13.772,0.547745,2e-05,-0.001145,-0.001971,0.000213
1251.678236,13.772,0.597355,2.4e-05,-0.001143,-0.001969,0.000216
1252.918676,13.772,0.60587,2.9e-05,-0.001142,-0.001964,0.000216
1255.434141,13.772,0.575158,3.6e-05,-0.001137,-0.001959,0.000225
1256.684913,13.772,0.739732,3.4e-05,-0.001135,-0.001961,0.000226
1259.19926,13.772,-0.869492,3.3e-05,-0.001137,-0.001968,0.000228
1261.699452,13.772,0.379261,3.1e-05,-0.001138,-0.001963,0.000222
1262.949634,13.772,0.564404,2.7e-05,-0.001144,-0.001959,0.000217
1265.449598,13.772,0.625791,2.6e-05,-0.001149,-0.001954,0.000213
1266.713917,13.772,0.750926,2.3e-05,-0.001148,-0.001956,0.000215
1269.214648,13.772,0.506555,2.9e-05,-0.001146,-0.00195,0.000219
1271.731117,13.772,0.647808,2.3e-05,-0.001148,-0.001945,0.000213
1272.996598,13.772,0.707874,2.5e-05,-0.001146,-0.001948,0.000213
1275.511839,13.772,0.581062,2.2e-05,-0.001146,-0.001947,0.00021
1276.779375,13.772,0.628062,1.8e-05,-0.00115,-0.001949,0.000204
1279.309365,13.772,0.238264,1.4e-05,-0.001154,-0.001963,0.000199
1280.559043,13.772,0.625255,1.5e-05,-0.001153,-0.001965,0.000202
1283.059069,13.772,0.503998,1.9e-05,-0.001152,-0.001962,0.000206
1285.574307,13.772,0.58798,1.9e-05,-0.001151,-0.001966,0.000206
1286.824129,13.772,0.516747,1.8e-05,-0.001153,-0.001958,0.000204
1289.340361,13.772,-0.597593,1.5e-05,-0.001154,-0.001953,0.000203
1290.606873,13.772,0.59935,1.3e-05,-0.001152,-0.001954,0.000206
1293.121091,13.772,0.698192,2e-05,-0.00115,-0.001951,0.000209
1295.622383,13.772,0.504163,2.3e-05,-0.001151,-0.001952,0.000208
1296.887053,13.772,3.826922,2.3e-05,-0.00115,-0.001961,0.000212
1299.404568,13.772,1.12762,2.2e-05,-0.001149,-0.001955,0.00021
1300.652601,13.772,0.597907,2.3e-05,-0.001147,-0.001956,0.000213
1303.184557,13.772,0.675082,2.7e-05,-0.001143,-0.001958,0.000218
1305.70078,13.772,0.728591,3e-05,-0.00114,-0.001954,0.000221
1306.948878,13.772,0.607371,3.5e-05,-0.001134,-0.001957,0.000228
1309.450546,13.772,2.491913,4.1e-05,-0.001128,-0.001954,0.000232
1310.700633,13.772,-0.605106,4.6e-05,-0.001122,-0.001955,0.000241
1313.231342,13.772,0.579418,5.2e-05,-0.001121,-0.001945,0.000245
1315.730995,13.772,0.606183,5.7e-05,-0.001115,-0.001947,0.000252
1316.998073,13.772,0.697056,5.9e-05,-0.001114,-0.001946,0.00025
1319.512803,13.772,-1.53278,6.8e-05,-0.001108,-0.001945,0.000255
1320.778079,13.772,0.639043,7.4e-05,-0.001107,-0.001951,0.000264
1323.309437,13.772,0.487605,7.1e-05,-0.001104,-0.001945,0.000258
1324.574092,13.772,0.542759,6.5e-05,-0.001108,-0.001946,0.000254
1327.074117,13.772,0.491382,5.7e-05,-0.001115,-0.001945,0.000246
1329.590257,13.772,0.688589,4.6e-05,-0.001128,-0.001941,0.000231
1330.856754,13.772,0.713115,4.6e-05,-0.001129,-0.001944,0.000231
1333.372592,13.772,0.585126,4.5e-05,-0.001131,-0.001936,0.00023
1334.622745,13.772,0.623589,4.3e-05,-0.00113,-0.001943,0.000231
1337.136902,13.772,0.71746,4.6e-05,-0.001128,-0.001946,0.000236
1339.668812,13.772,0.704261,5e-05,-0.001123,-0.00194,0.000241
1340.9194,13.772,1.051627,5.3e-05,-0.001121,-0.001945,0.000242
1343.434982,13.772,0.630916,5.2e-05,-0.00112,-0.001944,0.000245
1344.699866,13.772,0.631537,5.1e-05,-0.001121,-0.001948,0.000245
1347.231362,13.772,0.596883,4.8e-05,-0.001123,-0.00194,0.000239
1349.732446,13.772,0.197509,4.3e-05,-0.001126,-0.00195,0.000237
1350.979899,13.772,-0.465079,4.4e-05,-0.001124,-0.001948,0.00024
1353.480938,13.772,0.220571,4.3e-05,-0.001124,-0.001949,0.000237
1354.733078,13.772,-0.189848,4.5e-05,-0.001125,-0.001947,0.000238
1357.228121,13.772,0.426319,4.7e-05,-0.001124,-0.001947,0.000236
1359.731793,13.772,0.62612,4.7e-05,-0.001122,-0.001947,0.000237
1360.980662,13.772,0.521437,4.8e-05,-0.001121,-0.001949,0.000238
1363.480784,13.772,0.541491,5.2e-05,-0.001122,-0.001944,0.000239
1364.730621,13.772,0.365945,5.1e-05,-0.001123,-0.001938,0.000238
1367.232083,13.772,0.671596,4.7e-05,-0.001123,-0.001939,0.000236
1369.746536,13.772,0.648428,4.6e-05,-0.001126,-0.001935,0.000236
1370.997001,13.772,0.596039,4.7e-05,-0.001123,-0.001943,0.000236
1373.527675,13.772,-0.011194,4.6e-05,-0.001124,-0.001935,0.000235
1374.793754,13.772,0.619992,4.9e-05,-0.001122,-0.00194,0.00024
1377.306978,13.772,0.599795,5.2e-05,-0.001115,-0.001932,0.000244
1378.559265,13.772,0.742342,5.3e-05,-0.001116,-0.001938,0.000245
1381.060939,13.772,0.757186,5.4e-05,-0.001114,-0.001935,0.000248
1383.559756,13.772,0.292298,5.8e-05,-0.001112,-0.001935,0.000251
1384.822194,13.772,2.476305,6.1e-05,-0.001112,-0.001932,0.000252
1387.340712,13.772,0.256217,6.5e-05,-0.001109,-0.001934,0.000257
1388.605863,13.772,0.49908,6.3e-05,-0.00111,-0.001935,0.000256
1391.137954,13.772,-0.075372,6.4e-05,-0.001108,-0.001936,0.000255
1393.668403,13.772,0.319588,6.7e-05,-0.001106,-0.001936,0.00026
1394.918764,13.772,0.850023,6.4e-05,-0.00111,-0.001934,0.000257
1397.450595,13.772,0.649251,6.5e-05,-0.001107,-0.001938,0.00026
1398.700736,13.772,0.637754,6.4e-05,-0.001108,-0.001929,0.000259
1401.230781,13.772,0.578134,6.3e-05,-0.001107,-0.001938,0.000262
1403.730795,13.772,1.667631,7e-05,-0.001104,-0.001939,0.000265
1404.980502,13.772,0.681767,7.1e-05,-0.001104,-0.001931,0.000265
1407.481058,13.772,2.976362,6.6e-05,-0.001102,-0.001934,0.000262
1408.732918,13.772,0.602156,6.8e-05,-0.001103,-0.001938,0.000261
1411.229961,13.772,0.856203,6.6e-05,-0.001106,-0.001934,0.000261
1413.730598,13.772,0.240036,6.7e-05,-0.001105,-0.00193,0.000259
1414.996215,13.772,0.624884,6.7e-05,-0.001105,-0.001926,0.000261
1417.511781,13.772,0.68399,6.6e-05,-0.001104,-0.00193,0.00026
1418.762594,13.772,0.780911,6.9e-05,-0.001105,-0.00193,0.00026
1421.261918,13.772,0.665952,6.6e-05,-0.001104,-0.00193,0.000262
1423.763287,13.772,0.632566,6.7e-05,-0.001102,-0.001929,0.000265
1425.027638,13.772,2.013809,6.8e-05,-0.001101,-0.001932,0.000265
1427.54358,13.772,0.722713,6.9e-05,-0.001103,-0.001925,0.000263
1428.793993,13.772,0.317233,6.6e-05,-0.001104,-0.001925,0.000261
1431.309451,13.772,0.614119,7e-05,-0.001103,-0.001929,0.000265
1432.574047,13.772,0.896741,7.1e-05,-0.0011,-0.001925,0.000265
1435.090826,13.772,-2.062009,6.7e-05,-0.0011,-0.001927,0.000265
1437.606325,13.772,0.294685,7e-05,-0.001095,-0.001922,0.000268
1438.873035,13.772,0.674705,7.3e-05,-0.001096,-0.001919,0.000268
1441.387996,13.772,0.712675,7.5e-05,-0.001094,-0.001924,0.00027
1442.652852,13.772,0.453041,7.5e-05,-0.001093,-0.001924,0.000271
1445.17,13.772,0.546875,7.7e-05,-0.001094,-0.001916,0.000271
1447.68378,13.772,0.683098,7.8e-05,-0.001094,-0.001913,0.000269
1448.934533,13.772,0.552319,7.6e-05,-0.001095,-0.00192,0.00027
1451.434869,13.772,2.582325,7.9e-05,-0.001093,-0.001915,0.000271
1452.68433,13.772,0.54608,7.8e-05,-0.001094,-0.001913,0.000269
1455.199251,13.772,0.103118,7.6e-05,-0.001094,-0.001921,0.000269
1457.700046,13.772,0.635293,7.1e-05,-0.001095,-0.001919,0.000268
1458.950592,13.772,0.316638,7.5e-05,-0.001093,-0.001922,0.00027
1461.465315,13.772,0.644465,7.3e-05,-0.001095,-0.001918,0.000269
1462.730776,13.772,0.859397,7.6e-05,-0.001094,-0.001922,0.00027
1465.230707,13.772,-0.044893,7.6e-05,-0.001092,-0.00192,0.000273
1467.7323,13.772,0.701465,7.9e-05,-0.00109,-0.001919,0.000274
1468.996187,13.772,0.406525,8.1e-05,-0.001088,-0.001915,0.000275
1471.527351,13.772,0.644699,8.7e-05,-0.001084,-0.001919,0.000283
1472.779041,13.772,0.662509,8.3e-05,-0.001087,-0.001912,0.000276
1475.308959,13.772,0.692632,8.1e-05,-0.001092,-0.00192,0.000272
1476.559935,13.772,0.402647,7.6e-05,-0.001093,-0.001912,0.000269
1479.074595,13.772,0.567507,7.3e-05,-0.001098,-0.001919,0.000267
1481.590584,13.772,0.634656,7.8e-05,-0.001093,-0.001921,0.000274
1482.840102,13.772,0.480284,7.5e-05,-0.001096,-0.001914,0.000269
1485.340177,13.772,2.665989,7.4e-05,-0.001098,-0.001915,0.000265
1486.590379,13.772,0.597201,7.4e-05,-0.001098,-0.001921,0.000263
1489.105749,13.772,0.319275,6.3e-05,-0.00111,-0.001917,0.000253
1491.605111,13.772,1.984561,5.9e-05,-0.001111,-0.001915,0.000249
1492.856806,13.772,0.315784,6.2e-05,-0.001108,-0.00192,0.000257
1495.372437,13.772,0.615361,5.7e-05,-0.001112,-0.001925,0.000247
1496.637715,13.772,0.67905,5.3e-05,-0.001115,-0.001924,0.000243
1499.154391,13.772,-0.872882,5.4e-05,-0.001115,-0.001928,0.000246
1501.666793,13.772,0.436903,4.8e-05,-0.001121,-0.001922,0.000238
1502.917962,13.772,0.62778,5e-05,-0.00112,-0.001923,0.000242
1505.434075,13.772,0.681639,5.5e-05,-0.001115,-0.001927,0.000249
1506.684141,13.772,0.654063,5.8e-05,-0.001112,-0.001923,0.000251
1509.214758,13.772,0.643229,5.9e-05,-0.001113,-0.001927,0.00025
1511.732311,13.772,0.664074,6.4e-05,-0.001108,-0.001921,0.000253
1512.980329,13.772,0.592511,5.6e-05,-0.001115,-0.001919,0.000244
1515.496296,13.772,0.765494,5.3e-05,-0.00112,-0.001926,0.000243
1516.746916,13.772,0.342592,4.9e-05,-0.001122,-0.001926,0.000242
1519.277881,13.772,0.148653,4.7e-05,-0.001122,-0.001927,0.000238
1521.778789,13.772,0.710272,4.7e-05,-0.001123,-0.001927,0.000238
1523.026999,13.772,0.632534,4.9e-05,-0.00112,-0.001925,0.000239
1525.559692,13.772,0.729063,6.5e-05,-0.00111,-0.001934,0.000254
1526.824672,13.772,0.68225,7e-05,-0.001106,-0.001939,0.000257
1529.324178,13.772,0.682462,6.2e-05,-0.001107,-0.001934,0.000258
1530.590795,13.772,0.541804,5.8e-05,-0.001109,-0.00194,0.000255
1533.12282,13.772,0.4325,5.3e-05,-0.00112,-0.001933,0.000243
1535.652916,13.772,-0.775796,5.8e-05,-0.001112,-0.001941,0.000252
1536.918536,13.772,2.397124,5.5e-05,-0.001113,-0.001944,0.000249
1539.434215,13.772,0.730119,5.1e-05,-0.001115,-0.001945,0.000245
1540.699335,13.772,0.537597,5.1e-05,-0.001119,-0.001942,0.000245
1543.199679,13.772,0.635781,5.8e-05,-0.001114,-0.001944,0.00025
1545.715031,13.772,0.771187,3.8e-05,-0.00113,-0.001943,0.000231
1546.980641,13.772,0.502348,4.5e-05,-0.001127,-0.001944,0.000237
1549.480555,13.772,0.329921,4.8e-05,-0.001124,-0.001939,0.000241
1550.731946,13.772,0.503234,4.6e-05,-0.001126,-0.001935,0.000235
1553.230895,13.772,0.664307,3.6e-05,-0.001136,-0.001932,0.000224
1555.746788,13.772,0.643065,4.3e-05,-0.001128,-0.001929,0.000235
1557.011612,13.772,0.637298,3e-05,-0.001142,-0.001936,0.000219
1559.528895,13.772,0.424881,2.5e-05,-0.001144,-0.001945,0.000217
1560.778576,13.772,0.670297,2.5e-05,-0.001144,-0.001944,0.000213
1563.292467,13.772,0.46084,3.4e-05,-0.001134,-0.001935,0.000222
1564.543813,13.772,0.633425,2.5e-05,-0.001144,-0.001935,0.000213
1567.058921,13.772,0.683878,3.1e-05,-0.001139,-0.001937,0.000219
1569.57421,13.772,-1.753478,2.4e-05,-0.001143,-0.001936,0.000213
1570.824227,13.772,1.420321,3.5e-05,-0.001136,-0.001947,0.000224
1573.325781,13.772,-0.33492,2.9e-05,-0.001142,-0.001943,0.000214
1574.589611,13.772,0.146247,3.1e-05,-0.001141,-0.001938,0.000219
1577.106319,13.772,0.63603,5.1e-05,-0.001123,-0.001948,0.000238
1579.621944,13.772,0.302949,3.7e-05,-0.00113,-0.001958,0.00023
1580.888702,13.772,0.307359,4e-05,-0.001128,-0.001956,0.000235
1583.402426,13.772,0.63412,3.6e-05,-0.001132,-0.001958,0.000233
1584.669551,13.772,0.638709,4e-05,-0.001134,-0.001954,0.000231
1587.183605,13.772,0.543894,3.5e-05,-0.001132,-0.001961,0.000233
1589.700555,13.772,0.545825,3.5e-05,-0.001135,-0.001961,0.000227
1590.965346,13.772,2.364407,3.4e-05,-0.001136,-0.001957,0.000222
1593.49694,13.772,0.590347,2.6e-05,-0.001145,-0.001953,0.000208
1594.762318,13.772,0.522402,1.7e-05,-0.001154,-0.00195,0.000202
1597.294435,13.772,0.40209,1.4e-05,-0.001155,-0.00195,0.000202
1598.559695,13.772,0.627367,2.1e-05,-0.001153,-0.001952,0.000206
1601.090671,13.772,0.511946,1.4e-05,-0.001157,-0.001943,0.000203
1603.592063,13.772,2.221764,2e-05,-0.001148,-0.001958,0.000213
1604.840802,13.772,-0.192124,1.6e-05,-0.001151,-0.001959,0.000209
1607.355809,13.772,0.53862,1.9e-05,-0.001153,-0.001953,0.000205
1608.606635,13.772,0.490242,2.5e-05,-0.001145,-0.001946,0.000211
1611.121126,13.772,0.635107,3.1e-05,-0.001141,-0.001963,0.000218
1613.621491,13.772,0.710834,2e-05,-0.001153,-0.00197,0.000203
1614.872691,13.772,0.626857,1.5e-05,-0.001159,-0.001962,0.000199
1617.371915,13.772,0.773765,1.5e-05,-0.001156,-0.001959,0.000198
1618.63711,13.772,0.209398,1.9e-05,-0.001153,-0.001963,0.000201
1621.152857,13.772,0.412,3e-05,-0.00114,-0.00196,0.000224
1623.654488,13.772,0.617897,1.9e-05,-0.001152,-0.001961,0.0002
1624.902655,13.772,0.359632,1.4e-05,-0.001157,-0.001965,0.000197
1627.418547,13.772,0.637712,1.6e-05,-0.001154,-0.001957,0.000207
1628.668583,13.772,0.4452,1.8e-05,-0.001152,-0.001951,0.000211
1631.184236,13.772,0.557778,2.8e-05,-0.001146,-0.001972,0.000218
1633.6842,13.772,0.644306,2.4e-05,-0.001149,-0.001959,0.000211
1634.949645,13.772,0.523962,2.2e-05,-0.00115,-0.001964,0.000209
1637.464998,13.772,0.582871,9e-06,-0.001163,-0.001954,0.000193
1638.732004,13.772,0.609217,6e-06,-0.001164,-0.00196,0.000189
1641.262532,13.772,0.59023,8e-06,-0.001164,-0.001963,0.000197
1642.527061,13.772,0.671124,1.6e-05,-0.001159,-0.001962,0.000201
1645.028764,13.772,0.145788,1.8e-05,-0.001151,-0.001969,0.000208
1647.558445,13.772,0.280504,1.4e-05,-0.001153,-0.001971,0.000207
1648.808696,13.772,-0.511197,1.9e-05,-0.001154,-0.001965,0.00021
1651.324087,13.772,0.510784,2.3e-05,-0.001148,-0.001961,0.000215
1652.573846,13.772,0.638099,3.3e-05,-0.00114,-0.001969,0.000224
1655.089043,13.772,0.600135,3e-05,-0.001142,-0.001963,0.000219
1657.606418,13.772,0.160521,3.2e-05,-0.001139,-0.001957,0.000212
1658.872051,13.772,0.658811,3.6e-05,-0.001136,-0.001964,0.000221
1661.40279,13.772,0.491022,3.3e-05,-0.001135,-0.001962,0.000223
1662.66834,13.772,0.219987,3.4e-05,-0.001138,-0.001963,0.000223
1665.183528,13.772,0.547151,2.7e-05,-0.001143,-0.001963,0.000209
1667.683867,13.772,0.614777,2.2e-05,-0.001151,-0.001959,0.000207
1668.934029,13.772,0.602023,2.1e-05,-0.001149,-0.00196,0.000211
1671.434789,13.772,0.471307,3e-05,-0.00114,-0.001956,0.00022
1672.684054,13.772,0.647521,3.1e-05,-0.001138,-0.001958,0.000222
1675.199536,13.772,0.672302,2.8e-05,-0.001142,-0.001956,0.000214
1677.69997,13.772,0.57102,2.9e-05,-0.001143,-0.001956,0.000219
1678.965429,13.772,0.697863,3.1e-05,-0.001141,-0.001952,0.00022
1681.482417,13.772,0.4962,3.1e-05,-0.001138,-0.00195,0.000222
1682.730833,13.772,0.697216,3e-05,-0.00114,-0.001947,0.000219
1685.24692,13.772,0.693895,3.7e-05,-0.001133,-0.001948,0.000225
1687.778662,13.772,0.660455,4e-05,-0.001131,-0.001944,0.000228
1689.04278,13.772,0.334432,4.1e-05,-0.001129,-0.001951,0.000231
1691.544904,13.772,0.682011,3.9e-05,-0.001129,-0.001944,0.000229
1692.794018,13.772,0.645054,4.3e-05,-0.001129,-0.001943,0.000231
1695.309175,13.772,1.535758,3.7e-05,-0.001134,-0.001945,0.000225
1696.559668,13.772,0.552525,3.4e-05,-0.001135,-0.001945,0.000225
1699.073998,13.772,0.041317,3.5e-05,-0.001133,-0.001943,0.000224
1701.589169,13.772,0.585837,3.6e-05,-0.001131,-0.001947,0.000226
1702.839669,13.772,0.678727,4.1e-05,-0.001128,-0.001947,0.000232
1705.340787,13.772,0.627032,4.2e-05,-0.001127,-0.001948,0.000233
1706.605675,13.772,0.542748,4.1e-05,-0.001128,-0.001942,0.000232
1709.121182,13.772,-2.336427,4.3e-05,-0.001124,-0.001945,0.000237
1711.62181,13.772,0.401639,4.8e-05,-0.001118,-0.001944,0.00024
1712.886654,13.772,0.83598,5.1e-05,-0.001119,-0.001938,0.000242
1715.402572,13.772,0.701661,5.3e-05,-0.001117,-0.001943,0.000243
1716.669176,13.772,0.524901,5.1e-05,-0.001121,-0.001933,0.000242
1719.200147,13.772,0.403984,5.7e-05,-0.001114,-0.001943,0.000246
1721.714616,13.772,0.639484,6.2e-05,-0.001108,-0.001938,0.000255
1722.964743,13.772,0.618984,6.6e-05,-0.001106,-0.001935,0.000251
1725.495902,13.772,0.52557,6.3e-05,-0.00111,-0.001942,0.000248
1726.762857,13.772,0.639235,6e-05,-0.00111,-0.001938,0.00025
1729.277789,13.772,2.151433,6e-05,-0.00111,-0.001943,0.000249
1731.791204,13.772,0.698388,6.1e-05,-0.001112,-0.001933,0.00025
1733.042667,13.772,0.739053,6.3e-05,-0.001111,-0.001937,0.000253
1735.543669,13.772,0.76568,5.9e-05,-0.001113,-0.001936,0.000247
1736.809655,13.772,-0.038861,5.6e-05,-0.001112,-0.001934,0.000247
1739.340406,13.772,0.368916,6.2e-05,-0.00111,-0.001937,0.000254
1740.606275,13.772,0.582962,6.3e-05,-0.00111,-0.001932,0.000253
1743.136276,13.772,2.283963,6.1e-05,-0.001113,-0.001939,0.000248
1745.652608,13.772,0.718474,5.6e-05,-0.001115,-0.001933,0.00025
1746.904,13.772,0.584755,5.6e-05,-0.001116,-0.001931,0.000249
1749.43448,13.772,0.598925,5.6e-05,-0.001117,-0.001923,0.000249
1750.68462,13.772,0.497574,5.8e-05,-0.001115,-0.001924,0.000251
1753.184977,13.772,0.391707,6.3e-05,-0.001107,-0.001931,0.000257
1755.684119,13.772,0.74109,6.4e-05,-0.001108,-0.001922,0.00025
1756.934406,13.772,0.32631,6.6e-05,-0.001109,-0.001924,0.000253
1759.434889,13.772,1.242738,6.1e-05,-0.001114,-0.001923,0.000248
1760.684579,13.772,0.556801,5.8e-05,-0.001116,-0.001917,0.000248
1763.214912,13.772,0.638842,5.7e-05,-0.001113,-0.001928,0.00025
1765.73184,13.772,0.454002,5.9e-05,-0.001113,-0.001923,0.000253
1766.979946,13.772,0.45797,6.1e-05,-0.001112,-0.001927,0.000258
1769.481489,13.772,1.503263,6.5e-05,-0.00111,-0.00193,0.000259
1770.731961,13.772,0.635616,6.4e-05,-0.001108,-0.001921,0.000258
1773.230716,13.772,0.580649,6.2e-05,-0.001109,-0.001925,0.000255
1775.746282,13.772,0.682292,6.1e-05,-0.00111,-0.001919,0.000256
1776.997324,13.772,0.414865,6.4e-05,-0.001109,-0.001921,0.000259
1779.528945,13.772,0.543751,6.5e-05,-0.001106,-0.001922,0.000261
1780.789982,13.772,1.009721,6.3e-05,-0.001108,-0.001921,0.00026
1783.309011,13.772,0.651267,6.2e-05,-0.001107,-0.001922,0.000259
1784.560091,13.772,0.523087,6.2e-05,-0.00111,-0.001916,0.000256
1787.090082,13.772,0.477016,6.4e-05,-0.001108,-0.001923,0.000257
1789.591358,13.772,1.419032,6.3e-05,-0.001109,-0.001926,0.00026
1790.8561,13.772,0.40513,6.2e-05,-0.001109,-0.001926,0.000258
1793.387503,13.772,0.322729,5.8e-05,-0.00111,-0.001923,0.000255
1794.651969,13.772,0.662397,6e-05,-0.00111,-0.001925,0.000256
1797.152395,13.772,0.473425,6.1e-05,-0.001109,-0.001926,0.000257
1799.653204,13.772,0.469318,5.9e-05,-0.001109,-0.001926,0.000256
1800.887495,13.772,0.536185,6e-05,-0.001109,-0.001921,0.000258
1803.402768,13.772,0.428553,6.2e-05,-0.001108,-0.001916,0.000255
1804.654001,13.772,0.593116,6.3e-05,-0.001107,-0.001925,0.000257
1807.183605,13.772,0.718569,6.4e-05,-0.001108,-0.001917,0.000258
1809.700819,13.772,0.605154,6.2e-05,-0.001107,-0.001918,0.000256
1810.964905,13.772,0.608437,6.3e-05,-0.001105,-0.001916,0.000258
1813.498271,13.772,0.020786,6.3e-05,-0.001108,-0.001919,0.000257
1814.746879,13.772,-0.706637,6.1e-05,-0.001108,-0.001918,0.000256
1817.277004,13.772,0.642678,6e-05,-0.001109,-0.001921,0.000255
1818.544198,13.772,0.612878,6e-05,-0.001108,-0.001916,0.000257
1821.059628,13.772,0.611695,5.9e-05,-0.001112,-0.00192,0.000257
1823.574129,13.772,2.985774,6.3e-05,-0.001107,-0.001924,0.000259
1824.824112,13.772,0.576829,6.3e-05,-0.001105,-0.001916,0.000261
1827.324345,13.772,2.996671,6.6e-05,-0.001102,-0.001917,0.000264
1828.574142,13.772,0.634932,7e-05,-0.001098,-0.001924,0.000267
1831.075142,13.772,0.761123,7.4e-05,-0.001102,-0.001919,0.000266
1833.606532,13.772,0.652551,7.5e-05,-0.0011,-0.001924,0.000267
1834.870717,13.772,0.492544,7.4e-05,-0.001099,-0.001924,0.000264
1837.386372,13.772,0.572319,6.8e-05,-0.001101,-0.001923,0.000262
1838.637941,13.772,0.69616,6.6e-05,-0.001104,-0.001915,0.00026
1841.13688,13.772,-0.515808,7e-05,-0.0011,-0.001914,0.000265
1843.668871,13.772,0.503929,7.2e-05,-0.0011,-0.001921,0.000268
1844.934299,13.772,2.804626,7.4e-05,-0.0011,-0.001914,0.000266
1847.450262,13.772,1.001551,7.5e-05,-0.001098,-0.001918,0.000269
1848.700286,13.772,1.644951,7.6e-05,-0.001101,-0.001917,0.000268
1851.215401,13.772,0.644163,7.2e-05,-0.0011,-0.001911,0.000269
1853.746438,13.772,0.763425,7.2e-05,-0.001098,-0.001918,0.00027
1855.011924,13.772,0.647378,7.1e-05,-0.0011,-0.001909,0.000268
1857.527629,13.772,0.465758,6.8e-05,-0.001103,-0.001917,0.000267
1858.778591,13.772,0.69816,6.9e-05,-0.001103,-0.001912,0.000264
1861.308406,13.772,1.893465,7.1e-05,-0.001103,-0.001912,0.000265
1862.559504,13.772,1.681313,7e-05,-0.0011,-0.00191,0.000266
1865.059518,13.772,0.619207,7.1e-05,-0.001101,-0.001907,0.000266
1867.589481,13.772,0.660455,7e-05,-0.001102,-0.001909,0.000261
1868.840613,13.772,0.583158,7.3e-05,-0.0011,-0.001912,0.000266
1871.356371,13.772,0.664105,7.2e-05,-0.001101,-0.00191,0.000264
1872.620949,13.772,-0.074284,7.4e-05,-0.001099,-0.001915,0.000268
1875.122134,13.772,0.594973,7.8e-05,-0.001095,-0.001913,0.000272
1877.653498,13.772,0.663941,7.7e-05,-0.001099,-0.001904,0.000269
1878.91925,13.772,2.512508,7.9e-05,-0.001096,-0.001909,0.000272
1881.432888,13.772,0.009539,8e-05,-0.001095,-0.001903,0.000272
1882.683928,13.772,0.633277,8.2e-05,-0.001093,-0.001908,0.000274
1885.199267,13.772,0.647192,7.9e-05,-0.001094,-0.001911,0.000273
1887.699373,13.772,0.635988,8.1e-05,-0.001093,-0.001911,0.000274
1888.949845,13.772,0.672106,8.2e-05,-0.001093,-0.001905,0.000276
1891.450252,13.772,0.495849,8.3e-05,-0.00109,-0.001905,0.000272
1892.715748,13.772,0.642662,8.5e-05,-0.001089,-0.001914,0.000277
1895.231798,13.772,1.402814,8.5e-05,-0.001089,-0.001909,0.00028
1897.747157,13.772,3.853687,8.1e-05,-0.00109,-0.001902,0.000277
1898.996773,13.772,0.609806,8.2e-05,-0.00109,-0.001911,0.000279
1901.528722,13.772,0.499224,8.3e-05,-0.001091,-0.001908,0.000275
1902.793731,13.772,0.646853,8.9e-05,-0.001087,-0.001916,0.000279
1905.309307,13.772,0.622279,9e-05,-0.001085,-0.001913,0.000285
1906.559463,13.772,0.703232,9e-05,-0.001087,-0.001914,0.000283
1909.07488,13.772,2.223775,8.3e-05,-0.001088,-0.001914,0.000277
1911.606094,13.772,0.729731,7.9e-05,-0.001093,-0.001911,0.000271
1912.856315,13.772,0.649712,8.4e-05,-0.001091,-0.001916,0.000273
1915.371464,13.772,0.635712,8.2e-05,-0.001088,-0.001921,0.000272
1916.622232,13.772,-0.308139,8e-05,-0.001092,-0.001914,0.000272
1919.154358,13.772,0.563613,7.7e-05,-0.00109,-0.001915,0.000275
1921.684619,13.772,-0.415125,6.6e-05,-0.001105,-0.001915,0.000258
1922.933501,13.772,1.738122,7.2e-05,-0.001103,-0.001922,0.000261
1925.435239,13.772,0.60762,6.9e-05,-0.001102,-0.001928,0.000263
1926.684416,13.772,0.709158,6.9e-05,-0.001104,-0.001923,0.000261
1929.184041,13.772,0.712776,7.1e-05,-0.001103,-0.001927,0.000263
1931.684958,13.772,0.473101,5.6e-05,-0.001116,-0.001934,0.000247
1932.949341,13.772,0.668095,5.1e-05,-0.00112,-0.001934,0.000243
1935.45024,13.772,0.579423,5.1e-05,-0.00112,-0.001935,0.000239
1936.71525,13.772,0.662806,5.2e-05,-0.00112,-0.001936,0.000241
1939.246205,13.772,0.570134,4.9e-05,-0.001125,-0.001938,0.000238
1941.762221,13.772,0.631324,5.5e-05,-0.001121,-0.00194,0.000243
1943.027452,13.772,-0.131443,5.4e-05,-0.001118,-0.00194,0.000243
1945.544763,13.772,0.458204,5.2e-05,-0.00112,-0.00195,0.000244
1946.794312,13.772,0.533814,4.6e-05,-0.001123,-0.00195,0.000241
1949.309381,13.772,0.478634,3.8e-05,-0.001132,-0.001946,0.000222
1950.559131,13.772,0.685751,3.7e-05,-0.001137,-0.001951,0.000221
1953.074896,13.772,0.687942,3.9e-05,-0.001133,-0.001946,0.000227
1955.575107,13.772,0.014319,2.6e-05,-0.001145,-0.001945,0.000213
1956.840674,13.772,0.68269,1.9e-05,-0.00115,-0.001937,0.000206
1959.371952,13.772,3.061421,2.6e-05,-0.001144,-0.001948,0.000218
1960.637868,13.772,-0.132546,2.6e-05,-0.001147,-0.001941,0.000213
1963.152742,13.772,0.38584,3.4e-05,-0.001139,-0.001946,0.000225
1965.668643,13.772,0.757542,1.9e-05,-0.001151,-0.001939,0.000207
1966.93402,13.772,0.531485,8e-06,-0.001161,-0.001943,0.000195
1969.450113,13.772,0.638646,1.4e-05,-0.001155,-0.001948,0.000206
1970.715129,13.772,0.669639,1.5e-05,-0.001152,-0.001941,0.00021
1973.229717,13.772,0.786047,3.1e-05,-0.001139,-0.001947,0.000225
1975.731895,13.772,0.759149,4.4e-05,-0.001131,-0.001955,0.000238
1976.980311,13.772,3.08851,4e-05,-0.001132,-0.001954,0.000234
1979.482224,13.772,0.695895,3.5e-05,-0.001134,-0.00196,0.000221
1980.747684,13.772,1.211167,3.3e-05,-0.001137,-0.001958,0.000221
1983.277892,13.772,0.540085,3.4e-05,-0.00114,-0.001956,0.000223
1984.528986,13.772,0.636699,4.3e-05,-0.00113,-0.001951,0.000228
1987.059852,13.772,0.504614,3.6e-05,-0.001137,-0.001963,0.000227
1989.573572,13.772,0.426706,3.1e-05,-0.001138,-0.001963,0.000218
1990.822321,13.772,0.63811,3.7e-05,-0.001134,-0.001961,0.000226
1993.325224,13.772,0.464368,2.4e-05,-0.001149,-0.001947,0.000207
1994.589945,13.772,0.604559,2e-05,-0.001152,-0.001952,0.00021
1997.106949,13.772,3.717358,2.3e-05,-0.001149,-0.001953,0.00021
1999.637725,13.772,0.673904,3.5e-05,-0.001141,-0.001961,0.000224
2000.902315,13.772,-1.00866,3.9e-05,-0.001133,-0.001959,0.000229
2003.418222,13.772,0.509447,3.2e-05,-0.001139,-0.001968,0.000223
2004.669394,13.772,0.431232,3.2e-05,-0.001141,-0.001974,0.000222
2007.199359,13.772,0.695475,1e-05,-0.001156,-0.001966,0.000203
2009.700206,13.772,0.223404,1.3e-05,-0.00116,-0.001967,0.000197
2010.950918,13.772,0.724548,1.2e-05,-0.001161,-0.001974,0.000196
2013.46563,13.772,0.376736,1e-05,-0.001164,-0.001975,0.000191
2014.731742,13.772,0.612236,1e-05,-0.001165,-0.00197,0.000198
2017.246839,13.772,3.213507,9e-06,-0.001159,-0.00198,0.0002
2019.777057,13.772,0.612263,4e-06,-0.001167,-0.001971,0.000191
2021.029015,13.772,0.373861,9e-06,-0.001164,-0.001971,0.000201
2023.544104,13.772,0.643744,1.9e-05,-0.001156,-0.001967,0.000207
2024.793754,13.772,0.705959,2.1e-05,-0.00115,-0.001968,0.000212
2027.303954,13.772,0.554218,2.4e-05,-0.001144,-0.001968,0.000213
2028.543216,13.772,0.651256,3e-05,-0.001139,-0.001968,0.00022
2031.059863,13.772,0.570224,3.9e-05,-0.001131,-0.001967,0.000235
2033.574508,13.772,0.349738,3.6e-05,-0.001136,-0.001969,0.000227
2034.840466,13.772,0.719323,3.1e-05,-0.001139,-0.001961,0.000227
2037.355895,13.772,0.682398,3.5e-05,-0.001138,-0.00196,0.000226
2038.622593,13.772,0.541528,3.6e-05,-0.001134,-0.001957,0.000228
2041.137079,13.772,0.678578,3.5e-05,-0.001133,-0.001956,0.000227
2043.668854,13.772,0.648015,2.4e-05,-0.001146,-0.001962,0.000211
2044.917239,13.772,-2.170936,1.9e-05,-0.001154,-0.001953,0.0002
2047.418977,13.772,0.031285,1.8e-05,-0.001154,-0.001955,0.000205
2048.668507,13.772,-0.620008,2e-05,-0.001153,-0.001959,0.000206
2051.168919,13.772,0.609504,2.1e-05,-0.001152,-0.001953,0.000208
2053.699455,13.772,0.748321,2.5e-05,-0.00115,-0.001964,0.000213
2054.950114,13.772,0.605435,2.4e-05,-0.001147,-0.001957,0.000213
2057.465694,13.772,0.535474,3.2e-05,-0.001144,-0.001956,0.000212
2058.730386,13.772,0.676048,3.1e-05,-0.001144,-0.00196,0.000214
2061.230223,13.772,-1.753218,3e-05,-0.001141,-0.001955,0.000221
2063.732419,13.772,0.339191,3e-05,-0.001141,-0.00195,0.000219
2064.981731,13.772,0.592813,3.1e-05,-0.001138,-0.001949,0.000218
2067.480134,13.772,0.353324,3.6e-05,-0.001132,-0.00195,0.000225
2068.731262,13.772,0.709593,4.3e-05,-0.001129,-0.001957,0.000232
2071.246653,13.772,0.409607,4.3e-05,-0.00113,-0.001956,0.000235
2073.776806,13.772,0.151518,4.5e-05,-0.001127,-0.001948,0.000233
2075.043241,13.772,0.563491,4e-05,-0.001131,-0.001948,0.000229
2077.544157,13.772,0.655235,4.2e-05,-0.001128,-0.001955,0.000232
2078.808482,13.772,0.161041,4.4e-05,-0.001129,-0.001945,0.000232
2081.309043,13.772,0.58624,4.3e-05,-0.001127,-0.001945,0.000233
2082.559211,13.772,0.012908,4.6e-05,-0.001126,-0.001953,0.000233
2085.091205,13.772,0.358093,4.7e-05,-0.001128,-0.001942,0.000231
2087.622651,13.772,0.347462,4.8e-05,-0.001122,-0.001937,0.000238
2088.88697,13.772,1.616711,5e-05,-0.001119,-0.001937,0.000243
2091.40245,13.772,0.658116,5.8e-05,-0.00111,-0.001938,0.000252
2092.651771,13.772,0.634645,6e-05,-0.001109,-0.001949,0.000254
2095.183645,13.772,0.536896,6.8e-05,-0.001106,-0.001944,0.00026
2097.684917,13.772,1.848237,6.3e-05,-0.001107,-0.001947,0.000258
2098.934651,13.772,0.668843,6.3e-05,-0.001108,-0.001957,0.000258
2101.43482,13.772,2.528111,5.4e-05,-0.001116,-0.001957,0.000245
2102.683556,13.772,0.565629,5.4e-05,-0.001116,-0.001952,0.000245
2105.185104,13.772,2.528673,4.9e-05,-0.001118,-0.001942,0.000245
2107.684638,13.772,-0.99894,5.1e-05,-0.001119,-0.00195,0.000244
2108.94947,13.772,0.702149,4.9e-05,-0.001118,-0.001947,0.000242
2111.450687,13.772,0.651463,5e-05,-0.001116,-0.001945,0.000246
2112.716231,13.772,0.599206,5.1e-05,-0.001114,-0.00195,0.000246
2115.231943,13.772,0.259527,5.6e-05,-0.001113,-0.001947,0.000248
2117.762697,13.772,0.586102,5.4e-05,-0.001113,-0.001943,0.000246
2119.011898,13.772,0.583429,5.7e-05,-0.001113,-0.00195,0.000249
2121.543992,13.772,0.375426,5.8e-05,-0.001111,-0.001939,0.00025
2122.793379,13.772,0.631828,6.1e-05,-0.001109,-0.001946,0.000251
2125.294511,13.772,0.720262,5.4e-05,-0.001112,-0.001947,0.000247
2126.559414,13.772,0.55165,5.3e-05,-0.001116,-0.001941,0.000246
2129.073927,13.772,0.814637,5.4e-05,-0.001113,-0.001944,0.000247
2131.574901,13.772,0.822817,5.5e-05,-0.001114,-0.001942,0.000247
2132.82443,13.772,0.755685,5.5e-05,-0.001114,-0.001949,0.000249
2135.340228,13.772,0.72424,5.5e-05,-0.001112,-0.001943,0.000253
2136.590419,13.772,0.546966,5.5e-05,-0.001113,-0.001942,0.000248
2139.106434,13.772,0.640768,5.4e-05,-0.001112,-0.001945,0.000245
2141.622817,13.772,0.777611,5.3e-05,-0.001111,-0.001943,0.000242
2142.872241,13.772,0.444749,5.4e-05,-0.001108,-0.001942,0.000243
2145.402713,13.772,0.531087,5.8e-05,-0.001103,-0.001942,0.000248
2146.668802,13.772,0.636189,5.9e-05,-0.001101,-0.001937,0.00025
2149.184355,13.772,0.820701,5.3e-05,-0.001106,-0.001934,0.000235
2151.679275,13.772,0.817873,4.9e-05,-0.001107,-0.001935,0.000239
2152.933123,13.772,0.8432,5.5e-05,-0.001103,-0.00194,0.000245
2155.449567,13.772,0.571953,6.2e-05,-0.001098,-0.001937,0.000249
2156.699579,13.772,0.851041,6.2e-05,-0.001098,-0.001933,0.000248
2159.200617,13.772,-1.691497,5e-05,-0.001104,-0.001935,0.000237
2161.73194,13.772,0.956244,4.7e-05,-0.001103,-0.001939,0.000237
2162.99758,13.772,0.955051,5.2e-05,-0.001101,-0.001939,0.000239
2165.497577,13.772,1.088748,5.4e-05,-0.001095,-0.00193,0.000236
2166.7618,13.772,0.999143,4.9e-05,-0.001098,-0.001929,0.000235
2169.278728,13.772,0.849911,4.6e-05,-0.001102,-0.001924,0.000229
2171.809051,13.772,0.83459,4.8e-05,-0.001096,-0.00193,0.000231
2173.058757,13.772,0.929368,4.9e-05,-0.001094,-0.001925,0.000229
2175.559212,13.772,0.837958,5.7e-05,-0.001089,-0.001928,0.000235
2176.810311,13.772,1.034751,5.9e-05,-0.001089,-0.001928,0.000233
2179.340095,13.772,1.137657,6e-05,-0.001085,-0.001934,0.000237
2180.590583,13.772,1.088425,5.9e-05,-0.001088,-0.001926,0.000234
2183.120339,13.772,1.10477,5.1e-05,-0.001088,-0.001934,0.000231
2185.638324,13.772,3.137663,4.7e-05,-0.001089,-0.001932,0.000226
2186.903194,13.772,1.092658,4.6e-05,-0.001088,-0.001928,0.000225
2189.419819,13.772,1.076668,4.8e-05,-0.001087,-0.001923,0.000221
2190.668545,13.772,1.274915,4.7e-05,-0.001087,-0.001923,0.000219
2193.168471,13.772,1.043022,4.8e-05,-0.001084,-0.001922,0.000221
2195.684235,13.772,1.327532,4.9e-05,-0.001081,-0.00192,0.000221
2196.934114,13.772,1.251922,4.9e-05,-0.001081,-0.001927,0.00022
2199.451738,13.772,0.314309,4.6e-05,-0.001081,-0.001925,0.000218
2200.714802,13.772,1.376632,4.5e-05,-0.001081,-0.001923,0.000218
2203.231697,13.772,2.140414,4.2e-05,-0.001083,-0.001919,0.000212
2205.730222,13.772,1.216546,4.5e-05,-0.001081,-0.001928,0.000213
2206.97986,13.772,1.75599,4.6e-05,-0.001081,-0.001919,0.000213
2209.482075,13.772,1.257386,4.4e-05,-0.001079,-0.001921,0.00021
2210.747186,13.772,1.952714,4.7e-05,-0.001078,-0.001927,0.000211
2213.262172,13.772,1.504802,4e-05,-0.001082,-0.001921,0.000205
2215.794235,13.772,2.683008,4e-05,-0.001082,-0.001921,0.000204
2217.058145,13.772,1.077554,4e-05,-0.001079,-0.00192,0.000203
2219.559041,13.772,1.525333,4.3e-05,-0.001075,-0.001924,0.000206
2220.809565,13.772,1.27048,4.8e-05,-0.001071,-0.001928,0.00021
2223.324006,13.772,1.475098,4.7e-05,-0.00107,-0.001929,0.000209
2224.574773,13.772,1.571775,4.6e-05,-0.00107,-0.001924,0.000206
2227.090817,13.772,1.619682,4.7e-05,-0.00107,-0.001922,0.000201
2229.622796,13.772,-0.150611,4.6e-05,-0.001069,-0.001928,0.000206
2230.886043,13.772,1.701945,3.9e-05,-0.001073,-0.001925,0.000199
2233.387056,13.772,1.894091,3.5e-05,-0.001079,-0.001917,0.00019
2234.652807,13.772,1.636563,3e-05,-0.001081,-0.001922,0.00018
2237.183623,13.772,1.466185,2.3e-05,-0.001081,-0.001919,0.000175
2239.685702,13.772,1.670745,2.9e-05,-0.001077,-0.001925,0.000183
2240.934171,13.772,1.476419,2.7e-05,-0.001077,-0.001925,0.000184
2243.43421,13.772,1.747581,2.4e-05,-0.001078,-0.001929,0.000174
2244.683772,13.772,1.548947,2e-05,-0.001079,-0.00192,0.000169
2247.199052,13.772,1.789238,2.2e-05,-0.001078,-0.001924,0.000173
2249.71518,13.772,2.073169,2.6e-05,-0.001075,-0.001926,0.000171
2250.982185,13.772,1.687234,1.5e-05,-0.001084,-0.001923,0.000159
2253.512707,13.772,1.815817,3e-06,-0.001091,-0.001928,0.000148
2254.778856,13.772,1.831261,7e-06,-0.00109,-0.001929,0.000149
2257.277542,13.772,1.958422,2e-06,-0.001091,-0.00192,0.000139
2259.809552,13.772,2.192994,-2e-06,-0.001091,-0.001932,0.000138
2261.074014,13.772,0.567608,-0.0,-0.001089,-0.001927,0.000139
2263.574751,13.772,1.94352,2e-06,-0.001087,-0.001923,0.000136
2264.840293,13.772,1.844163,-2e-06,-0.001088,-0.001921,0.000133
2267.356909,13.772,1.998843,-1.9e-05,-0.001103,-0.001928,0.000113
2268.622772,13.772,2.10481,-1.9e-05,-0.001099,-0.001937,0.000116
2271.152899,13.772,2.054872,-1.6e-05,-0.001098,-0.001934,0.000116
2273.651736,13.772,2.479122,-1.9e-05,-0.001099,-0.001929,0.000109
2274.902793,13.772,2.09429,-1.5e-05,-0.001094,-0.001931,0.000114
2277.41917,13.772,2.121771,-2.2e-05,-0.0011,-0.001922,0.0001
2278.669874,13.772,1.674867,-2.3e-05,-0.001103,-0.001936,9.8e-05
2281.183645,13.772,2.261204,-2.2e-05,-0.0011,-0.001944,0.000102
2283.68469,13.772,2.168722,-2.2e-05,-0.001097,-0.001946,0.000103
2284.934559,13.772,2.262535,-2.9e-05,-0.001102,-0.001948,9e-05
2287.434439,13.772,2.364104,-2.9e-05,-0.001103,-0.001944,9.1e-05
2288.684071,13.772,2.477186,-2.2e-05,-0.001095,-0.001956,9.7e-05
2291.183722,13.772,2.345812,-3.2e-05,-0.0011,-0.001949,8.2e-05
2293.700034,13.772,2.373537,-4e-05,-0.001107,-0.001953,7.4e-05
2294.949191,13.772,2.260047,-4.3e-05,-0.001108,-0.001947,7.2e-05
2297.450387,13.772,2.527007,-3.9e-05,-0.001105,-0.001946,7.3e-05
2298.716266,13.772,2.263119,-3.6e-05,-0.001099,-0.001955,7.9e-05
2301.232072,13.772,2.356486,-2.6e-05,-0.001091,-0.001953,8.1e-05
2303.732538,13.772,2.466039,-3.7e-05,-0.001099,-0.001953,7.2e-05
2304.980798,13.772,2.422335,-4.5e-05,-0.001107,-0.001953,6e-05
2307.49572,13.772,2.718002,-4.9e-05,-0.001109,-0.001958,5.7e-05
2308.746692,13.772,2.594426,-4.7e-05,-0.001105,-0.00195,5.9e-05
2311.2785,13.772,2.64185,-4.7e-05,-0.001107,-0.001951,5.6e-05
2313.794602,13.772,2.556971,-4.7e-05,-0.001104,-0.00195,5.3e-05
2315.043286,13.772,1.162459,-4.7e-05,-0.001101,-0.001946,5.6e-05
2317.558982,13.772,2.831258,-4.3e-05,-0.001094,-0.001949,5.7e-05
2318.808768,13.772,2.897309,-4.3e-05,-0.001094,-0.001954,5.2e-05
2321.325233,13.772,2.712134,-5.4e-05,-0.0011,-0.001957,3.8e-05
2322.59003,13.772,2.709816,-5.5e-05,-0.001101,-0.001965,3.9e-05
2325.09087,13.772,3.095683,-6.1e-05,-0.001105,-0.00197,3.2e-05
2327.591525,13.772,2.305783,-6.4e-05,-0.001109,-0.001963,2.4e-05
2328.840791,13.772,2.718002,-6.7e-05,-0.001111,-0.001957,1.9e-05
2331.372372,13.772,2.975057,-6.1e-05,-0.001105,-0.001961,2.7e-05
2332.621731,13.772,2.840245,-5.9e-05,-0.001101,-0.001957,3.1e-05
2335.137522,13.772,2.907527,-5.8e-05,-0.001099,-0.001958,2.7e-05
2337.651813,13.772,3.095375,-6.8e-05,-0.001105,-0.001971,1.1e-05
2338.903759,13.772,3.17801,-6.7e-05,-0.001104,-0.001978,1.6e-05
2341.433811,13.772,3.099688,-5.7e-05,-0.001095,-0.001967,2.6e-05
2342.683634,13.772,2.94608,-5.6e-05,-0.001092,-0.001975,2.8e-05
2345.182781,13.772,3.050827,-6e-05,-0.001093,-0.001977,2.2e-05
2347.699618,13.772,2.981816,-6.3e-05,-0.001097,-0.001978,1.6e-05
2348.964014,13.772,3.151605,-7.1e-05,-0.001104,-0.001973,5e-06
2351.481019,13.772,3.144077,-6.7e-05,-0.001098,-0.001978,8e-06
2352.746401,13.772,3.048742,-6.5e-05,-0.001097,-0.00197,6e-06
2355.246771,13.772,3.071979,-6.5e-05,-0.00109,-0.001969,1e-05
2357.763278,13.772,3.603252,-8.4e-05,-0.001107,-0.001971,-1.3e-05
2359.029407,13.772,3.181994,-8.4e-05,-0.001107,-0.001973,-1.6e-05
2361.558583,13.772,2.993594,-8.3e-05,-0.001104,-0.001969,-1.9e-05
2362.809284,13.772,2.412398,-8.2e-05,-0.001102,-0.00197,-1.6e-05
2365.323775,13.772,3.065883,-7.8e-05,-0.0011,-0.00197,-1.3e-05
2367.824476,13.772,3.03906,-7.8e-05,-0.001094,-0.001979,-1.2e-05
2369.090644,13.772,3.214298,-8.1e-05,-0.001097,-0.001981,-2e-05
2371.62281,13.772,3.344011,-9.4e-05,-0.001111,-0.00197,-3.4e-05
2372.872151,13.772,3.356155,-8.9e-05,-0.001105,-0.00197,-3.5e-05
2375.386657,13.772,3.550624,-8.2e-05,-0.001095,-0.001982,-2.3e-05
2376.654033,13.772,3.317862,-8.2e-05,-0.001093,-0.001973,-2.2e-05
2379.184029,13.772,3.471709,-8.7e-05,-0.001099,-0.001981,-3e-05
2381.684116,13.772,3.631147,-9e-05,-0.001098,-0.001983,-3.3e-05
2382.949626,13.772,3.395106,-8.8e-05,-0.001097,-0.001976,-3.5e-05
2385.465016,13.772,3.048058,-8.8e-05,-0.001092,-0.001982,-3e-05
2386.715092,13.772,3.862074,-8.6e-05,-0.001091,-0.001981,-2.9e-05
2389.245861,13.772,3.546645,-8.6e-05,-0.001092,-0.001979,-3.5e-05
2391.74089,13.772,3.556614,-8.8e-05,-0.00109,-0.001979,-3.7e-05
2392.981078,13.772,4.400202,-9.3e-05,-0.00109,-0.001987,-3.8e-05
2395.480138,13.772,3.684179,-9.6e-05,-0.001092,-0.001979,-4.9e-05
2396.731154,13.772,4.0815,-9.9e-05,-0.001095,-0.001976,-5.5e-05
2399.247061,13.772,3.802247,-0.0001,-0.001099,-0.001973,-5.8e-05
2401.746458,13.772,3.639519,-0.000105,-0.001096,-0.001973,-6.2e-05
2402.996403,13.772,3.736802,-0.000102,-0.001097,-0.001983,-6.2e-05
2405.4974,13.772,3.71896,-0.000108,-0.001092,-0.001981,-6.5e-05
2406.747279,13.772,3.714859,-0.000113,-0.001096,-0.00198,-7e-05
2409.277618,13.772,4.080969,-0.000115,-0.001101,-0.001982,-7.7e-05
2411.792478,13.772,3.775169,-0.000116,-0.001099,-0.001986,-8e-05
2413.043851,13.772,4.198889,-0.000116,-0.001098,-0.001975,-8.1e-05
2415.559249,13.772,3.831209,-0.000112,-0.001098,-0.001975,-8.1e-05
2416.809373,13.772,4.055499,-0.000112,-0.001095,-0.001977,-8.4e-05
2419.340261,13.772,3.994886,-0.000124,-0.001103,-0.001968,-9.5e-05
2420.606295,13.772,3.819627,-0.000126,-0.001103,-0.001971,-0.000101
2423.12111,13.772,4.217102,-0.000131,-0.001102,-0.001968,-0.000102
2425.621886,13.772,3.86687,-0.000131,-0.001102,-0.001967,-0.000106
2426.886812,13.772,3.697612,-0.000129,-0.001099,-0.001969,-0.000103
2429.403815,13.772,4.298209,-0.000125,-0.001093,-0.001969,-0.0001
2430.653163,13.772,4.230535,-0.000119,-0.001088,-0.001969,-9.6e-05
2433.169316,13.772,4.095919,-0.000117,-0.001085,-0.001964,-9.7e-05
2435.699653,13.772,4.280436,-0.000117,-0.00108,-0.001951,-9.7e-05
2436.950626,13.772,4.313064,-0.000118,-0.00108,-0.001959,-9.9e-05
2439.465142,13.772,4.356726,-0.00011,-0.001072,-0.001956,-9.2e-05
2440.730784,13.772,3.517498,-0.000107,-0.00107,-0.001961,-9.2e-05
2443.231264,13.772,4.13408,-0.000109,-0.001068,-0.001964,-9.7e-05
2445.730178,13.772,4.248159,-0.000111,-0.001069,-0.001962,-9.9e-05
2446.980759,13.772,4.279513,-0.00011,-0.001066,-0.001956,-9.7e-05
2449.496765,13.772,4.50071,-0.000109,-0.001068,-0.001959,-0.000103
2450.762629,13.772,4.078985,-0.000113,-0.001067,-0.001954,-0.000108
2453.293723,13.772,4.586793,-0.000114,-0.001071,-0.001961,-0.000115
2455.808616,13.772,4.36001,-0.000119,-0.001074,-0.001958,-0.00012
2457.074318,13.772,4.74671,-0.00012,-0.001074,-0.001948,-0.000125
2459.605246,13.772,4.498684,-0.000122,-0.00107,-0.001949,-0.000122
2460.856607,13.772,4.416664,-0.000119,-0.001064,-0.001949,-0.00012
2463.372785,13.772,4.528473,-0.000119,-0.001064,-0.001946,-0.000122
2464.622408,13.772,4.465059,-0.000123,-0.001067,-0.001943,-0.000126
2467.136383,13.772,4.336741,-0.000125,-0.001066,-0.001952,-0.000129
2469.636249,13.772,4.191658,-0.000128,-0.001067,-0.001951,-0.000133
2470.887066,13.772,4.77583,-0.000128,-0.001067,-0.001954,-0.000135
2473.402485,13.772,4.422219,-0.000129,-0.001067,-0.001948,-0.000139
2474.66925,13.772,4.930372,-0.000129,-0.001067,-0.001959,-0.000141
2477.184567,13.772,5.010286,-0.000132,-0.001065,-0.001955,-0.000143
2479.699736,13.772,4.828538,-0.000133,-0.001064,-0.001949,-0.000147
2480.950759,13.772,5.187337,-0.00013,-0.00106,-0.001955,-0.000144
2483.465469,13.772,4.800165,-0.000132,-0.001061,-0.001944,-0.000151
2484.715455,13.772,4.856878,-0.000133,-0.00106,-0.001953,-0.00015
2487.230754,13.772,4.342136,-0.000138,-0.001062,-0.001953,-0.000157
2489.746634,13.772,5.006143,-0.00014,-0.001064,-0.001946,-0.000158
2490.99751,13.772,5.038387,-0.000139,-0.001062,-0.001947,-0.000156
2493.512642,13.772,4.997839,-0.000138,-0.001057,-0.001953,-0.000156
2494.778763,13.772,5.348293,-0.000133,-0.001053,-0.001946,-0.000153
2497.29412,13.772,5.014536,-0.000133,-0.001052,-0.001948,-0.000155
2499.809025,13.772,4.950256,-0.000137,-0.00105,-0.001944,-0.000158
2501.074113,13.772,5.161786,-0.000141,-0.001052,-0.001947,-0.000164
2503.57424,13.772,5.109647,-0.000142,-0.001054,-0.001947,-0.000167
2504.824278,13.772,5.168785,-0.000143,-0.001053,-0.001941,-0.000172
2507.356515,13.772,5.27249,-0.000145,-0.001051,-0.001937,-0.000174
2508.62176,13.772,5.214429,-0.000143,-0.001051,-0.001935,-0.000172
2511.152332,13.772,5.350578,-0.000148,-0.001051,-0.001943,-0.000175
2513.668453,13.772,5.045506,-0.000145,-0.00105,-0.001941,-0.000179
2514.918813,13.772,5.295227,-0.000147,-0.00105,-0.001935,-0.000179
2517.419504,13.772,5.323805,-0.000145,-0.001046,-0.001934,-0.000178
2518.684711,13.772,5.370658,-0.000146,-0.001049,-0.001938,-0.000181
2521.199483,13.772,5.749939,-0.000151,-0.001053,-0.001935,-0.000192
2523.716247,13.772,5.381335,-0.000152,-0.00105,-0.001938,-0.000193
2524.98067,13.772,5.239768,-0.000152,-0.001052,-0.001936,-0.000191
2527.482361,13.772,5.286355,-0.000152,-0.001051,-0.001936,-0.00019
2528.731267,13.772,5.489223,-0.000152,-0.001053,-0.001939,-0.000191
2531.262007,13.772,5.319184,-0.000151,-0.001051,-0.001934,-0.000189
2533.779383,13.772,5.06107,-0.000149,-0.001048,-0.001938,-0.000186
2535.029162,13.772,5.238067,-0.000148,-0.001047,-0.001942,-0.000185
2537.54411,13.772,5.386912,-0.000148,-0.001048,-0.001942,-0.000186
2538.809131,13.772,5.33411,-0.00015,-0.001049,-0.00194,-0.000188
2541.30861,13.772,5.677907,-0.000153,-0.001049,-0.001938,-0.000189
2543.823618,13.772,5.458253,-0.000149,-0.001047,-0.001942,-0.000186
2545.074195,13.772,5.490551,-0.000147,-0.001046,-0.001932,-0.000185
2547.573778,13.772,5.221069,-0.000145,-0.001044,-0.001931,-0.000182
2548.824142,13.772,5.323486,-0.000147,-0.001043,-0.00194,-0.000182
2551.32443,13.772,5.334058,-0.00015,-0.001046,-0.001937,-0.000184
2553.823271,13.772,5.929965,-0.000147,-0.001044,-0.00194,-0.000181
2555.074701,13.772,5.314669,-0.000146,-0.001043,-0.00194,-0.000179
2557.591354,13.772,5.313128,-0.000146,-0.001045,-0.001934,-0.000179
2558.856136,13.772,5.394881,-0.000143,-0.001042,-0.001939,-0.00018
2561.371909,13.772,5.550258,-0.000136,-0.001038,-0.001947,-0.000175
2562.637544,13.772,5.433128,-0.000135,-0.001037,-0.001946,-0.000174
2565.153846,13.772,5.5731,-0.000137,-0.001037,-0.001952,-0.000172
2567.670131,13.772,5.25342,-0.000139,-0.00104,-0.001944,-0.00017
2568.917746,13.772,5.306488,-0.000139,-0.001039,-0.001946,-0.000174
2571.433636,13.772,5.380166,-0.000138,-0.001037,-0.00195,-0.000174
2572.699109,13.772,5.293845,-0.000139,-0.001037,-0.001943,-0.000178
2575.19926,13.772,5.412889,-0.000139,-0.001038,-0.001944,-0.000173
2577.699671,13.772,5.265426,-0.000138,-0.001036,-0.001944,-0.000171
2578.965238,13.772,5.586912,-0.000136,-0.001035,-0.001951,-0.000169
2581.481709,13.772,5.432384,-0.000137,-0.001037,-0.001945,-0.000173
2582.74632,13.772,5.181919,-0.000135,-0.001037,-0.001952,-0.000172
2585.244766,13.772,5.414801,-0.000135,-0.001035,-0.001948,-0.000167
2587.762104,13.772,5.469302,-0.000133,-0.001034,-0.001936,-0.000168
2589.011663,13.772,5.261813,-0.000134,-0.001032,-0.001934,-0.000168
2591.528841,13.772,5.486248,-0.00013,-0.00103,-0.001931,-0.000166
2592.778692,13.772,5.146594,-0.000131,-0.001032,-0.001929,-0.000167
2595.278654,13.772,5.268347,-0.000135,-0.001035,-0.001933,-0.000172
2597.793584,13.772,5.018839,-0.000138,-0.001038,-0.001931,-0.000174
2599.05739,13.772,5.860589,-0.000139,-0.00104,-0.001935,-0.000173
2601.574214,13.772,5.161627,-0.000137,-0.001038,-0.00193,-0.000172
2602.825325,13.772,5.263194,-0.000136,-0.001036,-0.001932,-0.00017
2605.341001,13.772,5.614428,-0.00014,-0.00104,-0.001932,-0.000173
2606.591535,13.772,5.160471,-0.000141,-0.001041,-0.001934,-0.000174
2609.104386,13.772,5.086674,-0.000139,-0.00104,-0.001932,-0.000175
2611.621466,13.772,5.48492,-0.00014,-0.001043,-0.001935,-0.000179
2612.88661,13.772,5.683963,-0.000145,-0.001046,-0.001933,-0.000185
2615.419726,13.772,5.503725,-0.000157,-0.001059,-0.001937,-0.000197
2616.669625,13.772,5.534906,-0.000157,-0.001057,-0.00194,-0.000193
2619.184192,13.772,5.455172,-0.00016,-0.001063,-0.001944,-0.000199
2621.684218,13.772,5.172358,-0.000166,-0.001066,-0.001945,-0.000205
2622.94921,13.772,5.292145,-0.00017,-0.001067,-0.001948,-0.000211
2625.448454,13.772,5.669992,-0.000169,-0.001068,-0.001952,-0.000208
2626.699242,13.772,5.316899,-0.000173,-0.001073,-0.001962,-0.000213
2629.199125,13.772,5.530869,-0.00018,-0.001073,-0.001958,-0.000213
2631.693547,13.772,5.366726,-0.000172,-0.00107,-0.001949,-0.000208
2632.93363,13.772,5.928743,-0.000171,-0.001068,-0.001961,-0.000204
2635.434094,13.772,5.162371,-0.000167,-0.001068,-0.001967,-0.000206
2636.684095,13.772,5.520511,-0.000173,-0.001074,-0.001959,-0.000215
2639.184643,13.772,5.352278,-0.000177,-0.001076,-0.001953,-0.000217
2641.699388,13.772,5.184575,-0.000179,-0.001077,-0.001953,-0.000219
2642.950357,13.772,5.512862,-0.000175,-0.001073,-0.001961,-0.000218
2645.481975,13.772,5.752276,-0.000175,-0.001073,-0.001969,-0.000217
2646.73037,13.772,5.484655,-0.000174,-0.001071,-0.001967,-0.000212
2649.229542,13.772,5.695225,-0.000176,-0.001073,-0.001974,-0.000217
2651.730208,13.772,5.279184,-0.000178,-0.001074,-0.001974,-0.000217
2652.982656,13.772,5.761306,-0.000177,-0.001075,-0.001967,-0.00022
2655.497234,13.772,5.385785,-0.000175,-0.001075,-0.001966,-0.000216
2656.761764,13.772,5.216076,-0.00018,-0.001084,-0.001969,-0.00023
2659.294085,13.772,5.357643,-0.000198,-0.001093,-0.001971,-0.000239
2661.809244,13.772,5.387231,-0.000195,-0.001093,-0.001983,-0.000238
2663.059341,13.772,5.325452,-0.000192,-0.001093,-0.001983,-0.000238
2665.559253,13.772,5.189674,-0.000191,-0.001092,-0.001975,-0.000237
2666.820825,13.772,5.051349,-0.000185,-0.001091,-0.001978,-0.000232
2669.307041,13.772,5.33342,-0.00018,-0.001084,-0.001981,-0.000217
2671.809511,13.772,5.534375,-0.000176,-0.001077,-0.001978,-0.000216
2673.059784,13.772,5.348666,-0.000173,-0.001077,-0.001981,-0.000213
2675.574117,13.772,5.416926,-0.00019,-0.001086,-0.001981,-0.00023
2676.824047,13.772,5.172836,-0.000193,-0.001089,-0.001988,-0.000231
2679.325091,13.772,5.438333,-0.000198,-0.001094,-0.001996,-0.000238
2680.590323,13.772,5.183513,-0.000209,-0.001098,-0.001991,-0.000245
2683.122687,13.772,5.287046,-0.000215,-0.001106,-0.001986,-0.00025
2685.621863,13.772,5.107922,-0.000201,-0.001098,-0.001986,-0.000242
2686.871844,13.772,5.557429,-0.000196,-0.001093,-0.001987,-0.000238
2689.386804,13.772,4.771002,-0.000196,-0.001097,-0.001991,-0.000241
2690.651792,13.772,5.409755,-0.000191,-0.00109,-0.001983,-0.000234
2693.150439,13.772,5.222713,-0.000193,-0.001096,-0.00198,-0.000237
2695.668943,13.772,5.22585,-0.000198,-0.001099,-0.001981,-0.000235
2696.918736,13.772,5.207204,-0.000203,-0.001102,-0.001972,-0.000247
2699.434702,13.772,5.28917,-0.000205,-0.001104,-0.001977,-0.000245
2700.684126,13.772,5.755463,-0.000198,-0.001096,-0.001984,-0.000236
2703.183791,13.772,5.322636,-0.000193,-0.001091,-0.00199,-0.000235
2705.699462,13.772,5.402889,-0.000187,-0.001086,-0.001992,-0.000224
2706.965182,13.772,5.316634,-0.000188,-0.001086,-0.001996,-0.000223
2709.479871,13.772,5.23334,-0.000199,-0.001096,-0.002003,-0.000235
2710.72702,13.772,5.168692,-0.000199,-0.001098,-0.001996,-0.000239
2713.231302,13.772,5.730337,-0.000208,-0.001106,-0.001981,-0.00025
2715.732594,13.772,5.149463,-0.000207,-0.001106,-0.001984,-0.000251
2716.981213,13.772,5.133738,-0.000201,-0.001101,-0.001979,-0.000245
2719.51257,13.772,5.361521,-0.000201,-0.001099,-0.001969,-0.000235
2720.778477,13.772,5.782821,-0.000201,-0.001099,-0.001981,-0.000236
2723.293713,13.772,5.236262,-0.000181,-0.001082,-0.001982,-0.000221
2725.808342,13.772,5.666327,-0.000184,-0.001085,-0.001978,-0.000221
2727.057917,13.772,5.068506,-0.000185,-0.001084,-0.001986,-0.000221
2729.559386,13.772,5.235677,-0.000185,-0.001085,-0.001985,-0.000224
2730.825138,13.772,5.269888,-0.000189,-0.00109,-0.001985,-0.000227
2733.324426,13.772,5.134748,-0.000197,-0.001094,-0.00197,-0.00023
2734.590935,13.772,5.374163,-0.000195,-0.001092,-0.001971,-0.000226
2737.122459,13.772,5.46415,-0.000185,-0.001085,-0.001973,-0.000219
2739.636621,13.772,5.078387,-0.000187,-0.001086,-0.001977,-0.000226
2740.886817,13.772,5.264469,-0.000195,-0.001093,-0.001969,-0.000236
2743.418736,13.772,5.358546,-0.000203,-0.001101,-0.001978,-0.000244
2744.668886,13.772,5.310738,-0.000199,-0.001099,-0.001982,-0.000236
2747.184115,13.772,5.547337,-0.000193,-0.001094,-0.001978,-0.000232
2749.683571,13.772,5.415969,-0.000199,-0.001096,-0.001979,-0.000235
2750.934236,13.772,5.397271,-0.000196,-0.001094,-0.001984,-0.000231
2753.434654,13.772,5.615916,-0.000192,-0.001092,-0.001983,-0.000226
2754.684117,13.772,5.782714,-0.000191,-0.00109,-0.001982,-0.000222
2757.198998,13.772,5.214907,-0.000189,-0.001088,-0.00197,-0.000223
2759.700141,13.772,6.012886,-0.000185,-0.001085,-0.001973,-0.000227
2760.950299,13.772,5.012736,-0.000179,-0.001083,-0.001984,-0.00022
2763.451583,13.772,5.76035,-0.000177,-0.001081,-0.001978,-0.000217
2764.698599,13.772,5.388293,-0.000183,-0.001083,-0.001969,-0.000222
2767.214698,13.772,5.296289,-0.000186,-0.001087,-0.001964,-0.000228
2769.731924,13.772,5.312544,-0.000192,-0.00109,-0.001974,-0.00023
2770.978384,13.772,5.432968,-0.000194,-0.001093,-0.001976,-0.000233
2773.497619,13.772,5.3799,-0.000194,-0.00109,-0.001969,-0.000226
2774.746257,13.772,5.468452,-0.000192,-0.001091,-0.001971,-0.000226
2777.246405,13.772,5.217351,-0.000189,-0.001087,-0.001973,-0.00022
2779.745705,13.772,5.208107,-0.000182,-0.001088,-0.001976,-0.000223
2780.997156,13.772,5.32083,-0.000182,-0.001089,-0.001982,-0.000218
2783.528578,13.772,5.663405,-0.000183,-0.001085,-0.001976,-0.000215
2784.793642,13.772,5.361733,-0.00019,-0.001088,-0.001977,-0.000227
2787.308324,13.772,5.5297,-0.000196,-0.001093,-0.001968,-0.000233
2789.824315,13.772,5.053633,-0.0002,-0.001096,-0.001967,-0.000236
2791.075155,13.772,5.481095,-0.000198,-0.001096,-0.00198,-0.000236
2793.574647,13.772,5.154987,-0.000199,-0.001096,-0.001988,-0.000235
2794.840394,13.772,5.335332,-0.0002,-0.001096,-0.00198,-0.000235
2797.356401,13.772,5.621015,-0.000202,-0.001097,-0.001982,-0.000236
2798.623172,13.772,5.047947,-0.000203,-0.001097,-0.00198,-0.000237
2801.137458,13.772,5.323168,-0.000198,-0.001096,-0.001983,-0.000232
2803.653978,13.772,5.168692,-0.000192,-0.00109,-0.001983,-0.000225
2804.917911,13.772,5.179157,-0.00019,-0.001088,-0.001973,-0.000225
2807.419306,13.772,5.349197,-0.000189,-0.00109,-0.001962,-0.000224
2808.683918,13.772,5.223885,-0.00019,-0.001087,-0.001964,-0.000225
2811.200221,13.772,5.220803,-0.000187,-0.001088,-0.001964,-0.000225
2813.698381,13.772,5.415172,-0.000184,-0.001081,-0.001965,-0.000219
2814.949112,13.772,5.164973,-0.000183,-0.001079,-0.001974,-0.000218
2817.465866,13.772,4.919061,-0.000185,-0.001081,-0.001978,-0.000223
2818.731258,13.772,5.420697,-0.000185,-0.001083,-0.001973,-0.000224
2821.246626,13.772,5.488745,-0.000186,-0.001084,-0.001974,-0.000223
2823.778556,13.772,5.047152,-0.000187,-0.001082,-0.001968,-0.000221
2825.044461,13.772,5.245293,-0.000187,-0.001085,-0.001965,-0.000222
2827.559037,13.772,5.178307,-0.000186,-0.001085,-0.001966,-0.000222
2828.809479,13.772,5.563114,-0.000186,-0.001084,-0.00196,-0.000223
2831.324673,13.772,5.362583,-0.000186,-0.001083,-0.00196,-0.000218
2833.840802,13.772,5.33682,-0.000174,-0.001075,-0.001967,-0.000205
2835.105896,13.772,5.681147,-0.000169,-0.00107,-0.001962,-0.0002
2837.622682,13.772,5.514083,-0.000165,-0.001065,-0.001964,-0.000197
2838.887732,13.772,5.043115,-0.00017,-0.001068,-0.001957,-0.000201
2841.387469,13.772,5.146594,-0.000166,-0.001066,-0.001954,-0.000198
2842.636307,13.772,5.143619,-0.000162,-0.001062,-0.00196,-0.000195
2845.152615,13.772,5.047418,-0.000157,-0.001057,-0.001956,-0.000187
2847.685347,13.772,5.197271,-0.000151,-0.001054,-0.001957,-0.000184
2848.934012,13.772,5.307284,-0.000152,-0.001053,-0.001956,-0.000184
2851.4347,13.772,5.87626,-0.000151,-0.001054,-0.00195,-0.000182
2852.683506,13.772,5.38755,-0.00015,-0.001053,-0.001944,-0.000184
2855.18411,13.772,5.425883,-0.000151,-0.001054,-0.001944,-0.000185
2857.700525,13.772,5.044212,-0.000155,-0.00106,-0.001939,-0.000192
2858.950307,13.772,5.670789,-0.000157,-0.00106,-0.001949,-0.000189
2861.480896,13.772,5.347285,-0.000156,-0.001057,-0.001945,-0.000188
2862.747199,13.772,5.43334,-0.000155,-0.001057,-0.001948,-0.000186
2865.246262,13.772,5.536075,-0.000153,-0.001054,-0.001951,-0.000185
2867.746345,13.772,5.013102,-0.000153,-0.001055,-0.001951,-0.000184
2869.012078,13.772,5.425266,-0.000154,-0.001057,-0.001943,-0.000188
2871.528332,13.772,5.457669,-0.000157,-0.001058,-0.001945,-0.000187
2872.794681,13.772,5.770709,-0.000157,-0.001058,-0.001947,-0.000185
2875.292845,13.772,5.324018,-0.000157,-0.001056,-0.001943,-0.000187
2877.809436,13.772,5.531719,-0.000156,-0.001056,-0.001946,-0.00019
2879.058961,13.772,5.43164,-0.000153,-0.001053,-0.001952,-0.000185
2881.573708,13.772,5.571082,-0.000149,-0.001052,-0.001945,-0.000184
2882.823958,13.772,4.950378,-0.00015,-0.001053,-0.001947,-0.000182
2885.340379,13.772,5.066488,-0.000149,-0.00105,-0.001949,-0.000181
2887.840084,13.772,5.338519,-0.00015,-0.001049,-0.001946,-0.000178
2889.090544,13.772,5.047258,-0.000149,-0.001049,-0.001941,-0.000176
2891.620893,13.772,5.246834,-0.000145,-0.001048,-0.00194,-0.000179
2892.872089,13.772,5.505956,-0.000145,-0.001046,-0.001945,-0.000178
2895.38706,13.772,5.25767,-0.000146,-0.001047,-0.001934,-0.000176
2896.636282,13.772,5.128905,-0.000148,-0.001047,-0.001935,-0.000176
2899.152667,13.772,5.120353,-0.000149,-0.001048,-0.001937,-0.000178
2901.684104,13.772,5.380166,-0.000146,-0.001045,-0.001936,-0.000175
2902.93422,13.772,5.365718,-0.000145,-0.001045,-0.001936,-0.000175
2905.450201,13.772,5.164017,-0.000142,-0.001043,-0.001939,-0.000172
2906.700606,13.772,5.57244,-0.000138,-0.001041,-0.001936,-0.000172
2909.200996,13.772,5.091721,-0.000138,-0.001039,-0.001941,-0.000169
2911.730768,13.772,5.317962,-0.000137,-0.001039,-0.001934,-0.00017
2912.980815,13.772,5.41496,-0.000136,-0.001038,-0.001939,-0.00017
2915.480661,13.772,5.313394,-0.000134,-0.001038,-0.001936,-0.000168
2916.730682,13.772,5.381706,-0.000136,-0.001041,-0.001927,-0.00017
2919.23055,13.772,5.765716,-0.000142,-0.001044,-0.00193,-0.000178
2921.747089,13.772,5.316528,-0.000148,-0.001048,-0.001933,-0.00018
2923.011944,13.772,5.578943,-0.000149,-0.001047,-0.001938,-0.000179
2925.542888,13.772,5.132783,-0.000148,-0.001048,-0.00194,-0.000179
2926.79426,13.772,5.43334,-0.000149,-0.001046,-0.001946,-0.000179
2929.309524,13.772,5.362849,-0.000147,-0.001047,-0.001939,-0.000178
2931.823741,13.772,5.469196,-0.000144,-0.001044,-0.001939,-0.000176
2933.074107,13.772,5.304363,-0.000144,-0.001043,-0.001945,-0.000174
2935.574291,13.772,5.491295,-0.000141,-0.001041,-0.001944,-0.000171
2936.825056,13.772,5.391534,-0.000142,-0.001044,-0.001934,-0.000175
2939.340243,13.772,5.287577,-0.00014,-0.001042,-0.001931,-0.00017
2940.605718,13.772,5.71966,-0.000138,-0.001039,-0.001934,-0.000167
2943.120705,13.772,5.257936,-0.00014,-0.00104,-0.001927,-0.000169
2945.620495,13.772,5.184469,-0.000139,-0.00104,-0.001927,-0.000168
2946.871927,13.772,5.435836,-0.000138,-0.00104,-0.001932,-0.000169
2949.402041,13.772,5.218201,-0.000137,-0.00104,-0.00193,-0.000167
2950.653723,13.772,5.352012,-0.00014,-0.001042,-0.001926,-0.000171
2953.168921,13.772,5.767416,-0.000145,-0.001046,-0.001932,-0.000176
2955.684267,13.772,5.478492,-0.000151,-0.001049,-0.001938,-0.000183
2956.934467,13.772,5.647469,-0.000152,-0.001049,-0.001931,-0.000181
2959.449333,13.772,5.473712,-0.000146,-0.001046,-0.001933,-0.000178
2960.69937,13.772,5.445982,-0.000146,-0.001046,-0.001935,-0.000176
2963.20047,13.772,5.482954,-0.00015,-0.001048,-0.001932,-0.000179
2965.701276,13.772,5.850443,-0.000148,-0.001045,-0.00194,-0.000176
2966.965396,13.772,5.429037,-0.000149,-0.001048,-0.001935,-0.000176
2969.482401,13.772,5.545265,-0.000152,-0.001052,-0.001937,-0.000183
2970.730063,13.772,5.386382,-0.000153,-0.001053,-0.001935,-0.000182
2973.247081,13.772,5.351215,-0.000151,-0.001051,-0.001933,-0.000182
2975.762513,13.772,5.343088,-0.000152,-0.00105,-0.001931,-0.000182
2977.02855,13.772,5.459794,-0.000152,-0.001052,-0.001928,-0.000183
2979.543581,13.772,5.271694,-0.000153,-0.001055,-0.001933,-0.000184
2980.809192,13.772,5.503353,-0.000154,-0.001053,-0.001933,-0.000183
2983.324049,13.772,5.251243,-0.000151,-0.001049,-0.001933,-0.000182
2985.824592,13.772,5.202158,-0.000152,-0.001055,-0.00194,-0.000185
2987.090384,13.772,5.358068,-0.000149,-0.001052,-0.001949,-0.00018
2989.621107,13.772,5.609276,-0.000155,-0.001056,-0.001946,-0.000187
2990.871156,13.772,5.503566,-0.000161,-0.001063,-0.001953,-0.000194
2993.401648,13.772,5.361309,-0.000176,-0.001076,-0.001944,-0.00021
2994.668645,13.772,5.961731,-0.000173,-0.001073,-0.001954,-0.000205
2997.168506,13.772,5.473712,-0.000167,-0.001069,-0.001949,-0.0002
2999.68467,13.772,5.116793,-0.000169,-0.001075,-0.001939,-0.000209
3000.935203,13.772,5.330445,-0.000175,-0.001078,-0.001943,-0.00021
3003.449393,13.772,5.190631,-0.000172,-0.001073,-0.001956,-0.000206
3004.715274,13.772,5.504256,-0.000184,-0.001086,-0.001954,-0.00022
3007.231822,13.772,5.244709,-0.000175,-0.001079,-0.001958,-0.000208
3009.74656,13.772,5.268985,-0.000174,-0.001078,-0.001959,-0.000208
3010.99504,13.772,5.783777,-0.000175,-0.00108,-0.001952,-0.000211
3013.512868,13.772,5.108772,-0.000175,-0.001076,-0.001955,-0.000207
3014.778114,13.772,5.353924,-0.000175,-0.001077,-0.001952,-0.000206
3017.308799,13.772,5.247843,-0.000166,-0.001072,-0.001956,-0.000197
3019.824106,13.772,5.426009,-0.000173,-0.001082,-0.001966,-0.000216
3021.074113,13.772,5.141176,-0.000178,-0.001085,-0.001955,-0.000215
3023.574999,13.772,5.683006,-0.000178,-0.001082,-0.001958,-0.000212
3024.840074,13.772,5.434296,-0.000177,-0.001082,-0.001963,-0.000214
3027.340567,13.772,5.128968,-0.000177,-0.001077,-0.001959,-0.000207
3029.85664,13.772,5.431959,-0.000177,-0.001076,-0.001956,-0.000208
3031.122735,13.772,5.518439,-0.000171,-0.001072,-0.00196,-0.000204
3033.638099,13.772,5.192065,-0.000171,-0.001069,-0.001969,-0.0002
3034.902735,13.772,5.350896,-0.000175,-0.001074,-0.001964,-0.000208
3037.404125,13.772,5.549674,-0.000187,-0.001087,-0.001966,-0.00022
3038.652631,13.772,5.23982,-0.000193,-0.001097,-0.001962,-0.000231
3041.15442,13.772,5.944892,-0.000199,-0.001099,-0.001963,-0.000233
3043.668405,13.772,5.613472,-0.000198,-0.001098,-0.001966,-0.000231
3044.919862,13.772,5.184575,-0.000191,-0.001094,-0.001966,-0.000224
3047.417069,13.772,5.170233,-0.000192,-0.001094,-0.001962,-0.000224
3048.669019,13.772,5.266435,-0.000193,-0.001094,-0.001964,-0.000229
3051.169031,13.772,5.341495,-0.00019,-0.001095,-0.00197,-0.000222
3053.683928,13.772,5.520936,-0.000191,-0.001095,-0.001957,-0.000225
3054.934341,13.772,5.012412,-0.000194,-0.001096,-0.001961,-0.00023
3057.450488,13.772,5.484442,-0.000196,-0.001095,-0.001964,-0.000227
3058.715143,13.772,5.15913,-0.000196,-0.001099,-0.001968,-0.000229
3061.246591,13.772,5.45565,-0.000195,-0.001099,-0.001963,-0.000226
3063.777037,13.772,5.508293,-0.000198,-0.001099,-0.001967,-0.000235
3065.028404,13.772,5.729806,-0.000207,-0.001107,-0.001969,-0.000244
3067.543029,13.772,5.40253,-0.000202,-0.001102,-0.00197,-0.000236
3068.79402,13.772,5.43828,-0.000205,-0.001108,-0.001976,-0.000243
3071.30904,13.772,5.671533,-0.0002,-0.001101,-0.001973,-0.000232
3073.825172,13.772,5.342716,-0.000181,-0.001087,-0.00197,-0.000212
3075.090651,13.772,5.869248,-0.000176,-0.001081,-0.001978,-0.000208
3077.620627,13.772,5.288852,-0.000186,-0.00109,-0.001973,-0.000223
3078.870882,13.772,5.756897,-0.000186,-0.001089,-0.00198,-0.000223
3081.387708,13.772,5.302079,-0.000177,-0.001083,-0.00198,-0.00021
3082.63736,13.772,5.696871,-0.000188,-0.001094,-0.001975,-0.000227
3085.154348,13.772,5.178732,-0.000191,-0.001098,-0.001977,-0.000225
3087.652289,13.772,5.689859,-0.000191,-0.001094,-0.001981,-0.000228
3088.90216,13.772,5.193234,-0.000184,-0.00109,-0.001979,-0.000224
3091.418582,13.772,5.446992,-0.000184,-0.001088,-0.001973,-0.00022
3092.684023,13.772,5.345479,-0.000184,-0.001087,-0.001979,-0.000219
3095.201513,13.772,5.383619,-0.000176,-0.001083,-0.001982,-0.000216
3097.700944,13.772,5.413739,-0.000183,-0.001091,-0.001977,-0.000218
3098.965473,13.772,5.456766,-0.000185,-0.001091,-0.001982,-0.000219
3101.481231,13.772,5.629833,-0.000179,-0.001088,-0.001989,-0.00022
3102.728857,13.772,5.299848,-0.000186,-0.001093,-0.001991,-0.000229
3105.246278,13.772,5.239343,-0.000195,-0.001097,-0.001992,-0.000234
3107.779088,13.772,5.293049,-0.000199,-0.001102,-0.001976,-0.000236
3109.044047,13.772,5.271375,-0.000188,-0.001096,-0.001981,-0.00023
3111.573546,13.772,5.339529,-0.000176,-0.001084,-0.001982,-0.000213
3112.822958,13.772,5.27945,-0.000179,-0.001086,-0.001984,-0.000216
3115.324113,13.772,5.147072,-0.000196,-0.001101,-0.001992,-0.000233
3117.824131,13.772,5.185319,-0.000191,-0.001094,-0.001997,-0.000224
3119.090944,13.772,5.165904,-0.000192,-0.001094,-0.001988,-0.000228
3121.606153,13.772,5.275996,-0.000194,-0.001096,-0.001993,-0.000228
3122.872869,13.772,5.350312,-0.000201,-0.001103,-0.001992,-0.000239
3125.386378,13.772,5.168479,-0.000198,-0.001104,-0.001994,-0.000231
3126.637289,13.772,5.699846,-0.000192,-0.001098,-0.001987,-0.000226
3129.136637,13.772,5.308613,-0.000184,-0.001092,-0.001986,-0.00022
3131.669517,13.772,5.358068,-0.000184,-0.00109,-0.00199,-0.000218
3132.91819,13.772,5.632914,-0.000185,-0.001087,-0.001989,-0.000218
3135.419028,13.772,5.061548,-0.000186,-0.001089,-0.001985,-0.000227
3136.684591,13.772,5.496925,-0.000183,-0.001088,-0.001984,-0.000225
3139.215159,13.772,5.234456,-0.000177,-0.001082,-0.001982,-0.000214
3141.731364,13.772,5.382291,-0.000182,-0.001087,-0.001983,-0.000218
3142.980186,13.772,5.667921,-0.000183,-0.001087,-0.001986,-0.000215
3145.496445,13.772,5.38091,-0.000176,-0.001081,-0.001977,-0.000208
3146.747714,13.772,5.632436,-0.000175,-0.001078,-0.001979,-0.000208
3149.244726,13.772,5.022982,-0.000181,-0.001087,-0.001973,-0.000216
3151.746235,13.772,5.20662,-0.000175,-0.001082,-0.001975,-0.00021
3153.012346,13.772,5.041415,-0.000168,-0.001075,-0.001968,-0.000202
3153.27959,13.772,5.472915,-0.000153,-0.001066,-0.001964,-0.000189
3154.532313,13.772,5.091136,-0.000154,-0.001065,-0.001969,-0.000187
3155.781411,13.772,5.336979,-0.000162,-0.001072,-0.001968,-0.000196
3158.282377,13.772,5.128618,-0.000165,-0.001074,-0.001969,-0.000198
3159.531318,13.772,4.956538,-0.000162,-0.001071,-0.001966,-0.000198
3162.031079,13.772,5.056449,-0.000161,-0.001072,-0.001967,-0.000199
3164.531188,13.772,5.192384,-0.000157,-0.001071,-0.001972,-0.000193
3165.781598,13.772,5.231109,-0.000158,-0.001071,-0.001967,-0.000196
3168.281312,13.772,5.258573,-0.000158,-0.001072,-0.001966,-0.000196
3169.53235,13.772,5.002996,-0.000156,-0.001072,-0.001972,-0.000188
3172.063517,13.772,5.046993,-0.00015,-0.001071,-0.001966,-0.000179
3174.562781,13.772,5.297883,-0.000154,-0.001074,-0.001967,-0.000184
3175.812098,13.772,4.884259,-0.000147,-0.001071,-0.001974,-0.000181
3178.313664,13.772,5.185819,-0.000146,-0.001073,-0.001971,-0.000177
3179.562085,13.772,5.012093,-0.000153,-0.001082,-0.001962,-0.000184
3182.063278,13.772,5.045825,-0.000158,-0.001089,-0.001968,-0.000189
3184.57571,13.772,4.849175,-0.000157,-0.00109,-0.001963,-0.000184
3185.827703,13.772,4.74828,-0.000157,-0.00109,-0.001967,-0.000181
3188.32794,13.772,4.980724,-0.000155,-0.001092,-0.001966,-0.000174
3189.578141,13.772,4.754848,-0.000152,-0.001091,-0.00196,-0.000172
3192.094091,13.772,5.532852,-0.000143,-0.001086,-0.00196,-0.00016
3194.609869,13.772,4.306358,-0.000131,-0.00108,-0.00196,-0.000147
3195.859957,13.772,5.006833,-0.000126,-0.001076,-0.00196,-0.000143
3198.36003,13.772,4.783029,-0.000119,-0.001073,-0.001959,-0.000136
3199.625612,13.772,5.078812,-0.000126,-0.001079,-0.001961,-0.000143
3202.126398,13.772,4.652488,-0.000143,-0.001095,-0.001962,-0.000156
3204.6230689999998,13.772,4.676309,-0.000138,-0.001094,-0.001962,-0.00015
3205.8746419999998,13.772,4.881612,-0.000134,-0.001091,-0.001967,-0.000146
3208.374375,13.772,4.32256,-0.000132,-0.001092,-0.001965,-0.000142
3209.626809,13.772,4.377894,-0.000128,-0.00109,-0.001959,-0.000138
3212.125751,13.772,4.361447,-0.000123,-0.001089,-0.001957,-0.000131
3214.6243,13.772,4.604136,-0.000124,-0.001093,-0.001962,-0.000131
3215.874967,13.772,4.272887,-0.000121,-0.001091,-0.001965,-0.000127
3218.392691,13.772,4.540409,-0.000114,-0.001088,-0.001957,-0.00012
3219.641486,13.772,4.748678,-0.00011,-0.001085,-0.001964,-0.000114
3222.140335,13.772,4.183552,-0.000106,-0.001085,-0.001961,-0.000114
3224.670271,13.772,4.076916,-0.000111,-0.001091,-0.001961,-0.000115
3225.921671,13.772,4.293482,-0.00011,-0.001091,-0.001961,-0.000113
3228.420897,13.772,4.063637,-0.000109,-0.001093,-0.00196,-0.000109
3229.672064,13.772,4.06048,-0.000107,-0.001093,-0.001954,-0.000109
3232.187267,13.772,3.866149,-0.000103,-0.001089,-0.001953,-9.7e-05
3234.70393,13.772,4.017444,-9.8e-05,-0.001087,-0.001961,-9.2e-05
3235.953652,13.772,3.730547,-9.9e-05,-0.001088,-0.001953,-9.1e-05
3238.45408,13.772,3.78327,-9.8e-05,-0.00109,-0.001951,-9.2e-05
3239.703828,13.772,3.800098,-0.0001,-0.001092,-0.001956,-8.9e-05
3242.220452,13.772,3.960376,-9.6e-05,-0.001092,-0.001953,-8.5e-05
3244.718217,13.772,4.074794,-9e-05,-0.001088,-0.001956,-7.5e-05
3245.969192,13.772,3.868048,-9.1e-05,-0.001091,-0.001949,-7.5e-05
3248.482815,13.772,3.647572,-8.7e-05,-0.001089,-0.001957,-7.2e-05
3249.735914,13.772,3.919568,-8.5e-05,-0.001088,-0.001952,-6.8e-05
3252.24955,13.772,3.07035,-8e-05,-0.001087,-0.001956,-5.9e-05
3253.499469,13.772,3.737698,-8e-05,-0.001089,-0.001946,-5.9e-05
3256.016512,13.772,3.738016,-7.7e-05,-0.001087,-0.001944,-5.2e-05
3258.51793,13.772,3.595438,-7.4e-05,-0.001087,-0.00195,-4.7e-05
3259.766499,13.772,3.691341,-7.3e-05,-0.001088,-0.00195,-4.8e-05
3262.267012,13.772,3.627211,-7.5e-05,-0.001092,-0.001948,-4.8e-05
3263.517079,13.772,4.21003,-7.5e-05,-0.001092,-0.001948,-4.6e-05
3266.031168,13.772,3.757656,-7e-05,-0.001093,-0.001955,-4.1e-05
3268.547052,13.772,2.576346,-7.1e-05,-0.001094,-0.001948,-3.9e-05
3269.796569,13.772,3.536533,-7e-05,-0.001094,-0.001953,-3.7e-05
3272.29775,13.772,3.390353,-6.7e-05,-0.001091,-0.00195,-3.1e-05
3273.547429,13.772,3.389408,-6.6e-05,-0.001091,-0.001947,-2.9e-05
3276.047026,13.772,3.023855,-6.1e-05,-0.00109,-0.001941,-2.4e-05
3278.547886,13.772,3.288104,-5.4e-05,-0.001086,-0.001944,-1.6e-05
3279.797342,13.772,3.338589,-5.3e-05,-0.001085,-0.001949,-1.3e-05
3282.31309,13.772,3.449681,-4.9e-05,-0.001083,-0.001946,-0.0
3283.56283,13.772,3.607491,-4.7e-05,-0.001082,-0.001942,2e-06
3286.063234,13.772,3.1921,-4.5e-05,-0.001084,-0.001944,5e-06
3288.563152,13.772,3.356017,-4.2e-05,-0.001085,-0.001945,1e-05
3289.812783,13.772,3.171495,-4.4e-05,-0.001084,-0.001946,9e-06
3292.330013,13.772,2.88777,-3.9e-05,-0.001082,-0.001933,1.8e-05
3293.572774,13.772,3.046264,-3.6e-05,-0.001082,-0.001939,2.2e-05
3296.062934,13.772,2.996008,-3.2e-05,-0.001076,-0.001941,3.4e-05
3298.563262,13.772,3.32349,-2.7e-05,-0.001078,-0.00194,3.7e-05
3299.813029,13.772,3.442837,-2.7e-05,-0.001078,-0.001936,3.5e-05
3302.342831,13.772,3.127398,-2.2e-05,-0.001077,-0.001942,4e-05
3303.595104,13.772,2.754964,-2.4e-05,-0.001075,-0.001939,4.1e-05
3306.1095139999998,13.772,3.153664,-2e-05,-0.001073,-0.001938,4.5e-05
3308.609857,13.772,3.004119,-1.3e-05,-0.001071,-0.00194,5.4e-05
3309.860548,13.772,2.958744,-1.6e-05,-0.001074,-0.001935,5.1e-05
3312.359821,13.772,3.198127,-1.5e-05,-0.001076,-0.001928,5.5e-05
3313.609539,13.772,3.009642,-1.4e-05,-0.001075,-0.001936,5.9e-05
3316.109931,13.772,2.935491,-1.4e-05,-0.001076,-0.001937,6.2e-05
3318.624683,13.772,3.320896,-1.2e-05,-0.001078,-0.00193,6.4e-05
3319.876714,13.772,2.801109,-1.2e-05,-0.001077,-0.001933,6.8e-05
3322.375383,13.772,3.302572,-8e-06,-0.001076,-0.001938,7.2e-05
3323.624473,13.772,2.878305,-7e-06,-0.001075,-0.001933,7.3e-05
3326.125013,13.772,2.797432,-4e-06,-0.001073,-0.001934,7.9e-05
3328.625401,13.772,2.670403,0.0,-0.001072,-0.001933,8.5e-05
3329.874588,13.772,2.690361,2e-06,-0.00107,-0.001934,9e-05
3332.374548,13.772,2.65219,1e-06,-0.001075,-0.001933,8.9e-05
3333.624602,13.772,3.010035,-0.0,-0.001074,-0.001934,9e-05
3336.125531,13.772,2.649909,-1e-06,-0.001077,-0.001936,9.2e-05
3338.624875,13.772,2.613218,-2e-06,-0.001079,-0.001936,9e-05
3339.87444,13.772,2.648911,0.0,-0.00108,-0.001928,9.1e-05
3342.376542,13.772,2.231972,3e-06,-0.001081,-0.001926,9.4e-05
3343.62599,13.772,2.541093,3e-06,-0.001079,-0.001932,9.9e-05
3346.141838,13.772,1.10363,4e-06,-0.001078,-0.00193,0.000101
3348.656251,13.772,2.213043,7e-06,-0.001079,-0.00192,0.000108
3349.907205,13.772,2.698298,8e-06,-0.001078,-0.001922,0.00011
3352.406463,13.772,2.388392,1.3e-05,-0.001076,-0.001918,0.000113
3353.657207,13.772,2.432351,1.1e-05,-0.001078,-0.001924,0.000116
3356.156634,13.772,2.510694,1.2e-05,-0.001076,-0.001927,0.000118
3358.656,13.772,2.398318,2e-05,-0.001073,-0.001926,0.000132
3359.907438,13.772,2.2773,1.9e-05,-0.001075,-0.001925,0.000131
3362.406961,13.772,2.333626,1.7e-05,-0.001078,-0.001929,0.000127
3363.672905,13.772,2.332819,1.7e-05,-0.001076,-0.001934,0.00013
3366.187191,13.772,2.218326,1.4e-05,-0.001083,-0.001927,0.000127
3368.685788,13.772,2.248344,1.6e-05,-0.001083,-0.00193,0.000135
3369.953659,13.772,1.736684,1.7e-05,-0.001083,-0.001931,0.000134
3372.454637,13.772,2.033513,5e-06,-0.001095,-0.001934,0.000123
3373.704559,13.772,1.917816,4e-06,-0.001096,-0.001945,0.000124
3376.220225,13.772,2.07501,1.3e-05,-0.001092,-0.001935,0.000136
3378.718436,13.772,2.01557,2.2e-05,-0.001088,-0.001938,0.000144
3379.969436,13.772,2.011321,2.4e-05,-0.001084,-0.001941,0.000148
3382.484073,13.772,1.999437,2.3e-05,-0.001088,-0.001942,0.000145
3383.750585,13.772,2.088799,2e-05,-0.001091,-0.001942,0.000145
3386.249491,13.772,1.703324,1.7e-05,-0.001096,-0.001944,0.000141
3387.499529,13.772,1.94735,1.8e-05,-0.001096,-0.001931,0.000147
3390.000018,13.772,0.739583,2.6e-05,-0.00109,-0.001935,0.000156
3392.516475,13.772,1.849516,1.9e-05,-0.001093,-0.00195,0.000147
3393.766761,13.772,2.090645,1.4e-05,-0.001098,-0.00194,0.000139
3396.266973,13.772,1.812066,6e-06,-0.001104,-0.001942,0.000134
3397.516185,13.772,2.057413,2e-06,-0.001107,-0.00195,0.000129
3400.016406,13.772,1.982863,-6e-06,-0.001111,-0.001953,0.00012
3402.531513,13.772,2.051206,-9e-06,-0.001114,-0.001951,0.000114
3403.782641,13.772,2.140642,-1.1e-05,-0.001111,-0.001953,0.000113
3406.282168,13.772,2.179657,-4e-06,-0.001105,-0.001947,0.000118
3407.548055,13.772,2.11559,3e-06,-0.001098,-0.00194,0.000122
3410.077229,13.772,3.232558,-5e-06,-0.001104,-0.001948,0.00012
3412.578252,13.772,2.08648,-1.1e-05,-0.001108,-0.00195,0.000107
3413.82815,13.772,3.934258,-3e-06,-0.0011,-0.001958,0.000113
3416.343763,13.772,2.193848,0.0,-0.001091,-0.001953,0.000118
3417.595018,13.772,2.220247,-3e-06,-0.001092,-0.001951,0.000115
3420.109824,13.772,2.332411,-1.3e-05,-0.001101,-0.001951,0.000101
3422.626509,13.772,2.438208,-1.3e-05,-0.001097,-0.001954,0.000103
3423.875256,13.772,2.383967,-1.5e-05,-0.001098,-0.001954,9.9e-05
3426.373884,13.772,2.428765,-2.1e-05,-0.001102,-0.001957,8.7e-05
3427.626135,13.772,2.358173,-2.1e-05,-0.001102,-0.001958,8.9e-05
3430.157346,13.772,2.388901,-2.8e-05,-0.001104,-0.001955,8.3e-05
3432.68775,13.772,2.463212,-3.8e-05,-0.001112,-0.001961,6.8e-05
3433.939488,13.772,2.405002,-3.5e-05,-0.001107,-0.001958,6.9e-05
3436.437825,13.772,2.537231,-4.8e-05,-0.00112,-0.001957,5.2e-05
3437.688486,13.772,2.501134,-5.2e-05,-0.001125,-0.001962,4.4e-05
3440.203724,13.772,2.01053,-6e-05,-0.001129,-0.001959,3.5e-05
3442.704736,13.772,2.515755,-5.1e-05,-0.001119,-0.001957,4.5e-05
3443.954361,13.772,2.668127,-4.9e-05,-0.001117,-0.001961,4.4e-05
3446.452735,13.772,2.701847,-4.9e-05,-0.001112,-0.001955,4.6e-05
3447.703997,13.772,2.675337,-5e-05,-0.001113,-0.001947,4.6e-05
3450.219864,13.772,2.544223,-4.3e-05,-0.001104,-0.001958,4.7e-05
3452.717858,13.772,2.862358,-3.8e-05,-0.001098,-0.001963,5.5e-05
3453.969539,13.772,2.814923,-3.7e-05,-0.001097,-0.001956,5.3e-05
3456.466896,13.772,2.918456,-4.2e-05,-0.001098,-0.00196,4.9e-05
3457.718888,13.772,2.818764,-4e-05,-0.001095,-0.001958,5e-05
3460.220364,13.772,2.953353,-4.2e-05,-0.001095,-0.00196,4.8e-05
3462.734856,13.772,2.961651,-5.2e-05,-0.001104,-0.001967,3.1e-05
3463.999395,13.772,2.947417,-5e-05,-0.001108,-0.001965,2.8e-05
3466.500476,13.772,3.070844,-5.3e-05,-0.001099,-0.001964,2.4e-05
3467.750841,13.772,2.923538,-5.8e-05,-0.001105,-0.001964,1.7e-05
3470.266992,13.772,3.099603,-6.1e-05,-0.001107,-0.001966,1e-05
3471.515986,13.772,3.045941,-6e-05,-0.001102,-0.001973,1.8e-05
3474.016536,13.772,2.926811,-6.1e-05,-0.0011,-0.001972,2.2e-05
3476.516805,13.772,3.01881,-7.4e-05,-0.001108,-0.00197,5e-06
3477.782055,13.772,3.098919,-7.3e-05,-0.001111,-0.00197,-2e-06
3480.281469,13.772,3.334005,-8.9e-05,-0.001126,-0.001973,-2.1e-05
3481.532049,13.772,3.322201,-8.8e-05,-0.001121,-0.001968,-1.3e-05
3484.046541,13.772,2.734071,-7.8e-05,-0.001111,-0.001958,-9e-06
3486.548192,13.772,3.948863,-8.6e-05,-0.001118,-0.001958,-2.4e-05
3487.7975189999997,13.772,3.214393,-8.3e-05,-0.001111,-0.001961,-1.6e-05
3490.297123,13.772,3.244904,-8.1e-05,-0.001107,-0.001964,-1.9e-05
3491.563006,13.772,3.638299,-8.5e-05,-0.001113,-0.001956,-2.7e-05
3494.077782,13.772,3.371789,-7.7e-05,-0.001099,-0.001968,-2.2e-05
3496.5801579999998,13.772,3.499068,-9.2e-05,-0.001108,-0.001975,-3.2e-05
3497.828133,13.772,3.225242,-9e-05,-0.001108,-0.00198,-3.1e-05
3500.329337,13.772,3.373938,-9.2e-05,-0.001108,-0.001981,-3.6e-05
3501.57823,13.772,3.38874,-8.7e-05,-0.001104,-0.001981,-3.4e-05
3504.077808,13.772,3.488919,-9.5e-05,-0.001106,-0.00198,-4.1e-05
3506.5781779999998,13.772,3.920761,-9.1e-05,-0.001104,-0.00198,-3.4e-05
3507.829455,13.772,3.764389,-9.7e-05,-0.001106,-0.001979,-4.1e-05
3510.329343,13.772,4.037631,-9.8e-05,-0.001109,-0.001981,-4.9e-05
3511.578707,13.772,3.490728,-9.5e-05,-0.001107,-0.00198,-5.2e-05
3514.078608,13.772,3.740515,-9.5e-05,-0.001106,-0.001972,-5.8e-05
3516.578756,13.772,3.720647,-0.000103,-0.001111,-0.001962,-6.4e-05
3517.8274659999997,13.772,4.13008,-0.00011,-0.001114,-0.001976,-7e-05
3520.327489,13.772,3.726536,-0.000109,-0.001116,-0.001983,-7.6e-05
3521.577879,13.772,3.970413,-0.000108,-0.001114,-0.001981,-7.4e-05
3524.094706,13.772,3.770851,-0.000107,-0.001109,-0.001983,-7.4e-05
3526.609698,13.772,3.824327,-0.00011,-0.001103,-0.001984,-7.4e-05
3527.859979,13.772,3.780443,-0.000111,-0.0011,-0.00198,-7.4e-05
3530.375068,13.772,4.137481,-0.000111,-0.001101,-0.00198,-7.6e-05
3531.626197,13.772,3.966763,-0.000105,-0.001097,-0.001977,-7.5e-05
3534.141572,13.772,4.381443,-0.000111,-0.001097,-0.001976,-7.9e-05
3536.656463,13.772,3.946996,-0.000108,-0.001096,-0.001982,-8.1e-05
3537.906474,13.772,3.957007,-0.000112,-0.001098,-0.001984,-8.6e-05
3540.407245,13.772,4.129321,-0.000111,-0.00109,-0.001985,-8.3e-05
3541.671754,13.772,3.915037,-0.000106,-0.001088,-0.001985,-8e-05
3544.203617,13.772,3.626378,-0.000115,-0.001093,-0.001974,-9.1e-05
3546.703854,13.772,4.259915,-0.000125,-0.0011,-0.001977,-0.000103
3547.953564,13.772,3.640177,-0.000125,-0.0011,-0.001987,-0.000104
3550.452734,13.772,4.179456,-0.000125,-0.0011,-0.001989,-0.000112
3551.703403,13.772,4.239644,-0.000133,-0.001105,-0.001979,-0.000117
3554.201954,13.772,4.121714,-0.000132,-0.001101,-0.00198,-0.000118
3556.704237,13.772,4.341065,-0.00013,-0.001096,-0.001979,-0.000123
3557.954111,13.772,4.042989,-0.000131,-0.001097,-0.001978,-0.000125
3560.437797,13.772,4.487643,-0.000142,-0.001106,-0.001982,-0.000138
3561.686698,13.772,5.016089,-0.000148,-0.001114,-0.001976,-0.000151
3564.187664,13.772,4.941349,-0.000156,-0.001119,-0.001979,-0.000157
3566.686867,13.772,4.394106,-0.000157,-0.001114,-0.001975,-0.00016
3567.937149,13.772,4.477643,-0.000162,-0.001118,-0.001974,-0.000164
3570.437886,13.772,4.188072,-0.000157,-0.001113,-0.001975,-0.000156
3571.687642,13.772,4.412553,-0.000155,-0.001109,-0.001977,-0.000156
3574.187825,13.772,4.047838,-0.000151,-0.001102,-0.001975,-0.000153
3576.687594,13.772,4.880646,-0.000163,-0.001112,-0.001978,-0.00017
3577.937536,13.772,5.159479,-0.000169,-0.001117,-0.001979,-0.000178
3580.438336,13.772,4.694866,-0.000171,-0.001116,-0.001977,-0.00018
3581.684773,13.772,4.706803,-0.000171,-0.001116,-0.001977,-0.000184
3584.187711,13.772,5.025182,-0.000169,-0.001114,-0.001979,-0.000182
3586.688575,13.772,4.735197,-0.000165,-0.001103,-0.001981,-0.000177
3587.937654,13.772,4.906085,-0.000166,-0.001107,-0.00197,-0.000183
3590.437367,13.772,4.818718,-0.000166,-0.001108,-0.00197,-0.000189
3591.700788,13.772,5.095705,-0.000167,-0.001105,-0.001972,-0.000188
3594.203825,13.772,4.54025,-0.00017,-0.001103,-0.001974,-0.00019
3596.719378,13.772,4.924748,-0.000175,-0.001103,-0.001968,-0.000195
3597.97021,13.772,4.873086,-0.000174,-0.001103,-0.001976,-0.000197
3600.4688459999998,13.772,5.392809,-0.000172,-0.001101,-0.001972,-0.000198
3601.7199769999997,13.772,5.319609,-0.000175,-0.001102,-0.001969,-0.000205
3604.218555,13.772,5.078546,-0.000178,-0.001102,-0.001968,-0.000205
3606.719539,13.772,4.99586,-0.000177,-0.0011,-0.001967,-0.000211
3607.968692,13.772,5.337194,-0.000177,-0.001098,-0.001975,-0.000212
3610.469433,13.772,4.911013,-0.000174,-0.001095,-0.001975,-0.00021
3611.7198319999998,13.772,5.108081,-0.000173,-0.001094,-0.001965,-0.000212
3614.217691,13.772,5.258202,-0.000168,-0.001088,-0.001965,-0.00021
3616.719998,13.772,5.323965,-0.00017,-0.001095,-0.001963,-0.000212
3617.969053,13.772,5.738677,-0.000171,-0.001095,-0.001968,-0.000211
3620.468702,13.772,5.038281,-0.000169,-0.001096,-0.001973,-0.000208
3621.717506,13.772,5.164123,-0.000165,-0.001093,-0.001971,-0.000203
3624.219804,13.772,5.061123,-0.000166,-0.001096,-0.001964,-0.000204
3626.73533,13.772,4.972575,-0.000164,-0.001097,-0.001964,-0.000199
3627.984718,13.772,4.733669,-0.000164,-0.001096,-0.001974,-0.000195
3630.484454,13.772,5.056276,-0.000159,-0.001095,-0.001968,-0.000192
3631.733936,13.772,4.86647,-0.000156,-0.001094,-0.001958,-0.000187
3634.232897,13.772,5.220288,-0.000149,-0.001091,-0.001962,-0.000179
3636.734588,13.772,4.615458,-0.000147,-0.001094,-0.001967,-0.000178
3637.985369,13.772,4.592783,-0.000146,-0.001093,-0.001965,-0.000176
3640.499408,13.772,4.833769,-0.000145,-0.001095,-0.00197,-0.000174
3641.750664,13.772,4.373485,-0.000145,-0.001095,-0.001962,-0.000172
3644.250371,13.772,5.021123,-0.000138,-0.00109,-0.001963,-0.000162
3645.499484,13.772,4.589706,-0.00014,-0.001093,-0.001964,-0.000164
3648.001485,13.772,4.62237,-0.000134,-0.001092,-0.001964,-0.000155
3650.499951,13.772,4.447896,-0.000129,-0.001091,-0.001959,-0.00015
3651.747783,13.772,4.563387,-0.000125,-0.001087,-0.001965,-0.000147
3654.23457,13.772,4.473516,-0.000126,-0.001087,-0.001966,-0.000143
3656.735827,13.772,4.576936,-0.000119,-0.001087,-0.001965,-0.000138
3657.984184,13.772,4.305297,-0.000118,-0.001088,-0.001961,-0.000135
3660.4845729999997,13.772,4.342768,-0.000117,-0.001087,-0.001954,-0.000133
3661.733985,13.772,4.058841,-0.000112,-0.001087,-0.001961,-0.000126
3664.23458,13.772,4.322199,-0.000109,-0.001086,-0.001957,-0.000118
3665.485321,13.772,4.232673,-0.000107,-0.001084,-0.001956,-0.000112
3667.9996579999997,13.772,4.269582,-0.000104,-0.001083,-0.001944,-0.00011
3670.500247,13.772,4.289964,-9.8e-05,-0.00108,-0.00195,-0.000104
3671.766498,13.772,4.22159,-9.7e-05,-0.001081,-0.001951,-0.000101
3674.267231,13.772,4.103644,-9.1e-05,-0.001076,-0.001951,-9.2e-05
3675.51621,13.772,4.254016,-9.1e-05,-0.001076,-0.001945,-9.2e-05
3678.01544,13.772,4.550914,-8.7e-05,-0.00108,-0.001944,-9.4e-05
3680.516248,13.772,4.107321,-8.9e-05,-0.001083,-0.00194,-8.9e-05
3681.764956,13.772,4.287291,-8.7e-05,-0.001084,-0.001943,-8.5e-05
3684.265439,13.772,4.163912,-7.1e-05,-0.001074,-0.001949,-7e-05
3685.515951,13.772,4.115331,-7.3e-05,-0.001072,-0.001946,-6.6e-05
3688.016663,13.772,4.177323,-7.6e-05,-0.001078,-0.001948,-7.5e-05
3690.51605,13.772,3.861029,-7.5e-05,-0.001078,-0.001944,-6.8e-05
3691.767277,13.772,3.943112,-7.3e-05,-0.001079,-0.001947,-6.7e-05
3694.2653060000002,13.772,3.888596,-7.4e-05,-0.001082,-0.001943,-6.8e-05
3695.5170829999997,13.772,3.953903,-7.4e-05,-0.001083,-0.001949,-6.5e-05
3698.032114,13.772,3.886935,-7.4e-05,-0.001084,-0.001942,-6.3e-05
3700.532186,13.772,3.722345,-7e-05,-0.001084,-0.001941,-5.8e-05
3701.781081,13.772,3.723077,-6.9e-05,-0.001082,-0.00195,-5.3e-05
3704.282038,13.772,3.496961,-6.4e-05,-0.001082,-0.001946,-5e-05
3705.531387,13.772,3.670995,-6.4e-05,-0.001083,-0.001942,-4.7e-05
3708.048163,13.772,3.788713,-6.3e-05,-0.001085,-0.001942,-4.4e-05
3710.546434,13.772,3.580132,-5.9e-05,-0.001083,-0.001941,-4e-05
3711.7950849999997,13.772,3.748701,-5.7e-05,-0.001079,-0.001946,-3.6e-05
3714.297611,13.772,3.697336,-5.6e-05,-0.001081,-0.001947,-2.9e-05
3715.547582,13.772,3.329215,-5.3e-05,-0.00108,-0.001943,-2.7e-05
3718.046991,13.772,3.678969,-4.9e-05,-0.001078,-0.001946,-1.5e-05
3720.54723,13.772,3.420603,-4.5e-05,-0.00108,-0.001945,-1.6e-05
3721.796943,13.772,3.496404,-4.4e-05,-0.001081,-0.00194,-1.6e-05
3724.312196,13.772,3.412216,-4.2e-05,-0.001078,-0.001941,-7e-06
3725.5637070000002,13.772,3.118278,-3.6e-05,-0.001078,-0.001943,-1e-06
3728.0639929999998,13.772,3.327809,-3.1e-05,-0.001075,-0.001941,4e-06
3730.563262,13.772,3.316976,-2.9e-05,-0.001072,-0.001938,1e-05
3731.81373,13.772,3.218484,-2.8e-05,-0.00107,-0.001931,1.1e-05
3734.312545,13.772,3.33651,-2.4e-05,-0.001069,-0.001932,1.7e-05
3735.57895,13.772,3.151765,-2.4e-05,-0.001068,-0.001935,2.2e-05
3738.110533,13.772,3.073968,-2.5e-05,-0.001073,-0.00193,2e-05
3740.625299,13.772,3.209496,-2.7e-05,-0.001076,-0.001931,2e-05
3741.876549,13.772,3.150125,-2.4e-05,-0.001073,-0.001942,2.6e-05
3744.374382,13.772,2.939051,-2.1e-05,-0.001074,-0.001941,2.9e-05
3745.624913,13.772,3.168062,-2.3e-05,-0.001076,-0.001932,2.9e-05
3748.12533,13.772,3.029357,-1.7e-05,-0.001075,-0.001936,3.5e-05
3750.642749,13.772,2.793501,-1.5e-05,-0.001074,-0.00193,4.1e-05
3751.890834,13.772,3.014751,-1.3e-05,-0.001074,-0.001932,4.6e-05
3754.406559,13.772,2.694091,-1.1e-05,-0.001074,-0.00193,4.6e-05
3755.671039,13.772,2.704086,-1.3e-05,-0.001076,-0.001927,4.6e-05
3758.171558,13.772,2.949237,-9e-06,-0.001075,-0.001931,5.3e-05
3760.672705,13.772,2.614942,-5e-06,-0.001072,-0.00193,6.1e-05
3761.9215169999998,13.772,2.841635,-5e-06,-0.001074,-0.001927,5.9e-05
3764.423551,13.772,2.650853,-9e-06,-0.001079,-0.001934,5.8e-05
3765.671593,13.772,2.882396,-1e-05,-0.001079,-0.001927,5.9e-05
3768.187773,13.772,2.726994,-9e-06,-0.001084,-0.001931,6.1e-05
3770.703436,13.772,2.641235,-8e-06,-0.001082,-0.001934,6.9e-05
3771.95321,13.772,2.660583,-4e-06,-0.001079,-0.001929,7.2e-05
3774.438155,13.772,2.881011,-1.6e-05,-0.001092,-0.001933,5.7e-05
3775.688239,13.772,2.36967,-2.1e-05,-0.001098,-0.001936,5.5e-05
3778.186848,13.772,2.744141,-2.1e-05,-0.001098,-0.001937,5.8e-05
3780.68944,13.772,2.659044,-1.7e-05,-0.001095,-0.00193,6.6e-05
3781.9384259999997,13.772,2.569683,-1.1e-05,-0.001091,-0.001937,7.3e-05
3784.437935,13.772,2.682021,-1.4e-05,-0.001097,-0.001942,7.1e-05
3785.68745,13.772,2.568335,-1.2e-05,-0.001097,-0.001934,7.3e-05
3788.188951,13.772,2.589641,-1.4e-05,-0.001101,-0.001941,7.2e-05
3790.688538,13.772,2.519559,-8e-06,-0.001097,-0.00194,8.1e-05
3791.9374399999997,13.772,2.556096,-7e-06,-0.001097,-0.001947,8.5e-05
3794.4373530000003,13.772,2.540934,6e-06,-0.001083,-0.001948,0.000104
3795.68756,13.772,2.464427,9e-06,-0.00108,-0.001941,0.000106
3798.187207,13.772,2.381272,9e-06,-0.001082,-0.001939,0.000104
3800.6877759999998,13.772,2.330899,2e-06,-0.001091,-0.001937,9.5e-05
3801.93647,13.772,2.343992,3e-06,-0.001091,-0.001946,0.000101
3804.437263,13.772,2.245489,1.2e-05,-0.001088,-0.00195,0.000113
3805.687791,13.772,2.015989,1.2e-05,-0.001088,-0.001952,0.000114
3808.218378,13.772,2.250848,2e-06,-0.001096,-0.001957,0.00011
3810.718158,13.772,2.10516,-1e-06,-0.001103,-0.001959,0.000107
3811.970131,13.772,2.309312,-1e-06,-0.001102,-0.001953,0.000109
3814.470692,13.772,1.872159,-8e-06,-0.001109,-0.001952,9.7e-05
3815.718787,13.772,2.296266,-4e-06,-0.001111,-0.001957,0.000101
3818.234106,13.772,1.867389,-0.0,-0.001108,-0.001955,0.000107
3820.751022,13.772,2.001002,-1.6e-05,-0.001122,-0.001957,9.6e-05
3822.016143,13.772,2.099929,-1.5e-05,-0.001122,-0.001959,0.000101
3824.5162849999997,13.772,2.067175,-1.3e-05,-0.001119,-0.001956,0.000105
3825.7677320000003,13.772,2.23681,-9e-06,-0.001118,-0.001954,0.000109
3828.266816,13.772,2.08456,-1.6e-05,-0.001128,-0.001963,0.000105
3829.5151299999998,13.772,2.062394,-1.1e-05,-0.001122,-0.001963,0.000114
3832.032181,13.772,2.016812,-1e-06,-0.001113,-0.001958,0.000125
3834.530295,13.772,1.76277,0.0,-0.001115,-0.00195,0.000127
3835.781043,13.772,1.808597,2e-06,-0.001115,-0.001943,0.000125
3838.282028,13.772,1.813297,-0.0,-0.00112,-0.001946,0.000119
3839.546544,13.772,1.897985,-0.0,-0.00112,-0.001952,0.000122
3842.04828,13.772,1.588323,8e-06,-0.001115,-0.001963,0.000137
3844.546935,13.772,1.662962,1.2e-05,-0.001111,-0.00196,0.000143
3845.798437,13.772,1.64224,1.4e-05,-0.001111,-0.001952,0.000145
3848.297208,13.772,1.705579,1.6e-05,-0.001111,-0.001954,0.000151
3849.546879,13.772,1.267042,1.8e-05,-0.001109,-0.001966,0.000156
3852.046484,13.772,1.531917,2.6e-05,-0.00111,-0.001969,0.000158
3854.544866,13.772,1.718375,1.8e-05,-0.001112,-0.001964,0.000159
3855.796413,13.772,1.613973,1e-05,-0.00112,-0.001963,0.000149
3858.297325,13.772,1.655312,2.1e-05,-0.001111,-0.001973,0.000165
3859.562425,13.772,1.68578,1.8e-05,-0.001114,-0.001977,0.000168
3862.0607,13.772,1.538671,-1e-06,-0.001134,-0.001975,0.000144
3864.578774,13.772,1.674639,0.0,-0.001133,-0.001977,0.000145
3865.8285539999997,13.772,1.409971,2e-06,-0.001131,-0.001972,0.000149
3868.328794,13.771,1.265249,-1e-06,-0.001135,-0.001981,0.000149
3869.594787,13.771,1.506027,-0.0,-0.001135,-0.001981,0.000148
3872.124144,13.771,1.561738,4e-06,-0.001133,-0.00197,0.000157
3874.626488,13.771,0.909664,1.5e-05,-0.001124,-0.001957,0.000167
3875.87549,13.771,1.457081,1.8e-05,-0.001123,-0.001958,0.000171
3878.376611,13.771,1.355523,0.0,-0.001137,-0.00196,0.00015
3879.6252839999997,13.771,1.462917,-4e-06,-0.001143,-0.001955,0.000144
3882.126029,13.771,1.546719,3e-06,-0.001135,-0.001962,0.000154
3884.625101,13.771,1.522628,1.4e-05,-0.001122,-0.00196,0.000165
3885.8756359999998,13.771,1.487035,9e-06,-0.00112,-0.001969,0.000166
3888.37448,13.771,1.514962,1e-05,-0.00112,-0.00197,0.00016
3889.6243,13.771,1.621448,1.5e-05,-0.001116,-0.001963,0.000164
3892.142109,13.771,1.669355,0.0,-0.001127,-0.001963,0.000139
3894.654485,13.771,1.712938,-1e-05,-0.001133,-0.00196,0.000135
3895.907282,13.771,1.606546,-3e-06,-0.001128,-0.001966,0.000144
3898.406811,13.771,1.723044,1e-06,-0.001123,-0.00197,0.000142
3899.656812,13.771,1.685053,-4e-06,-0.001127,-0.001967,0.000136
3902.172025,13.771,1.001249,-1.4e-05,-0.001134,-0.001976,0.000118
3904.656259,13.771,1.857246,-3e-05,-0.001147,-0.001967,0.0001
3905.906107,13.771,1.784845,-2.8e-05,-0.001147,-0.001976,9.8e-05
3908.4061110000002,13.771,2.156897,-3.3e-05,-0.001145,-0.001971,0.000103
3909.656653,13.771,1.842189,-3.1e-05,-0.001143,-0.001967,0.000101
3912.172641,13.771,1.76946,-3.6e-05,-0.001144,-0.001971,9.5e-05
3914.687427,13.771,1.933466,-3e-05,-0.001138,-0.001973,0.000102
3915.937797,13.771,1.91641,-2.2e-05,-0.001131,-0.001978,0.00011
3918.4383319999997,13.771,1.870896,-1.9e-05,-0.001124,-0.001978,0.000114
3919.688677,13.771,2.10603,-3e-05,-0.001133,-0.001972,9.8e-05
3922.187429,13.771,2.074448,-2.2e-05,-0.001126,-0.001973,0.000102
3924.688188,13.771,1.580715,-1.6e-05,-0.001121,-0.001966,9.9e-05
3925.939362,13.771,2.106953,-3.1e-05,-0.001133,-0.00197,8.4e-05
3928.437253,13.771,1.153801,-5.6e-05,-0.00115,-0.001985,6.6e-05
3929.687877,13.771,2.110206,-5.2e-05,-0.001148,-0.001981,7e-05
3932.21898,13.771,2.170065,-4.8e-05,-0.00114,-0.00198,7.3e-05
3934.719483,13.771,2.253039,-3.1e-05,-0.001124,-0.001979,8.7e-05
3935.969851,13.771,3.119201,-3.2e-05,-0.001121,-0.001975,9e-05
3938.471297,13.771,2.330474,-3.5e-05,-0.001126,-0.001978,8.3e-05
3939.718825,13.771,2.187901,-3.6e-05,-0.001126,-0.001981,7.8e-05
3942.22094,13.771,2.366874,-3.8e-05,-0.001121,-0.001983,7.8e-05
3944.73537,13.771,1.993867,-3.5e-05,-0.001116,-0.001979,7.5e-05
3945.9847760000002,13.771,2.371988,-3.7e-05,-0.001117,-0.001972,7.5e-05
3948.48426,13.771,2.264854,-3.7e-05,-0.001118,-0.001976,7.3e-05
3949.734347,13.771,2.46761,-3.8e-05,-0.001117,-0.001984,6.9e-05
3952.235244,13.771,2.313752,-3.4e-05,-0.00111,-0.001981,7.3e-05
3954.734391,13.771,2.364672,-3.1e-05,-0.001105,-0.00198,7.7e-05
3955.984877,13.771,2.446787,-3.4e-05,-0.00111,-0.001979,7e-05
3958.499124,13.771,2.412223,-6.2e-05,-0.001128,-0.001982,3.9e-05
3959.750244,13.771,2.509452,-6.8e-05,-0.001131,-0.001986,3.8e-05
3962.266584,13.771,2.745117,-6.9e-05,-0.001131,-0.001981,3.3e-05
3964.766468,13.771,2.412812,-6.5e-05,-0.001127,-0.001979,3.4e-05
3966.016162,13.771,2.702632,-6.1e-05,-0.001124,-0.001979,3.6e-05
3968.51625,13.771,2.615361,-5.5e-05,-0.001117,-0.001971,4.4e-05
3969.7665269999998,13.771,2.690621,-5.4e-05,-0.001114,-0.00197,4.6e-05
3972.266238,13.771,2.704611,-4.9e-05,-0.001108,-0.001963,4.8e-05
3974.767065,13.771,2.729806,-4.8e-05,-0.001104,-0.00196,4.9e-05
3976.016996,13.771,2.737976,-4.8e-05,-0.001104,-0.001961,4.5e-05
3978.517438,13.771,2.981821,-5.1e-05,-0.001105,-0.001962,3.5e-05
3979.76489,13.771,2.679958,-5.5e-05,-0.001109,-0.001966,3.1e-05
3982.2655139999997,13.771,3.187739,-6.1e-05,-0.001112,-0.001963,2.4e-05
3984.765746,13.771,2.74552,-6.4e-05,-0.001115,-0.001961,1.8e-05
3986.016942,13.771,3.223343,-6.6e-05,-0.001116,-0.001966,1.6e-05
3988.517355,13.771,3.001313,-6.4e-05,-0.00111,-0.001966,2e-05
3989.766952,13.771,2.954945,-6.2e-05,-0.001108,-0.001969,2e-05
3992.297206,13.771,2.951263,-6.2e-05,-0.001106,-0.001963,2.1e-05
3993.546413,13.771,3.012592,-6e-05,-0.001103,-0.001961,1.9e-05
3996.04715,13.771,3.06165,-5.7e-05,-0.001098,-0.001961,1.7e-05
3998.5473620000002,13.771,3.075926,-5.6e-05,-0.001095,-0.00196,1.5e-05
3999.797736,13.771,3.045474,-5.7e-05,-0.001093,-0.001962,1.5e-05
4002.297001,13.771,3.042095,-5.7e-05,-0.001093,-0.001961,1.3e-05
4003.547931,13.772,3.105519,-5.6e-05,-0.001092,-0.001964,1.2e-05
4006.062524,13.772,3.111588,-5.4e-05,-0.00109,-0.001957,1.2e-05
4008.580386,13.772,3.203767,-5.3e-05,-0.001085,-0.001953,1.1e-05
4009.828493,13.772,3.259292,-5.3e-05,-0.001085,-0.001953,1.1e-05
4012.327802,13.772,3.791026,-5.2e-05,-0.001086,-0.00195,6e-06
4013.577479,13.772,3.295701,-5.3e-05,-0.001086,-0.001956,4e-06
4016.078039,13.772,3.421452,-5.3e-05,-0.001087,-0.001958,0.0
4018.578235,13.772,3.204738,-5.7e-05,-0.001087,-0.001955,-4e-06
4019.844887,13.772,3.360638,-5.8e-05,-0.001087,-0.001944,-6e-06
4022.359883,13.772,3.460403,-5.9e-05,-0.001086,-0.00195,-9e-06
4023.60928,13.772,3.464488,-5.7e-05,-0.001085,-0.001941,-9e-06
4026.11003,13.772,3.479995,-6.2e-05,-0.001085,-0.001942,-1.2e-05
4028.62424,13.772,3.533494,-5.6e-05,-0.001078,-0.001945,-9e-06
4029.874489,13.772,3.761991,-5.6e-05,-0.001078,-0.001945,-1.1e-05
4032.390725,13.772,3.52491,-6e-05,-0.001077,-0.00195,-1.3e-05
4033.640421,13.772,3.341141,-5.9e-05,-0.001073,-0.001953,-1.2e-05
4036.141159,13.772,3.575692,-5.8e-05,-0.001071,-0.001949,-1.5e-05
4038.65645,13.772,4.017105,-6.2e-05,-0.001073,-0.001941,-2e-05
4039.907129,13.772,3.724759,-6.5e-05,-0.001071,-0.001949,-2.1e-05
4042.421358,13.772,3.737677,-6.2e-05,-0.001066,-0.001943,-2.1e-05
4043.6719949999997,13.772,3.712609,-5.9e-05,-0.001064,-0.001937,-1.9e-05
4046.1872089999997,13.772,3.664342,-5.6e-05,-0.001062,-0.001951,-2.2e-05
4048.702483,13.772,3.711129,-6e-05,-0.001063,-0.00195,-2.8e-05
4049.953774,13.772,3.451448,-6.2e-05,-0.001066,-0.001947,-3.4e-05
4052.46972,13.772,3.743736,-6.9e-05,-0.001065,-0.001955,-3.9e-05
4053.718892,13.772,3.991624,-6.8e-05,-0.001064,-0.001953,-3.7e-05
4056.23526,13.772,3.717474,-6.9e-05,-0.001063,-0.001946,-4.4e-05
4058.746967,13.772,3.880998,-7.4e-05,-0.001066,-0.001945,-5e-05
4059.999931,13.772,4.133008,-7.7e-05,-0.001067,-0.001944,-5.2e-05
4062.500164,13.772,3.800677,-8.2e-05,-0.001068,-0.001946,-5.8e-05
4063.7662769999997,13.772,4.02328,-8.4e-05,-0.001068,-0.001946,-6.2e-05
4066.265723,13.772,4.019916,-8.4e-05,-0.001068,-0.001944,-6.3e-05
4068.765813,13.772,4.079447,-8.8e-05,-0.001071,-0.001938,-6.8e-05
4070.017038,13.772,4.057398,-8.9e-05,-0.00107,-0.001944,-7e-05
4072.51577,13.772,4.16241,-8.6e-05,-0.001063,-0.001946,-6.9e-05
4073.7664919999997,13.772,4.034951,-8.6e-05,-0.001061,-0.001939,-6.6e-05
4076.265345,13.772,4.221054,-8.6e-05,-0.001062,-0.00194,-7.2e-05
4078.781384,13.772,4.332396,-9e-05,-0.001065,-0.00194,-8e-05
4080.031069,13.772,4.45699,-9.2e-05,-0.001063,-0.00194,-8e-05
4082.533395,13.772,4.215049,-9.6e-05,-0.001064,-0.001941,-8.3e-05
4083.781777,13.772,4.242498,-9.9e-05,-0.001066,-0.001939,-9e-05
4086.28202,13.772,4.395189,-0.0001,-0.001066,-0.001935,-9.4e-05
4087.546606,13.772,4.071924,-0.000101,-0.001064,-0.001939,-9.5e-05
4090.0479569999998,13.772,4.285561,-9.8e-05,-0.001062,-0.00194,-9.4e-05
4092.563029,13.772,4.333059,-9.7e-05,-0.001058,-0.001938,-9.7e-05
4093.827776,13.772,4.557933,-0.000102,-0.001061,-0.001937,-0.000102
4096.329817,13.772,4.258053,-0.000109,-0.001064,-0.001939,-0.000107
4097.579439,13.772,4.534903,-0.000108,-0.001064,-0.001947,-0.000109
4100.079506,13.772,4.283943,-0.000109,-0.001061,-0.001946,-0.00011
4102.577803,13.772,4.611452,-0.000109,-0.001059,-0.001943,-0.000111
4103.830188,13.772,4.555551,-0.000107,-0.001058,-0.00194,-0.000112
4106.328972,13.772,4.785098,-0.000106,-0.001055,-0.00194,-0.000118
4107.594881,13.772,4.650456,-0.000108,-0.001054,-0.001945,-0.000116
4110.126396,13.772,4.741829,-0.000108,-0.001053,-0.001941,-0.00012
4112.624854,13.772,5.170604,-0.000111,-0.001054,-0.001946,-0.000122
4113.873955,13.772,5.023036,-0.000111,-0.001052,-0.001937,-0.000126
4116.391366,13.772,4.648398,-0.000114,-0.001052,-0.001934,-0.00013
4117.642247,13.772,5.113766,-0.000113,-0.001051,-0.001942,-0.000129
4120.142009,13.772,5.222556,-0.00011,-0.00105,-0.001942,-0.00013
4122.6404760000005,13.772,4.909045,-0.000113,-0.001047,-0.001938,-0.000135
4123.890703,13.772,4.866375,-0.000112,-0.001047,-0.001936,-0.000137
4126.39106,13.772,5.119184,-0.000116,-0.001047,-0.001937,-0.000143
4127.640483,13.772,5.100486,-0.000121,-0.00105,-0.001937,-0.000148
4130.1392479999995,13.772,5.208692,-0.000123,-0.00105,-0.001933,-0.000152
4132.641235,13.772,5.329276,-0.000121,-0.001046,-0.001933,-0.000149
4133.891057,13.772,5.172836,-0.000123,-0.001045,-0.001932,-0.000149
4136.405747,13.772,5.309091,-0.000118,-0.001042,-0.001937,-0.000149
4137.657653,13.772,4.900307,-0.000117,-0.001041,-0.001931,-0.000151
4140.156066,13.772,5.385956,-0.000118,-0.001039,-0.001934,-0.000151
4142.65586,13.772,5.643219,-0.000125,-0.001039,-0.001933,-0.000161
4143.92176,13.772,5.066169,-0.000126,-0.001042,-0.001933,-0.000162
4146.421749,13.772,5.357325,-0.00012,-0.001042,-0.001934,-0.000157
4147.671032,13.772,5.502503,-0.000122,-0.001043,-0.001931,-0.000158
4150.188183,13.772,5.292783,-0.00012,-0.001043,-0.001938,-0.000155
4152.688107,13.772,5.109197,-0.000116,-0.001042,-0.001937,-0.000151
4153.9377509999995,13.772,5.31826,-0.000118,-0.001044,-0.00193,-0.000151
4156.438019,13.772,5.389675,-0.000112,-0.001042,-0.001933,-0.000147
4157.687734,13.772,4.981594,-0.000109,-0.001041,-0.001931,-0.000143
4160.202775,13.772,5.228241,-0.000105,-0.00104,-0.00194,-0.000136
4162.703171,13.772,4.902371,-0.000106,-0.001043,-0.001942,-0.000137
4163.954127,13.772,5.005825,-0.000108,-0.001048,-0.001933,-0.00014
4166.47039,13.772,5.000974,-0.000103,-0.00105,-0.001932,-0.000138
4167.719479,13.772,4.627225,-0.000103,-0.001047,-0.00194,-0.000132
4170.219717,13.772,5.199619,-0.0001,-0.001045,-0.001938,-0.000125
4172.720148,13.772,4.725382,-9e-05,-0.001042,-0.001934,-0.000116
4173.968995,13.772,5.072172,-8.7e-05,-0.00104,-0.00193,-0.000113
4176.468414,13.772,4.680569,-8.6e-05,-0.001044,-0.001929,-0.000114
4177.719719,13.772,4.84822,-8.1e-05,-0.001042,-0.001936,-0.000111
4180.221185,13.772,4.708045,-8.2e-05,-0.001042,-0.001936,-0.000106
4182.720098,13.772,4.1791,-8.2e-05,-0.001043,-0.001931,-0.000103
4183.984046,13.772,4.623246,-7.6e-05,-0.001041,-0.001935,-9.7e-05
4186.501191,13.772,4.510721,-6.8e-05,-0.001039,-0.001935,-8.9e-05
4187.750454999999,13.772,4.796627,-6.6e-05,-0.001038,-0.001935,-8.7e-05
4190.26713,13.772,4.460794,-7e-05,-0.001044,-0.001931,-9.3e-05
4192.782019,13.772,4.358418,-7.4e-05,-0.001044,-0.001931,-9.1e-05
4194.047241,13.772,4.296485,-7e-05,-0.001046,-0.001928,-8.7e-05
4196.562902,13.772,4.183164,-7.1e-05,-0.00105,-0.001928,-9.2e-05
4197.812974,13.772,4.16918,-7.3e-05,-0.001052,-0.001927,-9.1e-05
4200.3293539999995,13.772,4.314676,-7.1e-05,-0.001052,-0.001936,-8.7e-05
4201.579845,13.772,4.307583,-6.9e-05,-0.001052,-0.001934,-8.4e-05
4204.078441,13.772,4.278945,-6.8e-05,-0.001055,-0.001929,-7.9e-05
4206.579279,13.772,4.381692,-6.8e-05,-0.001055,-0.001928,-7.3e-05
4207.828377,13.772,4.256701,-6.7e-05,-0.001055,-0.001935,-6.9e-05
4210.329012,13.772,4.085516,-6.7e-05,-0.001057,-0.001926,-6.8e-05
4211.5937109999995,13.772,3.902872,-6.5e-05,-0.001057,-0.001923,-6.9e-05
4214.094863,13.772,3.978641,-6.4e-05,-0.001057,-0.001928,-6.6e-05
4216.609577,13.772,4.145211,-8.2e-05,-0.001079,-0.001935,-9e-05
4217.86034,13.772,4.097745,-8.7e-05,-0.001085,-0.001939,-8.6e-05
4220.375497999999,13.772,3.786289,-8e-05,-0.001078,-0.001938,-7.4e-05
4221.6242139999995,13.772,4.199271,-8.3e-05,-0.001082,-0.001946,-8e-05
4224.141062,13.772,3.875656,-7.9e-05,-0.001083,-0.001947,-7.9e-05
4226.6568640000005,13.772,3.801759,-9.6e-05,-0.001098,-0.001954,-9e-05
4227.922738,13.772,3.819685,-9.2e-05,-0.001096,-0.001957,-8.2e-05
4230.4377,13.772,3.80212,-7.9e-05,-0.001089,-0.001954,-6.8e-05
4231.689229,13.772,3.834636,-8.8e-05,-0.001097,-0.001954,-8e-05
4234.219572,13.772,3.867109,-9e-05,-0.001101,-0.001965,-8e-05
4236.7202560000005,13.772,3.649461,-8.3e-05,-0.001096,-0.001952,-6.7e-05
4237.969938,13.772,3.77101,-7e-05,-0.001087,-0.001954,-5.5e-05
4240.470723,13.772,4.34499,-7.5e-05,-0.001095,-0.001955,-6.3e-05
4241.717743,13.772,3.719602,-7.5e-05,-0.001095,-0.001962,-5.9e-05
4244.235143,13.772,3.813818,-7.2e-05,-0.001097,-0.001954,-5.2e-05
4246.750087,13.772,3.512373,-7.1e-05,-0.0011,-0.00196,-5.4e-05
4247.999845,13.772,3.734642,-7.4e-05,-0.001104,-0.001964,-5.8e-05
4250.516721,13.772,3.477916,-8.4e-05,-0.001112,-0.001957,-6.6e-05
4251.765951,13.772,3.443474,-8.8e-05,-0.001114,-0.001963,-6.4e-05
4254.265693,13.772,3.822248,-7.9e-05,-0.001111,-0.001964,-5.2e-05
4256.7661499999995,13.772,3.423648,-8e-05,-0.001116,-0.001959,-5.5e-05
4258.015136,13.772,3.484452,-8e-05,-0.001118,-0.001959,-5.5e-05
4260.531298,13.772,4.001985,-8.7e-05,-0.001123,-0.001963,-5.8e-05
4261.782241,13.772,3.240028,-8.8e-05,-0.001125,-0.00197,-5.6e-05
4264.3122299999995,13.772,3.358595,-8.8e-05,-0.001127,-0.00196,-5.4e-05
4265.5628959999995,13.772,3.651143,-9e-05,-0.001132,-0.001967,-5.7e-05
4268.07776,13.772,3.06096,-8.6e-05,-0.001128,-0.00197,-5.1e-05
4270.593589,13.772,3.246262,-8e-05,-0.001125,-0.001963,-4.3e-05
4271.845066,13.772,3.274979,-7.4e-05,-0.001123,-0.001974,-3.4e-05
4274.344213,13.772,2.975338,-6.4e-05,-0.001117,-0.001981,-2.4e-05
4275.593534,13.772,3.182593,-7.2e-05,-0.001123,-0.001972,-3.1e-05
4278.109944,13.772,3.316116,-6.1e-05,-0.001114,-0.00197,-1.3e-05
4280.642013,13.772,3.028364,-4.8e-05,-0.001099,-0.001978,8e-06
4281.8916389999995,13.772,3.644686,-4.6e-05,-0.001101,-0.001978,1e-05
4284.407314,13.772,3.083645,-3.7e-05,-0.001099,-0.001978,1.6e-05
4285.65573,13.772,2.92471,-4.1e-05,-0.001104,-0.00198,6e-06
4288.157647,13.772,3.228622,-4.7e-05,-0.00111,-0.001984,3e-06
4290.6561409999995,13.772,2.906041,-4.7e-05,-0.001113,-0.001986,1e-05
4291.907337,13.772,2.993918,-4.9e-05,-0.001111,-0.001982,1.3e-05
4294.406014,13.772,2.393501,-6e-05,-0.001125,-0.001985,2e-06
4295.656749,13.772,2.935294,-6e-05,-0.001125,-0.00199,3e-06
4298.156199,13.772,2.551014,-5e-05,-0.001119,-0.001987,1.4e-05
4300.671781999999,13.772,2.727095,-5.1e-05,-0.001119,-0.001985,1.9e-05
4301.937725,13.772,3.140894,-4.7e-05,-0.001116,-0.001987,2.3e-05
4304.453132,13.772,2.823842,-4e-05,-0.001116,-0.001981,2.5e-05
4305.703309,13.772,2.730108,-4.4e-05,-0.001119,-0.001981,2.6e-05
4308.218631,13.772,2.892354,-4.7e-05,-0.001122,-0.001977,2.5e-05
4310.733957,13.772,2.651888,-4.5e-05,-0.001123,-0.001987,3.2e-05
4311.982874,13.772,2.638529,-4.5e-05,-0.001124,-0.001977,3.2e-05
4314.484907,13.772,2.97528,-3.8e-05,-0.001119,-0.00198,4.2e-05
4315.749457,13.772,2.091133,-3.4e-05,-0.001115,-0.00198,4.6e-05
4318.266448,13.772,2.484136,-4.6e-05,-0.001129,-0.001975,3.3e-05
4320.766057,13.772,2.790307,-4e-05,-0.001127,-0.001981,4.2e-05
4322.015907,13.772,2.614061,-3.9e-05,-0.001125,-0.001975,4.4e-05
4324.517322,13.772,2.555359,-3.2e-05,-0.001121,-0.001972,5.6e-05
4325.767009,13.772,2.436075,-2.6e-05,-0.001117,-0.001978,6.2e-05
4328.2823260000005,13.772,2.726756,-2.1e-05,-0.001114,-0.001969,6.3e-05
4330.781176,13.772,2.456941,-3e-05,-0.001123,-0.001969,5.4e-05
4332.031572,13.772,2.460798,-3.3e-05,-0.001128,-0.001978,5.3e-05
4334.54667,13.772,2.911315,-3.3e-05,-0.001126,-0.001976,6.3e-05
4335.797029,13.772,2.298558,-3e-05,-0.001125,-0.001969,6.2e-05
4338.297174,13.772,2.477663,-2.9e-05,-0.001125,-0.001965,7.1e-05
4339.547115,13.772,2.314261,-2.7e-05,-0.001126,-0.00197,6.9e-05
4342.07827,13.772,2.208066,-2.7e-05,-0.001122,-0.001967,7.9e-05
4344.579696,13.772,2.303009,-2.1e-05,-0.001119,-0.001964,8.6e-05
4345.829769,13.772,2.288908,-1.7e-05,-0.001117,-0.001967,9.2e-05
4348.327902,13.772,2.224443,-1.1e-05,-0.001116,-0.001965,9.5e-05
4349.580194,13.772,2.217096,-8e-06,-0.001115,-0.001957,0.0001
4352.08024,13.772,2.216788,-6e-06,-0.001111,-0.001954,0.000108
4354.5936280000005,13.772,2.762311,-1e-06,-0.001108,-0.00195,0.000112
4355.844213,13.772,1.87296,-1e-06,-0.00111,-0.00196,0.000115
4358.358959,13.772,2.09916,-3e-06,-0.00111,-0.001957,0.000113
4359.624791,13.772,2.088242,-2e-06,-0.001111,-0.001952,0.000114
4362.125264,13.772,1.964666,1e-06,-0.001113,-0.00195,0.000119
4364.624754,13.772,2.133214,3e-06,-0.001114,-0.00195,0.00012
4365.8755949999995,13.772,2.07587,2e-06,-0.001113,-0.001948,0.000122
4368.3740099999995,13.772,2.027194,3e-06,-0.001112,-0.001962,0.000123
4369.624417999999,13.772,2.003448,6e-06,-0.001112,-0.001954,0.000126
4372.137007,13.772,1.84985,1e-05,-0.001111,-0.001955,0.000129
4374.657661,13.771,1.845999,1.2e-05,-0.00111,-0.001956,0.000137
4375.906301,13.771,1.885013,1e-05,-0.001111,-0.001949,0.000138
4378.421687,13.771,1.800209,1.5e-05,-0.001108,-0.001953,0.000141
4379.670253,13.771,1.605315,1.7e-05,-0.001107,-0.001954,0.000147
4382.187611,13.771,1.716858,2.1e-05,-0.001104,-0.001949,0.000155
4384.6881539999995,13.771,1.746403,2.4e-05,-0.001104,-0.00195,0.000157
4385.937263,13.771,1.662628,2.8e-05,-0.001104,-0.001949,0.000159
4388.437693,13.771,1.677223,2e-05,-0.001107,-0.001944,0.000157
4389.703539,13.771,1.730615,2.3e-05,-0.001107,-0.001943,0.000159
4392.219624,13.771,1.460614,2.7e-05,-0.001104,-0.001943,0.000167
4394.734292,13.771,1.629958,3.4e-05,-0.001102,-0.001946,0.000172
4395.985691,13.771,3.032465,3.5e-05,-0.001101,-0.001944,0.000176
4398.483874,13.771,1.56742,3e-05,-0.001108,-0.001945,0.000172
4399.7366600000005,13.771,1.75435,3e-05,-0.001108,-0.001945,0.000174
4402.2497490000005,13.771,1.577542,3.2e-05,-0.001105,-0.001942,0.00018
4404.766165,13.771,1.641497,3.9e-05,-0.001102,-0.001951,0.000191
4406.015316999999,13.771,1.521158,4.1e-05,-0.001102,-0.001945,0.000192
4408.516225,13.771,1.372091,4.2e-05,-0.001103,-0.001943,0.000194
4409.7653709999995,13.771,1.521646,4.6e-05,-0.001099,-0.001947,0.000197
4412.267552,13.771,1.389768,5.2e-05,-0.001094,-0.001947,0.000202
4414.766355,13.771,1.275095,5.3e-05,-0.001096,-0.001948,0.000202
4416.015309,13.771,1.385195,4.9e-05,-0.001102,-0.001942,0.0002
4418.51596,13.771,1.28405,5.1e-05,-0.001097,-0.001938,0.00021
4419.766822,13.771,1.308571,5.5e-05,-0.001093,-0.001942,0.000215
4422.266272,13.771,1.382097,6.4e-05,-0.001091,-0.001942,0.000217
4424.765219,13.771,1.336286,6.6e-05,-0.001086,-0.001941,0.000218
4426.031552,13.771,1.25372,6.8e-05,-0.001088,-0.001943,0.000218
4428.532027,13.771,1.267461,6.3e-05,-0.001095,-0.001945,0.000219
4429.7805530000005,13.771,1.2518,6e-05,-0.001095,-0.001943,0.000218
4432.281863,13.771,1.256983,5.9e-05,-0.001099,-0.001943,0.000219
4434.7813129999995,13.771,1.265678,5.5e-05,-0.001103,-0.001941,0.000213
4436.031671,13.771,1.190407,5e-05,-0.001109,-0.001944,0.00021
4438.531981,13.771,1.387715,4.8e-05,-0.001111,-0.001943,0.000213
4439.7824519999995,13.771,1.249381,4.7e-05,-0.00111,-0.00195,0.000216
4442.282059,13.771,1.19931,5.3e-05,-0.001106,-0.001951,0.000224
4444.781819,13.771,1.08609,5.6e-05,-0.001104,-0.001951,0.000229
4446.031707,13.771,1.104218,5.5e-05,-0.001105,-0.001944,0.00023
4448.5311679999995,13.771,1.00752,6.4e-05,-0.0011,-0.001944,0.000237
4449.781682,13.771,1.108542,6.6e-05,-0.0011,-0.001946,0.000238
4452.281695,13.771,1.031032,6.1e-05,-0.001104,-0.001939,0.000233
4453.547837,13.771,1.241126,6.1e-05,-0.001101,-0.001947,0.000237
4456.062193,13.771,1.109879,6.1e-05,-0.001103,-0.00194,0.000238
4458.578833,13.771,1.003896,6.4e-05,-0.0011,-0.001944,0.000241
4459.830216,13.771,1.041866,6.4e-05,-0.0011,-0.001943,0.000244
4462.344658,13.771,1.055171,6.3e-05,-0.0011,-0.001933,0.000242
4463.595062,13.771,1.010453,6.2e-05,-0.001098,-0.001938,0.000246
4466.095415,13.771,1.097571,5.7e-05,-0.001101,-0.00194,0.000236
4468.593302,13.771,1.128697,5.4e-05,-0.001099,-0.001945,0.000232
4469.8447909999995,13.771,1.178375,5.1e-05,-0.0011,-0.001946,0.00023
4472.375118,13.771,1.203485,5.5e-05,-0.001097,-0.001938,0.00023
4473.624794,13.771,1.171123,5.5e-05,-0.001095,-0.001942,0.00023
4476.15616,13.771,-0.075112,5.1e-05,-0.001096,-0.001932,0.000223
4478.657883,13.771,1.386946,5.1e-05,-0.001099,-0.001932,0.00022
4479.906497,13.771,1.339039,5.1e-05,-0.001097,-0.001934,0.000219
4482.406355,13.771,1.310736,5.3e-05,-0.001095,-0.001942,0.000223
4483.656247,13.771,1.061357,5e-05,-0.001095,-0.001934,0.000218
4486.15757,13.771,1.348764,5e-05,-0.001095,-0.001936,0.000216
4488.6564849999995,13.771,1.31228,4.8e-05,-0.001092,-0.001939,0.000215
4489.921036,13.771,1.208201,5e-05,-0.001092,-0.001939,0.000216
4492.42154,13.771,1.418714,4.8e-05,-0.001091,-0.001939,0.000214
4493.669642,13.771,1.455426,4.9e-05,-0.00109,-0.001935,0.000214
4496.171181,13.771,1.496345,4.2e-05,-0.001093,-0.001926,0.000205
4498.6885170000005,13.771,2.5606,4.1e-05,-0.001092,-0.001924,0.000202
4499.93779,13.771,1.531811,4.1e-05,-0.001091,-0.001927,0.000202
4502.437218,13.771,1.604514,4.2e-05,-0.001091,-0.001923,0.000202
4503.701056,13.771,1.353162,4.1e-05,-0.001088,-0.00193,0.000201
4506.219650999999,13.771,1.544125,4.4e-05,-0.001088,-0.001929,0.000198
4508.720122,13.771,1.613071,4.1e-05,-0.001087,-0.00193,0.000194
4509.969794000001,13.771,1.624982,3.9e-05,-0.001086,-0.001934,0.000194
4512.499743,13.771,1.222308,3.7e-05,-0.001086,-0.001929,0.000193
4513.7503209999995,13.771,1.748843,3.7e-05,-0.001087,-0.001938,0.000194
4516.250402,13.771,1.690682,3.7e-05,-0.001082,-0.001939,0.00019
4518.749755,13.771,1.730302,3.5e-05,-0.001084,-0.001935,0.000184
4519.999751,13.771,1.643794,3.6e-05,-0.001082,-0.001939,0.000182
4522.499421,13.771,1.874594,3.3e-05,-0.001082,-0.001935,0.00018
4523.750188,13.771,1.745358,3.1e-05,-0.001083,-0.001932,0.000178
4526.265585,13.771,1.797906,3.2e-05,-0.001082,-0.001938,0.000175
4528.767222,13.771,1.91006,3e-05,-0.001079,-0.001937,0.000175
4530.015787,13.771,1.904797,3.2e-05,-0.001078,-0.001938,0.000176
4532.51674,13.771,2.008504,3.2e-05,-0.001077,-0.00194,0.000173
4533.7819070000005,13.771,1.873708,3.2e-05,-0.001078,-0.00194,0.000171
4536.281331,13.771,1.937928,2.7e-05,-0.001081,-0.001937,0.000163
4538.782186,13.771,2.240502,2e-05,-0.001083,-0.001936,0.00016
4540.0318910000005,13.771,2.16877,1.8e-05,-0.001082,-0.001934,0.000156
4542.547211,13.771,2.17129,1.7e-05,-0.001083,-0.001925,0.000149
4543.796803,13.771,1.962396,1.8e-05,-0.001082,-0.001933,0.00015
4546.296301,13.771,2.47613,2.1e-05,-0.001077,-0.001933,0.000154
4548.795108,13.771,2.305783,1.9e-05,-0.001078,-0.001924,0.000152
4550.047448,13.771,2.266604,2e-05,-0.001076,-0.001926,0.000154
4552.546968,13.771,2.167778,1.7e-05,-0.001075,-0.001929,0.00015
4553.798257,13.771,2.277342,1.6e-05,-0.001075,-0.00193,0.000148
4556.328344,13.771,2.499616,2e-05,-0.001072,-0.001931,0.000148
4557.579812,13.771,2.492566,1.8e-05,-0.00107,-0.001926,0.000148
4560.078245,13.771,2.320644,2.2e-05,-0.001067,-0.001927,0.000143
4562.577661,13.771,2.328782,1.9e-05,-0.001068,-0.001935,0.000138
4563.8277419999995,13.771,2.427332,1.6e-05,-0.001068,-0.001939,0.000136
4566.344136,13.771,3.390719,6e-06,-0.001075,-0.001938,0.000123
4567.594247999999,13.771,2.316564,1e-06,-0.001081,-0.001929,0.000116
4570.079436,13.772,2.597249,0.0,-0.001078,-0.001932,0.000117
4572.577816,13.772,2.37602,-9e-06,-0.001084,-0.001933,0.000105
4573.829265,13.772,2.631722,-1.6e-05,-0.001092,-0.001937,9.4e-05
4576.329404,13.772,2.529676,-2.3e-05,-0.001097,-0.001945,8.6e-05
4577.579034,13.772,2.593599,-2.1e-05,-0.001095,-0.00195,8.7e-05
4580.078249,13.772,2.487658,-2.3e-05,-0.001096,-0.001943,8e-05
4582.580015,13.772,2.564818,-3.8e-05,-0.001108,-0.001939,6.4e-05
4583.829001,13.772,2.585349,-3.5e-05,-0.001103,-0.001948,7.1e-05
4586.3296470000005,13.772,2.499001,-3.1e-05,-0.001097,-0.001942,7.2e-05
4587.57824,13.772,2.435927,-3.1e-05,-0.001097,-0.001942,7.1e-05
4590.0942620000005,13.772,2.89237,-3.2e-05,-0.001098,-0.001959,6.6e-05
4592.593736,13.772,2.697847,-3e-05,-0.001097,-0.001956,6e-05
4593.844065,13.772,2.562361,-3.6e-05,-0.0011,-0.001958,5.9e-05
4596.343115,13.772,3.068642,-5e-05,-0.001111,-0.001959,4.3e-05
4597.593588,13.772,2.668737,-6e-05,-0.001119,-0.001959,2.5e-05
4600.09378,13.772,2.791442,-5e-05,-0.001108,-0.001966,3.9e-05
4602.6103760000005,13.772,2.782402,-4.9e-05,-0.001101,-0.001952,4.1e-05
4603.860169,13.772,2.919999,-4.9e-05,-0.001099,-0.001962,4.2e-05
4606.376824,13.772,2.869414,-5e-05,-0.001103,-0.001968,3.2e-05
4607.625371,13.772,2.961937,-5.2e-05,-0.001102,-0.001968,3.1e-05
4610.156782,13.772,2.605106,-4.8e-05,-0.001096,-0.001974,3.7e-05
4612.657136,13.772,2.930642,-4.8e-05,-0.001094,-0.001968,3.5e-05
4613.906326,13.772,3.085369,-5.2e-05,-0.001094,-0.001971,3.5e-05
4616.406001,13.772,3.189114,-5.7e-05,-0.001099,-0.001971,2.3e-05
4617.65625,13.772,3.040673,-6.5e-05,-0.001107,-0.001963,1.1e-05
4620.15676,13.772,3.085714,-6.3e-05,-0.001102,-0.001973,1.5e-05
4622.67218,13.772,3.200382,-6.3e-05,-0.001099,-0.001965,1.1e-05
4623.922665,13.772,3.220107,-6.4e-05,-0.001098,-0.001972,1e-05
4626.421745,13.772,3.0999,-5.9e-05,-0.001095,-0.00197,1.4e-05
4627.672283,13.772,3.040535,-6.1e-05,-0.001097,-0.001973,1e-05
4630.1717530000005,13.772,3.392931,-6.7e-05,-0.001096,-0.001975,5e-06
4632.688356,13.772,3.163686,-7.2e-05,-0.001105,-0.001973,-1.3e-05
4633.938249,13.772,3.358696,-7.7e-05,-0.001111,-0.001976,-1.9e-05
4636.454084,13.772,3.396416,-8.2e-05,-0.001115,-0.001979,-2.1e-05
4637.703845,13.772,3.137695,-7.8e-05,-0.001109,-0.001982,-1.8e-05
4640.218283,13.772,3.057947,-0.0001,-0.001125,-0.001971,-4.1e-05
4642.719249,13.772,3.381021,-9.6e-05,-0.00112,-0.001974,-3.8e-05
4643.970029,13.772,3.635874,-9.7e-05,-0.001118,-0.001973,-3.7e-05
4646.485022,13.772,3.370596,-9.1e-05,-0.001109,-0.001978,-3.2e-05
4647.734885,13.772,3.378119,-9.1e-05,-0.001107,-0.001979,-3e-05
4650.250728,13.772,3.385912,-8.6e-05,-0.001101,-0.001976,-2.9e-05
4652.7493030000005,13.772,3.831877,-9.2e-05,-0.001101,-0.001979,-3.7e-05
4654.000537,13.772,3.802804,-9.3e-05,-0.001103,-0.001984,-4.3e-05
4656.499992999999,13.772,3.895455,-9.3e-05,-0.001103,-0.001981,-4.9e-05
4657.750315,13.772,3.45513,-9.1e-05,-0.001102,-0.001983,-4.9e-05
4660.250536,13.772,3.77301,-0.000104,-0.001112,-0.001983,-5.6e-05
4662.765623,13.772,3.695818,-0.000103,-0.001104,-0.001979,-5.5e-05
4664.016336,13.772,3.601995,-0.000101,-0.001104,-0.001975,-5.9e-05
4666.516562,13.772,3.943797,-0.000104,-0.001109,-0.001973,-6.9e-05
4667.7661100000005,13.772,3.980116,-0.000107,-0.001109,-0.001981,-7.4e-05
4670.266785,13.772,4.165026,-0.000112,-0.001114,-0.001983,-8.9e-05
4672.766382,13.772,3.656459,-0.000126,-0.001124,-0.001977,-9e-05
4674.017097,13.772,3.97714,-0.000116,-0.001113,-0.001967,-8.2e-05
4676.515098,13.772,3.641201,-0.000112,-0.001105,-0.001974,-8.2e-05
4677.764329,13.772,4.230774,-0.00011,-0.001101,-0.001976,-7.9e-05
4680.281557,13.772,4.255931,-0.000112,-0.0011,-0.001985,-7.8e-05
4682.781165,13.772,3.911891,-0.000112,-0.001096,-0.001979,-8.2e-05
4684.032672,13.772,4.880052,-0.000112,-0.001098,-0.001975,-8.6e-05
4686.531233,13.772,4.155333,-0.000118,-0.0011,-0.001981,-8.9e-05
4687.781912,13.772,3.976434,-0.000115,-0.001099,-0.001979,-8.8e-05
4690.297435,13.772,3.905084,-0.000114,-0.001093,-0.001979,-9.1e-05
4691.546797,13.772,4.62671,-0.000117,-0.001093,-0.001981,-9.2e-05
4694.078887,13.772,4.217564,-0.000116,-0.001094,-0.001973,-9.9e-05
4696.595061,13.772,4.593356,-0.000129,-0.001102,-0.001969,-0.000115
4697.86025,13.772,4.057334,-0.000129,-0.001102,-0.001971,-0.000114
4700.359612,13.772,4.517406,-0.000124,-0.001094,-0.001971,-0.000111
4701.610488,13.772,4.448713,-0.000123,-0.001095,-0.001976,-0.000116
4704.111072,13.772,4.58838,-0.000144,-0.001112,-0.001977,-0.00014
4706.609612,13.772,4.570442,-0.000149,-0.001113,-0.001977,-0.000143
4707.860162,13.772,4.189775,-0.000152,-0.001115,-0.001975,-0.000147
4710.376615,13.772,4.415386,-0.000147,-0.001112,-0.001986,-0.000145
4711.64224,13.772,4.362832,-0.000149,-0.001114,-0.001986,-0.000153
4714.1408950000005,13.772,4.433827,-0.000157,-0.001116,-0.001981,-0.000159
4716.656004,13.772,4.402956,-0.000159,-0.001116,-0.00199,-0.000163
4717.905825,13.772,4.268229,-0.00016,-0.001115,-0.001984,-0.000167
4720.421785,13.772,4.723149,-0.000162,-0.001114,-0.00198,-0.000168
4721.672053,13.772,4.375941,-0.00016,-0.001113,-0.001985,-0.000166
4724.1882399999995,13.772,4.434681,-0.000161,-0.00111,-0.001981,-0.000169
4726.702655,13.772,4.136579,-0.000155,-0.001104,-0.001983,-0.000167
4727.97004,13.772,4.555959,-0.000162,-0.001109,-0.001985,-0.000173
4730.484917,13.772,4.674712,-0.000172,-0.001115,-0.001983,-0.000185
4731.730426,13.772,4.671407,-0.000172,-0.001114,-0.00198,-0.000184
4734.234835,13.772,4.679423,-0.000169,-0.001109,-0.001981,-0.000186
4736.735112,13.772,4.556675,-0.000172,-0.001111,-0.001979,-0.000192
4737.984284,13.772,5.243434,-0.000175,-0.001111,-0.001987,-0.000194
4740.486105,13.772,4.674542,-0.000172,-0.001108,-0.001985,-0.000193
4741.734996,13.772,4.654807,-0.000172,-0.001106,-0.001975,-0.000195
4744.234974,13.772,4.875595,-0.000169,-0.0011,-0.001982,-0.000193
4746.751469,13.772,4.91217,-0.000175,-0.001104,-0.001982,-0.000201
4747.999499,13.772,5.303885,-0.000177,-0.001103,-0.001987,-0.000204
4750.516219,13.772,4.979424,-0.000176,-0.001101,-0.001985,-0.000202
4751.76584,13.772,5.483114,-0.000174,-0.001098,-0.001978,-0.000202
4754.282142,13.772,5.080672,-0.000176,-0.001096,-0.001968,-0.000209
4756.781593,13.772,5.152703,-0.000177,-0.001098,-0.001973,-0.000213
4758.032225,13.772,5.12662,-0.000178,-0.001096,-0.001982,-0.000212
4760.531223,13.772,5.711055,-0.00018,-0.001096,-0.001978,-0.000218
4761.782589,13.772,5.328639,-0.000179,-0.001096,-0.001977,-0.000219
4764.281583,13.772,5.285877,-0.000182,-0.001102,-0.001976,-0.000222
4766.782015,13.772,5.147922,-0.000177,-0.0011,-0.001978,-0.000215
4768.046779,13.772,5.027817,-0.000169,-0.001095,-0.001977,-0.000209
4770.546994,13.772,5.152596,-0.000165,-0.001096,-0.001972,-0.000205
4771.798241,13.772,5.342238,-0.000165,-0.001095,-0.001971,-0.000202
4774.2967659999995,13.772,4.877097,-0.000157,-0.00109,-0.001968,-0.000192
4776.796232,13.772,4.999086,-0.000152,-0.001087,-0.001968,-0.000189
4778.047253,13.772,4.826596,-0.000155,-0.001091,-0.001963,-0.000192
4780.547253,13.772,5.004603,-0.000157,-0.001097,-0.001962,-0.000189
4781.7969809999995,13.772,5.013686,-0.000153,-0.001094,-0.001972,-0.000184
4784.298264,13.772,5.053225,-0.000148,-0.001093,-0.001971,-0.000178
4786.796731,13.772,4.694904,-0.000145,-0.001093,-0.001968,-0.000175
4788.048484,13.772,4.663046,-0.000142,-0.001091,-0.001966,-0.000169
4790.531639,13.772,4.096848,-0.000134,-0.001085,-0.001969,-0.000161
4791.782235,13.772,4.533926,-0.000134,-0.001085,-0.001964,-0.000159
4794.281708,13.772,4.704273,-0.000124,-0.001083,-0.00196,-0.000147
4796.797797,13.772,4.593006,-0.000131,-0.001089,-0.001953,-0.000153
4798.062994,13.772,4.939938,-0.00013,-0.001089,-0.00196,-0.00015
4800.593937,13.772,5.080027,-0.000122,-0.001084,-0.001963,-0.000139
4801.844993,13.772,4.515968,-0.000121,-0.001086,-0.001963,-0.000141
4804.375405,13.772,4.273194,-0.000122,-0.001089,-0.001958,-0.000138
4805.625187,13.772,4.382488,-0.000122,-0.001088,-0.001962,-0.000136
4808.141012,13.772,4.626508,-0.000117,-0.001091,-0.001952,-0.000134
4810.642082,13.772,4.22523,-0.000114,-0.001088,-0.001951,-0.000129
4811.891652,13.772,4.215712,-0.000113,-0.001086,-0.001956,-0.000122
4814.390341,13.772,4.339584,-0.000107,-0.001085,-0.001958,-0.000117
4815.640126,13.772,4.252249,-0.000106,-0.001087,-0.001951,-0.000117
4818.141251,13.772,4.286521,-0.000101,-0.001085,-0.001955,-0.000109
4820.641082,13.772,4.195441,-9.6e-05,-0.001083,-0.001951,-0.000103
4821.89224,13.772,4.224805,-9.4e-05,-0.001082,-0.001952,-9.9e-05
4824.3922139999995,13.772,4.079394,-8.8e-05,-0.001079,-0.001951,-8.9e-05
4825.641303,13.772,4.107729,-8.5e-05,-0.00108,-0.001947,-9.1e-05
4828.155928,13.772,4.179976,-8.4e-05,-0.001079,-0.001948,-8.4e-05
4830.671665,13.772,3.957558,-7.8e-05,-0.001077,-0.001944,-7.6e-05
4831.936879,13.772,3.955383,-7.5e-05,-0.001075,-0.001945,-7.2e-05
4834.439086,13.772,4.07689,-7.4e-05,-0.001075,-0.001941,-6.9e-05
4835.68731,13.772,3.903822,-7.2e-05,-0.001073,-0.001948,-6.5e-05
4838.18806,13.772,4.160771,-6.9e-05,-0.001076,-0.001947,-6.4e-05
4840.688066,13.772,4.103124,-6.7e-05,-0.001075,-0.001945,-5.9e-05
4841.938945,13.772,3.992881,-6.9e-05,-0.001077,-0.001939,-5.9e-05
4844.4372060000005,13.772,3.923626,-6.7e-05,-0.001077,-0.001941,-5.7e-05
4845.687492999999,13.772,3.995549,-6.5e-05,-0.001077,-0.001949,-5.4e-05
4848.18808,13.772,3.638766,-6.2e-05,-0.001074,-0.001948,-4.5e-05
4850.686976,13.772,3.826269,-5.6e-05,-0.001072,-0.001948,-3.9e-05
4851.937299,13.772,3.530809,-5.5e-05,-0.001076,-0.001939,-4.5e-05
4854.4388579999995,13.772,3.578413,-5.2e-05,-0.001074,-0.001937,-3.9e-05
4855.688278,13.772,3.868913,-5e-05,-0.001071,-0.001945,-3.3e-05
4858.204829,13.772,3.864276,-4.8e-05,-0.001072,-0.001947,-2.5e-05
4860.7031879999995,13.772,3.954805,-4.6e-05,-0.001073,-0.001944,-2.1e-05
4861.953194,13.772,3.489094,-4.7e-05,-0.001073,-0.00194,-2.3e-05
4864.452739,13.772,3.417362,-4.3e-05,-0.001072,-0.001934,-1.5e-05
4865.719969,13.772,3.560211,-4.1e-05,-0.001071,-0.001942,-9e-06
4868.234702,13.772,3.51961,-3.8e-05,-0.00107,-0.00194,-4e-06
4870.76609,13.772,3.65187,-3.1e-05,-0.001066,-0.00194,1e-06
4872.015831,13.772,3.750261,-3e-05,-0.001067,-0.001934,2e-06
4874.5157039999995,13.772,3.302062,-2.9e-05,-0.001069,-0.001939,3e-06
4875.765726,13.772,3.318562,-2.5e-05,-0.001067,-0.001938,1e-05
4878.266421,13.772,3.359582,-2.1e-05,-0.001066,-0.001937,1.7e-05
4880.767076,13.772,3.033129,-2e-05,-0.001066,-0.001932,2.2e-05
4882.031955,13.772,3.252931,-1.9e-05,-0.001068,-0.001931,2.1e-05
4884.546773,13.772,3.505132,-2.3e-05,-0.001071,-0.001933,2.2e-05
4885.797249,13.772,3.125514,-2.5e-05,-0.001072,-0.001937,2.6e-05
4888.298461,13.772,3.11502,-2.2e-05,-0.001072,-0.001937,3e-05
4890.7981629999995,13.772,3.102882,-1.1e-05,-0.00107,-0.001937,3.6e-05
4892.049086999999,13.772,3.157081,-1.1e-05,-0.00107,-0.001931,3.6e-05
4894.547578,13.772,3.096537,-7e-06,-0.001065,-0.001931,4.5e-05
4895.797946,13.772,3.106044,-7e-06,-0.001063,-0.001941,4.7e-05
4898.29718,13.772,3.219136,-6e-06,-0.001065,-0.001933,4.9e-05
4899.562702,13.772,3.09512,-4e-06,-0.001063,-0.001932,5.2e-05
4902.078165,13.772,3.023499,2e-06,-0.001064,-0.001936,6e-05
4904.593591,13.772,3.039118,2e-06,-0.001065,-0.001935,6e-05
4905.859406,13.772,3.004231,0.0,-0.001065,-0.001936,6.1e-05
4908.377084,13.772,2.920609,3e-06,-0.001068,-0.001938,6.5e-05
4909.624741,13.772,2.868873,0.0,-0.00107,-0.00193,6.4e-05
4912.126332,13.772,2.858087,2e-06,-0.001071,-0.001929,6.5e-05
4914.640703,13.772,2.843816,6e-06,-0.001069,-0.001932,7.3e-05
4915.891868,13.772,2.83607,9e-06,-0.001065,-0.001934,7.8e-05
4918.391225,13.772,3.051671,5e-06,-0.001069,-0.001931,7.8e-05
4919.639643,13.772,2.797352,4e-06,-0.001071,-0.001928,7.6e-05
4922.142315,13.772,2.715933,9e-06,-0.00107,-0.001928,8.3e-05
4924.656863,13.772,2.693311,1.5e-05,-0.001068,-0.001927,9.1e-05
4925.9233,13.772,2.638078,1.5e-05,-0.001069,-0.001925,9.2e-05
4928.421427,13.772,3.080886,1.8e-05,-0.001065,-0.001928,0.000102
4929.671206,13.772,2.671788,2e-05,-0.001064,-0.001938,0.000101
4932.173834,13.772,2.543066,2.4e-05,-0.001065,-0.00194,0.000111
4934.6728760000005,13.772,2.43441,2e-05,-0.001069,-0.001937,0.000107
4935.922903,13.772,2.644312,1.3e-05,-0.001076,-0.001934,9.6e-05
4938.43771,13.772,2.529076,7e-06,-0.001084,-0.001929,9.3e-05
4939.705076,13.772,2.501829,9e-06,-0.001082,-0.00193,9.8e-05
4942.202902,13.772,2.440229,6e-06,-0.001087,-0.001929,9.3e-05
4944.70318,13.772,2.873425,6e-06,-0.001087,-0.001931,9.9e-05
4945.953219,13.772,2.370439,8e-06,-0.001085,-0.001929,0.000105
4948.469765,13.772,2.358401,1.8e-05,-0.00108,-0.001934,0.000114
4949.7194500000005,13.772,1.727543,2.1e-05,-0.00108,-0.00193,0.000117
4952.233555,13.772,2.268,1.9e-05,-0.001083,-0.001937,0.000115
4954.735114,13.772,2.246407,2.2e-05,-0.001084,-0.001937,0.000119
4955.985821,13.772,2.055837,2.1e-05,-0.001084,-0.00194,0.000115
4958.500204,13.772,2.247346,3e-06,-0.001099,-0.001939,0.000105
4959.749493,13.772,2.257654,9e-06,-0.001095,-0.001935,0.000114
4962.249820999999,13.772,2.260169,1.1e-05,-0.001095,-0.001935,0.000117
4964.750221,13.772,2.229483,1.2e-05,-0.001095,-0.001928,0.000123
4966.000107,13.772,2.19032,1.5e-05,-0.001094,-0.001937,0.000126
4968.501188,13.772,2.115569,1.8e-05,-0.001096,-0.001946,0.000122
4969.749674,13.772,1.976184,1.6e-05,-0.001098,-0.001939,0.000126
4972.265247,13.772,2.32397,2.2e-05,-0.001092,-0.001947,0.000138
4974.7671009999995,13.772,1.99566,1.9e-05,-0.001094,-0.001947,0.000134
4976.0151860000005,13.772,2.064856,1.6e-05,-0.0011,-0.001946,0.000128
4978.516251,13.772,2.041359,1.5e-05,-0.001102,-0.001946,0.000136
4979.766047,13.772,2.394153,1.9e-05,-0.001099,-0.001944,0.000139
4982.281843,13.772,1.911911,6e-06,-0.001112,-0.001938,0.000122
4984.796278,13.772,2.056145,1.6e-05,-0.001104,-0.001947,0.000136
4986.047726,13.772,1.954321,1.4e-05,-0.001107,-0.001941,0.000131
4988.562905,13.772,1.841701,5e-06,-0.001116,-0.001943,0.000129
4989.813871,13.772,1.883666,6e-06,-0.001117,-0.00195,0.000132
4992.313684,13.772,1.832078,1.7e-05,-0.001111,-0.001952,0.000149
4994.829419,13.772,1.848025,2.7e-05,-0.001102,-0.001951,0.000156
4996.078686,13.772,1.826916,1.9e-05,-0.001106,-0.001957,0.000148
4998.579683,13.772,1.845251,7e-06,-0.001118,-0.001955,0.000129
4999.828038,13.772,1.750844,6e-06,-0.001117,-0.001952,0.00013
5002.328474,13.772,1.917423,7e-06,-0.001113,-0.001943,0.000135
5004.827585,13.772,1.445861,1e-05,-0.00111,-0.001942,0.00013
5006.078218,13.772,1.955255,9e-06,-0.001108,-0.001951,0.000132
5008.579342,13.772,1.873809,1e-06,-0.001114,-0.001951,0.000117
5009.827738,13.772,1.9444,-6e-06,-0.001117,-0.001955,0.000114
5012.329031,13.772,2.003045,-1.3e-05,-0.001121,-0.001962,0.000111
5014.827985,13.772,1.991914,-7e-06,-0.001113,-0.001956,0.000116
5016.07819,13.772,1.893863,-8e-06,-0.001112,-0.001954,0.000116
5018.579664,13.772,2.250688,-2e-06,-0.001108,-0.001961,0.000116
5019.828713,13.772,1.893242,-1e-06,-0.001106,-0.001965,0.000117
5022.344704,13.772,2.075811,-9e-06,-0.001111,-0.001967,0.000101
5023.609399,13.772,2.750894,-1.3e-05,-0.001115,-0.001961,9.9e-05
5026.110354,13.772,2.119803,-2.3e-05,-0.00112,-0.001958,9.5e-05
5028.625306,13.772,2.265145,-2.2e-05,-0.001117,-0.001955,9.1e-05
5029.875051,13.772,2.330607,-1.9e-05,-0.001114,-0.001962,8.9e-05
5032.375319,13.772,1.095417,-2.1e-05,-0.001118,-0.001962,8.3e-05
5033.625156,13.772,2.428887,-2.4e-05,-0.001119,-0.001955,8.5e-05
5036.142183,13.772,2.440792,-2.9e-05,-0.001121,-0.001959,7.1e-05
5038.641191,13.772,2.352305,-4.3e-05,-0.001131,-0.001956,5.9e-05
5039.906557,13.772,2.778864,-4.4e-05,-0.001131,-0.001964,5.7e-05
5042.422176,13.772,2.369473,-4.4e-05,-0.001128,-0.001959,5.6e-05
5043.673191,13.772,2.392853,-4.3e-05,-0.001126,-0.001966,5.5e-05
5046.187854,13.772,2.734724,-3.5e-05,-0.001118,-0.001959,6e-05
5048.688409,13.772,2.510147,-4.1e-05,-0.001124,-0.001962,5.1e-05
5049.9381379999995,13.772,2.576728,-4.2e-05,-0.00112,-0.001971,5.3e-05
5052.437721,13.772,2.488014,-3.8e-05,-0.001115,-0.001963,5.8e-05
5053.6877,13.772,2.66445,-3.4e-05,-0.001112,-0.001962,5.7e-05
5056.202741,13.772,2.690139,-4e-05,-0.001114,-0.001963,4.7e-05
5058.702824,13.772,2.655575,-4.3e-05,-0.001115,-0.001965,4.7e-05
5059.96826,13.772,3.372691,-4.4e-05,-0.001113,-0.001966,4.5e-05
5062.470032,13.772,2.793448,-5.4e-05,-0.001118,-0.001968,3.6e-05
5063.716938,13.772,2.892279,-5.3e-05,-0.001117,-0.001975,4e-05
5066.203213,13.772,2.849286,-3.6e-05,-0.001106,-0.001976,4.7e-05
5068.719476,13.772,2.757308,-4.8e-05,-0.001108,-0.001973,4.2e-05
5069.967711,13.772,2.805199,-5.1e-05,-0.001112,-0.001976,3.4e-05
5072.4696,13.772,3.204976,-4.6e-05,-0.001106,-0.001978,3.3e-05
5073.720039,13.772,2.888603,-4.7e-05,-0.001106,-0.00198,3.4e-05
5076.220478,13.772,2.916153,-5.3e-05,-0.001112,-0.001974,2e-05
5078.735046,13.772,3.344303,-5.6e-05,-0.001114,-0.001967,1.9e-05
5079.985305,13.772,2.776428,-6.4e-05,-0.001116,-0.001972,9e-06
5082.4840380000005,13.772,2.912248,-7e-05,-0.001122,-0.001971,3e-06
5083.733668,13.772,2.933629,-7e-05,-0.001125,-0.00197,2e-06
5086.2350750000005,13.772,3.089444,-7.7e-05,-0.001127,-0.001966,-4e-06
5088.735806,13.772,3.04931,-6e-05,-0.00111,-0.001976,6e-06
5089.985547,13.772,3.234145,-5.8e-05,-0.001102,-0.001974,1e-05
5092.4841639999995,13.772,3.057114,-5.4e-05,-0.001098,-0.001974,1.4e-05
5093.734917,13.772,2.990082,-5.8e-05,-0.001101,-0.001986,1e-05
5096.251026,13.772,3.390077,-5.9e-05,-0.001101,-0.001981,8e-06
5098.766689,13.772,3.361465,-5.8e-05,-0.001098,-0.001978,7e-06
5100.0317,13.772,3.137467,-5.7e-05,-0.001095,-0.001988,8e-06
5102.564152,13.772,3.187204,-6.8e-05,-0.001099,-0.001982,-3e-06
5103.814021,13.772,3.21252,-6.8e-05,-0.001101,-0.001977,-8e-06
5106.312846,13.772,3.36468,-7e-05,-0.0011,-0.001975,-7e-06
5108.8289,13.772,3.284072,-7.1e-05,-0.001095,-0.001975,-4e-06
5110.094201,13.772,3.451315,-7.1e-05,-0.001094,-0.001974,-1.2e-05
5112.594946,13.772,3.474435,-7.5e-05,-0.001101,-0.001971,-2.7e-05
5113.843361,13.772,3.748781,-8e-05,-0.001107,-0.001977,-3.4e-05
5116.344674,13.772,3.479454,-9.7e-05,-0.001118,-0.001968,-5e-05
5117.594994,13.772,3.731841,-9.8e-05,-0.001116,-0.001963,-4.9e-05
5120.110262,13.772,4.24635,-9.5e-05,-0.001111,-0.001959,-4.6e-05
5122.607621,13.772,3.577761,-9.6e-05,-0.001112,-0.001964,-5.4e-05
5123.859907,13.772,3.526194,-0.0001,-0.001112,-0.001969,-5.5e-05
5126.374898,13.772,3.629115,-0.0001,-0.00111,-0.001966,-5.5e-05
5127.642102,13.772,3.550592,-0.0001,-0.001108,-0.001969,-5.8e-05
5130.141026,13.772,4.022325,-9.7e-05,-0.001102,-0.001969,-5.4e-05
5132.640042999999,13.772,3.519504,-9.6e-05,-0.001098,-0.00197,-5.5e-05
5133.891978,13.772,3.89407,-9.5e-05,-0.001095,-0.00196,-5.7e-05
5136.406111,13.772,3.991884,-9.1e-05,-0.001088,-0.001966,-5.2e-05
5137.656277,13.772,3.749062,-9.1e-05,-0.001088,-0.001958,-5.6e-05
5140.171701,13.772,3.697521,-9e-05,-0.001084,-0.001959,-5.5e-05
5142.687045,13.772,3.868419,-8.3e-05,-0.001076,-0.001965,-5.2e-05
5143.938258,13.772,3.868154,-8e-05,-0.001075,-0.00196,-5.1e-05
5146.4376919999995,13.772,4.065202,-7.9e-05,-0.001071,-0.001965,-5.3e-05
5147.703516,13.772,3.939494,-7.7e-05,-0.001069,-0.001965,-5.4e-05
5150.203195,13.772,4.167535,-7.7e-05,-0.001073,-0.001964,-5.9e-05
5152.702763,13.772,4.218158,-7.8e-05,-0.001073,-0.00196,-6.6e-05
5153.970214,13.772,4.055191,-8e-05,-0.001072,-0.001958,-6.7e-05
5156.4857919999995,13.772,3.745502,-8.3e-05,-0.001074,-0.001958,-7e-05
5157.749788,13.772,4.226031,-8.3e-05,-0.001071,-0.00196,-7.2e-05
5160.266031,13.772,4.096912,-8.9e-05,-0.001074,-0.001955,-7.7e-05
5162.76505,13.772,4.147089,-9e-05,-0.001073,-0.001956,-7.8e-05
5164.016135,13.772,4.047467,-9.1e-05,-0.001075,-0.001949,-8.1e-05
5166.5166420000005,13.772,4.086455,-9.9e-05,-0.001077,-0.001947,-9e-05
5167.76679,13.772,4.094959,-0.000103,-0.00108,-0.001944,-9.4e-05
5170.296702,13.772,4.226307,-0.000104,-0.001077,-0.001956,-9.7e-05
5172.797367,13.772,4.311567,-0.000101,-0.001072,-0.001954,-9.6e-05
5174.049049,13.772,4.313461,-0.000105,-0.001072,-0.001952,-9.5e-05
5176.562285,13.772,4.278086,-0.000106,-0.001072,-0.001954,-0.000103
5177.8134,13.772,4.155121,-0.000106,-0.001073,-0.001947,-0.000108
5180.312889,13.772,4.410765,-0.000112,-0.001075,-0.001949,-0.000113
5182.811917999999,13.772,4.3654,-0.000113,-0.001074,-0.001952,-0.000114
5184.077182999999,13.772,4.535332,-0.000111,-0.001071,-0.001951,-0.000113
5186.5781,13.772,4.364424,-0.000111,-0.001067,-0.00195,-0.000115
5187.82922,13.772,4.393194,-0.000109,-0.001067,-0.001942,-0.000114
5190.3286530000005,13.772,4.81962,-0.000106,-0.001062,-0.001941,-0.00011
5191.594558,13.772,4.614863,-0.000105,-0.001062,-0.001942,-0.000113
5194.093536,13.772,5.00604,-0.000108,-0.00106,-0.00195,-0.000115
5196.609637,13.772,4.817673,-0.000115,-0.001063,-0.001943,-0.000126
5197.860202,13.772,4.808346,-0.000113,-0.001059,-0.001952,-0.000122
5200.359738,13.772,4.610407,-0.000113,-0.001059,-0.001953,-0.000122
5201.611129,13.772,4.956055,-0.00011,-0.001059,-0.001943,-0.000125
5204.125236,13.772,4.725695,-0.000107,-0.001052,-0.001947,-0.000124
5206.625534,13.772,4.786945,-0.000109,-0.001054,-0.001939,-0.000131
5207.8912629999995,13.772,5.334376,-0.000112,-0.001057,-0.001939,-0.000136
5210.388188,13.772,4.708952,-0.000126,-0.001061,-0.001941,-0.000146
5211.640556,13.772,5.091678,-0.000129,-0.001063,-0.001942,-0.00015
5214.171114,13.772,4.757585,-0.000125,-0.001061,-0.001938,-0.000154
5216.673446,13.772,5.443326,-0.000123,-0.001056,-0.001937,-0.000151
5217.9220399999995,13.772,5.006249,-0.000124,-0.001053,-0.00194,-0.000149
5220.437699,13.772,5.388825,-0.000126,-0.001053,-0.001934,-0.000157
5221.703287,13.772,5.062823,-0.000126,-0.001052,-0.001935,-0.000157
5224.203339,13.772,5.488426,-0.00013,-0.001053,-0.001936,-0.000161
5226.720391,13.772,5.295651,-0.000132,-0.001052,-0.001936,-0.000165
5227.984974,13.772,5.056844,-0.000132,-0.001052,-0.001942,-0.000166
5230.500771,13.772,5.159024,-0.000133,-0.001048,-0.001938,-0.000163
5231.767328,13.772,5.277059,-0.000133,-0.001049,-0.00194,-0.000168
5234.266312,13.772,5.942342,-0.000131,-0.001048,-0.00194,-0.00017
5236.767317,13.772,5.56885,-0.000129,-0.001048,-0.001944,-0.000172
5238.016007,13.772,5.309038,-0.000127,-0.001047,-0.001946,-0.000171
5240.517687,13.772,5.172371,-0.000128,-0.001046,-0.001947,-0.000169
5241.765721,13.772,4.895156,-0.000129,-0.00105,-0.001941,-0.000171
5244.282311,13.772,4.82797,-0.000128,-0.001051,-0.001939,-0.000168
5246.781498,13.772,5.645344,-0.000125,-0.001052,-0.001944,-0.000164
5248.031682,13.772,5.176766,-0.000123,-0.00105,-0.001945,-0.00016
5250.53181,13.772,5.279396,-0.00012,-0.001052,-0.001946,-0.000156
5251.797028,13.772,5.052623,-0.000118,-0.001052,-0.001945,-0.000154
5254.296477,13.772,4.969472,-0.000117,-0.001053,-0.001948,-0.000147
5256.796335999999,13.772,5.264522,-0.000112,-0.001052,-0.001946,-0.000143
5258.048943,13.772,5.162743,-0.00011,-0.001052,-0.001944,-0.000142
5260.547071,13.772,5.565239,-0.000108,-0.001053,-0.001939,-0.000141
5261.797371000001,13.772,5.0667,-0.000104,-0.001052,-0.001945,-0.000138
5264.297721999999,13.772,4.934797,-0.000106,-0.001053,-0.001947,-0.000134
5266.798739,13.772,4.781751,-0.000107,-0.00106,-0.001942,-0.000138
5268.0471529999995,13.772,5.147284,-0.000106,-0.00106,-0.001938,-0.000135
5270.531917,13.772,4.352948,-9.8e-05,-0.001054,-0.001942,-0.000125
5271.782160000001,13.772,4.943152,-9.4e-05,-0.001053,-0.001939,-0.000121
5274.281616,13.772,4.087707,-9.4e-05,-0.001056,-0.001937,-0.000119
5276.798237999999,13.772,4.627421,-9.2e-05,-0.001055,-0.001944,-0.000114
5278.046598999999,13.772,5.056138,-9.1e-05,-0.001055,-0.001934,-0.000114
5280.547404999999,13.772,4.589669,-9.2e-05,-0.001057,-0.001931,-0.000112
5281.797866999999,13.772,4.534669,-9.1e-05,-0.001058,-0.001936,-0.00011
5284.312505,13.772,4.4039,-8.8e-05,-0.001057,-0.001936,-0.000105
5286.812443,13.772,4.705222,-8.3e-05,-0.001054,-0.001942,-9.9e-05
5288.080012,13.772,4.329229,-8e-05,-0.001054,-0.001943,-9.3e-05
5290.5796279999995,13.772,4.329351,-7.8e-05,-0.001056,-0.001943,-8.9e-05
5291.828857,13.772,4.120668,-7.7e-05,-0.001057,-0.001936,-9e-05
5294.3448659999995,13.772,3.628802,-7.8e-05,-0.001058,-0.001936,-8.8e-05
5296.843728,13.772,4.090986,-7.4e-05,-0.001056,-0.001939,-8e-05
5298.094397,13.772,3.220171,-7.4e-05,-0.001058,-0.001943,-8e-05
5300.609738,13.772,4.089659,-7.4e-05,-0.001061,-0.001937,-7.6e-05
5301.876812,13.772,4.565976,-7.2e-05,-0.001059,-0.001939,-7.5e-05
5304.376955,13.772,3.872669,-7.2e-05,-0.00106,-0.001941,-7.3e-05
5305.640626,13.772,3.950317,-6.8e-05,-0.00106,-0.00194,-7e-05
5308.141038,13.772,4.013476,-6.1e-05,-0.001055,-0.00194,-6.1e-05
5310.642274,13.772,3.853459,-5.3e-05,-0.001052,-0.001939,-5.2e-05
5311.8916420000005,13.772,4.157434,-5.2e-05,-0.001053,-0.001931,-5e-05
5314.390257,13.772,3.956683,-5.1e-05,-0.001051,-0.001932,-4.7e-05
5315.641256999999,13.772,3.926905,-5.1e-05,-0.001055,-0.001941,-4.5e-05
5318.142275,13.772,4.023614,-4.7e-05,-0.001053,-0.001938,-3.7e-05
5320.64225,13.772,4.092678,-4.3e-05,-0.001053,-0.001938,-3e-05
5321.891817,13.772,4.113681,-4.3e-05,-0.001053,-0.001933,-3.2e-05
5324.4232059999995,13.772,3.829691,-3.8e-05,-0.001051,-0.00194,-2.6e-05
5325.672148,13.772,4.448236,-4.1e-05,-0.001053,-0.001934,-2.9e-05
5328.1721290000005,13.772,3.855289,-3.9e-05,-0.001056,-0.001934,-2.6e-05
5330.673001,13.772,3.545085,-3.6e-05,-0.001056,-0.001935,-2.2e-05
5331.922268,13.772,3.526013,-3.5e-05,-0.001055,-0.001942,-1.8e-05
5334.437823,13.772,3.219672,-3.7e-05,-0.001058,-0.00194,-1.4e-05
5335.7037820000005,13.772,3.561431,-3.5e-05,-0.001057,-0.00194,-1.4e-05
5338.203417000001,13.772,3.665631,-3.2e-05,-0.001057,-0.001939,-8e-06
5340.703117,13.772,3.339369,-2.5e-05,-0.001053,-0.001938,-2e-06
5341.951819,13.772,3.453135,-2.3e-05,-0.001052,-0.001938,2e-06
5344.484698,13.772,3.674056,-3.2e-05,-0.001062,-0.001935,-7e-06
5345.735544,13.772,3.610908,-3.1e-05,-0.001064,-0.001942,-5e-06
5348.234471,13.772,3.733083,-3e-05,-0.001066,-0.001931,-5e-06
5350.751190999999,13.772,2.626163,-3.7e-05,-0.001074,-0.001928,-6e-06
5352.016068,13.772,3.451835,-4.7e-05,-0.001086,-0.00192,-1.6e-05
5354.531143,13.772,3.516968,-5.2e-05,-0.001091,-0.001941,-2.1e-05
5355.781188,13.772,3.213178,-5.8e-05,-0.001097,-0.001945,-2.8e-05
5358.281723,13.772,3.5197,-5.4e-05,-0.001094,-0.00195,-1.5e-05
5360.796203,13.772,3.506219,-4.5e-05,-0.001088,-0.001948,-4e-06
5362.047044,13.772,3.381074,-4.6e-05,-0.001093,-0.001939,-1.1e-05
5364.547789,13.772,3.332806,-5.2e-05,-0.0011,-0.00195,-1.2e-05
5365.80807,13.772,3.060795,-5e-05,-0.0011,-0.001953,-1e-05
5368.312314,13.772,3.306853,-3.3e-05,-0.001091,-0.001953,6e-06
5370.8128959999995,13.772,3.083688,-2.2e-05,-0.001078,-0.00196,2.8e-05
5372.0790130000005,13.772,3.172476,-2.3e-05,-0.00108,-0.001965,2.6e-05
5374.578885,13.772,3.522825,-2.4e-05,-0.001082,-0.001964,3e-05
5375.828085,13.772,3.05028,-3.2e-05,-0.001091,-0.001954,2.1e-05
5378.32768,13.772,3.183437,-3.5e-05,-0.001094,-0.001952,1.5e-05
5380.844123,13.772,2.893065,-4.2e-05,-0.001104,-0.001965,6e-06
5382.094946,13.772,3.13873,-3.7e-05,-0.001102,-0.001969,2e-05
5384.593843000001,13.772,3.24805,-3.4e-05,-0.001096,-0.001973,2.6e-05
5385.860092999999,13.772,2.665421,-3.7e-05,-0.001104,-0.00197,1.8e-05
5388.3749800000005,13.772,2.923034,-4.2e-05,-0.001108,-0.001959,1.3e-05
5389.624673,13.772,2.757637,-3.9e-05,-0.001103,-0.001958,2.3e-05
5392.125493,13.772,2.824685,-2.7e-05,-0.001096,-0.001976,4e-05
5394.625336,13.772,3.171452,-3.8e-05,-0.001108,-0.001978,2.6e-05
5395.875050000001,13.772,3.056244,-4.3e-05,-0.001121,-0.001969,1e-05
5398.391922,13.772,2.732926,-5.6e-05,-0.001131,-0.001966,6e-06
5399.640314,13.772,2.690218,-5.5e-05,-0.001132,-0.001975,8e-06
5402.156105,13.772,2.623165,-3.5e-05,-0.001114,-0.001969,3e-05
5404.656244,13.772,2.682865,-1.8e-05,-0.001103,-0.001965,4.7e-05
5405.906532,13.772,2.518429,-3.4e-05,-0.001116,-0.00197,3.4e-05
5408.407149000001,13.772,2.627399,-5.8e-05,-0.00114,-0.001973,1.3e-05
5409.65669,13.772,2.64419,-6e-05,-0.001146,-0.001972,1e-05
5412.156903,13.772,2.714712,-4.2e-05,-0.001131,-0.001972,3.1e-05
5414.672334,13.772,3.166885,-4.4e-05,-0.00113,-0.001979,3.2e-05
5415.921752,13.772,2.584177,-5.1e-05,-0.001139,-0.001985,2.8e-05
5418.4380519999995,13.772,2.547825,-5.7e-05,-0.001144,-0.001986,2.7e-05
5419.6893629999995,13.772,2.517564,-5e-05,-0.00114,-0.001988,3.4e-05
5422.187848,13.772,2.638195,-3.5e-05,-0.001129,-0.00198,5e-05
5424.687587,13.772,2.458978,-4.4e-05,-0.00114,-0.001972,3.2e-05
5425.937723,13.772,2.884078,-5.3e-05,-0.001148,-0.00197,2.9e-05
5428.436974,13.772,2.403252,-3.6e-05,-0.001136,-0.001972,5.2e-05
5429.687254,13.772,2.488428,-2.5e-05,-0.001126,-0.001975,6.3e-05
5432.1879659999995,13.772,2.496767,-1.9e-05,-0.001122,-0.001982,6.7e-05
5434.704335,13.772,2.390206,-3e-05,-0.001135,-0.001976,5.8e-05
5435.953579,13.772,2.321105,-3.4e-05,-0.001141,-0.001978,5.9e-05
5438.453434999999,13.772,2.232889,-3.7e-05,-0.001143,-0.001979,6.2e-05
5439.703301,13.772,2.269427,-3e-05,-0.001137,-0.001968,7e-05
5442.202857,13.772,2.387787,-1.7e-05,-0.001125,-0.001961,8.9e-05
5444.703262999999,13.772,2.189646,-1.1e-05,-0.001117,-0.001974,9.7e-05
5445.952341,13.772,1.496934,-1.3e-05,-0.001121,-0.001987,9.9e-05
5448.470024,13.772,2.091324,-3.2e-05,-0.001144,-0.001991,7.1e-05
5449.720517,13.772,2.575603,-3.7e-05,-0.00115,-0.001981,6.8e-05
5452.220009000001,13.772,2.044309,-3.2e-05,-0.001145,-0.001981,8e-05
5454.719706,13.772,2.105871,-2.2e-05,-0.001138,-0.001977,9.6e-05
5455.985052,13.772,2.054453,-2e-05,-0.001135,-0.001979,9.9e-05
5458.499971,13.772,1.664994,-1.8e-05,-0.001136,-0.001975,9.5e-05
5459.765974,13.772,2.036977,-2e-05,-0.00114,-0.001979,9e-05
5462.265437,13.772,2.008148,-3.1e-05,-0.00115,-0.001986,8.4e-05
5464.783071,13.772,1.995639,-2e-05,-0.001141,-0.001986,0.000103
5466.031747,13.772,2.004286,-1.4e-05,-0.001138,-0.001983,0.000113
5468.5310420000005,13.772,1.836805,-1.4e-05,-0.00114,-0.001979,0.000102
5469.782168,13.772,1.879146,-1.4e-05,-0.001139,-0.001986,0.000111
5472.281704999999,13.772,1.685642,-1e-05,-0.001141,-0.00198,0.000113
5474.797204,13.772,1.118214,-9e-06,-0.001136,-0.001985,0.000118
5476.0470860000005,13.772,1.78997,-5e-06,-0.001135,-0.001977,0.000117
5478.563036,13.772,1.755236,-6e-06,-0.001137,-0.001982,0.000122
5479.812836,13.772,1.725378,-6e-06,-0.001137,-0.001977,0.000125
5482.330110999999,13.772,2.256959,3e-06,-0.001133,-0.001977,0.000131
5484.829728000001,13.772,1.652431,-0.0,-0.001135,-0.001975,0.000134
5486.079293,13.772,2.992538,6e-06,-0.001132,-0.001983,0.00014
5488.577861,13.772,1.649747,2e-05,-0.001124,-0.00198,0.000154
5489.845192,13.771,1.640627,2.4e-05,-0.00112,-0.001975,0.000161
5492.359665,13.771,1.662023,2.3e-05,-0.001118,-0.001974,0.000158
5493.6101770000005,13.771,1.535965,2e-05,-0.00112,-0.001965,0.000156
5496.110105,13.771,1.61088,1.8e-05,-0.001126,-0.001965,0.000154
5498.625183,13.771,2.324421,-1e-06,-0.001144,-0.001961,0.000137
5499.875410000001,13.771,1.537663,-5e-06,-0.001147,-0.001966,0.000138
5502.392581,13.771,1.536957,3e-06,-0.001143,-0.001972,0.000147
5503.641976999999,13.771,1.456429,6e-06,-0.001139,-0.001974,0.000151
5506.142009,13.771,1.487316,1e-06,-0.001145,-0.001968,0.000145
5508.6561710000005,13.771,1.387285,1e-06,-0.001143,-0.001971,0.000151
5509.906746000001,13.771,1.239301,4e-06,-0.001142,-0.001966,0.000155
5512.406863,13.771,1.390384,5e-06,-0.001144,-0.001973,0.000159
5513.672106,13.771,1.352658,7e-06,-0.001142,-0.001973,0.00016
5516.170983,13.771,1.413302,7e-06,-0.001142,-0.001966,0.000164
5518.6723010000005,13.771,1.306948,1.5e-05,-0.001135,-0.001968,0.000176
5519.9219969999995,13.771,1.349018,1.7e-05,-0.001135,-0.001961,0.000177
5522.422063,13.771,1.289287,1.9e-05,-0.001138,-0.001962,0.000174
5523.6718980000005,13.771,1.27875,1.4e-05,-0.001143,-0.001972,0.000171
5526.187712,13.771,1.252176,1e-05,-0.001146,-0.001967,0.00017
5528.68854,13.771,1.230727,1.5e-05,-0.001143,-0.001973,0.000178
5529.938974000001,13.771,1.209146,1.9e-05,-0.001141,-0.001969,0.000181
5532.453377,13.771,1.142501,1.9e-05,-0.00114,-0.001969,0.000183
5533.7195360000005,13.771,1.12267,1.9e-05,-0.001139,-0.001965,0.000184
5536.218359,13.771,1.092006,1.8e-05,-0.001143,-0.00197,0.000186
5538.718551,13.771,1.566688,2.2e-05,-0.001142,-0.001964,0.000188
5539.984974999999,13.771,1.103417,2.3e-05,-0.001139,-0.001971,0.000191
5542.499006,13.771,1.057978,2.1e-05,-0.00114,-0.00197,0.000187
5543.750622,13.771,0.86683,2.2e-05,-0.001139,-0.001974,0.000187
5546.281601000001,13.771,1.106532,1.9e-05,-0.001139,-0.001963,0.000183
5548.782303,13.771,1.224759,2e-05,-0.001136,-0.001955,0.000185
5550.031842,13.771,1.229788,2.2e-05,-0.001134,-0.001959,0.000185
5552.562865,13.771,1.260691,2e-05,-0.001133,-0.001953,0.000186
5553.8131300000005,13.771,1.281408,2.1e-05,-0.00113,-0.001962,0.000186
5556.312947,13.771,1.294088,2.1e-05,-0.001129,-0.001961,0.000182
5558.813959,13.771,1.170996,1.6e-05,-0.001133,-0.001963,0.000177
5560.062356,13.771,1.223406,1.5e-05,-0.001132,-0.001959,0.000175
5562.563155,13.771,1.244882,1.3e-05,-0.001132,-0.001957,0.00017
5563.812921000001,13.771,1.371396,1.3e-05,-0.001132,-0.001961,0.00017
5566.312868999999,13.771,1.306826,1.5e-05,-0.001128,-0.001963,0.00017
5568.827502,13.771,1.411387,1.1e-05,-0.001127,-0.001957,0.000167
5570.079804999999,13.771,1.386972,1.1e-05,-0.001128,-0.001962,0.000167
5572.5788919999995,13.771,1.46592,8e-06,-0.001129,-0.001961,0.000162
5573.82797,13.771,1.468801,1e-05,-0.001128,-0.001955,0.000162
5576.32828,13.771,1.555043,1.4e-05,-0.00112,-0.001952,0.000166
5578.829648,13.771,1.604912,1.6e-05,-0.001118,-0.001952,0.000167
5580.078847,13.771,1.686496,1.9e-05,-0.001114,-0.001954,0.000166
5582.594793,13.771,1.707176,1.4e-05,-0.001116,-0.001949,0.00016
5583.843606,13.771,1.62173,1.1e-05,-0.001116,-0.001951,0.000158
5586.344674,13.771,1.688438,1.1e-05,-0.001114,-0.001949,0.000157
5588.8600910000005,13.771,1.66414,1.4e-05,-0.00111,-0.001958,0.00016
5590.1102009999995,13.771,1.727776,1.4e-05,-0.001112,-0.00195,0.000154
5592.6251250000005,13.771,1.776277,1.3e-05,-0.001109,-0.001954,0.000159
5593.874135,13.771,1.650909,1.2e-05,-0.001108,-0.001947,0.000157
5596.376427,13.771,1.764457,1.4e-05,-0.001107,-0.001943,0.000154
5597.624812,13.771,1.681292,1.5e-05,-0.001106,-0.001949,0.000157
5600.1249609999995,13.771,1.925036,1.8e-05,-0.001099,-0.001951,0.000158
5602.6255710000005,13.771,2.238603,1.5e-05,-0.001102,-0.001945,0.000152
5603.874949,13.771,1.896239,1.4e-05,-0.001104,-0.001945,0.000147
5606.374815,13.771,1.933493,1e-05,-0.001102,-0.001947,0.000144
5607.625012,13.771,1.900271,9e-06,-0.001104,-0.001946,0.000142
5610.1247060000005,13.771,2.417597,5e-06,-0.001103,-0.00195,0.000141
5612.641696000001,13.771,2.236057,5e-06,-0.001101,-0.001942,0.000137
5613.890600000001,13.771,2.275607,3e-06,-0.001101,-0.001945,0.000136
5616.405393,13.771,2.100943,2e-06,-0.001102,-0.00194,0.000131
5617.656538,13.771,2.069838,2e-06,-0.001101,-0.00194,0.00013
5620.172718,13.771,2.089297,1e-06,-0.001099,-0.001944,0.000129
5622.687108,13.771,3.173431,-0.0,-0.001099,-0.001937,0.000127
5623.93879,13.771,2.207228,0.0,-0.001097,-0.001942,0.000127
5626.437915,13.771,2.47935,4e-06,-0.001095,-0.001944,0.000131
5627.687691,13.771,2.205101,2e-06,-0.001093,-0.001943,0.000128
5630.202740000001,13.771,2.338167,-1e-06,-0.001092,-0.001936,0.000125
5632.7206750000005,13.771,2.290685,2e-06,-0.00109,-0.001942,0.000125
5633.970735,13.771,2.343934,1e-06,-0.00109,-0.001935,0.000123
5636.485137,13.771,2.51905,-1e-06,-0.001089,-0.001933,0.00012
5637.736338000001,13.771,2.422266,-1e-06,-0.001087,-0.001937,0.00012
5640.2345700000005,13.771,2.39123,0.0,-0.001087,-0.001942,0.000117
5642.749796,13.771,2.433587,-2e-06,-0.001087,-0.00193,0.000115
5644.00009,13.771,1.841479,-0.0,-0.001084,-0.001931,0.000115
5646.515141,13.771,2.361903,2e-06,-0.001081,-0.001933,0.000113
5647.766207000001,13.771,2.249962,-0.0,-0.001081,-0.00193,0.00011
5650.266559,13.771,2.423311,-2e-06,-0.001083,-0.001925,0.000103
5652.796834,13.771,2.804228,-3e-06,-0.001082,-0.00193,0.000103
5654.046559,13.771,2.504805,-4e-06,-0.001082,-0.001925,0.000102
5656.562694,13.771,2.545464,-6e-06,-0.001078,-0.00193,0.0001
5657.828049,13.771,2.851339,-4e-06,-0.001076,-0.001931,0.000101
5660.328096,13.771,2.669183,-4e-06,-0.001076,-0.00193,9.6e-05
5662.828917,13.771,2.628057,-5e-06,-0.001075,-0.001933,9.4e-05
5664.078122,13.772,2.645596,-6e-06,-0.001075,-0.001935,9.2e-05
5666.578609,13.772,2.7171,-1.3e-05,-0.001077,-0.001942,8.5e-05
5667.843681,13.772,2.973773,-1.3e-05,-0.001077,-0.001938,8.5e-05
5670.360182,13.772,2.883011,-1.5e-05,-0.001077,-0.001938,8.1e-05
5672.859795,13.772,2.637213,-1.6e-05,-0.001076,-0.001938,8.1e-05
5674.111049,13.772,2.869976,-1.6e-05,-0.001074,-0.001935,7.6e-05
5676.609918,13.772,1.822332,-1.5e-05,-0.001071,-0.001932,7.6e-05
5677.860079,13.772,3.099221,-1.5e-05,-0.001071,-0.001929,7.5e-05
5680.359702,13.772,2.451275,-1.2e-05,-0.001069,-0.00193,7.7e-05
5681.625178,13.772,2.838118,-1e-05,-0.001065,-0.001929,7.8e-05
5684.124827,13.772,2.863212,-1.4e-05,-0.001066,-0.001928,7.5e-05
5686.640335,13.772,3.044195,-1.5e-05,-0.001067,-0.001924,6.8e-05
5687.892202,13.772,3.767487,-1.7e-05,-0.001066,-0.001928,6.7e-05
5690.390993999999,13.772,2.985567,-1.9e-05,-0.001066,-0.001929,6.3e-05
5691.641676,13.772,3.135079,-2e-05,-0.001068,-0.001925,5.7e-05
5694.141036,13.772,3.012385,-3.3e-05,-0.001077,-0.001927,4.1e-05
5696.642139,13.772,3.080871,-3.9e-05,-0.001078,-0.001925,3.4e-05
5697.8912789999995,13.772,3.174376,-3.9e-05,-0.001079,-0.001935,3.4e-05
5700.391055,13.772,3.041564,-4.2e-05,-0.001079,-0.001932,3.1e-05
5701.641705,13.772,3.414205,-3.7e-05,-0.001073,-0.001926,3.5e-05
5704.139289000001,13.772,3.348446,-3.5e-05,-0.001071,-0.001927,3.2e-05
5706.64006,13.772,3.318403,-3.7e-05,-0.001072,-0.001929,2.9e-05
5707.907057,13.772,3.509874,-3.8e-05,-0.001071,-0.00193,2.6e-05
5710.4228,13.772,3.075746,-4.8e-05,-0.001076,-0.001932,1.3e-05
5711.671065,13.772,3.182519,-4.9e-05,-0.001078,-0.00194,1e-05
5714.1871009999995,13.772,3.650899,-4.9e-05,-0.001076,-0.001937,1e-05
5716.687211,13.772,3.384129,-5.2e-05,-0.001074,-0.001939,1e-05
5717.938872000001,13.772,3.420624,-5.8e-05,-0.00108,-0.001941,-1e-06
5720.437469,13.772,3.659414,-5.2e-05,-0.001072,-0.001949,3e-06
5721.703915,13.772,3.448132,-5e-05,-0.001072,-0.001944,0.0
5724.219537,13.772,3.390671,-5.1e-05,-0.001071,-0.001935,-3e-06
5726.734915,13.772,3.587103,-6.3e-05,-0.001077,-0.001948,-1.6e-05
5727.984799,13.772,3.626065,-7.2e-05,-0.001083,-0.001946,-2.1e-05
5730.516924,13.772,3.663615,-7.2e-05,-0.001086,-0.001947,-2.4e-05
5731.782159,13.772,3.633291,-7e-05,-0.001081,-0.001942,-2.1e-05
5734.281946,13.772,3.840673,-6.9e-05,-0.001077,-0.001932,-1.9e-05
5736.7978889999995,13.772,4.25035,-8e-05,-0.00109,-0.001944,-4.1e-05
5738.048439,13.772,3.7253,-8.5e-05,-0.001093,-0.001944,-4.5e-05
5740.547501999999,13.772,3.866037,-8.4e-05,-0.001086,-0.001943,-4.5e-05
5741.797807,13.772,3.472796,-9.1e-05,-0.001092,-0.001953,-5.4e-05
5744.297066,13.772,4.101649,-8.8e-05,-0.001087,-0.001955,-5.2e-05
5746.797695,13.772,4.085022,-8.5e-05,-0.001081,-0.001955,-4.9e-05
5748.04825,13.772,3.722148,-8.6e-05,-0.001083,-0.001947,-5e-05
5750.532322,13.772,3.851724,-8.8e-05,-0.001084,-0.001951,-6.2e-05
5751.78117,13.772,3.880335,-9.3e-05,-0.001087,-0.001951,-6.3e-05
5754.296821,13.772,4.062571,-0.000104,-0.001098,-0.001955,-7.9e-05
5756.828787,13.772,4.248069,-0.000112,-0.001101,-0.001952,-8.8e-05
5758.077551,13.772,4.013603,-0.00011,-0.001097,-0.001961,-8.7e-05
5760.578902,13.772,4.150346,-0.0001,-0.001087,-0.001957,-7.9e-05
5761.827827,13.772,4.361591,-9.8e-05,-0.001084,-0.001945,-7.5e-05
5764.3276989999995,13.772,4.032665,-9.5e-05,-0.00108,-0.001942,-7.5e-05
5766.82854,13.772,4.056348,-9e-05,-0.001071,-0.001946,-7.4e-05
5768.079006,13.772,4.09784,-9e-05,-0.001069,-0.001958,-7.2e-05
5770.578898,13.772,4.49298,-9.4e-05,-0.00107,-0.001965,-7.4e-05
5771.82889,13.772,4.153688,-0.000101,-0.001076,-0.001957,-8.3e-05
5774.3295259999995,13.772,4.40633,-0.000105,-0.001081,-0.001959,-9.2e-05
5776.845021,13.772,4.410288,-0.000101,-0.001074,-0.001951,-9.1e-05
5778.1104080000005,13.772,4.233283,-0.000109,-0.001081,-0.001951,-0.000105
5780.624764,13.772,4.213213,-0.000112,-0.001085,-0.001957,-0.00011
5781.875037,13.772,4.327844,-0.000112,-0.001083,-0.001953,-0.00011
5784.3749530000005,13.772,4.402335,-0.000115,-0.001083,-0.00195,-0.000113
5785.624726,13.772,4.936059,-0.000117,-0.001085,-0.001956,-0.00012
5788.124772,13.772,4.199494,-0.000134,-0.001099,-0.001953,-0.000139
5790.625026,13.772,4.217213,-0.000126,-0.001089,-0.00196,-0.000131
5791.875634,13.772,4.20472,-0.000139,-0.001097,-0.001955,-0.000151
5794.375636,13.772,4.503495,-0.000156,-0.00111,-0.001963,-0.000162
5795.626615,13.772,4.911034,-0.000151,-0.001108,-0.001966,-0.000158
5798.141176,13.772,4.564166,-0.000141,-0.001098,-0.001965,-0.000156
5800.642518000001,13.772,4.730486,-0.000139,-0.001095,-0.001959,-0.000162
5801.892056000001,13.772,4.528064,-0.000139,-0.001092,-0.00196,-0.000157
5804.392052,13.772,4.744062,-0.000143,-0.001092,-0.001965,-0.000152
5805.639983,13.772,4.678415,-0.000139,-0.001087,-0.00197,-0.000147
5808.140842,13.772,4.983632,-0.000136,-0.001081,-0.001967,-0.00015
5810.641466,13.772,4.757638,-0.000161,-0.001102,-0.001969,-0.00018
5811.907023,13.772,4.912106,-0.000161,-0.001104,-0.001972,-0.000182
5814.4070059999995,13.772,4.749776,-0.000162,-0.001102,-0.001978,-0.000186
5815.6569230000005,13.772,4.797693,-0.000164,-0.001101,-0.001978,-0.000186
5818.1728330000005,13.772,4.849748,-0.000156,-0.001092,-0.001968,-0.000179
5820.6721529999995,13.772,5.065532,-0.000172,-0.001102,-0.001978,-0.000205
5821.922799,13.772,5.427975,-0.000182,-0.001113,-0.001991,-0.000214
5824.421643,13.772,5.458201,-0.000178,-0.001108,-0.001987,-0.000208
5825.671874,13.772,5.273819,-0.000182,-0.001111,-0.001971,-0.000213
5828.172297,13.772,5.036328,-0.000174,-0.0011,-0.001965,-0.000203
5830.67189,13.772,5.181618,-0.000173,-0.001096,-0.001963,-0.000209
5831.922879,13.772,5.607257,-0.000175,-0.001098,-0.001974,-0.000211
5834.4223010000005,13.772,5.075093,-0.00016,-0.001086,-0.001972,-0.000198
5835.672033,13.772,5.240936,-0.000155,-0.00108,-0.001964,-0.000192
5838.17216,13.772,5.120671,-0.000156,-0.001081,-0.001964,-0.00019
5840.688776,13.772,5.267444,-0.000157,-0.001079,-0.001967,-0.000192
5841.937578,13.772,5.250605,-0.000151,-0.001076,-0.001969,-0.000188
5844.437071,13.772,5.386806,-0.00016,-0.001084,-0.001969,-0.0002
5845.68722,13.772,5.393818,-0.000158,-0.001086,-0.001967,-0.000196
5848.1878130000005,13.772,5.18801,-0.000156,-0.001084,-0.001965,-0.000195
5850.688884,13.772,4.936733,-0.000158,-0.001086,-0.00197,-0.000199
5851.937092,13.772,5.249702,-0.000164,-0.001088,-0.001977,-0.000201
5854.4373510000005,13.772,5.121946,-0.000166,-0.00109,-0.001976,-0.000201
5855.6880280000005,13.772,5.239183,-0.000166,-0.001088,-0.001975,-0.000199
5858.187766,13.772,4.802632,-0.00016,-0.001087,-0.001971,-0.000194
5860.703448,13.772,5.383354,-0.000148,-0.001076,-0.00198,-0.000184
5861.952732,13.772,5.015627,-0.000144,-0.001073,-0.001971,-0.000178
5864.452988999999,13.772,5.030472,-0.000141,-0.001074,-0.001971,-0.000176
5865.720395,13.772,5.23913,-0.000148,-0.001076,-0.001974,-0.00018
5868.234834,13.772,5.170286,-0.00015,-0.001078,-0.001975,-0.000184
5870.734764,13.772,5.232278,-0.000152,-0.00108,-0.001975,-0.000187
5871.984875,13.772,5.016076,-0.00015,-0.001077,-0.001981,-0.000182
5874.500666,13.772,5.106541,-0.000147,-0.001078,-0.001971,-0.000184
5875.749774,13.772,5.020645,-0.000148,-0.001074,-0.001973,-0.000182
5878.266492000001,13.772,5.129649,-0.000148,-0.001071,-0.001976,-0.00018
5880.781836,13.772,5.168799,-0.000151,-0.001073,-0.001977,-0.000185
5882.047494,13.772,5.237324,-0.000153,-0.001073,-0.001977,-0.000184
5884.547377999999,13.772,5.28577,-0.000147,-0.001069,-0.001972,-0.000179
5885.79746,13.772,5.512702,-0.000145,-0.001071,-0.001965,-0.00018
5888.312888,13.772,5.012836,-0.000144,-0.001066,-0.001967,-0.000176
5890.829511,13.772,5.258042,-0.000144,-0.001067,-0.001972,-0.000174
5892.078708,13.772,5.182344,-0.000146,-0.001069,-0.001965,-0.000175
5894.579468,13.772,5.004231,-0.000139,-0.001066,-0.001968,-0.000171
5895.828837,13.772,5.398281,-0.000137,-0.001064,-0.001975,-0.000172
5898.3288649999995,13.772,5.156633,-0.000139,-0.001063,-0.001975,-0.000174
5900.828740999999,13.772,5.01682,-0.000144,-0.001069,-0.00197,-0.000184
5902.079508,13.772,5.017352,-0.000142,-0.001067,-0.001966,-0.00018
5904.577789999999,13.772,5.261442,-0.000152,-0.00108,-0.001962,-0.000195
5905.829057,13.772,5.317484,-0.000157,-0.001083,-0.001972,-0.000193
5908.345037,13.772,5.033659,-0.000153,-0.001077,-0.00197,-0.000185
5910.844994,13.772,5.342345,-0.000152,-0.001075,-0.001965,-0.000186
5912.094368,13.772,5.385107,-0.000153,-0.001079,-0.001966,-0.000192
5914.5931980000005,13.772,4.925433,-0.000161,-0.001086,-0.001977,-0.000199
5915.844612999999,13.772,5.010074,-0.000161,-0.001086,-0.001974,-0.000197
5918.343744,13.772,4.889039,-0.000158,-0.001085,-0.001979,-0.000194
5920.85937,13.772,5.696287,-0.000157,-0.001081,-0.001971,-0.000188
5922.108999,13.772,5.185931,-0.000153,-0.001078,-0.001971,-0.000183
5924.610022,13.772,5.114297,-0.000157,-0.001079,-0.001969,-0.000188
5925.860769999999,13.772,4.952002,-0.000158,-0.001082,-0.001962,-0.000194
5928.374988,13.772,5.329436,-0.000156,-0.00108,-0.001969,-0.000186
5930.859362,13.772,4.998815,-0.00016,-0.001084,-0.001962,-0.000196
5932.1093789999995,13.772,5.030419,-0.000161,-0.001085,-0.001962,-0.000199
5934.603757,13.772,5.19998,-0.000164,-0.001089,-0.001967,-0.000202
5935.844762000001,13.772,5.012783,-0.000166,-0.001089,-0.001959,-0.000201
5938.344847,13.772,5.273872,-0.000163,-0.001089,-0.001965,-0.0002
5940.859856,13.772,5.293952,-0.000167,-0.00109,-0.001963,-0.000201
5942.110022,13.772,5.259476,-0.000164,-0.001088,-0.00197,-0.000198
5944.626378999999,13.772,5.119928,-0.000162,-0.001087,-0.001967,-0.000196
5945.874737,13.772,5.263035,-0.000161,-0.001088,-0.001972,-0.000199
5948.376276,13.772,5.053899,-0.000164,-0.001088,-0.001967,-0.000202
5950.8747459999995,13.772,5.23573,-0.000164,-0.001087,-0.001961,-0.000197
5952.127016,13.772,4.92521,-0.000161,-0.001085,-0.001964,-0.000195
5954.6246169999995,13.772,5.472862,-0.000163,-0.001087,-0.001964,-0.000197
5955.875083,13.772,5.192277,-0.000162,-0.001087,-0.001964,-0.000197
5958.376625999999,13.772,4.862937,-0.000157,-0.001081,-0.001963,-0.000193
5960.874127,13.772,5.135298,-0.000155,-0.001079,-0.001952,-0.000191
5962.1402880000005,13.772,5.034742,-0.000154,-0.001078,-0.001949,-0.000187
5964.656491,13.772,4.876423,-0.000152,-0.001075,-0.001954,-0.000184
5965.921216000001,13.772,4.885362,-0.000153,-0.001076,-0.001956,-0.000186
5968.421992,13.772,5.19913,-0.000151,-0.001075,-0.001959,-0.000183
5969.673146,13.772,5.16577,-0.00015,-0.001074,-0.001956,-0.000186
5972.171763,13.772,5.284709,-0.000156,-0.001081,-0.001959,-0.000191
5974.688391,13.772,4.933248,-0.00015,-0.001075,-0.001951,-0.000186
5975.9529139999995,13.772,5.462131,-0.000147,-0.001074,-0.00195,-0.000183
5978.469591,13.772,5.187869,-0.000146,-0.001073,-0.001958,-0.000182
5979.720138000001,13.772,5.112172,-0.000148,-0.001075,-0.001955,-0.000183
5982.219476,13.772,5.144097,-0.000145,-0.001072,-0.001955,-0.000182
5984.719752999999,13.772,5.401627,-0.000146,-0.001069,-0.00196,-0.000182
5985.969951,13.772,5.220857,-0.000146,-0.001071,-0.001951,-0.000182
5988.470606,13.772,5.427922,-0.000147,-0.001073,-0.001946,-0.000183
5989.735354,13.772,5.752594,-0.00015,-0.001076,-0.001945,-0.000187
5992.234886,13.772,5.023832,-0.000151,-0.001076,-0.001946,-0.000184
5994.734974999999,13.772,5.076209,-0.000145,-0.00107,-0.001947,-0.000178
5995.982205,13.772,5.083699,-0.000144,-0.001069,-0.001945,-0.000176
5998.485162,13.772,5.107922,-0.000141,-0.001067,-0.001951,-0.000174
5999.734491,13.772,5.030423,-0.00014,-0.001066,-0.001953,-0.000171
6002.235044999999,13.772,5.182291,-0.000136,-0.001063,-0.001946,-0.000168
6004.735078,13.772,5.215119,-0.000138,-0.001065,-0.001946,-0.000173
6005.9852599999995,13.772,5.298732,-0.000137,-0.001066,-0.001946,-0.000171
6008.484322,13.772,5.032259,-0.000138,-0.001064,-0.001947,-0.00017
6009.733597,13.772,4.999484,-0.000135,-0.001062,-0.001951,-0.000167
6012.2355800000005,13.772,4.94806,-0.000134,-0.001061,-0.001945,-0.000168
6014.734485999999,13.772,5.707973,-0.000131,-0.00106,-0.001953,-0.000165
6015.997309,13.772,5.016926,-0.000131,-0.001059,-0.001944,-0.000166
6018.502012,13.772,5.221335,-0.000124,-0.001055,-0.001947,-0.000158
6019.7501059999995,13.772,4.83474,-0.000121,-0.001053,-0.001944,-0.000159
6022.249965999999,13.772,5.373845,-0.000126,-0.001057,-0.001941,-0.000161
6024.750051999999,13.772,5.129596,-0.000128,-0.001055,-0.001943,-0.000162
6026.000661,13.772,5.193659,-0.000127,-0.001054,-0.001947,-0.000161
6028.500478,13.772,5.304841,-0.000126,-0.001052,-0.001944,-0.000158
6029.750028,13.772,5.055226,-0.000125,-0.00105,-0.001944,-0.000156
6032.2501,13.772,5.428081,-0.000122,-0.001047,-0.001944,-0.000153
6034.765961,13.772,5.094376,-0.000121,-0.001045,-0.001948,-0.000149
6036.015614,13.772,5.42569,-0.00012,-0.001047,-0.001944,-0.00015
6038.532338999999,13.772,5.051296,-0.000123,-0.001049,-0.001936,-0.000155
6039.781455,13.772,5.25613,-0.000123,-0.001046,-0.001942,-0.000154
6042.2968550000005,13.772,4.856178,-0.000119,-0.001045,-0.001934,-0.000151
6044.798844999999,13.772,4.893299,-0.000119,-0.001043,-0.001942,-0.000149
6046.0630280000005,13.772,5.182291,-0.000117,-0.001043,-0.001943,-0.000149
6048.563741,13.772,5.451826,-0.000115,-0.001042,-0.001943,-0.000148
6049.813658,13.772,5.061973,-0.000118,-0.001042,-0.001937,-0.000148
6052.328519000001,13.772,5.28949,-0.00012,-0.001042,-0.001946,-0.000148
6054.827832,13.772,5.249702,-0.00012,-0.001046,-0.00194,-0.00015
6056.093927,13.772,5.27334,-0.000121,-0.001047,-0.001941,-0.00015
6058.5956160000005,13.772,5.086036,-0.000121,-0.001049,-0.001939,-0.000153
6059.844066,13.772,5.283752,-0.000119,-0.001045,-0.001942,-0.000151
6062.360482,13.772,5.111057,-0.000119,-0.001044,-0.001945,-0.000151
6064.874655,13.772,4.962538,-0.000115,-0.001044,-0.001938,-0.000154
6066.124084,13.772,5.774746,-0.000114,-0.001044,-0.001941,-0.00015
6068.624813,13.772,5.036528,-0.000114,-0.001042,-0.001941,-0.000152
6069.875989,13.772,5.429356,-0.000112,-0.001044,-0.001934,-0.000152
6072.391659,13.772,4.871972,-0.000106,-0.001038,-0.001937,-0.000143
6073.641331,13.772,4.993918,-0.000109,-0.001039,-0.001933,-0.000142
6076.141541999999,13.772,5.054483,-0.000113,-0.001043,-0.00194,-0.000147
6078.657719,13.772,5.034722,-0.00012,-0.001048,-0.00193,-0.00015
6079.921527,13.772,5.149197,-0.000118,-0.001047,-0.00193,-0.000151
6082.422985,13.772,5.320405,-0.000119,-0.001046,-0.001929,-0.000151
6083.671971,13.772,5.216076,-0.000118,-0.001045,-0.001937,-0.00015
6086.1714680000005,13.772,5.001469,-0.000111,-0.001039,-0.001938,-0.00014
6088.668781,13.772,5.700589,-0.000109,-0.001038,-0.001928,-0.000139
6089.921598,13.772,5.149356,-0.00011,-0.001038,-0.001927,-0.000141
6092.4221099999995,13.772,5.246621,-0.000112,-0.001041,-0.001925,-0.000146
6093.672821,13.772,5.264522,-0.00011,-0.001039,-0.001931,-0.000141
6096.173977,13.772,5.296395,-0.000109,-0.001038,-0.001931,-0.000145
6098.687091,13.772,5.094164,-0.000105,-0.001034,-0.001928,-0.000137
6099.936342999999,13.772,5.298945,-0.000113,-0.001039,-0.001934,-0.000143
6102.437974,13.772,5.316899,-0.000119,-0.001045,-0.001937,-0.000149
6103.702614,13.772,4.947604,-0.000118,-0.001044,-0.001939,-0.000148
6106.20389,13.772,5.071003,-0.000113,-0.00104,-0.001941,-0.000138
6108.71918,13.772,5.104947,-0.000113,-0.001042,-0.00194,-0.000141
6109.968712,13.772,5.379741,-0.000117,-0.001044,-0.001938,-0.000145
6112.483829,13.772,5.073659,-0.000125,-0.001052,-0.001942,-0.00016
6113.734506,13.772,5.029155,-0.000127,-0.001051,-0.001941,-0.000159
6116.249898,13.772,5.302397,-0.00012,-0.001049,-0.001941,-0.000157
6118.752129,13.772,5.18091,-0.000118,-0.001045,-0.001942,-0.000145
6120.001123,13.772,5.083912,-0.000119,-0.001047,-0.001942,-0.000155
6122.5005120000005,13.772,5.319343,-0.000128,-0.001055,-0.001951,-0.00016
6123.76633,13.772,5.294429,-0.00013,-0.001055,-0.001952,-0.000161
6126.266743,13.772,5.027923,-0.000123,-0.001052,-0.001952,-0.000155
6128.767628,13.772,5.147337,-0.000118,-0.001048,-0.001951,-0.000151
6130.017325,13.772,5.382769,-0.000117,-0.001045,-0.001941,-0.00015
6132.516289,13.772,5.489116,-0.000117,-0.001044,-0.001947,-0.000145
6133.766296,13.772,5.262876,-0.000122,-0.001048,-0.001955,-0.00015
6136.265712,13.772,5.291349,-0.00013,-0.001055,-0.001951,-0.00016
6138.766874999999,13.772,5.150206,-0.000132,-0.001059,-0.001955,-0.000165
6140.015945,13.772,5.736446,-0.000136,-0.00106,-0.001946,-0.000169
6142.5151590000005,13.772,4.930643,-0.000139,-0.001066,-0.001946,-0.000172
6143.7672729999995,13.772,5.794136,-0.000135,-0.00106,-0.001954,-0.000165
6146.265948,13.772,5.200352,-0.000139,-0.001066,-0.001959,-0.000174
6148.767213,13.772,5.113978,-0.000144,-0.001067,-0.001954,-0.000176
6150.016309000001,13.772,5.126568,-0.00015,-0.001076,-0.001943,-0.000185
6152.517072000001,13.772,5.423459,-0.00016,-0.001086,-0.001956,-0.000197
6153.76631,13.772,5.031429,-0.000161,-0.001084,-0.001966,-0.000193
6156.265381,13.772,5.288108,-0.000161,-0.001086,-0.001965,-0.000195
6158.764768999999,13.772,4.905973,-0.00016,-0.001086,-0.001964,-0.000196
6160.017081,13.772,5.008481,-0.000162,-0.001087,-0.001959,-0.000195
6162.516173,13.772,4.997797,-0.000156,-0.001082,-0.001956,-0.000191
6163.766333,13.772,5.357909,-0.000155,-0.001082,-0.001961,-0.000193
6166.2820059999995,13.772,5.068506,-0.000158,-0.001083,-0.001957,-0.000192
6168.781641,13.772,5.226168,-0.00016,-0.001084,-0.001962,-0.000192
6170.0318609999995,13.772,5.373579,-0.000157,-0.001082,-0.001955,-0.000187
6172.532723,13.772,4.955896,-0.000151,-0.001077,-0.001958,-0.000183
6173.780092,13.772,5.07929,-0.000144,-0.001073,-0.001957,-0.000181
6176.297927,13.772,5.114721,-0.000145,-0.001072,-0.001961,-0.000184
6178.7980769999995,13.772,5.009914,-0.000154,-0.00108,-0.001953,-0.000191
6180.063717999999,13.772,5.212994,-0.000153,-0.001081,-0.001962,-0.000189
6182.578842,13.772,5.565185,-0.000168,-0.001093,-0.001964,-0.000203
6183.843975,13.772,4.660404,-0.000165,-0.001092,-0.001961,-0.000199
6186.34384,13.772,5.181653,-0.00016,-0.001089,-0.001962,-0.000194
6188.845073,13.772,5.044753,-0.000147,-0.001075,-0.001961,-0.000183
6190.0948100000005,13.772,4.777358,-0.00015,-0.001076,-0.001958,-0.000189
6192.594297,13.772,5.204867,-0.000152,-0.001079,-0.001962,-0.000185
6193.843506,13.772,5.025851,-0.000146,-0.001071,-0.001963,-0.000179
6196.359929,13.772,5.496341,-0.000145,-0.001073,-0.001969,-0.000176
6198.891195,13.772,4.985626,-0.000146,-0.001076,-0.001962,-0.000183
6200.139825,13.772,5.242105,-0.000149,-0.001077,-0.001972,-0.000185
6202.640825,13.772,5.112385,-0.000145,-0.001072,-0.00198,-0.000176
6203.891514999999,13.772,5.261601,-0.000145,-0.001072,-0.001973,-0.000174
6206.392267,13.772,4.950643,-0.000149,-0.001073,-0.001973,-0.000175
6208.891181999999,13.772,5.426806,-0.000151,-0.001075,-0.001969,-0.000183
6210.141970000001,13.772,5.089489,-0.000161,-0.001087,-0.00198,-0.000197
6212.640042999999,13.772,5.830789,-0.000161,-0.001087,-0.001982,-0.000196
6213.891578,13.772,5.207683,-0.000159,-0.001087,-0.001979,-0.000193
6216.407456999999,13.772,4.978485,-0.000153,-0.001082,-0.001976,-0.000185
6217.672155,13.772,4.942075,-0.000154,-0.001082,-0.001975,-0.000188
6220.172103999999,13.772,5.051189,-0.00016,-0.001085,-0.001984,-0.000194
6222.67193,13.772,5.25342,-0.000165,-0.001087,-0.001981,-0.000202
6223.923004,13.772,5.295864,-0.000163,-0.001088,-0.001977,-0.000194
6226.422586000001,13.772,5.308666,-0.000156,-0.001082,-0.001984,-0.000187
6227.6728459999995,13.772,4.655846,-0.000159,-0.001084,-0.001976,-0.000189
6230.204008000001,13.772,5.172995,-0.000168,-0.001093,-0.001981,-0.000204
6232.703839,13.772,5.005505,-0.000174,-0.001102,-0.001973,-0.000213
6233.952932,13.772,4.989377,-0.000171,-0.001101,-0.001971,-0.000207
6236.453749,13.772,5.010977,-0.000181,-0.001105,-0.001973,-0.000218
6237.718943,13.772,5.1518,-0.00018,-0.001106,-0.001977,-0.000214
6240.21896,13.772,5.241361,-0.000187,-0.001112,-0.001976,-0.000221
6242.718696,13.772,5.496766,-0.000192,-0.001114,-0.001978,-0.000222
6243.984675,13.772,5.356475,-0.000187,-0.001111,-0.001984,-0.000222
6246.500445,13.772,5.139423,-0.000186,-0.001112,-0.001974,-0.000217
6247.749673,13.772,5.666752,-0.000171,-0.001101,-0.001981,-0.000206
6250.267245999999,13.772,5.249702,-0.000182,-0.001113,-0.001981,-0.000229
6252.781043,13.772,5.003434,-0.000199,-0.001123,-0.00198,-0.000236
6254.031016,13.772,4.977467,-0.000195,-0.001121,-0.001986,-0.000233
6256.531964,13.772,5.350366,-0.000179,-0.001106,-0.001985,-0.000216
6257.781696,13.772,5.231375,-0.000167,-0.001095,-0.001977,-0.000207
6260.296123,13.772,5.244124,-0.000169,-0.001099,-0.001965,-0.000211
6262.798167999999,13.772,4.924266,-0.000167,-0.001099,-0.001967,-0.000205
6264.0485499999995,13.772,5.05235,-0.00017,-0.001101,-0.00197,-0.00021
6266.562201000001,13.772,5.034403,-0.000168,-0.001095,-0.001983,-0.000198
6267.812935,13.772,5.023726,-0.000162,-0.001091,-0.001974,-0.000194
6270.311686999999,13.772,4.954532,-0.000155,-0.001082,-0.001976,-0.000187
6272.813184000001,13.772,5.504999,-0.000154,-0.001082,-0.001978,-0.000185
6274.059902999999,13.772,5.149993,-0.000154,-0.001082,-0.001979,-0.000185
6276.579281,13.772,5.300114,-0.00016,-0.001086,-0.00198,-0.00019
6277.8293570000005,13.772,5.118706,-0.000161,-0.001087,-0.001978,-0.000194
6280.327436,13.772,4.563185,-0.000165,-0.00109,-0.00198,-0.000196
6282.829436,13.772,4.923093,-0.000168,-0.001094,-0.001984,-0.000198
6284.094535,13.772,5.008184,-0.000167,-0.001093,-0.00198,-0.000197
6286.59384,13.772,5.416953,-0.000161,-0.001091,-0.001977,-0.000198
6287.844954,13.772,5.035543,-0.000164,-0.00109,-0.001975,-0.0002
6290.343798,13.772,5.089755,-0.000164,-0.001092,-0.001975,-0.000204
6292.84518,13.772,4.759851,-0.000158,-0.00109,-0.001975,-0.000203
6294.091691,13.772,5.785105,-0.000162,-0.00109,-0.001985,-0.000204
6296.5942780000005,13.772,5.36144,-0.00017,-0.001097,-0.001978,-0.000209
6297.844686,13.772,5.515836,-0.000169,-0.001099,-0.001972,-0.000209
6300.359767,13.772,4.901756,-0.00017,-0.001098,-0.001975,-0.000207
6302.874625,13.772,4.990619,-0.000174,-0.0011,-0.001981,-0.000212
6304.125279,13.772,5.302822,-0.000178,-0.001104,-0.001975,-0.000215
6306.625011,13.772,4.772355,-0.000173,-0.0011,-0.001974,-0.000209
6307.875103,13.772,5.270154,-0.00017,-0.001096,-0.001973,-0.000208
6310.374582,13.772,5.103566,-0.000167,-0.001093,-0.001964,-0.000202
6312.874373000001,13.772,5.242583,-0.000163,-0.001091,-0.001965,-0.000196
6314.1264759999995,13.772,5.32099,-0.000162,-0.00109,-0.001966,-0.0002
6316.641213999999,13.772,5.20986,-0.000166,-0.001093,-0.001964,-0.000202
6317.890848,13.772,5.234456,-0.00017,-0.001097,-0.001966,-0.00021
6320.407294000001,13.772,5.662874,-0.000172,-0.001097,-0.001983,-0.000208
6321.656961000001,13.772,5.003222,-0.00017,-0.001096,-0.001977,-0.000208
6324.156505,13.772,5.14176,-0.000165,-0.001091,-0.00198,-0.000202
6326.671679,13.772,4.865266,-0.00017,-0.001097,-0.001966,-0.000209
6327.92195,13.772,5.580324,-0.000169,-0.001094,-0.001976,-0.000203
6330.421714,13.772,5.075731,-0.00017,-0.001097,-0.001976,-0.000207
6331.672428,13.772,5.255173,-0.000172,-0.001098,-0.001978,-0.000209
6334.187798999999,13.772,5.216926,-0.000173,-0.001098,-0.001968,-0.000207
6336.703316,13.772,5.11265,-0.000174,-0.001099,-0.001968,-0.000207
6337.953692,13.772,5.043527,-0.000174,-0.0011,-0.001977,-0.00021
6340.469919,13.772,5.13581,-0.00017,-0.001097,-0.001982,-0.000208
6341.718412,13.772,5.040087,-0.000169,-0.001096,-0.001975,-0.000204
6344.234614999999,13.772,4.633135,-0.000172,-0.001097,-0.001972,-0.000209
6346.734657999999,13.772,5.568213,-0.000168,-0.001092,-0.001975,-0.0002
6347.999888,13.772,5.163327,-0.000164,-0.001092,-0.00197,-0.000197
6350.500089,13.772,4.865239,-0.000167,-0.001091,-0.001972,-0.000199
6351.749657,13.772,5.031198,-0.000165,-0.001091,-0.001967,-0.000199
6354.251188,13.772,5.15079,-0.000163,-0.001089,-0.001966,-0.000199
6356.7469,13.772,5.284868,-0.000161,-0.001086,-0.001964,-0.000195
6358.001831,13.772,5.052252,-0.000161,-0.001084,-0.001958,-0.000193
6360.517067,13.772,5.02192,-0.00016,-0.001086,-0.001961,-0.000196
6361.766842,13.772,4.834331,-0.000158,-0.001085,-0.001964,-0.000195
6364.265486,13.772,5.357856,-0.000155,-0.001082,-0.001965,-0.000186
6366.766684,13.772,5.085559,-0.00015,-0.001079,-0.001962,-0.000185
6368.031971,13.772,5.663724,-0.000148,-0.001076,-0.001959,-0.000182
6370.547173,13.772,4.991685,-0.000149,-0.001075,-0.001964,-0.000178
6371.797009,13.772,5.122264,-0.000149,-0.001075,-0.001962,-0.00018
6374.296382,13.772,5.065532,-0.000145,-0.001075,-0.001967,-0.000181
6376.797308,13.772,5.428771,-0.000147,-0.001073,-0.00196,-0.000178
6378.063298,13.772,5.270778,-0.000147,-0.001073,-0.001955,-0.000179
6380.580033,13.772,5.163752,-0.000145,-0.001072,-0.001959,-0.000181
6381.82741,13.772,5.250977,-0.00014,-0.00107,-0.001964,-0.000175
6384.343604,13.772,5.449595,-0.000141,-0.00107,-0.001959,-0.000173
6386.858873,13.772,4.736582,-0.000139,-0.001066,-0.001951,-0.000172
6388.109904999999,13.772,4.97813,-0.000132,-0.001062,-0.001951,-0.000166
6390.641029,13.772,5.373792,-0.000123,-0.001055,-0.001962,-0.000157
6391.906567,13.772,5.105956,-0.000122,-0.001052,-0.001953,-0.000154
6394.422799,13.772,5.898518,-0.000125,-0.001055,-0.001958,-0.000158
6395.671843,13.772,5.149622,-0.00013,-0.00106,-0.001949,-0.000166
6398.173031,13.772,5.592968,-0.000141,-0.001071,-0.001951,-0.000178
6400.672799,13.772,5.187231,-0.00014,-0.001068,-0.001954,-0.000171
6401.922139,13.772,5.354509,-0.00014,-0.00107,-0.001954,-0.000171
6404.43771,13.772,4.980629,-0.000139,-0.001066,-0.001957,-0.00017
6405.687795,13.772,5.058255,-0.000139,-0.001065,-0.001951,-0.000172
6408.1857,13.772,5.179582,-0.000137,-0.001064,-0.001956,-0.000168
6410.6879850000005,13.772,5.252199,-0.000137,-0.001065,-0.001951,-0.000173
6411.9388930000005,13.772,5.279343,-0.00014,-0.001069,-0.001945,-0.000174
6414.436944,13.772,5.111693,-0.000135,-0.001062,-0.001945,-0.000167
6415.705164,13.772,5.339263,-0.000134,-0.001062,-0.001951,-0.000165
6418.204038,13.772,5.169064,-0.000136,-0.001061,-0.001954,-0.000162
6420.703554,13.772,5.128932,-0.000134,-0.001059,-0.001947,-0.000161
6421.969864000001,13.772,5.345585,-0.000134,-0.00106,-0.001943,-0.000162
6424.469818,13.772,5.285239,-0.000131,-0.00106,-0.001942,-0.00016
6425.71986,13.772,4.829774,-0.000128,-0.001056,-0.00195,-0.000154
6428.219801,13.772,5.476314,-0.000128,-0.001055,-0.001948,-0.000155
6430.718885,13.772,5.196793,-0.000129,-0.001057,-0.001947,-0.000157
6431.985816,13.772,5.077324,-0.00013,-0.001058,-0.001941,-0.000159
6434.486409,13.772,4.664473,-0.000124,-0.001053,-0.001939,-0.000153
6435.735043000001,13.772,4.931433,-0.000124,-0.001052,-0.001946,-0.000152
6438.234350000001,13.772,5.13196,-0.000121,-0.001049,-0.001945,-0.000149
6440.734874,13.772,5.054749,-0.000127,-0.001055,-0.001942,-0.000155
6441.9847709999995,13.772,5.388719,-0.000128,-0.001054,-0.001947,-0.000159
6444.484999,13.772,5.434721,-0.000127,-0.001056,-0.001942,-0.000158
6445.731698,13.772,5.501228,-0.000127,-0.001053,-0.001942,-0.000157
6448.235047,13.772,5.160459,-0.000121,-0.001052,-0.001934,-0.000152
6450.750526,13.772,5.191056,-0.00012,-0.00105,-0.001941,-0.000153
6452.016653000001,13.772,5.019856,-0.000121,-0.001048,-0.001934,-0.000153
6454.517081,13.772,5.449276,-0.00012,-0.001047,-0.001937,-0.00015
6455.766572,13.772,5.111109,-0.000119,-0.001046,-0.001939,-0.000148
6458.281337,13.772,5.282425,-0.000119,-0.001048,-0.001937,-0.000153
6460.796298,13.772,5.050605,-0.000121,-0.00105,-0.001938,-0.000155
6462.047528,13.772,5.282902,-0.000122,-0.00105,-0.001932,-0.000155
6464.547275,13.772,5.012305,-0.000119,-0.001047,-0.001934,-0.00015
6465.799306999999,13.772,5.381335,-0.000118,-0.001046,-0.001936,-0.000147
6468.3129069999995,13.772,5.185319,-0.000117,-0.001046,-0.001932,-0.000145
6470.844655999999,13.772,5.073234,-0.000117,-0.001044,-0.001927,-0.000143
6472.109531,13.772,5.154403,-0.000114,-0.001042,-0.001932,-0.000143
6474.624863,13.772,5.373208,-0.000113,-0.00104,-0.001932,-0.000141
6475.874478,13.772,5.547921,-0.000111,-0.001039,-0.001928,-0.000141
6478.376402,13.772,5.138386,-0.000109,-0.001036,-0.001928,-0.000139
6480.875308000001,13.772,5.097511,-0.00011,-0.001037,-0.00193,-0.000137
6482.125662,13.772,4.864263,-0.00011,-0.001037,-0.001929,-0.00014
6484.641552,13.772,5.803484,-0.000109,-0.001035,-0.001937,-0.000137
6485.892201000001,13.772,5.026807,-0.000112,-0.001039,-0.00193,-0.000141
6488.406433,13.772,4.985138,-0.000108,-0.001035,-0.001929,-0.000138
6489.657517,13.772,5.056661,-0.000105,-0.001032,-0.001935,-0.000136
6492.171735,13.772,4.64627,-0.0001,-0.001029,-0.001932,-0.000131
6494.6715189999995,13.772,5.309569,-0.000101,-0.001031,-0.001937,-0.000132
6495.922299,13.772,5.014058,-0.000102,-0.001035,-0.001934,-0.000137
6498.43787,13.772,5.075146,-0.000108,-0.001037,-0.001932,-0.000141
6499.7039270000005,13.772,4.851653,-0.000109,-0.001037,-0.001936,-0.000142
6502.22056,13.772,5.347285,-0.000107,-0.00104,-0.001926,-0.00014
6504.71986,13.772,5.283965,-0.000102,-0.001036,-0.001926,-0.000139
6505.970094,13.772,5.629833,-0.000102,-0.001035,-0.001935,-0.000136
6508.470101,13.772,5.022929,-0.000105,-0.001035,-0.00193,-0.000138
6509.719131,13.772,5.067614,-0.000104,-0.001036,-0.001936,-0.000135
6512.234508,13.772,5.367152,-0.000108,-0.001036,-0.001934,-0.000135
6514.747151,13.772,5.248692,-0.000109,-0.001037,-0.001926,-0.000135
6515.9997189999995,13.772,4.940781,-0.000107,-0.001037,-0.001934,-0.000134
6518.502259,13.772,5.038408,-0.000104,-0.001032,-0.001931,-0.000133
6519.752363,13.772,5.219635,-0.000105,-0.001033,-0.001928,-0.000137
6522.267369,13.772,5.232171,-9.8e-05,-0.001027,-0.001928,-0.000129
6524.782057,13.772,4.668855,-0.000115,-0.001041,-0.001924,-0.000147
6526.032031000001,13.772,5.254429,-0.000119,-0.001047,-0.001936,-0.000151
6528.531644000001,13.772,5.137032,-0.000125,-0.001052,-0.00193,-0.000157
6529.782491,13.772,5.16423,-0.000125,-0.001051,-0.00193,-0.000155
6532.278802,13.772,5.279131,-0.000121,-0.00105,-0.001933,-0.000155
6534.781987,13.772,5.262451,-0.000122,-0.001049,-0.001936,-0.000155
6536.032261,13.772,5.440192,-0.000119,-0.001049,-0.00193,-0.000153
6538.531742,13.772,5.229196,-0.000121,-0.001048,-0.001939,-0.00015
6539.798242,13.772,5.358546,-0.000121,-0.001052,-0.001942,-0.000151
6542.297702,13.772,5.183832,-0.000124,-0.001051,-0.001942,-0.000152
6544.796763,13.772,5.310657,-0.000125,-0.001052,-0.001942,-0.000157
6546.047815,13.772,5.009489,-0.000129,-0.001054,-0.001937,-0.000159
6548.547023,13.772,5.071747,-0.000126,-0.001054,-0.001937,-0.000156
6549.797762,13.772,5.00593,-0.000129,-0.001055,-0.001931,-0.000161
6552.313002999999,13.772,5.272544,-0.00013,-0.001059,-0.001932,-0.000165
6554.814112,13.772,5.064044,-0.000129,-0.001058,-0.001934,-0.000161
6556.078835,13.772,4.974464,-0.000125,-0.001056,-0.001937,-0.000158
6558.577805,13.772,5.172463,-0.000124,-0.001052,-0.00194,-0.000154
6559.829842,13.772,5.203698,-0.000129,-0.001056,-0.001941,-0.000157
6562.328882,13.772,5.236102,-0.000132,-0.001062,-0.001944,-0.000164
6564.829007,13.772,5.048533,-0.000136,-0.001065,-0.001943,-0.000172
6566.072026,13.772,5.1433,-0.000134,-0.001063,-0.001941,-0.00017
6568.563875,13.772,5.107806,-0.000131,-0.001056,-0.001941,-0.000158
6569.814348,13.772,5.283912,-0.000129,-0.001057,-0.001953,-0.000159
6572.312209,13.772,5.085916,-0.000128,-0.00106,-0.001946,-0.000165
6574.82873,13.772,5.056714,-0.000132,-0.001058,-0.001948,-0.000163
6576.093763,13.772,5.243805,-0.000135,-0.00106,-0.001949,-0.000166
6578.594609,13.772,4.914058,-0.000131,-0.001059,-0.001945,-0.000164
6579.859818,13.772,5.274881,-0.000131,-0.00106,-0.001948,-0.000162
6582.359888,13.772,5.519714,-0.000131,-0.001062,-0.001946,-0.000168
6584.8601770000005,13.772,5.050552,-0.000139,-0.001069,-0.001951,-0.000172
6586.126684,13.772,4.768116,-0.000142,-0.001069,-0.001944,-0.000171
6588.640737,13.772,5.140379,-0.000134,-0.001065,-0.001949,-0.000169
6589.891511,13.772,5.254589,-0.000133,-0.001065,-0.001943,-0.000167
6592.391348,13.772,5.123221,-0.000146,-0.001075,-0.001954,-0.000183
6594.890916,13.772,4.794865,-0.000154,-0.001079,-0.001951,-0.000187
6596.139927,13.772,5.250605,-0.000148,-0.001074,-0.00195,-0.00018
6598.640749,13.772,5.250392,-0.000141,-0.001071,-0.001956,-0.000179
6599.891754,13.772,5.27945,-0.000141,-0.00107,-0.001962,-0.000176
6602.390798,13.772,4.830129,-0.000132,-0.001062,-0.001963,-0.000163
6604.890843,13.772,5.528266,-0.000138,-0.001068,-0.001963,-0.00018
6606.141202,13.772,5.035466,-0.000146,-0.001071,-0.001959,-0.000185
6608.640649,13.772,5.773206,-0.00015,-0.001078,-0.001957,-0.00019
6609.890368,13.772,4.687805,-0.000152,-0.001076,-0.001955,-0.000189
6612.419354,13.772,5.032119,-0.000154,-0.00108,-0.001964,-0.000189
6613.67138,13.772,5.504946,-0.000157,-0.001084,-0.001952,-0.000196
6616.1872490000005,13.772,5.027285,-0.000158,-0.001084,-0.00195,-0.00019
6618.704362,13.772,5.099157,-0.000159,-0.001085,-0.001969,-0.000194
6619.952862,13.772,4.902753,-0.000154,-0.001081,-0.001967,-0.00019
6622.470234,13.772,5.013739,-0.000145,-0.001073,-0.00196,-0.000178
6623.719950000001,13.772,5.048746,-0.000143,-0.001073,-0.001966,-0.000175
6626.218696,13.772,5.210605,-0.000137,-0.001067,-0.001961,-0.000171
6628.7185150000005,13.772,5.205983,-0.00014,-0.001065,-0.001971,-0.00017
6629.968817999999,13.772,5.193074,-0.000143,-0.00107,-0.001972,-0.000173
6632.468721,13.772,4.803943,-0.00014,-0.001067,-0.001975,-0.000171
6633.718391,13.772,5.180644,-0.000145,-0.001071,-0.001969,-0.000178
6636.219788,13.772,5.196368,-0.000144,-0.001077,-0.001967,-0.000183
6638.719808,13.772,5.092624,-0.000158,-0.001087,-0.001962,-0.00019
6639.968851,13.772,5.192796,-0.000161,-0.00109,-0.00197,-0.000194
6642.469467,13.772,5.245027,-0.000154,-0.00108,-0.001963,-0.000191
6643.735139,13.772,5.201574,-0.000158,-0.001081,-0.001971,-0.000188
6646.234768,13.772,5.216235,-0.000162,-0.00109,-0.001968,-0.000202
6648.735992,13.772,5.023938,-0.000159,-0.001087,-0.001975,-0.000194
6649.985353,13.772,5.024098,-0.000149,-0.001083,-0.001965,-0.000189
6652.498821,13.772,5.54484,-0.000157,-0.00109,-0.00196,-0.000202
6653.735366,13.772,4.942468,-0.000163,-0.001094,-0.001962,-0.000206
6656.266931,13.772,5.028401,-0.000178,-0.001102,-0.001973,-0.000216
6658.7657899999995,13.772,5.028773,-0.000162,-0.001093,-0.001976,-0.000203
6660.01698,13.772,5.408057,-0.000166,-0.001098,-0.001965,-0.00021
6662.516433,13.772,4.76974,-0.000168,-0.001098,-0.001971,-0.000204
6663.76699,13.772,4.98699,-0.000166,-0.001094,-0.001972,-0.000202
6666.265999,13.772,5.027156,-0.00016,-0.001088,-0.001972,-0.000196
6668.766108,13.772,5.058467,-0.000171,-0.001098,-0.001969,-0.000209
6670.013281,13.772,5.091189,-0.000171,-0.001102,-0.001967,-0.00021
6672.51643,13.772,5.168426,-0.000159,-0.001089,-0.001974,-0.000198
6673.780835,13.772,5.134907,-0.000163,-0.001091,-0.001972,-0.000207
6676.281166,13.772,4.898137,-0.000165,-0.001092,-0.001968,-0.000195
6678.781785,13.772,5.239396,-0.000171,-0.001096,-0.001968,-0.000197
6680.030801999999,13.772,5.014323,-0.000173,-0.001099,-0.001981,-0.000203
6682.53107,13.772,5.761944,-0.000175,-0.001103,-0.001985,-0.000208
6683.782149000001,13.772,5.298891,-0.000168,-0.001098,-0.001974,-0.000204
6686.2818449999995,13.772,5.393834,-0.000162,-0.001093,-0.00198,-0.0002
6688.781779,13.772,5.016183,-0.000178,-0.001107,-0.001983,-0.000219
6690.0328119999995,13.772,5.136979,-0.000186,-0.001115,-0.001982,-0.000224
6692.548188,13.772,5.21411,-0.000182,-0.001111,-0.001988,-0.000215
6693.798038999999,13.772,5.473659,-0.000171,-0.001099,-0.001989,-0.000203
6696.297118,13.772,5.17167,-0.000167,-0.001096,-0.001974,-0.000207
6698.796749,13.772,5.14091,-0.000162,-0.001095,-0.001973,-0.000204
6700.062954,13.772,4.8623,-0.000161,-0.00109,-0.001984,-0.0002
6702.562236,13.772,5.08554,-0.000163,-0.001091,-0.001987,-0.000203
6703.812285,13.772,5.301813,-0.000161,-0.001091,-0.001985,-0.000198
6706.344967999999,13.772,5.345213,-0.00016,-0.001086,-0.001982,-0.000195
6708.845034,13.772,5.086886,-0.00016,-0.001086,-0.001979,-0.000193
6710.109805,13.772,4.944171,-0.000157,-0.001083,-0.001981,-0.00019
6712.610356,13.772,5.114243,-0.000164,-0.001088,-0.001989,-0.000192
6713.875351000001,13.772,5.210521,-0.000168,-0.001091,-0.001985,-0.000195
6716.39293,13.772,5.132676,-0.000167,-0.001092,-0.001991,-0.000196
6718.890982,13.772,5.242902,-0.000162,-0.001088,-0.001988,-0.000196
6720.141951,13.772,5.158281,-0.000166,-0.001092,-0.001985,-0.000196
6722.6419160000005,13.772,5.226966,-0.000159,-0.001087,-0.001979,-0.000192
6723.890799,13.772,5.291667,-0.000159,-0.001086,-0.001986,-0.000191
6726.390619,13.772,5.378413,-0.000157,-0.001084,-0.001986,-0.000187
6728.89163,13.772,5.184044,-0.000158,-0.001082,-0.001986,-0.000186
6730.141312,13.772,5.375598,-0.000156,-0.00108,-0.00198,-0.000184
6732.656174,13.772,5.129117,-0.000151,-0.001078,-0.001982,-0.000178
6733.907222,13.772,4.90018,-0.00015,-0.001077,-0.001984,-0.000176
6736.422861,13.772,5.456448,-0.000157,-0.001087,-0.001974,-0.000199
6737.671058,13.772,5.338945,-0.000169,-0.001097,-0.001975,-0.000209
6740.172163,13.772,4.987961,-0.00018,-0.001104,-0.001976,-0.000214
6742.686893,13.772,5.279715,-0.000181,-0.001103,-0.00198,-0.000215
6743.953195,13.772,5.074632,-0.000181,-0.001105,-0.001976,-0.000215
6746.47052,13.772,5.098361,-0.000178,-0.001102,-0.00199,-0.000211
6747.720018,13.772,5.116687,-0.000178,-0.001104,-0.001983,-0.000215
6750.235995999999,13.772,5.221281,-0.000176,-0.001103,-0.001976,-0.000213
6752.735452,13.772,5.216235,-0.000176,-0.001103,-0.001983,-0.00021
6753.985003,13.772,5.241361,-0.000173,-0.001098,-0.001989,-0.000207
6756.483661,13.772,5.438546,-0.000171,-0.001097,-0.001985,-0.000204
6757.73485,13.772,4.617367,-0.000173,-0.001097,-0.001976,-0.000206
6760.23514,13.772,5.086249,-0.000174,-0.0011,-0.001978,-0.000208
6762.749690000001,13.772,5.081415,-0.000171,-0.001097,-0.00198,-0.000202
6763.999677,13.772,5.151216,-0.000169,-0.001096,-0.001973,-0.000202
6766.501303,13.772,5.015492,-0.00017,-0.001095,-0.001973,-0.000204
6767.750242,13.772,5.12763,-0.00017,-0.001095,-0.001972,-0.000206
6770.234281999999,13.772,5.088533,-0.000174,-0.001099,-0.001972,-0.000213
6772.734476,13.772,5.24678,-0.000176,-0.001101,-0.001977,-0.000212
6773.968242,13.772,5.042425,-0.000179,-0.001105,-0.001978,-0.000214
6776.469499,13.772,5.501493,-0.000173,-0.001098,-0.001977,-0.000208
6777.719322,13.772,5.188613,-0.000169,-0.001095,-0.001975,-0.000203
6780.23187,13.772,5.435093,-0.000172,-0.001101,-0.001981,-0.000208
6782.733442000001,13.772,4.896572,-0.000173,-0.0011,-0.001974,-0.000206
6783.984885,13.772,5.549036,-0.000171,-0.001096,-0.001979,-0.000204
6786.484824,13.772,5.478015,-0.00017,-0.001096,-0.001977,-0.000204
6787.732242,13.772,4.836124,-0.000171,-0.001094,-0.001978,-0.000205
6790.21957,13.772,5.267816,-0.000172,-0.0011,-0.001978,-0.000209
6792.7466810000005,13.772,5.34415,-0.000173,-0.001098,-0.001978,-0.000206
6793.985322,13.772,4.969016,-0.000173,-0.0011,-0.001967,-0.000207
6796.500018000001,13.772,5.183353,-0.000169,-0.001099,-0.001974,-0.000206
6797.749815,13.772,5.339529,-0.000172,-0.0011,-0.001967,-0.000205
6800.251733,13.772,5.039182,-0.000175,-0.001102,-0.001972,-0.000209
6802.750604,13.772,5.327842,-0.00017,-0.001096,-0.001978,-0.000205
6804.016937,13.772,4.940479,-0.000172,-0.001095,-0.001977,-0.000203
6806.531625,13.772,5.049543,-0.000168,-0.001091,-0.001976,-0.000202
6807.780809,13.772,5.314243,-0.000165,-0.001094,-0.001972,-0.0002
6810.312234999999,13.772,5.203698,-0.000162,-0.001086,-0.001972,-0.000192
6812.812916,13.772,5.210445,-0.000164,-0.001091,-0.00197,-0.000198
6814.06224,13.772,5.043859,-0.000168,-0.001092,-0.001963,-0.000201
6816.563700000001,13.772,5.296342,-0.00016,-0.001087,-0.001965,-0.000194
6817.814039,13.772,4.965477,-0.000161,-0.001085,-0.001971,-0.000194
6820.3127079999995,13.772,5.21087,-0.000162,-0.001084,-0.001971,-0.00019
6822.829804999999,13.772,5.086674,-0.000153,-0.001079,-0.001961,-0.000179
6824.0797999999995,13.772,5.124549,-0.00015,-0.001075,-0.001958,-0.000178
6826.579608,13.772,4.898891,-0.000146,-0.001074,-0.00196,-0.000177
6827.828817,13.772,5.169649,-0.000151,-0.001078,-0.001958,-0.000182
6830.326913,13.772,5.054483,-0.00015,-0.001076,-0.001955,-0.000177
6832.829986000001,13.772,4.811789,-0.000146,-0.001075,-0.00196,-0.000181
6834.078285,13.772,5.297085,-0.000146,-0.001074,-0.001959,-0.000182
6836.5780030000005,13.772,5.632436,-0.000145,-0.001075,-0.001963,-0.00018
6837.828697,13.772,5.238599,-0.000149,-0.001077,-0.001952,-0.000185
6840.329045,13.772,5.020418,-0.00015,-0.001079,-0.001952,-0.000183
6842.874793,13.772,5.15759,-0.000147,-0.001074,-0.001961,-0.000177
6844.141849,13.772,5.601148,-0.000144,-0.001073,-0.00196,-0.000174
6846.640223,13.772,4.610221,-0.000142,-0.001073,-0.001957,-0.000179
6847.906586,13.772,5.227656,-0.000142,-0.001072,-0.001959,-0.000179
6850.406717,13.772,5.324177,-0.000144,-0.001071,-0.001961,-0.000176
6852.906786,13.772,5.044337,-0.000142,-0.001071,-0.001962,-0.000175
6854.156868,13.772,4.901363,-0.000142,-0.001073,-0.001955,-0.000178
6856.6559130000005,13.772,5.348612,-0.000144,-0.001075,-0.001955,-0.00018
6857.9064849999995,13.772,5.212782,-0.000145,-0.001074,-0.001958,-0.000178
6860.421058,13.772,5.160352,-0.000145,-0.001072,-0.00195,-0.000177
6862.921034,13.772,5.347338,-0.000138,-0.001066,-0.001949,-0.000169
6864.171689,13.772,4.952357,-0.000137,-0.001065,-0.001956,-0.000167
6866.6689590000005,13.772,5.651719,-0.000137,-0.001064,-0.001952,-0.000169
6867.9223870000005,13.772,5.208851,-0.000134,-0.001064,-0.001946,-0.000166
6870.421212,13.772,5.397005,-0.000135,-0.001061,-0.001948,-0.000166
6872.921291000001,13.772,5.07265,-0.000135,-0.001061,-0.001948,-0.000165
6874.171718,13.772,5.166355,-0.000133,-0.001061,-0.001949,-0.000163
6876.672205,13.772,5.324867,-0.000131,-0.001062,-0.001946,-0.000163
6877.92116,13.772,5.367364,-0.000136,-0.001065,-0.001939,-0.000168
6880.421883,13.772,5.268347,-0.000137,-0.001066,-0.001945,-0.000167
6881.6733,13.772,4.929104,-0.000134,-0.001064,-0.001946,-0.000166
6884.185728,13.772,5.228293,-0.000137,-0.001065,-0.00194,-0.000169
6886.687661,13.772,5.113288,-0.000134,-0.001062,-0.001944,-0.000168
6887.937573,13.772,5.157749,-0.000134,-0.001065,-0.001942,-0.000168
6890.454446,13.772,5.34994,-0.000132,-0.00106,-0.00194,-0.000161
6891.703957,13.772,5.044603,-0.000129,-0.001059,-0.001947,-0.000161
6894.219933,13.772,5.325793,-0.000131,-0.001059,-0.001944,-0.000165
6896.719923000001,13.772,5.01937,-0.000131,-0.00106,-0.001942,-0.000164
6897.969793,13.772,5.095439,-0.000131,-0.001059,-0.001946,-0.00016
6900.4668710000005,13.772,5.207311,-0.00013,-0.001056,-0.001943,-0.000157
6901.7198960000005,13.772,5.576075,-0.000127,-0.001055,-0.001936,-0.000156
6904.218087,13.772,4.751293,-0.000126,-0.001054,-0.001935,-0.000156
6906.718443,13.772,5.050817,-0.000126,-0.001054,-0.001937,-0.000155
6907.969546,13.772,5.132305,-0.000124,-0.001053,-0.001937,-0.000156
6910.484968,13.772,5.53735,-0.000115,-0.001046,-0.001933,-0.000147
6911.734687,13.772,5.082849,-0.000111,-0.001041,-0.00194,-0.000144
6914.218417,13.772,5.724653,-0.000111,-0.001039,-0.001941,-0.000139
6916.718798,13.772,5.011667,-0.000113,-0.001041,-0.001938,-0.000141
6917.968686,13.772,5.144629,-0.000114,-0.00104,-0.001933,-0.000141
6920.468532,13.772,5.105266,-0.000109,-0.001038,-0.001931,-0.000143
6921.719822,13.772,5.051773,-0.00011,-0.00104,-0.001943,-0.00014
6924.220052000001,13.772,5.195253,-0.000113,-0.001042,-0.001935,-0.000141
6926.719945,13.772,5.096448,-0.000112,-0.001042,-0.001937,-0.000138
6927.96839,13.772,5.176289,-0.00011,-0.001039,-0.001933,-0.000137
6930.469772,13.772,5.1067,-0.00011,-0.00104,-0.001933,-0.000136
6931.7209729999995,13.772,5.342132,-0.000108,-0.00104,-0.001939,-0.000139
6934.219822,13.772,5.088693,-0.000108,-0.001038,-0.001939,-0.000138
6936.719948,13.772,5.011897,-0.000107,-0.001036,-0.001936,-0.000136
6937.970214,13.772,5.010339,-0.000108,-0.001038,-0.001932,-0.000139
6940.484836,13.772,5.521998,-0.000107,-0.001039,-0.001938,-0.000137
6941.7360229999995,13.772,5.267444,-0.000109,-0.001041,-0.001931,-0.00014
6944.2336,13.772,4.731155,-0.000106,-0.001039,-0.001934,-0.000141
6946.733781999999,13.772,5.101973,-0.00011,-0.001041,-0.001929,-0.000144
6947.984066,13.772,5.509886,-0.000109,-0.001039,-0.001937,-0.000142
6950.468559999999,13.772,5.255386,-0.000109,-0.001042,-0.001938,-0.00014
6951.717420999999,13.772,5.102982,-0.00011,-0.00104,-0.001937,-0.00014
6954.218526000001,13.772,5.100379,-0.00011,-0.001042,-0.001932,-0.000144
6956.721806,13.772,5.630152,-0.00011,-0.001039,-0.001937,-0.000139
6957.968793,13.772,5.249702,-0.000107,-0.001038,-0.001941,-0.000136
6960.468541,13.772,5.431162,-0.000103,-0.001035,-0.001943,-0.000134
6961.719605,13.772,5.273978,-9.9e-05,-0.00103,-0.001941,-0.000132
6964.235554,13.772,5.022557,-0.000105,-0.001036,-0.001932,-0.000136
6966.751256,13.772,5.456366,-0.000101,-0.001032,-0.001931,-0.000129
6968.00095,13.772,5.451295,-0.000104,-0.001034,-0.001923,-0.000133
6970.516538,13.772,5.39419,-0.000106,-0.001033,-0.001924,-0.000134
6971.78161,13.772,4.727849,-0.000108,-0.001036,-0.001927,-0.000136
6974.281575,13.772,5.103088,-0.000111,-0.001041,-0.001926,-0.00014
6976.781643,13.772,5.403274,-0.000113,-0.001042,-0.001927,-0.000142
6978.030676,13.772,5.276794,-0.00011,-0.00104,-0.001938,-0.000139
6980.531776,13.772,4.826204,-0.000118,-0.001045,-0.001941,-0.000145
6981.781164,13.772,5.285133,-0.000116,-0.001044,-0.001932,-0.000142
6984.2978459999995,13.772,5.185478,-0.000115,-0.001043,-0.001931,-0.000145
6986.797732,13.772,5.452835,-0.000118,-0.001046,-0.001936,-0.000152
6988.0455139999995,13.772,5.509196,-0.000124,-0.001053,-0.001936,-0.000156
6990.546638,13.772,5.076422,-0.000127,-0.001056,-0.001928,-0.000156
6991.796383999999,13.772,5.086727,-0.000122,-0.001052,-0.001934,-0.000153
6994.296899999999,13.772,4.81746,-0.000125,-0.001054,-0.00193,-0.00016
6996.797699000001,13.772,5.286992,-0.000122,-0.001051,-0.001936,-0.00015
6998.046682,13.772,5.222556,-0.000118,-0.001048,-0.00193,-0.000146
7000.54663,13.772,5.160671,-0.00013,-0.001059,-0.001938,-0.000163
7001.7973010000005,13.772,5.18909,-0.000131,-0.001059,-0.001936,-0.000161
7004.3137480000005,13.772,4.94598,-0.000127,-0.001054,-0.001938,-0.000157
7006.830082,13.772,5.048161,-0.000128,-0.001058,-0.001938,-0.000158
7008.078310999999,13.772,4.926558,-0.000126,-0.001057,-0.001942,-0.000157
7010.561922,13.772,5.111216,-0.000119,-0.001052,-0.001943,-0.000153
7011.813270000001,13.772,5.245079,-0.000122,-0.001053,-0.001952,-0.000153
7014.328740999999,13.772,4.947471,-0.000119,-0.001051,-0.001945,-0.00015
7016.844685,13.772,5.309516,-0.000121,-0.001056,-0.001946,-0.000154
7018.094788,13.772,5.327842,-0.00012,-0.001051,-0.001947,-0.00015
7020.594660000001,13.772,5.552012,-0.000128,-0.001061,-0.001947,-0.000168
7021.84376,13.772,5.116793,-0.000135,-0.001065,-0.001951,-0.000172
7024.3450219999995,13.772,4.961349,-0.000141,-0.001067,-0.001949,-0.00017
7026.860155,13.772,5.18585,-0.00014,-0.001067,-0.001955,-0.000169
7028.10977,13.772,4.79155,-0.000133,-0.001064,-0.001946,-0.000166
7030.625375,13.772,5.369489,-0.000133,-0.001063,-0.001945,-0.000165
7031.891448,13.772,5.129542,-0.000132,-0.001062,-0.00194,-0.000164
7034.389854999999,13.772,5.510789,-0.000132,-0.00106,-0.00194,-0.000168
7036.89155,13.772,4.657295,-0.000134,-0.00106,-0.001953,-0.000161
7038.156873,13.772,5.115625,-0.000129,-0.00106,-0.001951,-0.000164
7040.657176000001,13.772,4.966872,-0.000145,-0.001074,-0.001958,-0.00018
7041.906305,13.772,5.416554,-0.000152,-0.00108,-0.001954,-0.000184
7044.407039,13.772,4.983695,-0.000156,-0.001084,-0.001951,-0.000188
7046.90655,13.772,5.303142,-0.000143,-0.001075,-0.001952,-0.000175
7048.1564849999995,13.772,5.004762,-0.000138,-0.001067,-0.00196,-0.000169
7050.655761,13.772,5.463884,-0.000132,-0.001059,-0.001962,-0.00016
7051.906481,13.772,4.933136,-0.000137,-0.001065,-0.001955,-0.000167
7054.407114,13.772,4.533974,-0.000144,-0.001076,-0.001956,-0.000177
7056.906303,13.772,5.199184,-0.00016,-0.001088,-0.001961,-0.000195
7058.156023,13.772,5.077431,-0.000164,-0.00109,-0.001967,-0.000198
7060.657176000001,13.772,5.357909,-0.000159,-0.001084,-0.001959,-0.000188
7061.923108999999,13.772,5.034935,-0.000151,-0.001078,-0.001953,-0.00018
7064.4193510000005,13.772,5.159556,-0.000145,-0.00107,-0.00195,-0.000175
7066.921837,13.772,5.327577,-0.000142,-0.001066,-0.001959,-0.000168
7068.172644,13.772,5.423566,-0.00014,-0.00107,-0.001964,-0.000172
7070.668833,13.772,4.988688,-0.000165,-0.001093,-0.001964,-0.000208
7071.915983999999,13.772,5.459634,-0.00017,-0.001096,-0.001965,-0.000205
7074.4068800000005,13.772,4.808659,-0.000164,-0.00109,-0.001957,-0.000194
7076.907735,13.772,4.076709,-0.000166,-0.001094,-0.001958,-0.000202
7078.1559799999995,13.772,4.828209,-0.000164,-0.001092,-0.001963,-0.000194
7080.656382,13.772,5.511481,-0.000167,-0.001097,-0.001954,-0.000201
7081.907338,13.772,5.178997,-0.000159,-0.001088,-0.001962,-0.000194
7084.42275,13.772,4.889813,-0.000157,-0.001083,-0.00196,-0.000193
7086.923042,13.772,4.870099,-0.000151,-0.001078,-0.001962,-0.000186
7088.171606,13.772,4.683004,-0.000156,-0.001082,-0.001974,-0.000189
7090.6874179999995,13.772,5.363274,-0.000155,-0.001085,-0.001969,-0.000192
7091.937068,13.772,5.280459,-0.000164,-0.001093,-0.00196,-0.000195
7094.438105,13.772,5.005394,-0.000166,-0.001094,-0.001959,-0.000198
7095.703024,13.772,5.069463,-0.00016,-0.001088,-0.001957,-0.000193
7098.204021,13.772,5.24014,-0.000155,-0.001086,-0.001979,-0.000192
7100.703829,13.772,5.063619,-0.000152,-0.001079,-0.001974,-0.000181
7101.952271,13.772,5.071375,-0.000152,-0.00108,-0.001972,-0.000182
7104.4377810000005,13.772,5.073447,-0.000158,-0.001085,-0.001969,-0.000185
7105.687752,13.772,4.912483,-0.000159,-0.001083,-0.001971,-0.000187
7108.219097,13.772,5.297351,-0.00016,-0.001087,-0.001973,-0.000192
7110.719293,13.772,5.069091,-0.00016,-0.001087,-0.001977,-0.000194
7111.970128,13.772,5.31334,-0.000157,-0.001086,-0.00198,-0.000192
7114.470157,13.772,5.02362,-0.00015,-0.001077,-0.001979,-0.000181
7115.718248,13.772,5.164177,-0.000151,-0.001079,-0.001967,-0.000182
7118.219494999999,13.772,5.078015,-0.000153,-0.001081,-0.001971,-0.000183
7120.734488,13.772,5.324283,-0.000159,-0.001086,-0.001974,-0.000191
7121.985994000001,13.772,5.181494,-0.000164,-0.001091,-0.001979,-0.000202
7124.484509,13.772,5.120831,-0.000172,-0.001099,-0.001969,-0.000207
7125.735107,13.772,4.888296,-0.000168,-0.001098,-0.001966,-0.000202
7128.234581000001,13.772,5.126089,-0.000163,-0.001091,-0.001977,-0.000194
7130.749621,13.772,5.051667,-0.000159,-0.001086,-0.001985,-0.000189
7132.001227000001,13.772,5.065691,-0.000158,-0.001081,-0.00198,-0.000188
7134.486315,13.772,5.25065,-0.00016,-0.001085,-0.001982,-0.000198
7135.73524,13.772,5.099636,-0.000171,-0.001097,-0.001973,-0.000206
7138.251034999999,13.772,5.145192,-0.000169,-0.0011,-0.001979,-0.0002
7140.733443,13.772,5.549674,-0.000167,-0.001096,-0.001978,-0.000201
7141.984092000001,13.772,5.162105,-0.000164,-0.001091,-0.00198,-0.000198
7144.499594,13.772,5.051167,-0.000156,-0.001084,-0.001982,-0.000188
7145.749631000001,13.772,5.220697,-0.000151,-0.001079,-0.001974,-0.000182
7148.251464999999,13.772,5.028082,-0.000149,-0.001077,-0.001972,-0.000181
7150.747882,13.772,5.024629,-0.000159,-0.001086,-0.001964,-0.00019
7151.985060999999,13.772,4.937906,-0.000159,-0.001085,-0.00197,-0.000189
7154.501828,13.772,5.272073,-0.000166,-0.00109,-0.001984,-0.000198
7155.74852,13.772,5.049012,-0.000165,-0.001089,-0.001983,-0.000193
7158.265233,13.772,5.404921,-0.000157,-0.001083,-0.001967,-0.000186
7160.764862,13.772,5.070844,-0.000154,-0.001081,-0.001968,-0.000186
7162.031829,13.772,5.226913,-0.000151,-0.001079,-0.001971,-0.000184
7164.531745,13.772,5.060858,-0.000141,-0.001074,-0.001967,-0.000176
7165.7805929999995,13.772,4.876763,-0.00014,-0.001065,-0.001977,-0.000167
7168.2647,13.772,5.022248,-0.000144,-0.00107,-0.001975,-0.000174
7170.766498999999,13.772,4.863871,-0.000146,-0.001069,-0.001977,-0.000176
7172.0169750000005,13.772,4.884736,-0.000143,-0.001066,-0.001981,-0.000171
7174.516127,13.772,5.137936,-0.000137,-0.001061,-0.001979,-0.000166
7175.766656,13.772,5.31674,-0.000135,-0.001059,-0.001971,-0.000165
7178.266821,13.772,4.829233,-0.000131,-0.001059,-0.00197,-0.000164
7180.779743,13.772,5.373048,-0.00013,-0.001061,-0.00197,-0.000164
7182.031609,13.772,5.037006,-0.000125,-0.001059,-0.001972,-0.000159
7184.531102,13.772,5.228506,-0.000125,-0.001055,-0.001975,-0.000157
7185.78233,13.772,5.117749,-0.000126,-0.001053,-0.001975,-0.000157
7188.281081,13.772,5.34925,-0.000129,-0.001053,-0.001973,-0.000164
7190.797453,13.772,4.911411,-0.000129,-0.001051,-0.001978,-0.000165
7192.046901,13.772,5.14091,-0.000134,-0.001053,-0.001966,-0.000173
7194.546754999999,13.772,5.40832,-0.000137,-0.001053,-0.001961,-0.000177
7195.798798,13.772,5.345531,-0.000135,-0.001049,-0.001966,-0.000171
7198.313629,13.772,5.456394,-0.000129,-0.001043,-0.001966,-0.000168
7198.581614000001,13.772,5.618571,-0.00013,-0.001044,-0.001958,-0.000176
7199.857699,13.772,5.516315,-0.000131,-0.001045,-0.001963,-0.000178
7201.123104,13.772,5.558173,-0.000133,-0.001049,-0.001962,-0.000182
7203.654597000001,13.772,5.222504,-0.000134,-0.001046,-0.001957,-0.000175
7204.904741,13.772,5.644707,-0.000132,-0.001044,-0.001956,-0.000177
7207.42004,13.772,5.367789,-0.000138,-0.001048,-0.001957,-0.000182
7209.920843,13.772,5.618253,-0.000133,-0.001047,-0.001962,-0.000174
7211.185992000001,13.772,5.533579,-0.000132,-0.001045,-0.001956,-0.000176
7213.701817,13.772,5.17002,-0.000123,-0.001039,-0.00196,-0.000167
7214.951589,13.772,5.416342,-0.000124,-0.001042,-0.001958,-0.000171
7217.481457,13.772,5.234668,-0.000128,-0.001042,-0.001961,-0.000171
7219.982838,13.772,5.261335,-0.000129,-0.001046,-0.001956,-0.000181
7221.247748,13.772,5.365823,-0.000137,-0.001052,-0.001953,-0.000183
7223.747850000001,13.772,5.408692,-0.000145,-0.001055,-0.001948,-0.00019
7224.997712,13.772,5.38415,-0.000145,-0.001056,-0.001953,-0.000191
7227.52992,13.772,5.437164,-0.000142,-0.001054,-0.001949,-0.000189
7228.778317,13.772,5.669833,-0.00014,-0.001051,-0.001956,-0.000189
7231.294732,13.772,5.66383,-0.000136,-0.001051,-0.001967,-0.000184
7233.795831,13.772,5.246249,-0.000141,-0.001052,-0.001962,-0.000186
7235.061189,13.772,5.524282,-0.000142,-0.001055,-0.001965,-0.000186
7235.3288410000005,13.772,0.18701,0.000147,-0.001114,-0.001967,0.000342
7236.583519,13.772,0.247757,0.000147,-0.001117,-0.001961,0.000338
7237.833198,13.772,1.858286,0.00015,-0.001112,-0.001967,0.000344
7240.334122,13.772,0.119201,0.000145,-0.001115,-0.001962,0.000341
7241.599211,13.772,-0.126793,0.000144,-0.001114,-0.001966,0.000341
7244.099564,13.772,-0.208585,0.000145,-0.001112,-0.001961,0.000341
7246.599555,13.772,0.068755,0.000135,-0.001122,-0.001972,0.000328
7247.849602,13.772,-0.02589,0.00013,-0.001126,-0.001967,0.000322
7250.349534,13.772,0.085088,0.000132,-0.001124,-0.001963,0.000323
7251.599354,13.772,-0.375259,0.000139,-0.001117,-0.001973,0.00033
7254.099317,13.772,-0.156935,0.000135,-0.001121,-0.001974,0.000329
7256.614638,13.772,-0.228699,0.000129,-0.001124,-0.001968,0.000323
7257.865617,13.772,0.089783,0.00013,-0.001124,-0.00197,0.000324
7260.365546,13.772,0.143991,0.000134,-0.001118,-0.001972,0.000325
7261.61592,13.772,-0.002814,0.000135,-0.001117,-0.001975,0.000324
7264.115641,13.772,-0.026537,0.000132,-0.001121,-0.001977,0.000319
7266.630407,13.772,0.247969,0.000124,-0.001127,-0.001981,0.000316
7267.897048,13.772,0.111453,0.000119,-0.00113,-0.001981,0.00031
7270.413125,13.772,0.160974,0.00012,-0.001129,-0.00198,0.000312
7271.662733,13.772,0.165354,0.000121,-0.001129,-0.001976,0.000309
7274.163322,13.772,0.16828,0.00012,-0.001131,-0.001981,0.000305
7276.677803,13.772,0.205358,0.000121,-0.001128,-0.001979,0.000308
7277.927673,13.772,0.212628,0.000121,-0.001128,-0.001979,0.000305
7280.426898,13.772,0.143631,0.00012,-0.001128,-0.001984,0.000298
7281.677161,13.772,2.002461,0.000117,-0.001132,-0.001977,0.000292
7284.178953,13.772,0.310411,0.000111,-0.001138,-0.001981,0.000286
7286.676653,13.772,0.484242,0.000106,-0.00114,-0.001981,0.000278
7287.927833,13.772,0.377903,0.000102,-0.001143,-0.001986,0.000277
7290.423541,13.772,0.380468,9.9e-05,-0.001146,-0.001975,0.000276
7291.661349,13.772,0.021359,0.000107,-0.001137,-0.001981,0.000283
7294.179531,13.772,-0.237908,0.000113,-0.001132,-0.001989,0.000289
7296.691706,13.772,0.317165,0.000107,-0.001133,-0.001985,0.000287
7297.959665,13.772,0.371845,0.000112,-0.001129,-0.001986,0.000291
7300.474643,13.772,0.254657,0.000108,-0.001132,-0.001982,0.000281
7301.725357,13.772,0.055173,0.000104,-0.001134,-0.001979,0.000278
7304.241774,13.772,-0.167234,0.000107,-0.001129,-0.001986,0.000284
7306.740796,13.772,0.264769,0.000105,-0.00113,-0.00199,0.000285
7307.991043,13.772,0.24374,9.8e-05,-0.001136,-0.001987,0.000275
7310.507263,13.772,0.432765,8.6e-05,-0.001146,-0.001988,0.00026
7311.755392,13.772,0.249463,9.9e-05,-0.001137,-0.001997,0.000269
7314.256759,13.772,0.474408,9.7e-05,-0.001138,-0.00199,0.000272
7316.755917,13.772,0.487705,9.2e-05,-0.001141,-0.001989,0.000265
7318.005773,13.772,0.402992,9e-05,-0.001141,-0.001989,0.000264
7320.52191,13.772,0.384636,8.3e-05,-0.001148,-0.001989,0.000253
7321.772666,13.772,0.503932,8.2e-05,-0.001149,-0.001994,0.000253
7324.272353,13.772,0.38732,9.4e-05,-0.001138,-0.001991,0.00026
7326.787949,13.772,0.252615,9.6e-05,-0.001133,-0.002004,0.000266
7328.037686,13.772,0.337302,9.2e-05,-0.001135,-0.001992,0.000263
7330.537506,13.772,0.089441,8.4e-05,-0.001139,-0.002001,0.000257
7331.80455,13.772,0.541125,8.5e-05,-0.001139,-0.002004,0.000256
7334.303671,13.772,0.520641,8.8e-05,-0.001135,-0.002004,0.000255
7335.553259,13.772,0.563046,8.8e-05,-0.001135,-0.002002,0.000254
7338.069967,13.772,0.59945,8.4e-05,-0.001136,-0.001995,0.00025
7340.567905,13.772,0.42399,6.8e-05,-0.001151,-0.001998,0.000227
7341.818339,13.772,0.822876,6e-05,-0.001156,-0.002008,0.000222
7344.318239,13.772,0.614464,6.4e-05,-0.001156,-0.001998,0.000222
7345.583528,13.772,1.302852,7e-05,-0.001155,-0.001997,0.000225
7348.099581,13.772,0.692637,6.1e-05,-0.00116,-0.001987,0.000213
7350.614636,13.772,1.335803,6.1e-05,-0.001161,-0.001995,0.00021
7351.866389,13.772,0.720277,5.5e-05,-0.001164,-0.001991,0.000204
7354.365684,13.772,0.694016,4.4e-05,-0.00117,-0.001991,0.000202
7355.616795,13.772,2.278923,4.6e-05,-0.001165,-0.001996,0.000207
7358.115977,13.772,0.873185,5.6e-05,-0.001154,-0.001996,0.000218
7360.630932,13.772,0.157279,6.1e-05,-0.001149,-0.001996,0.000223
7361.879523,13.772,0.888051,6.2e-05,-0.001148,-0.001988,0.000219
7364.380823,13.772,0.770943,5.8e-05,-0.00115,-0.001983,0.000215
7365.630524,13.772,3.437553,6e-05,-0.00115,-0.001987,0.000213
7368.145481,13.772,0.72649,5.4e-05,-0.001153,-0.002002,0.000208
7370.662036,13.772,0.767399,5.8e-05,-0.001148,-0.001999,0.000212
7371.91198,13.772,0.842526,6e-05,-0.001144,-0.002001,0.000216
7374.413279,13.772,0.991837,6.7e-05,-0.001135,-0.001998,0.000219
7375.66177,13.772,1.145668,7e-05,-0.001133,-0.001995,0.000221
7378.16191,13.772,0.937039,7.3e-05,-0.001129,-0.002004,0.000227
7380.663724,13.772,0.911489,7.2e-05,-0.001125,-0.002009,0.000226
7381.912807,13.772,0.90767,7.1e-05,-0.001125,-0.002004,0.000221
7384.412635,13.772,0.886814,7.1e-05,-0.001128,-0.002003,0.000217
7385.656819,13.772,1.03003,7.3e-05,-0.001126,-0.002007,0.000223
7388.163303,13.772,0.885265,7e-05,-0.00113,-0.002002,0.000213
7390.677124,13.772,0.933946,6e-05,-0.001133,-0.001994,0.000204
7391.927272,13.772,0.765812,5.7e-05,-0.001136,-0.001997,0.000198
7394.4272280000005,13.772,1.11989,4.7e-05,-0.001146,-0.00199,0.000184
7395.693189,13.772,0.94209,4.3e-05,-0.001149,-0.00199,0.000181
7398.225064,13.772,0.993487,4e-05,-0.001149,-0.001993,0.000178
7400.725504,13.772,1.165637,3.2e-05,-0.001155,-0.001991,0.000169
7401.9755860000005,13.772,1.183776,2.9e-05,-0.001157,-0.001988,0.00017
7404.475838,13.772,-0.001146,3.2e-05,-0.001151,-0.001993,0.000173
7405.72546,13.772,1.274798,3.7e-05,-0.001148,-0.001995,0.000175
7408.240399,13.772,0.149332,4.1e-05,-0.001142,-0.002004,0.000178
7410.787499,13.772,1.339687,3.7e-05,-0.001146,-0.001997,0.000167
7412.052327,13.772,1.15795,3.3e-05,-0.001147,-0.001993,0.000166
7414.569084,13.772,1.385466,3.3e-05,-0.001147,-0.001991,0.000163
7415.819251,13.772,1.327559,3.5e-05,-0.001148,-0.001996,0.000161
7418.334967,13.772,1.365306,2.8e-05,-0.001149,-0.001992,0.000155
7419.584637,13.772,1.411254,3e-05,-0.001148,-0.001997,0.000158
7422.099643,13.772,1.412756,2.8e-05,-0.001147,-0.001994,0.000158
7424.600458,13.772,1.301139,2.8e-05,-0.001143,-0.001991,0.000159
7425.865761,13.772,1.471071,2.6e-05,-0.001145,-0.001989,0.000155
7428.365972,13.772,1.470435,2e-05,-0.001151,-0.001985,0.000142
7429.615155,13.772,2.082231,1.8e-05,-0.00115,-0.001989,0.000142
7432.132054,13.772,1.553096,1.8e-05,-0.001152,-0.001993,0.000139
7434.647139,13.772,1.498653,1.5e-05,-0.001151,-0.001996,0.000136
7435.896777,13.772,1.590333,1.7e-05,-0.001147,-0.001997,0.000139
7438.428866,13.772,1.656453,1.8e-05,-0.001146,-0.001989,0.000141
7439.676992,13.772,1.04107,2.2e-05,-0.00114,-0.00199,0.000143
7442.178379,13.772,1.680586,2.2e-05,-0.001139,-0.001992,0.000144
7444.678118,13.772,1.653858,2.8e-05,-0.00113,-0.001991,0.000145
7445.928024,13.772,1.605108,2.5e-05,-0.001135,-0.001983,0.000143
7448.42697,13.772,1.734875,3.1e-05,-0.001128,-0.001989,0.000142
7449.678024,13.772,2.321111,3.2e-05,-0.001127,-0.001994,0.000142
7452.193013,13.772,1.678082,3.1e-05,-0.001125,-0.001986,0.000142
7454.707982,13.772,1.680119,3.1e-05,-0.001122,-0.001989,0.000145
7455.959629,13.772,1.751576,3.2e-05,-0.001123,-0.001993,0.000143
7458.459695,13.772,2.176802,2.7e-05,-0.001127,-0.001988,0.000136
7459.70966,13.772,1.84923,1.8e-05,-0.001134,-0.001986,0.000126
7462.224819,13.772,1.853124,1e-05,-0.001136,-0.00199,0.000117
7464.7255000000005,13.772,1.9304,1.2e-05,-0.001137,-0.00199,0.000118
7465.975874,13.772,2.1075,8e-06,-0.001136,-0.001983,0.000113
7468.489502,13.772,1.88287,1e-05,-0.001135,-0.001988,0.000111
7469.740942,13.772,2.037221,7e-06,-0.001137,-0.001986,0.000109
7472.240389,13.772,2.020902,4e-06,-0.001136,-0.001982,0.000106
7474.738629,13.772,2.041211,6e-06,-0.001133,-0.001981,0.000108
7475.991683,13.772,2.042012,7e-06,-0.001131,-0.001979,0.000107
7478.490344,13.772,2.318214,9e-06,-0.001128,-0.001981,0.000105
7479.740147,13.772,2.082867,1.1e-05,-0.001124,-0.001983,0.000105
7482.252386,13.772,2.034908,9e-06,-0.001125,-0.001982,0.000103
7484.787842,13.772,2.263846,7e-06,-0.001127,-0.00198,9.7e-05
7486.03761,13.772,2.236773,7e-06,-0.001127,-0.001977,9.7e-05
7488.538022,13.772,2.141809,4e-06,-0.001126,-0.001975,9.6e-05
7489.787929,13.772,2.903086,3e-06,-0.001127,-0.001973,9.2e-05
7492.286874,13.772,2.144127,-1e-06,-0.001128,-0.001976,8.8e-05
7494.787774,13.772,1.492934,-2e-06,-0.001128,-0.001981,8.2e-05
7496.037327,13.772,2.304054,-2e-06,-0.001128,-0.001981,8.4e-05
7498.536881,13.772,2.286075,0.0,-0.001125,-0.001982,8.4e-05
7499.788066,13.772,2.339822,2e-06,-0.001123,-0.001979,8.4e-05
7502.28807,13.772,2.251049,1e-06,-0.00112,-0.001977,8.4e-05
7504.787915,13.772,2.599366,3e-06,-0.001118,-0.001976,8.6e-05
7506.037924,13.772,2.367091,2e-06,-0.001116,-0.001981,8.6e-05
7508.552911,13.772,2.315063,3e-06,-0.001113,-0.001981,8.2e-05
7509.819443,13.772,2.64471,3e-06,-0.001116,-0.001977,8.2e-05
7512.334739,13.772,2.524477,2e-06,-0.001113,-0.001974,8.2e-05
7513.583997,13.772,3.518851,1e-06,-0.001111,-0.001971,7.8e-05
7516.099578,13.772,2.531697,-2e-06,-0.001111,-0.001975,7.2e-05
7518.601383,13.772,2.565624,1e-06,-0.001106,-0.001974,7.6e-05
7519.849575,13.772,2.890057,1e-06,-0.001107,-0.001964,7.6e-05
7522.351451,13.772,2.551581,-3e-06,-0.001109,-0.001966,6.6e-05
7523.599703,13.772,2.531114,-3e-06,-0.001109,-0.00197,6.5e-05
7526.115109,13.772,3.316896,-7e-06,-0.001109,-0.001969,6.3e-05
7528.631444,13.772,2.741297,-3e-06,-0.001106,-0.001965,6.2e-05
7529.880809,13.772,2.976299,-3e-06,-0.001104,-0.001967,6.4e-05
7532.382135,13.772,2.740263,-7e-06,-0.001106,-0.001968,5.6e-05
7533.631673,13.772,3.763826,-1.1e-05,-0.001107,-0.001966,5e-05
7536.130506,13.772,2.720729,-1.2e-05,-0.001107,-0.001967,4.9e-05
7538.63119,13.772,2.893696,-8e-06,-0.001103,-0.001968,4.9e-05
7539.880286,13.772,2.768996,-7e-06,-0.001105,-0.001968,4.7e-05
7542.396314,13.772,2.884677,-8e-06,-0.001101,-0.001962,5.2e-05
7543.661869,13.772,2.837593,-8e-06,-0.001099,-0.001968,5.1e-05
7546.163598,13.772,2.834526,-8e-06,-0.001099,-0.001962,4.5e-05
7548.67891,13.772,3.021924,-1.3e-05,-0.0011,-0.001958,3.7e-05
7549.927783,13.772,3.071767,-1.2e-05,-0.001099,-0.001961,3.7e-05
7552.443823,13.772,3.375296,-1.5e-05,-0.001099,-0.001957,3.5e-05
7553.693534,13.772,2.877276,-1.2e-05,-0.001096,-0.001965,3.4e-05
7556.19359,13.772,2.767648,-1e-05,-0.001094,-0.001967,3.4e-05
7558.709388,13.772,2.988474,-1.1e-05,-0.001092,-0.001967,3.3e-05
7559.973157,13.772,2.995132,-1.2e-05,-0.001092,-0.001964,2.9e-05
7562.475804,13.772,3.188535,-1.1e-05,-0.001089,-0.001965,2.7e-05
7563.724086,13.772,3.097996,-8e-06,-0.001088,-0.001964,2.6e-05
7566.225844,13.772,3.150788,-1.5e-05,-0.001091,-0.001961,2e-05
7568.7253550000005,13.772,3.145313,-1.6e-05,-0.001089,-0.00196,1.8e-05
7569.974741,13.772,3.241031,-1.5e-05,-0.001088,-0.001965,1.9e-05
7572.474827,13.772,3.247402,-1.5e-05,-0.001085,-0.001964,1.8e-05
7573.724631,13.772,4.097034,-1.4e-05,-0.001084,-0.00196,1.7e-05
7576.240895,13.772,3.34077,-1.6e-05,-0.001081,-0.001963,1.4e-05
7578.739942,13.772,3.466929,-1.8e-05,-0.001083,-0.001962,1.1e-05
7580.00657,13.772,3.508702,-2.1e-05,-0.001083,-0.001961,8e-06
7582.521233,13.772,3.390809,-2.2e-05,-0.001085,-0.001961,2e-06
7583.773069,13.772,3.387069,-2.3e-05,-0.001083,-0.001964,3e-06
7586.287901,13.772,3.895572,-2.6e-05,-0.001084,-0.001961,-2e-06
7588.786574,13.772,3.369169,-2.5e-05,-0.001083,-0.001964,-7e-06
7590.037644,13.772,3.724127,-2.4e-05,-0.00108,-0.001969,-6e-06
7592.55425,13.772,3.501959,-2e-05,-0.001073,-0.001969,-4e-06
7593.819626,13.772,3.659265,-1.9e-05,-0.001071,-0.001969,-4e-06
7596.319189,13.772,3.469369,-1.9e-05,-0.001069,-0.001967,-9e-06
7598.818576,13.772,3.891651,-2.5e-05,-0.001077,-0.001965,-1.7e-05
7600.069571,13.772,3.583082,-3e-05,-0.00108,-0.001961,-2.3e-05
7602.569526,13.772,3.543356,-3.6e-05,-0.001082,-0.001962,-2.2e-05
7603.819607,13.772,3.871125,-3.3e-05,-0.001078,-0.001963,-1.9e-05
7606.317848,13.772,3.752176,-2.8e-05,-0.001071,-0.001952,-1.8e-05
7608.819309,13.772,4.002515,-2.5e-05,-0.001067,-0.001954,-1.7e-05
7610.083493,13.772,3.974105,-2.8e-05,-0.001066,-0.001954,-1.7e-05
7612.583745,13.772,3.808109,-3e-05,-0.001068,-0.001952,-2.8e-05
7613.834726,13.772,3.641439,-2.9e-05,-0.001068,-0.001944,-2.9e-05
7616.335481,13.772,3.706323,-3.7e-05,-0.001071,-0.001949,-3.8e-05
7617.584297,13.772,4.203006,-3.7e-05,-0.00107,-0.001954,-4e-05
7620.099595,13.772,3.822205,-4e-05,-0.001073,-0.001947,-4.6e-05
7622.59936,13.772,2.720893,-4.9e-05,-0.001077,-0.001948,-5.4e-05
7623.849566,13.772,3.920544,-4.8e-05,-0.001074,-0.001955,-5e-05
7626.349215,13.772,3.716923,-4.2e-05,-0.001068,-0.001958,-4.9e-05
7627.598931,13.772,4.112652,-4.2e-05,-0.001069,-0.001953,-5.2e-05
7630.099543,13.772,3.381716,-5e-05,-0.001075,-0.001957,-6e-05
7632.630702,13.772,4.089617,-5.2e-05,-0.001073,-0.001967,-6.8e-05
7633.879591,13.772,3.877927,-5.5e-05,-0.001074,-0.001963,-7e-05
7636.381171,13.772,4.083839,-6e-05,-0.001078,-0.001961,-7.7e-05
7637.6326850000005,13.772,5.659796,-5.9e-05,-0.001079,-0.001963,-7.5e-05
7640.130886,13.772,4.391443,-5.7e-05,-0.001075,-0.001968,-7.9e-05
7642.631464,13.772,3.980005,-6.5e-05,-0.001077,-0.00196,-9e-05
7643.896842,13.772,3.837458,-6.3e-05,-0.001078,-0.001961,-9e-05
7646.397515,13.772,4.058899,-7.5e-05,-0.001087,-0.00196,-0.000104
7647.647235,13.772,4.195435,-7.4e-05,-0.001082,-0.001969,-0.0001
7650.147681,13.772,4.294044,-7.4e-05,-0.00108,-0.001966,-0.0001
7652.6793099999995,13.772,4.425296,-7.3e-05,-0.001079,-0.001961,-0.000104
7653.928703,13.772,4.55859,-7.2e-05,-0.001078,-0.001967,-0.000105
7656.426986,13.772,4.236673,-7e-05,-0.001071,-0.001975,-0.000102
7657.677217,13.772,4.621972,-7.4e-05,-0.001073,-0.001975,-0.000108
7660.177921,13.772,4.423529,-8e-05,-0.001078,-0.00197,-0.000119
7662.6623,13.772,4.571137,-8.2e-05,-0.001079,-0.001971,-0.000121
7663.913741,13.772,4.783114,-8.9e-05,-0.001084,-0.001968,-0.000129
7666.412264,13.772,4.588316,-8.9e-05,-0.00108,-0.001969,-0.000131
7667.66272,13.772,4.599834,-8.9e-05,-0.001078,-0.001978,-0.000129
7670.162077,13.772,4.667094,-9.8e-05,-0.001085,-0.001975,-0.000145
7672.677181,13.772,4.822002,-9.1e-05,-0.001079,-0.001974,-0.000141
7673.92891,13.772,4.746211,-8.5e-05,-0.001075,-0.001978,-0.000135
7676.427201,13.772,4.688076,-0.0001,-0.001087,-0.00197,-0.000155
7677.69462,13.772,4.549179,-0.000109,-0.001093,-0.001963,-0.000162
7680.192744,13.772,4.710395,-0.000101,-0.001083,-0.001975,-0.000155
7682.678119,13.772,4.836867,-9.8e-05,-0.001079,-0.00198,-0.000155
7683.928664,13.772,4.731239,-9.9e-05,-0.001076,-0.001982,-0.000159
7686.429897,13.772,4.771034,-9.9e-05,-0.001076,-0.001978,-0.000162
7687.679573,13.772,4.803773,-0.000103,-0.001078,-0.001982,-0.000167
7690.193735,13.772,4.939916,-0.000116,-0.001089,-0.001976,-0.000186
7692.693118,13.772,4.861834,-0.000112,-0.001085,-0.001982,-0.000182
7693.958859,13.772,4.945635,-0.000116,-0.001086,-0.001978,-0.000185
7696.491911,13.772,5.086514,-0.000139,-0.001106,-0.001969,-0.000213
7697.740708,13.772,4.500334,-0.000138,-0.001103,-0.001984,-0.000211
7700.241376,13.772,5.226275,-0.000138,-0.001102,-0.001983,-0.000209
7702.740229,13.772,5.049543,-0.000136,-0.001098,-0.001972,-0.000209
7704.006904,13.772,4.950251,-0.000137,-0.001099,-0.001975,-0.000213
7706.506328,13.772,5.431534,-0.00014,-0.001099,-0.00198,-0.000217
7707.772081,13.772,4.872757,-0.00014,-0.001096,-0.00198,-0.000215
7710.28774,13.772,5.266131,-0.000134,-0.001087,-0.001975,-0.000215
7712.803583,13.772,5.633126,-0.000133,-0.001089,-0.001971,-0.000222
7714.053889,13.772,5.267178,-0.000146,-0.001102,-0.001977,-0.000238
7716.55302,13.772,5.826114,-0.000148,-0.001098,-0.001989,-0.000236
7717.801845,13.772,5.0003,-0.000148,-0.001098,-0.001986,-0.000237
7720.319325,13.772,5.161415,-0.000142,-0.001092,-0.001989,-0.000232
7721.56881,13.772,5.389569,-0.000138,-0.001087,-0.001995,-0.000228
7724.081396,13.772,5.465212,-0.000138,-0.001082,-0.001992,-0.000229
7726.585458,13.772,5.242476,-0.000138,-0.001078,-0.001995,-0.000231
7727.849758,13.772,5.621652,-0.000142,-0.001081,-0.001997,-0.000233
7730.346851,13.772,5.422929,-0.00015,-0.001085,-0.001992,-0.000247
7731.599579,13.772,5.402742,-0.000155,-0.001088,-0.001998,-0.00025
7734.115817,13.772,5.524495,-0.000162,-0.001094,-0.001997,-0.000266
7736.615756,13.772,5.556208,-0.000165,-0.001096,-0.001997,-0.00027
7737.86583,13.772,5.579209,-0.000163,-0.001093,-0.002,-0.000269
7740.364833,13.772,5.680988,-0.000158,-0.001086,-0.002,-0.000265
7741.615215,13.772,5.429249,-0.000158,-0.001083,-0.002002,-0.00026
7744.130582,13.772,5.52306,-0.000157,-0.00108,-0.001997,-0.000262
7746.6313979999995,13.772,5.551852,-0.000156,-0.001079,-0.001996,-0.000264
7747.880504,13.772,5.603166,-0.000165,-0.001086,-0.001994,-0.000281
7750.396155,13.772,5.614216,-0.000167,-0.00109,-0.001998,-0.000285
7751.646903,13.772,5.590842,-0.000172,-0.001092,-0.001989,-0.000292
7754.16289,13.772,5.889115,-0.000181,-0.0011,-0.001992,-0.000304
7756.662181,13.772,5.901811,-0.000184,-0.001102,-0.001995,-0.000307
7757.928343,13.772,6.022076,-0.000177,-0.001092,-0.001996,-0.000303
7760.428473,13.772,5.787602,-0.000171,-0.001086,-0.001998,-0.000299
7761.677517,13.772,6.224731,-0.000171,-0.001086,-0.001996,-0.0003
7764.177779,13.772,5.95541,-0.000183,-0.001091,-0.001995,-0.000313
7766.6769380000005,13.772,6.089752,-0.000183,-0.001086,-0.001997,-0.000313
7767.943685,13.772,6.046671,-0.00018,-0.001085,-0.002002,-0.000312
7770.459948,13.772,6.013311,-0.000183,-0.001086,-0.001999,-0.000312
7771.724226,13.772,6.111106,-0.000184,-0.001088,-0.001999,-0.000318
7774.225189,13.772,5.757269,-0.000182,-0.00108,-0.001996,-0.000315
7776.754982,13.772,6.103138,-0.000178,-0.001074,-0.002004,-0.000313
7778.00683,13.772,6.189512,-0.000181,-0.001076,-0.001996,-0.000318
7780.505965,13.772,6.507387,-0.000183,-0.001074,-0.002001,-0.000321
7781.77275,13.772,6.167733,-0.000179,-0.001072,-0.002004,-0.000319
7784.286953,13.772,6.549565,-0.000188,-0.001075,-0.002001,-0.00033
7786.788137,13.772,6.266962,-0.000193,-0.001079,-0.002001,-0.000332
7788.0526150000005,13.772,6.43679,-0.000191,-0.001078,-0.002001,-0.000331
7790.553321,13.772,6.820163,-0.0002,-0.001079,-0.001996,-0.00034
7791.819901,13.772,6.33363,-0.000203,-0.001083,-0.001996,-0.000345
7794.334571,13.772,6.776975,-0.000202,-0.001079,-0.001996,-0.000348
7795.58506,13.772,6.165874,-0.000203,-0.001077,-0.002005,-0.000348
7798.083875,13.772,7.019365,-0.000201,-0.001075,-0.002007,-0.000353
7800.584295,13.772,6.60821,-0.000204,-0.001077,-0.002006,-0.000358
7801.834916,13.772,6.522792,-0.00021,-0.001082,-0.002002,-0.000365
7804.33409,13.772,6.799975,-0.000203,-0.001073,-0.002004,-0.000365
7805.5995729999995,13.772,7.234609,-0.000198,-0.001071,-0.001995,-0.000361
7808.130451,13.772,6.595355,-0.000191,-0.00106,-0.001993,-0.000351
7810.631588,13.772,6.404546,-0.000198,-0.001064,-0.001999,-0.000358
7811.880922,13.772,6.703987,-0.000204,-0.001068,-0.001992,-0.00037
7814.382307,13.772,6.60327,-0.000213,-0.001077,-0.001991,-0.000382
7815.631974,13.772,7.20109,-0.000211,-0.001075,-0.002002,-0.000381
7818.130748,13.772,6.822394,-0.000213,-0.001076,-0.002,-0.000387
7820.633078,13.772,6.817931,-0.000228,-0.001086,-0.001988,-0.000405
7821.881671,13.772,6.791848,-0.000233,-0.001087,-0.001992,-0.000407
7824.381574,13.772,6.842845,-0.000233,-0.001083,-0.001995,-0.000409
7825.630656,13.772,6.918861,-0.000236,-0.001086,-0.001987,-0.000415
7828.130299,13.772,6.954823,-0.000238,-0.001089,-0.00199,-0.000421
7830.628007,13.772,6.898515,-0.000244,-0.001089,-0.001995,-0.000425
7831.865265,13.772,7.020427,-0.000244,-0.001089,-0.001994,-0.000426
7834.364927,13.772,7.397212,-0.000248,-0.001091,-0.00199,-0.000431
7835.615615,13.772,7.199497,-0.000245,-0.00109,-0.001994,-0.000432
7838.116828,13.772,7.111795,-0.00025,-0.001091,-0.001991,-0.000435
7840.615993,13.772,7.620106,-0.000247,-0.001086,-0.001989,-0.000435
7841.880451,13.772,7.434768,-0.000245,-0.00108,-0.001991,-0.000431
7844.380617,13.772,7.279284,-0.00025,-0.001083,-0.001988,-0.000443
7845.631044,13.772,6.619631,-0.00025,-0.001082,-0.001992,-0.000442
7848.146543,13.772,7.012246,-0.000253,-0.001083,-0.00199,-0.000447
7850.647723,13.772,7.05299,-0.000252,-0.001081,-0.001996,-0.000446
7851.912392,13.772,7.390465,-0.000251,-0.001077,-0.002001,-0.000446
7854.413233,13.772,6.110628,-0.000247,-0.001072,-0.001996,-0.000441
7855.662857,13.772,7.14186,-0.000249,-0.001071,-0.001994,-0.000446
7858.161888,13.772,7.417451,-0.000248,-0.001069,-0.001993,-0.000448
7860.6788990000005,13.772,7.220108,-0.000246,-0.001064,-0.001989,-0.00045
7861.929982,13.772,7.107811,-0.000246,-0.001063,-0.001986,-0.000452
7864.427003,13.772,7.223772,-0.000249,-0.001066,-0.001978,-0.000453
7865.678176,13.772,7.016336,-0.000252,-0.001065,-0.001979,-0.000454
7868.194933,13.772,7.62563,-0.000251,-0.001064,-0.001981,-0.000461
7870.692998,13.772,7.576759,-0.000242,-0.001052,-0.001985,-0.000453
7871.959824,13.772,7.785364,-0.000244,-0.001052,-0.001987,-0.000455
7874.4743,13.772,7.610066,-0.000249,-0.001052,-0.001991,-0.000462
7875.724339,13.772,7.8915,-0.000254,-0.001055,-0.001983,-0.000467
7878.2252929999995,13.772,7.307385,-0.000252,-0.00105,-0.00199,-0.000466
7880.755926,13.772,7.633333,-0.000252,-0.001052,-0.001979,-0.000467
7882.005669,13.772,8.190569,-0.000249,-0.001046,-0.00198,-0.000464
7884.506023,13.772,7.897662,-0.000244,-0.001042,-0.001981,-0.000465
7885.75583,13.772,7.986108,-0.000247,-0.001043,-0.001974,-0.000469
7888.25509,13.772,7.924222,-0.000249,-0.001044,-0.001971,-0.000472
7890.7568360000005,13.772,7.710198,-0.000251,-0.001044,-0.001971,-0.000476
7892.005794,13.772,8.932932,-0.00025,-0.001041,-0.00197,-0.000474
7894.506171,13.772,7.857608,-0.000252,-0.001043,-0.001965,-0.000478
7895.7726490000005,13.772,8.344247,-0.000256,-0.001047,-0.001966,-0.000485
7898.272358,13.772,8.206505,-0.000262,-0.001051,-0.001964,-0.00049
7900.772673,13.772,8.586796,-0.000262,-0.001052,-0.001973,-0.000484
7902.021601,13.772,7.479761,-0.000262,-0.001052,-0.001975,-0.000485
7904.521681,13.772,8.01134,-0.000261,-0.001049,-0.001974,-0.000483
7905.772659,13.772,7.748817,-0.000255,-0.001046,-0.00198,-0.000482
7908.28757,13.772,7.820689,-0.00025,-0.00104,-0.00198,-0.000473
7910.7876909999995,13.772,7.845496,-0.000249,-0.00104,-0.001982,-0.000476
7912.052416,13.772,7.786532,-0.00025,-0.001039,-0.001979,-0.000476
7914.569566,13.772,7.554608,-0.000251,-0.001039,-0.00198,-0.000473
7915.819472,13.772,8.048578,-0.000248,-0.00104,-0.001976,-0.000474
7918.318678,13.772,7.612297,-0.000248,-0.001037,-0.001981,-0.00047
7919.58387,13.772,8.228763,-0.00025,-0.001039,-0.001979,-0.000474
7922.099375,13.772,8.23859,-0.000251,-0.001043,-0.001977,-0.000478
7924.598704,13.772,7.698512,-0.000255,-0.001045,-0.001978,-0.000481
7925.849331,13.772,8.43673,-0.000254,-0.001046,-0.001974,-0.00048
7928.3492989999995,13.772,8.098351,-0.000255,-0.001046,-0.001977,-0.00048
7929.6158080000005,13.772,7.710942,-0.000255,-0.001044,-0.00198,-0.000479
7932.132151,13.772,7.982336,-0.000254,-0.001044,-0.001976,-0.000478
7934.631729,13.772,7.67142,-0.000253,-0.001043,-0.001977,-0.000477
7935.882505,13.772,7.620106,-0.000254,-0.001044,-0.001969,-0.000478
7938.380948,13.772,8.073916,-0.000248,-0.001039,-0.001973,-0.000471
7939.6318,13.772,7.892138,-0.000249,-0.001038,-0.001972,-0.000471
7942.146601,13.772,8.377128,-0.000243,-0.001031,-0.001973,-0.000464
7944.6480599999995,13.772,7.66749,-0.000239,-0.001027,-0.001974,-0.000462
7945.896779,13.772,7.965285,-0.000238,-0.001028,-0.001966,-0.000461
7948.397255,13.772,8.249533,-0.000235,-0.001023,-0.001969,-0.000457
7949.662663,13.772,7.538938,-0.000236,-0.001023,-0.00197,-0.000456
7952.16285,13.772,8.314605,-0.000237,-0.001024,-0.001969,-0.000456
7954.661883,13.772,7.594874,-0.000239,-0.001028,-0.001966,-0.00046
7955.912439,13.772,8.027701,-0.000238,-0.001029,-0.001968,-0.000462
7958.412487,13.772,7.892881,-0.000238,-0.001028,-0.001969,-0.000459
7959.662801,13.772,7.806028,-0.000239,-0.00103,-0.001965,-0.000459
7962.177136,13.772,7.193069,-0.000242,-0.001031,-0.001964,-0.000463
7964.69438,13.772,8.148179,-0.000237,-0.001028,-0.001971,-0.00046
7965.942824,13.772,7.671102,-0.000236,-0.001029,-0.001963,-0.000461
7968.459759,13.772,7.645285,-0.000238,-0.001031,-0.001961,-0.000461
7969.710368,13.772,7.762947,-0.000236,-0.001028,-0.001968,-0.000458
7972.2246159999995,13.772,8.268231,-0.000243,-0.001031,-0.001965,-0.000463
7974.724645,13.772,8.027914,-0.000236,-0.001027,-0.001966,-0.000459
7975.974669,13.772,8.933887,-0.000236,-0.001028,-0.001958,-0.000457
7978.473138,13.772,7.758698,-0.000234,-0.001028,-0.001961,-0.000459
7979.72588,13.772,7.792854,-0.000235,-0.001028,-0.001968,-0.000458
7982.224129,13.772,8.357739,-0.000235,-0.001027,-0.001963,-0.000461
7984.718927,13.772,7.785948,-0.000233,-0.001027,-0.001959,-0.000457
7985.974197,13.772,8.871682,-0.000232,-0.001023,-0.001965,-0.000456
7988.489701,13.772,8.497554,-0.000236,-0.001027,-0.001958,-0.000458
7989.740426,13.772,7.887357,-0.000236,-0.001028,-0.001961,-0.000459
7992.25693,13.772,8.337766,-0.000233,-0.001022,-0.001968,-0.000455
7994.772771,13.772,7.92895,-0.000233,-0.001023,-0.001968,-0.000456
7996.021892,13.772,8.113278,-0.000235,-0.001024,-0.001962,-0.000457
7998.52171,13.772,8.015005,-0.000238,-0.001024,-0.001962,-0.000461
7999.772684,13.772,7.765815,-0.000237,-0.001025,-0.00197,-0.000458
8002.270921,13.772,7.723638,-0.000235,-0.001027,-0.001965,-0.000458
8004.7721440000005,13.772,8.585149,-0.000235,-0.001028,-0.001969,-0.000458
8006.022865,13.772,7.803,-0.000236,-0.001029,-0.001968,-0.000459
8008.553253,13.772,7.653147,-0.000236,-0.00103,-0.001958,-0.000459
8009.818594,13.772,7.899681,-0.000235,-0.00103,-0.001962,-0.00046
8012.333587,13.772,7.949348,-0.000236,-0.00103,-0.001958,-0.000459
8014.833068,13.772,7.281727,-0.000234,-0.001024,-0.001957,-0.000455
8016.083625,13.772,8.334579,-0.000233,-0.001023,-0.001957,-0.000453
8018.598883,13.772,7.807781,-0.000228,-0.001019,-0.001963,-0.000446
8019.849715,13.772,7.697237,-0.000229,-0.001021,-0.001957,-0.00045
8022.34944,13.772,7.927728,-0.000228,-0.001022,-0.001959,-0.00045
8023.599748,13.772,8.552587,-0.000223,-0.001018,-0.001965,-0.000445
8026.099934,13.772,8.582121,-0.00023,-0.001021,-0.001964,-0.00045
8028.597446,13.772,7.647782,-0.000237,-0.001027,-0.001956,-0.000454
8029.849714,13.772,8.054261,-0.000239,-0.001029,-0.001958,-0.000457
8032.365431,13.772,8.184567,-0.000239,-0.001033,-0.001957,-0.000462
8033.615152,13.772,7.739362,-0.000241,-0.001034,-0.00196,-0.000464
8036.130935,13.772,8.308922,-0.000239,-0.001031,-0.001963,-0.000463
8038.648182,13.772,8.438165,-0.000246,-0.001036,-0.001968,-0.000467
8039.911608,13.772,7.730012,-0.000246,-0.001035,-0.001968,-0.000467
8042.412196,13.772,7.856227,-0.000245,-0.001039,-0.001961,-0.000469
8043.663075,13.772,7.937502,-0.000251,-0.001042,-0.001955,-0.000474
8046.1625380000005,13.772,7.842788,-0.000253,-0.001041,-0.001957,-0.00047
8048.6620060000005,13.772,7.828073,-0.000248,-0.001038,-0.001959,-0.00047
8049.912368,13.772,7.864089,-0.00025,-0.001041,-0.001954,-0.000476
8052.4127499999995,13.772,7.789401,-0.000261,-0.001051,-0.001962,-0.000483
8053.662994,13.772,8.656915,-0.000259,-0.001051,-0.001969,-0.000479
8056.162502,13.772,8.135271,-0.000255,-0.001047,-0.001963,-0.000476
8058.677557,13.772,8.197156,-0.000253,-0.001042,-0.001963,-0.000472
8059.927199,13.772,7.66988,-0.000254,-0.001044,-0.001961,-0.000473
8062.427707,13.772,7.394025,-0.000252,-0.001042,-0.001963,-0.000473
8063.679542,13.772,8.52592,-0.000249,-0.00104,-0.001967,-0.000471
8066.177961,13.772,8.106532,-0.000257,-0.001049,-0.001961,-0.00048
8068.709879,13.772,7.418354,-0.000254,-0.001042,-0.001964,-0.000476
8069.95966,13.772,7.934102,-0.000261,-0.001049,-0.001966,-0.000483
8072.475461,13.772,8.137607,-0.000269,-0.001058,-0.001974,-0.000487
8073.725682,13.772,8.069932,-0.000263,-0.001056,-0.001965,-0.000485
8076.225836,13.772,7.77474,-0.000258,-0.001049,-0.001969,-0.000478
8078.723608,13.772,8.07312,-0.000256,-0.001042,-0.001985,-0.000478
8079.975436,13.772,8.903448,-0.000253,-0.001043,-0.001985,-0.000476
8082.474629,13.772,7.773996,-0.000249,-0.001039,-0.00198,-0.000466
8083.724468,13.772,7.930756,-0.000247,-0.00104,-0.001978,-0.000468
8086.240262,13.772,8.572241,-0.000258,-0.001053,-0.001979,-0.000491
8088.755744,13.772,8.128258,-0.00027,-0.00106,-0.001969,-0.000492
8090.006244,13.772,8.004647,-0.00027,-0.001058,-0.001974,-0.000487
8092.52287,13.772,7.992641,-0.000279,-0.001067,-0.001972,-0.000497
8093.772454,13.772,7.658618,-0.000276,-0.001063,-0.001973,-0.000491
8096.271807,13.772,7.527463,-0.00027,-0.001061,-0.001971,-0.00049
8098.7721010000005,13.772,8.550249,-0.000275,-0.001067,-0.001966,-0.000498
8100.037358,13.772,7.917476,-0.000274,-0.001066,-0.001976,-0.000499
8102.537096,13.772,7.616653,-0.000266,-0.001061,-0.00198,-0.00049
8103.801702,13.772,7.601673,-0.000267,-0.00106,-0.001983,-0.000492
8106.318038,13.772,7.506534,-0.000258,-0.00105,-0.001987,-0.000485
8108.834597,13.772,7.917369,-0.000263,-0.001055,-0.001988,-0.000489
8110.084333,13.772,7.776812,-0.000264,-0.001056,-0.00199,-0.000486
8112.5852429999995,13.772,7.540478,-0.000255,-0.001047,-0.001986,-0.000473
8113.834244,13.772,7.708286,-0.000251,-0.001044,-0.001981,-0.000471
8116.349689,13.772,7.701486,-0.000255,-0.001045,-0.001979,-0.000473
8118.850342,13.772,8.132508,-0.000257,-0.001047,-0.001981,-0.000474
8120.114637,13.772,8.331764,-0.000259,-0.00105,-0.001986,-0.000477
8122.61623,13.772,7.913333,-0.000254,-0.00105,-0.001991,-0.000476
8123.880665,13.772,7.665258,-0.000255,-0.001048,-0.001993,-0.000471
8126.38108,13.772,8.239015,-0.000259,-0.001046,-0.001993,-0.000474
8127.648251,13.772,7.690385,-0.000259,-0.00105,-0.001991,-0.000476
8130.16236,13.772,7.957901,-0.000261,-0.001049,-0.001983,-0.00048
8132.693582,13.772,7.849693,-0.000263,-0.001052,-0.001979,-0.000483
8133.943468,13.772,8.164115,-0.000259,-0.001047,-0.001987,-0.000476
8136.443725,13.772,7.574316,-0.000262,-0.001052,-0.00199,-0.000488
8137.692765,13.772,8.021698,-0.000269,-0.001055,-0.001985,-0.000494
8140.19403,13.772,7.842097,-0.000265,-0.001055,-0.001998,-0.000488
8142.677336,13.772,8.282042,-0.000272,-0.001063,-0.001988,-0.000493
8143.92735,13.772,7.915617,-0.000275,-0.001064,-0.001984,-0.000495
8146.443324,13.772,7.610703,-0.000275,-0.001065,-0.001983,-0.000494
8147.694189,13.772,7.764912,-0.000279,-0.001069,-0.001986,-0.000496
8150.209152,13.772,7.423082,-0.000276,-0.001067,-0.001987,-0.000499
8152.725013,13.772,7.739946,-0.00027,-0.001061,-0.001996,-0.000489
8153.974612,13.772,7.38202,-0.000268,-0.001056,-0.002002,-0.000484
8156.474448,13.772,7.717051,-0.000269,-0.001059,-0.001997,-0.00049
8157.723672,13.772,8.163743,-0.000276,-0.001068,-0.001994,-0.000498
8160.224519,13.772,8.20794,-0.000275,-0.001065,-0.002,-0.000497
8162.725193,13.772,7.731606,-0.000273,-0.001063,-0.001994,-0.000496
8163.974747,13.772,7.939149,-0.000268,-0.00106,-0.001998,-0.000491
8166.47559,13.772,7.792642,-0.000273,-0.001064,-0.002,-0.000495
8167.724743,13.772,7.827117,-0.000276,-0.001066,-0.002004,-0.000498
8170.249987,13.772,8.747486,-0.000274,-0.001066,-0.001998,-0.000499
8172.755972,13.772,7.793704,-0.000284,-0.001073,-0.001997,-0.000503
8174.006244,13.772,8.473384,-0.000281,-0.00107,-0.001999,-0.0005
8176.522632,13.772,7.891234,-0.000275,-0.001063,-0.001999,-0.000493
8177.772414,13.772,8.059574,-0.000264,-0.001058,-0.001993,-0.00049
8180.272236,13.772,8.443371,-0.000255,-0.001052,-0.00199,-0.000477
8182.772394,13.772,8.356624,-0.000265,-0.001058,-0.001991,-0.000486
8184.02274,13.772,7.998272,-0.000266,-0.00106,-0.001998,-0.000486
8186.522619,13.772,7.909827,-0.000262,-0.001057,-0.001999,-0.000479
8187.771973,13.772,7.596945,-0.000264,-0.001056,-0.001997,-0.000478
8190.287007,13.772,7.824302,-0.000269,-0.00106,-0.001997,-0.000485
8192.786641,13.772,7.765603,-0.00028,-0.001073,-0.001992,-0.000508
8194.037089,13.772,7.827489,-0.000274,-0.001068,-0.001996,-0.000501
8196.537093,13.772,7.732828,-0.000269,-0.001058,-0.001994,-0.000493
8197.786856,13.772,7.362364,-0.000273,-0.001063,-0.001991,-0.000502
8200.301633,13.772,7.936812,-0.00028,-0.00107,-0.001991,-0.000505
8202.787326,13.772,6.50335,-0.000281,-0.001071,-0.001992,-0.000506
8204.037999,13.772,7.512431,-0.000281,-0.001073,-0.002002,-0.000508
8206.537998,13.772,7.814049,-0.000292,-0.00108,-0.001999,-0.000511
8207.802554,13.772,7.738618,-0.000291,-0.001083,-0.001997,-0.000515
8210.30265,13.772,7.969641,-0.000295,-0.001082,-0.001997,-0.000513
8212.787095,13.772,7.543347,-0.000292,-0.001081,-0.001992,-0.000513
8214.035501,13.772,7.890544,-0.000287,-0.001079,-0.001995,-0.00051
8216.538658,13.772,8.391896,-0.000288,-0.001077,-0.001999,-0.000508
8217.787361,13.772,7.701274,-0.00029,-0.001079,-0.001988,-0.000511
8220.287065,13.772,7.852402,-0.000285,-0.001074,-0.001987,-0.000501
8222.787505,13.772,7.841885,-0.000284,-0.001076,-0.001982,-0.000499
8224.038005,13.772,8.589134,-0.000284,-0.001074,-0.001992,-0.000495
8226.537757,13.772,7.692828,-0.000283,-0.001072,-0.001989,-0.000499
8227.78694,13.772,8.252348,-0.000283,-0.001074,-0.001986,-0.000502
8230.287908,13.772,7.830038,-0.000281,-0.00107,-0.001989,-0.000496
8232.787345,13.772,7.927304,-0.000279,-0.001069,-0.001985,-0.000498
8234.037838,13.772,7.784939,-0.000284,-0.001071,-0.001981,-0.000501
8236.537914,13.772,7.862655,-0.000286,-0.001073,-0.001986,-0.000502
8237.802743,13.772,7.407464,-0.000284,-0.001073,-0.001987,-0.000503
8240.319596,13.772,8.226956,-0.000282,-0.001071,-0.001989,-0.000498
8242.819699,13.772,7.986586,-0.000277,-0.001067,-0.001991,-0.000494
8244.069732,13.772,7.410227,-0.000275,-0.001065,-0.001995,-0.000493
8246.569835,13.772,8.123902,-0.000274,-0.001065,-0.001991,-0.000491
8247.81987,13.772,8.449745,-0.000277,-0.001068,-0.001985,-0.000496
8250.318874,13.772,7.997476,-0.000277,-0.001068,-0.001993,-0.000496
8252.835076,13.772,7.713067,-0.000275,-0.001067,-0.001987,-0.000494
8254.083133,13.772,7.800822,-0.000275,-0.001066,-0.00199,-0.000493
8256.585601,13.772,7.874077,-0.000271,-0.001063,-0.00199,-0.000488
8257.83556,13.772,7.878008,-0.000275,-0.001065,-0.001981,-0.000491
8260.334469,13.772,7.818192,-0.000277,-0.001068,-0.001975,-0.000494
8262.834508,13.772,7.794129,-0.000282,-0.001071,-0.001975,-0.0005
8264.085099,13.772,8.074235,-0.000284,-0.001074,-0.001977,-0.000502
8266.599477,13.772,7.725285,-0.000283,-0.001076,-0.001987,-0.000505
8267.850473,13.772,7.898512,-0.000285,-0.001077,-0.001986,-0.000506
8270.350888,13.772,8.158271,-0.000281,-0.00107,-0.001991,-0.000501
8271.61558,13.772,7.874926,-0.000283,-0.00107,-0.00199,-0.000502
8274.131872,13.772,8.170967,-0.000282,-0.001071,-0.001984,-0.000501
8276.631722,13.772,7.726347,-0.000283,-0.001073,-0.001984,-0.000502
8277.881964,13.772,8.04794,-0.000284,-0.001073,-0.00199,-0.000504
8280.380746,13.772,7.706852,-0.000284,-0.001073,-0.001988,-0.000502
8281.631717,13.772,7.751792,-0.000284,-0.001072,-0.001986,-0.000503
8284.132097,13.772,7.645922,-0.00028,-0.001069,-0.001983,-0.000498
8286.646868,13.772,8.621325,-0.000276,-0.001064,-0.001986,-0.000491
8287.897634,13.772,8.132986,-0.000275,-0.001064,-0.001979,-0.000492
8290.412564,13.772,7.768631,-0.000276,-0.001064,-0.001985,-0.000493
8291.662586,13.772,7.894794,-0.000274,-0.001065,-0.001982,-0.000493
8294.162154,13.772,7.461966,-0.000273,-0.001064,-0.001976,-0.000489
8296.662448,13.772,7.165287,-0.000271,-0.001059,-0.001982,-0.000482
8297.912408,13.772,7.926081,-0.000269,-0.001058,-0.001985,-0.000482
8300.412793,13.772,8.102017,-0.000268,-0.001056,-0.001981,-0.000484
8301.662657,13.772,8.422441,-0.00027,-0.001061,-0.001975,-0.000486
8304.163794,13.772,7.644648,-0.000269,-0.001061,-0.001974,-0.000487
8306.663462,13.772,8.144141,-0.000272,-0.001063,-0.001973,-0.000491
8307.913107,13.772,7.96725,-0.000269,-0.001059,-0.001977,-0.000489
8310.427412000001,13.772,8.058193,-0.00027,-0.00106,-0.001976,-0.000487
8311.677201,13.772,7.747064,-0.00027,-0.001059,-0.001975,-0.000487
8314.179695,13.772,8.167515,-0.000266,-0.001054,-0.001978,-0.000477
8316.677818,13.772,7.651712,-0.000267,-0.001056,-0.001977,-0.000483
8317.928245,13.772,7.624408,-0.000269,-0.001059,-0.001972,-0.000487
8320.428555,13.772,7.767834,-0.00027,-0.00106,-0.00198,-0.000489
8321.693227,13.772,7.506747,-0.00027,-0.001058,-0.00198,-0.000486
8324.208723,13.772,7.938034,-0.000265,-0.001055,-0.001974,-0.00048
8326.709724,13.772,7.7579,-0.000261,-0.001056,-0.001973,-0.000483
8327.959833,13.772,7.443745,-0.000259,-0.001052,-0.00198,-0.000476
8330.474944,13.772,8.002735,-0.00026,-0.001053,-0.001977,-0.000479
8331.724805,13.772,7.919441,-0.000259,-0.001053,-0.001969,-0.00048
8334.225913,13.772,7.639761,-0.000261,-0.001052,-0.001967,-0.000481
8336.725438,13.772,7.892775,-0.000263,-0.001051,-0.001966,-0.000477
8337.97571,13.772,7.646825,-0.000259,-0.001049,-0.001973,-0.000473
8340.475972,13.772,7.647622,-0.000259,-0.001047,-0.001973,-0.000466
8341.726278,13.772,7.748605,-0.000257,-0.001045,-0.001965,-0.000467
8344.225763,13.772,7.719282,-0.000257,-0.001045,-0.001962,-0.00047
8346.740475999999,13.772,8.026745,-0.000254,-0.001043,-0.001965,-0.000469
8347.991832,13.772,8.062124,-0.000254,-0.001044,-0.001966,-0.000471
8350.490807,13.772,7.945949,-0.000252,-0.001042,-0.001963,-0.000466
8351.740327,13.772,7.994554,-0.00025,-0.001041,-0.001966,-0.000464
8354.256698,13.772,8.084381,-0.000247,-0.001038,-0.001966,-0.000461
8356.756235,13.772,7.735005,-0.000249,-0.001038,-0.001968,-0.000462
8358.002793,13.772,9.12475,-0.000251,-0.00104,-0.001965,-0.000465
8360.491056,13.772,7.965763,-0.000253,-0.001041,-0.001962,-0.000467
8361.740733,13.772,8.122044,-0.000251,-0.00104,-0.001971,-0.000466
8364.241547,13.772,8.528522,-0.000251,-0.001042,-0.001968,-0.000465
8366.740479,13.772,7.540425,-0.00025,-0.00104,-0.001967,-0.000464
8367.990818,13.772,7.79126,-0.000251,-0.001041,-0.001961,-0.000466
8370.490946,13.772,7.728153,-0.000248,-0.001038,-0.001966,-0.000463
8371.756589,13.772,7.676201,-0.000248,-0.001039,-0.001968,-0.000465
8374.255917,13.772,8.024461,-0.000249,-0.001038,-0.001965,-0.000465
8376.757563,13.772,9.429821,-0.000249,-0.00104,-0.001966,-0.000464
8378.00643,13.772,7.62563,-0.000249,-0.001041,-0.001961,-0.000468
8380.506876,13.772,8.050808,-0.000246,-0.00104,-0.001959,-0.000463
8381.771192,13.772,7.687728,-0.000245,-0.001036,-0.001958,-0.000461
8384.270708,13.772,7.787648,-0.000241,-0.001033,-0.001958,-0.000459
8386.772461,13.772,8.082521,-0.000239,-0.00103,-0.001958,-0.000454
8388.021942,13.772,7.665843,-0.000235,-0.001025,-0.001967,-0.000452
8390.535988,13.772,7.303135,-0.00023,-0.001022,-0.001966,-0.000449
8391.788394,13.772,8.653144,-0.000229,-0.001022,-0.001963,-0.000446
8394.287414,13.772,8.045018,-0.000229,-0.00102,-0.001962,-0.000445
8396.787599,13.772,7.711632,-0.000232,-0.001023,-0.001963,-0.000448
8398.037732,13.772,8.21952,-0.00023,-0.001022,-0.001966,-0.000447
8400.537535,13.772,7.736812,-0.000231,-0.001023,-0.001962,-0.000448
8401.786948,13.772,7.693359,-0.000234,-0.001023,-0.001962,-0.000447
8404.287393,13.772,7.961354,-0.000233,-0.001023,-0.001961,-0.000447
8406.787066,13.772,7.943187,-0.000232,-0.001023,-0.001959,-0.000448
8408.035796,13.772,7.792217,-0.00023,-0.001021,-0.001958,-0.000447
8410.536734,13.772,8.213252,-0.000226,-0.00102,-0.001955,-0.000445
8411.787412,13.772,8.060742,-0.000226,-0.00102,-0.001961,-0.000443
8414.287876,13.772,8.187701,-0.000227,-0.001021,-0.001964,-0.000446
8416.78759,13.772,7.801884,-0.000228,-0.001025,-0.001957,-0.000446
8418.053583,13.772,8.369319,-0.000231,-0.001026,-0.001956,-0.000445
8420.567768,13.772,7.901646,-0.000227,-0.001021,-0.001965,-0.00044
8421.817513,13.772,8.144726,-0.000228,-0.00102,-0.001962,-0.00044
8424.317786,13.772,7.872376,-0.000224,-0.001022,-0.001966,-0.000438
8426.834612,13.772,8.139308,-0.000228,-0.001025,-0.001957,-0.000442
8428.083869,13.772,8.029348,-0.000229,-0.001024,-0.001961,-0.000443
8430.583598,13.772,7.814634,-0.000224,-0.001021,-0.00196,-0.00044
8431.83405,13.772,7.856971,-0.000223,-0.001018,-0.00195,-0.00044
8434.33477,13.772,7.831738,-0.000226,-0.001021,-0.00195,-0.00044
8436.845649,13.772,7.564966,-0.000233,-0.001028,-0.001955,-0.000449
8438.099644,13.772,7.83551,-0.00023,-0.001025,-0.001957,-0.000447
8440.599578,13.772,7.606667,-0.000231,-0.001025,-0.001955,-0.000447
8441.850472,13.772,7.747117,-0.000235,-0.001029,-0.001954,-0.000449
8444.350727000001,13.772,7.790942,-0.000236,-0.001028,-0.001956,-0.000449
8446.849566,13.772,9.758904,-0.000243,-0.001034,-0.001957,-0.000461
8448.099706,13.772,8.150303,-0.000248,-0.001035,-0.001962,-0.000464
8450.600475,13.772,8.150516,-0.000241,-0.001031,-0.001968,-0.000454
8451.850322,13.772,7.787276,-0.000239,-0.001033,-0.001962,-0.000455
8454.349554,13.772,7.920717,-0.000238,-0.001033,-0.001964,-0.000453
8456.850209,13.772,7.71211,-0.00024,-0.001031,-0.001961,-0.00045
8458.115952,13.772,8.025099,-0.00024,-0.001033,-0.001958,-0.000456
8460.615669,13.772,7.879176,-0.000237,-0.001026,-0.001967,-0.000452
8461.865677,13.772,7.779892,-0.000236,-0.001026,-0.001967,-0.00045
8464.364742,13.772,8.23041,-0.000237,-0.00103,-0.001969,-0.000452
8465.630992,13.772,7.613519,-0.000238,-0.00103,-0.001965,-0.000454
8468.148694,13.772,7.908871,-0.000236,-0.001028,-0.001967,-0.000453
8470.646759,13.772,7.967994,-0.000247,-0.001037,-0.00196,-0.000462
8471.89731,13.772,7.466588,-0.000248,-0.00104,-0.001966,-0.000464
8474.396631,13.772,8.412295,-0.000248,-0.001038,-0.001966,-0.000466
8475.645839,13.772,8.112748,-0.000246,-0.001038,-0.00196,-0.000464
8478.14646,13.772,8.153809,-0.000242,-0.001034,-0.001969,-0.00046
8480.646553,13.772,7.683213,-0.000239,-0.001031,-0.001974,-0.000459
8481.89781,13.772,7.935271,-0.000244,-0.001033,-0.001976,-0.000461
8484.396885,13.772,7.85729,-0.000242,-0.001032,-0.00197,-0.000462
8485.647394,13.772,7.85134,-0.000245,-0.001037,-0.001972,-0.000465
8488.145745,13.772,7.820158,-0.000254,-0.001049,-0.001971,-0.00048
8490.646516,13.772,7.761354,-0.000264,-0.001058,-0.00197,-0.000483
8491.897399,13.772,7.942018,-0.00026,-0.001052,-0.001966,-0.00048
8494.396632,13.772,7.940265,-0.000253,-0.001045,-0.001971,-0.000476
8495.646531,13.772,7.860902,-0.000249,-0.001042,-0.00198,-0.000473
8498.161917,13.772,7.937928,-0.000249,-0.001041,-0.00198,-0.000469
8500.662709,13.772,8.466212,-0.000252,-0.001044,-0.001978,-0.000473
8501.91257,13.772,8.463556,-0.000256,-0.001051,-0.001975,-0.000481
8504.412793,13.772,8.021911,-0.000265,-0.001057,-0.001972,-0.000495
8505.663144,13.772,7.770278,-0.000266,-0.001058,-0.001977,-0.000492
8508.1787,13.772,8.283796,-0.000262,-0.001054,-0.001982,-0.00048
8510.676918000001,13.772,8.04863,-0.000256,-0.001046,-0.001978,-0.000474
8511.927702,13.772,7.912695,-0.000255,-0.001045,-0.001979,-0.000474
8514.42782,13.772,7.58579,-0.000259,-0.001046,-0.001977,-0.000475
8515.679794,13.772,7.739415,-0.000257,-0.001049,-0.001984,-0.000472
8518.178317,13.772,7.842043,-0.000259,-0.001048,-0.001987,-0.00047
8520.709816999999,13.772,7.839759,-0.000256,-0.001044,-0.001981,-0.00047
8521.959366,13.772,6.250176,-0.000261,-0.001052,-0.001984,-0.000475
8524.47413,13.772,7.769375,-0.000257,-0.001046,-0.001985,-0.00047
8525.739539,13.772,8.070357,-0.000259,-0.001047,-0.001989,-0.000474
8528.25611,13.772,7.68571,-0.000249,-0.001042,-0.001989,-0.000464
8530.772584,13.772,7.896494,-0.000253,-0.001042,-0.00199,-0.000464
8532.023158,13.772,7.402684,-0.000252,-0.001044,-0.001991,-0.000467
8534.521794,13.772,7.327411,-0.000256,-0.001046,-0.001984,-0.00047
8535.787108,13.772,8.216173,-0.000259,-0.001047,-0.001991,-0.000471
8538.287719,13.772,8.172668,-0.000262,-0.001052,-0.001981,-0.000482
8540.787366,13.772,7.723213,-0.000265,-0.001057,-0.001985,-0.000488
8542.037034,13.772,8.745839,-0.00027,-0.001059,-0.001979,-0.000489
8544.536778,13.772,7.754873,-0.000272,-0.001062,-0.001979,-0.000487
8545.787518000001,13.772,8.86297,-0.000279,-0.001067,-0.001975,-0.000496
8548.302521,13.772,7.613838,-0.000291,-0.001077,-0.001973,-0.000499
8550.802204,13.772,8.253092,-0.000283,-0.001074,-0.001979,-0.000504
8552.053533,13.772,8.355189,-0.000281,-0.001067,-0.001989,-0.000503
8554.552116,13.772,7.736121,-0.000291,-0.001077,-0.001986,-0.000508
8555.802902,13.772,7.959813,-0.000289,-0.001077,-0.00198,-0.000498
8558.302771,13.772,7.892775,-0.000277,-0.001067,-0.001976,-0.000485
8560.818544,13.772,8.341272,-0.000261,-0.001052,-0.001987,-0.000476
8562.070172,13.772,8.093889,-0.000256,-0.001047,-0.001997,-0.000472
8564.569722,13.772,7.59822,-0.000254,-0.001045,-0.002001,-0.000466
8565.834326,13.772,7.827967,-0.000261,-0.001056,-0.001996,-0.000474
8568.334653,13.772,8.057608,-0.000269,-0.001062,-0.001995,-0.000481
8570.83465,13.772,8.144619,-0.000268,-0.001059,-0.002,-0.000482
8572.084414,13.772,7.497451,-0.000266,-0.001057,-0.002003,-0.00048
8574.599674000001,13.772,7.378938,-0.000274,-0.001069,-0.001998,-0.000501
8575.85055,13.772,7.684648,-0.000282,-0.001075,-0.002002,-0.000509
8578.349761,13.772,7.819627,-0.000283,-0.001079,-0.001997,-0.000505
8580.849615,13.772,7.910092,-0.000275,-0.001068,-0.001998,-0.000492
8582.094808,13.772,7.938034,-0.000277,-0.001068,-0.001998,-0.000492
8584.599833,13.772,7.811234,-0.000279,-0.001071,-0.001994,-0.000496
8585.866037,13.772,8.57171,-0.000278,-0.001067,-0.002,-0.000493
8588.36588,13.772,8.154925,-0.000276,-0.001062,-0.002,-0.000487
8589.630887,13.772,8.200556,-0.000275,-0.001064,-0.001999,-0.000487
8592.147732,13.772,8.378616,-0.000278,-0.001065,-0.002003,-0.000492
8594.646904,13.772,7.363215,-0.000282,-0.00107,-0.00201,-0.000493
8595.897374,13.772,8.882306,-0.000286,-0.001074,-0.002004,-0.000497
8598.397558,13.772,8.600236,-0.000282,-0.001071,-0.002,-0.00049
8599.64674,13.772,7.916467,-0.000279,-0.001067,-0.002004,-0.00049
8602.146284,13.772,8.130064,-0.000271,-0.001056,-0.002,-0.000483
8604.647702,13.772,8.425468,-0.000263,-0.001053,-0.001998,-0.000485
8605.913065,13.772,7.469987,-0.000266,-0.001058,-0.001996,-0.000492
8608.427521,13.772,8.645653,-0.000277,-0.00107,-0.001994,-0.000501
8609.678604,13.772,7.806241,-0.000281,-0.001072,-0.001995,-0.000502
8612.177773,13.772,8.082415,-0.000284,-0.001072,-0.001985,-0.000499
8614.67751,13.772,8.137767,-0.000282,-0.001072,-0.001984,-0.000493
8615.927768,13.772,7.99466,-0.000281,-0.00107,-0.001986,-0.000492
8618.427395,13.772,7.770649,-0.000284,-0.001072,-0.001988,-0.000497
8619.679726,13.772,8.208258,-0.000283,-0.001071,-0.001991,-0.000494
8622.193772999999,13.772,7.595564,-0.00028,-0.001069,-0.001989,-0.000495
8624.694666,13.772,7.446029,-0.000277,-0.001065,-0.001988,-0.000492
8625.942711,13.772,7.826639,-0.000274,-0.001062,-0.00199,-0.00049
8628.443188,13.772,8.194287,-0.000276,-0.001061,-0.001989,-0.000488
8629.694653999999,13.772,7.648313,-0.000273,-0.001061,-0.001981,-0.000489
8632.193314,13.772,8.014261,-0.000272,-0.001061,-0.001976,-0.000487
8634.693563,13.772,8.066745,-0.00027,-0.001059,-0.001977,-0.000485
8635.943383,13.772,8.583555,-0.000269,-0.001058,-0.001984,-0.000481
8638.443425,13.772,7.880876,-0.00027,-0.001058,-0.001979,-0.000481
8639.693269,13.772,7.891128,-0.000271,-0.001059,-0.001974,-0.000485
8642.193757000001,13.772,8.295641,-0.000276,-0.001063,-0.001975,-0.000488
8644.694338,13.772,7.636945,-0.000273,-0.001062,-0.001979,-0.000485
8645.943012,13.772,7.992589,-0.000271,-0.001059,-0.001982,-0.000483
8648.443547,13.772,7.830569,-0.000266,-0.001057,-0.001984,-0.000479
8649.694573,13.772,7.944195,-0.000264,-0.001054,-0.001979,-0.000476
8652.20958,13.772,7.707702,-0.00026,-0.001054,-0.001975,-0.000472
8654.709699,13.772,8.423504,-0.000257,-0.00105,-0.001974,-0.00047
8655.959729,13.772,8.189347,-0.000255,-0.001046,-0.001978,-0.000467
8658.459679,13.772,8.109666,-0.000252,-0.001042,-0.001982,-0.000464
8659.710676,13.772,7.836838,-0.00025,-0.00104,-0.001978,-0.000463
8662.226523,13.772,8.088046,-0.00024,-0.001033,-0.001978,-0.000456
8664.724798,13.772,8.386796,-0.000241,-0.001031,-0.001975,-0.000456
8665.974365,13.772,7.657556,-0.000244,-0.001035,-0.001981,-0.000458
8668.474895,13.772,8.09713,-0.000247,-0.001039,-0.00198,-0.000462
8669.724463,13.772,7.759813,-0.00025,-0.00104,-0.001974,-0.000462
8672.225104000001,13.772,7.484701,-0.000251,-0.001042,-0.001977,-0.000466
8674.725392,13.772,7.499629,-0.000251,-0.001042,-0.001984,-0.000469
8675.989708000001,13.772,7.84199,-0.000251,-0.001043,-0.001981,-0.000471
8678.505393,13.772,7.833651,-0.000256,-0.001049,-0.001976,-0.000474
8679.755888,13.772,7.701752,-0.000256,-0.001049,-0.001974,-0.000474
8682.272639,13.772,7.969799,-0.000253,-0.001045,-0.001979,-0.000467
8684.771784,13.772,7.642257,-0.000249,-0.001041,-0.00198,-0.000463
8686.021968000001,13.772,8.166293,-0.000251,-0.001042,-0.001976,-0.000466
8688.538237,13.772,7.244808,-0.00025,-0.001044,-0.00197,-0.000469
8689.7874,13.772,8.066108,-0.000248,-0.001041,-0.001977,-0.000467
8692.286848,13.772,7.658884,-0.00025,-0.001041,-0.001978,-0.000467
8694.787282,13.772,8.075881,-0.000256,-0.001047,-0.001972,-0.000474
8696.038249,13.772,8.126452,-0.000258,-0.001048,-0.00197,-0.000474
8698.536501,13.772,9.122625,-0.000255,-0.001046,-0.001971,-0.00047
8699.787678,13.772,7.348447,-0.000255,-0.001047,-0.001972,-0.000471
8702.287993,13.772,8.335482,-0.000258,-0.00105,-0.001971,-0.000473
8704.787422,13.772,7.74547,-0.000261,-0.001051,-0.001971,-0.000473
8706.038489999999,13.772,8.110516,-0.000257,-0.001048,-0.001975,-0.000467
8708.537906,13.772,7.78462,-0.000248,-0.001043,-0.001973,-0.000465
8709.78707,13.772,7.694316,-0.000248,-0.001042,-0.001965,-0.000463
8712.303652,13.772,8.376278,-0.000248,-0.001041,-0.001969,-0.000461
8714.819599,13.772,7.772455,-0.000247,-0.001039,-0.00197,-0.000461
8716.06887,13.772,7.886931,-0.000244,-0.001034,-0.001974,-0.000459
8718.584766,13.772,8.180901,-0.000246,-0.001039,-0.001966,-0.000461
8719.834869,13.772,8.342812,-0.000248,-0.001041,-0.001972,-0.000464
8722.349922,13.772,7.948817,-0.000246,-0.001041,-0.001972,-0.000462
8724.8497,13.772,7.920717,-0.000245,-0.001038,-0.001972,-0.000459
8726.099209,13.772,7.652988,-0.000246,-0.001039,-0.001964,-0.000462
8728.599028,13.772,7.711952,-0.000242,-0.001037,-0.001967,-0.000459
8729.850266,13.772,7.767197,-0.000244,-0.001038,-0.00197,-0.000459
8732.349591,13.772,7.769056,-0.000244,-0.001038,-0.001969,-0.000458
8734.849479,13.772,7.713811,-0.000247,-0.001038,-0.001969,-0.000458
8736.099016,13.772,7.728738,-0.000247,-0.001037,-0.001972,-0.000458
8738.615188,13.772,7.975324,-0.000249,-0.001039,-0.001964,-0.00046
8739.865332,13.772,8.196943,-0.000247,-0.001038,-0.00197,-0.00046
8742.367205,13.772,7.495113,-0.000248,-0.001036,-0.001969,-0.000457
8744.849717000001,13.772,8.535906,-0.00025,-0.00104,-0.001963,-0.000467
8746.099506999999,13.772,7.935006,-0.000248,-0.001038,-0.001969,-0.000464
8748.599506,13.772,7.380054,-0.000247,-0.001038,-0.001968,-0.00046
8749.849485,13.772,7.70563,-0.000249,-0.001039,-0.001961,-0.000463
8752.350864,13.772,8.365867,-0.000245,-0.001037,-0.00197,-0.000457
8754.880589,13.772,8.437102,-0.000247,-0.001038,-0.001966,-0.00046
8756.128421,13.772,7.814899,-0.000245,-0.001035,-0.001967,-0.00046
8758.63028,13.772,8.732028,-0.000244,-0.001037,-0.001972,-0.000458
8759.880775,13.772,7.645657,-0.000244,-0.001036,-0.001964,-0.000458
8762.381663,13.772,7.500744,-0.000241,-0.001032,-0.001962,-0.000455
8764.880279,13.772,7.68231,-0.000239,-0.001031,-0.001962,-0.000452
8766.132255,13.772,7.601992,-0.000239,-0.001029,-0.00197,-0.000449
8768.631759,13.772,8.140742,-0.000242,-0.001031,-0.001971,-0.000454
8769.881844,13.772,7.544568,-0.000242,-0.001031,-0.001964,-0.000453
8772.380364,13.772,8.190516,-0.000239,-0.001029,-0.001966,-0.000452
8774.881996,13.772,7.434184,-0.000238,-0.001027,-0.001963,-0.000452
8776.13066,13.772,8.030357,-0.00024,-0.001027,-0.001966,-0.00045
8778.630398,13.772,7.703558,-0.000239,-0.001028,-0.001963,-0.000454
8779.881546,13.772,8.18786,-0.000238,-0.001029,-0.001972,-0.000455
8782.382512,13.772,7.508021,-0.000239,-0.00103,-0.001971,-0.000457
8784.881464,13.772,7.738034,-0.000241,-0.001033,-0.001972,-0.000457
8786.130817,13.772,7.840662,-0.000244,-0.001036,-0.001965,-0.000461
8788.631335,13.772,7.769534,-0.00024,-0.001031,-0.001966,-0.000454
8789.881503,13.772,7.352165,-0.00024,-0.001032,-0.001969,-0.000454
8792.380963,13.772,8.134208,-0.000246,-0.001036,-0.00197,-0.000458
8794.882001,13.772,7.908233,-0.000248,-0.001039,-0.001968,-0.000456
8796.132744,13.772,7.958857,-0.000247,-0.001038,-0.001969,-0.000455
8798.647781,13.772,8.205336,-0.000243,-0.001037,-0.001965,-0.000461
8799.897748,13.772,7.704568,-0.000243,-0.001035,-0.001966,-0.000459
8802.396204,13.772,8.217182,-0.000242,-0.001038,-0.001965,-0.000462
8803.647507,13.772,7.429615,-0.000242,-0.001035,-0.001966,-0.000459
8806.146191,13.772,7.979149,-0.000243,-0.001035,-0.001967,-0.000459
8808.646675,13.772,7.912058,-0.00024,-0.001032,-0.001965,-0.000454
8809.897846,13.772,7.636785,-0.00024,-0.001034,-0.001958,-0.000457
8812.396449,13.772,7.969693,-0.000242,-0.001034,-0.001961,-0.000455
8813.646648,13.772,7.648206,-0.00024,-0.001033,-0.001967,-0.000454
8816.14649,13.772,8.069985,-0.000239,-0.001029,-0.001965,-0.000454
8818.662608,13.772,8.200715,-0.000238,-0.001029,-0.001969,-0.000448
8819.912732,13.772,7.191104,-0.000235,-0.001025,-0.001968,-0.000445
8822.427889,13.772,9.246927,-0.000236,-0.001028,-0.001963,-0.000449
8823.692905,13.772,7.876201,-0.000235,-0.001025,-0.001968,-0.000448
8826.210579,13.772,7.607251,-0.000236,-0.001028,-0.001964,-0.00045
8828.709563,13.772,7.811234,-0.000233,-0.001028,-0.001966,-0.000447
8829.958736,13.772,7.942549,-0.000231,-0.001026,-0.001964,-0.000447
8832.460498,13.772,7.843531,-0.000229,-0.001024,-0.001963,-0.000443
8833.709747,13.772,7.690119,-0.000229,-0.001023,-0.001966,-0.000443
8836.208683,13.772,8.156253,-0.000233,-0.001023,-0.001967,-0.000446
8838.709744,13.772,8.003531,-0.000234,-0.001025,-0.001963,-0.000446
8839.958641,13.772,7.374476,-0.000234,-0.001026,-0.001961,-0.000446
8842.459635,13.772,7.747064,-0.00024,-0.001028,-0.001964,-0.000449
8843.708966,13.772,7.928153,-0.000238,-0.00103,-0.001963,-0.000449
8846.20967,13.772,7.392378,-0.000234,-0.001024,-0.001961,-0.000447
8848.709658,13.772,7.766135,-0.000234,-0.001025,-0.001961,-0.000449
8849.959758,13.772,8.334366,-0.000234,-0.001025,-0.001966,-0.000447
8852.474136,13.772,7.748126,-0.000231,-0.001022,-0.001971,-0.000442
8853.724803000001,13.772,8.060742,-0.000232,-0.001024,-0.001963,-0.000442
8856.239586,13.772,7.871101,-0.000232,-0.001026,-0.001969,-0.000448
8858.74058,13.772,7.719335,-0.000235,-0.001028,-0.001964,-0.00045
8859.990735,13.772,7.716361,-0.000233,-0.001025,-0.00197,-0.000449
8862.491993,13.772,7.909614,-0.000231,-0.001024,-0.001968,-0.000446
8863.740485,13.772,8.166346,-0.00023,-0.001022,-0.001965,-0.000445
8866.240575,13.772,7.955669,-0.000229,-0.001023,-0.001966,-0.000445
8868.740792,13.772,8.670355,-0.000236,-0.00103,-0.001966,-0.000451
8870.005944,13.772,7.586268,-0.000236,-0.001028,-0.001961,-0.000452
8872.505945,13.772,7.685019,-0.000235,-0.001027,-0.001957,-0.000449
8873.77129,13.772,7.882257,-0.000233,-0.001025,-0.001958,-0.000444
8876.272702,13.772,7.721407,-0.000228,-0.00102,-0.001961,-0.000442
8878.787209,13.772,7.815112,-0.000232,-0.001024,-0.001961,-0.000446
8880.038027,13.772,7.462604,-0.000233,-0.001026,-0.001959,-0.000448
8882.552335,13.772,7.557211,-0.000235,-0.001027,-0.001968,-0.00045
8883.802737,13.772,7.890544,-0.000236,-0.001028,-0.001961,-0.000449
8886.302638000001,13.772,7.82871,-0.000231,-0.001021,-0.001964,-0.000443
8888.802372,13.772,7.625896,-0.000233,-0.001022,-0.001964,-0.000445
8890.052093,13.772,8.151738,-0.000232,-0.001021,-0.001964,-0.000442
8892.552559,13.772,7.723691,-0.000234,-0.001023,-0.001962,-0.000443
8893.80147,13.772,7.979946,-0.00023,-0.001021,-0.001966,-0.000441
8896.319317,13.772,8.531975,-0.000235,-0.001029,-0.001963,-0.000449
8898.819874,13.772,7.904462,-0.000268,-0.001058,-0.001964,-0.000484
8900.084641,13.772,7.887676,-0.000273,-0.001061,-0.001966,-0.000488
8902.583624,13.772,7.771925,-0.00027,-0.00106,-0.001974,-0.000483
8903.833765,13.772,7.547915,-0.000268,-0.001058,-0.001977,-0.000484
8906.335391,13.772,8.653781,-0.000264,-0.001052,-0.001979,-0.000474
8908.833257,13.772,8.201193,-0.000252,-0.001041,-0.001976,-0.000463
8910.085805,13.772,7.408526,-0.000248,-0.001037,-0.001974,-0.000459
8912.585317000001,13.772,8.333516,-0.000234,-0.001029,-0.001975,-0.000454
8913.834604,13.772,7.81814,-0.000241,-0.001038,-0.00197,-0.000461
8916.334394,13.772,8.016386,-0.000253,-0.001047,-0.001969,-0.00047
8918.848886,13.772,8.839703,-0.000262,-0.001055,-0.001977,-0.000478
8920.099757,13.772,7.418672,-0.000262,-0.00105,-0.001978,-0.000475
8922.59972,13.772,8.070198,-0.000248,-0.001045,-0.001978,-0.000469
8923.849489,13.772,7.759175,-0.00025,-0.001043,-0.001976,-0.000468
8926.34958,13.772,8.006453,-0.000261,-0.001052,-0.001974,-0.000477
8928.864745,13.772,7.924276,-0.000279,-0.001066,-0.001972,-0.000486
8930.114553,13.772,7.86494,-0.000281,-0.001068,-0.001983,-0.000491
8932.614956,13.772,7.657875,-0.000283,-0.001071,-0.001979,-0.000493
8933.880411,13.772,7.687994,-0.000277,-0.001066,-0.00198,-0.000488
8936.382729,13.772,7.806347,-0.000266,-0.001059,-0.001981,-0.000481
8938.881442,13.772,7.833438,-0.000269,-0.001057,-0.00199,-0.00048
8940.131251,13.772,8.442626,-0.000267,-0.001054,-0.001994,-0.000475
8942.647629,13.772,7.782868,-0.000266,-0.001054,-0.001996,-0.000475
8943.895507,13.772,8.35009,-0.000268,-0.001057,-0.00199,-0.000479
8946.397965,13.772,8.334738,-0.000271,-0.00106,-0.001994,-0.000478
8947.647075,13.772,7.721991,-0.000271,-0.00106,-0.001994,-0.000477
8950.162081,13.772,8.273756,-0.000265,-0.001052,-0.001996,-0.000471
8952.679326,13.772,8.597261,-0.000266,-0.001056,-0.001999,-0.000476
8953.927875,13.772,7.606667,-0.000269,-0.001056,-0.001994,-0.000479
8956.427298999999,13.772,8.363636,-0.000285,-0.001072,-0.001999,-0.000501
8957.678542,13.772,7.803107,-0.000285,-0.001076,-0.002004,-0.000507
8960.209046,13.772,7.948977,-0.000299,-0.001087,-0.001997,-0.000513
8962.724595,13.772,8.178776,-0.000293,-0.00108,-0.001997,-0.00051
8963.975448,13.772,7.62409,-0.000296,-0.001083,-0.001993,-0.000514
8966.475752,13.772,7.538194,-0.0003,-0.001088,-0.001981,-0.000515
8967.725817,13.772,7.369324,-0.000292,-0.001079,-0.001989,-0.000505
8970.225772,13.772,7.793492,-0.000277,-0.001064,-0.00199,-0.000493
8972.726032999999,13.772,7.704515,-0.000274,-0.001064,-0.002002,-0.000489
8973.974974,13.772,7.773677,-0.000272,-0.001062,-0.002003,-0.000485
8976.47567,13.772,8.034713,-0.000274,-0.001062,-0.002006,-0.000484
8977.725309,13.772,7.956254,-0.000278,-0.001065,-0.002007,-0.000483
8980.255846,13.772,7.655962,-0.000276,-0.001065,-0.002008,-0.000484
8982.75797,13.772,7.746798,-0.000269,-0.001055,-0.002005,-0.000478
8984.006132,13.772,8.571922,-0.000263,-0.001053,-0.002008,-0.000472
8986.52194,13.772,7.767781,-0.000261,-0.001051,-0.002006,-0.00047
8987.787751,13.772,8.640076,-0.000269,-0.001054,-0.002006,-0.000477
8990.302977,13.772,8.354712,-0.000268,-0.001057,-0.002013,-0.000474
8992.81954,13.772,7.259947,-0.000273,-0.001058,-0.002001,-0.000478
8994.068468,13.772,8.628549,-0.000272,-0.001058,-0.002006,-0.000478
8996.583598,13.772,8.046665,-0.000269,-0.001057,-0.002002,-0.000477
8997.834076,13.772,8.055802,-0.00027,-0.001057,-0.002,-0.000476
9000.349548,13.772,7.597582,-0.000279,-0.001065,-0.002003,-0.000482
9002.849609,13.772,7.678326,-0.000284,-0.001067,-0.002001,-0.00049
9004.099318,13.772,7.931818,-0.000281,-0.001067,-0.002007,-0.000489
9006.596255,13.772,8.058989,-0.00028,-0.001066,-0.001999,-0.000486
9007.850426,13.772,7.916838,-0.000279,-0.001066,-0.001999,-0.000487
9010.349467,13.772,7.735696,-0.000278,-0.001068,-0.00201,-0.000495
9012.865913,13.772,8.016705,-0.000295,-0.001083,-0.002014,-0.000511
9014.130565,13.772,8.022495,-0.000298,-0.001087,-0.002016,-0.000514
9016.632781,13.772,8.211127,-0.000291,-0.001082,-0.002013,-0.000509
9017.880186,13.772,7.626268,-0.000293,-0.001084,-0.002,-0.000512
9020.3805,13.772,7.806612,-0.000295,-0.001082,-0.001996,-0.000507
9022.881363,13.772,7.969799,-0.000297,-0.001085,-0.001998,-0.000512
9024.132083,13.772,7.848843,-0.000299,-0.001085,-0.002003,-0.000508
9026.647039,13.772,7.409164,-0.000291,-0.00108,-0.002003,-0.000505
9027.897553,13.772,7.788498,-0.000293,-0.001085,-0.001998,-0.000511
9030.395873,13.772,7.7281,-0.0003,-0.001087,-0.002003,-0.000515
9032.897439,13.772,8.084699,-0.000296,-0.001085,-0.002007,-0.00051
9034.147178,13.772,7.705045,-0.000297,-0.001084,-0.002007,-0.000511
9036.662063,13.772,7.522258,-0.000292,-0.001078,-0.002003,-0.000498
9037.927446,13.772,8.194128,-0.000291,-0.001077,-0.002004,-0.000495
9040.427507,13.772,7.790516,-0.000289,-0.001076,-0.002004,-0.000495
9041.678054,13.772,8.186744,-0.000289,-0.001075,-0.002005,-0.000496
9044.194582,13.772,7.699362,-0.000294,-0.001081,-0.001993,-0.000509
9046.709085,13.772,7.524011,-0.000294,-0.001083,-0.001993,-0.000507
9047.960526,13.772,7.899415,-0.000294,-0.001081,-0.001997,-0.000505
9050.45946,13.772,8.523901,-0.000295,-0.001082,-0.001989,-0.000509
9051.709693,13.772,7.925922,-0.000295,-0.001084,-0.001985,-0.000511
9054.209693,13.772,7.921301,-0.000294,-0.001083,-0.001994,-0.000509
9056.725077,13.772,7.90547,-0.0003,-0.001085,-0.001993,-0.000513
9057.972882,13.772,7.528632,-0.000297,-0.001083,-0.002002,-0.000507
9060.474171,13.772,7.230625,-0.000297,-0.001083,-0.002,-0.000509
9061.725351000001,13.772,7.759441,-0.000301,-0.001087,-0.002,-0.000513
9064.225598,13.772,8.019202,-0.000299,-0.001084,-0.002001,-0.00051
9066.724006,13.772,7.463665,-0.000296,-0.001081,-0.002002,-0.000506
9067.975946,13.772,7.483321,-0.000292,-0.00108,-0.002004,-0.000505
9070.490843,13.772,7.439177,-0.000294,-0.001081,-0.002,-0.000507
9071.740007,13.772,7.902549,-0.000293,-0.00108,-0.001997,-0.000508
9074.256951,13.772,7.095221,-0.000291,-0.001075,-0.002001,-0.000502
9076.771872,13.772,7.733784,-0.000288,-0.001077,-0.002001,-0.000506
9078.037312,13.772,7.946958,-0.00029,-0.001079,-0.002001,-0.000505
9080.537401,13.772,7.721779,-0.00029,-0.001079,-0.001999,-0.000506
9081.787648,13.772,8.098883,-0.000292,-0.00108,-0.001992,-0.000505
9084.304065,13.772,7.984196,-0.000289,-0.001078,-0.001991,-0.000501
9086.818584,13.772,7.726294,-0.000285,-0.001075,-0.001988,-0.000497
9088.083692,13.772,7.950198,-0.000283,-0.001073,-0.001985,-0.000497
9090.584012,13.772,7.674289,-0.000282,-0.00107,-0.001985,-0.000494
9091.833588,13.772,7.769534,-0.000281,-0.001071,-0.001989,-0.000491
9094.349203,13.772,7.961938,-0.000276,-0.001069,-0.001989,-0.000492
9096.850137,13.772,7.871048,-0.000283,-0.001068,-0.001986,-0.000491
9098.115989,13.772,7.926613,-0.000279,-0.001067,-0.001982,-0.000492
9100.648137,13.772,7.303347,-0.00028,-0.001066,-0.001984,-0.000487
9101.893943,13.772,7.916891,-0.000277,-0.001063,-0.001981,-0.000485
9104.396494,13.772,8.658774,-0.000273,-0.001062,-0.001977,-0.000483
9106.896537,13.772,8.238696,-0.000273,-0.001063,-0.001975,-0.000486
9108.146802,13.772,7.499575,-0.000276,-0.001063,-0.001982,-0.000484
9110.65824,13.772,7.75312,-0.000274,-0.001061,-0.001982,-0.000483
9111.912908,13.772,7.808844,-0.000272,-0.001063,-0.001979,-0.000485
9114.427197,13.772,7.567729,-0.000269,-0.001058,-0.001988,-0.000477
9115.677244,13.772,7.789401,-0.000273,-0.00106,-0.001979,-0.000482
9118.177667,13.772,7.785948,-0.000271,-0.001061,-0.00198,-0.000484
9120.67818,13.772,7.920397,-0.000269,-0.00106,-0.001979,-0.000484
9121.927382,13.772,7.751951,-0.000269,-0.001058,-0.001983,-0.000479
9124.427608,13.772,7.727515,-0.000264,-0.001054,-0.001984,-0.000475
9125.677817,13.772,8.028392,-0.000265,-0.001054,-0.00198,-0.000472
9128.179296,13.772,7.554077,-0.000267,-0.001055,-0.001983,-0.000474
9130.693837,13.772,7.649216,-0.000268,-0.001056,-0.001978,-0.000476
9131.9597,13.772,7.819361,-0.000268,-0.001053,-0.001978,-0.000473
9134.45934,13.772,7.962204,-0.000264,-0.001052,-0.001977,-0.000474
9135.708388,13.772,8.906688,-0.000265,-0.001053,-0.001984,-0.000477
9138.209649,13.772,8.193756,-0.000267,-0.001057,-0.001981,-0.000481
9140.709531,13.772,7.629136,-0.00027,-0.001057,-0.001981,-0.000482
9141.958391,13.772,8.236094,-0.000269,-0.001058,-0.001978,-0.000481
9144.491063,13.772,8.129905,-0.000268,-0.001058,-0.001977,-0.000481
9145.740797,13.772,7.814208,-0.000267,-0.001057,-0.001975,-0.000477
9148.256494,13.772,8.049055,-0.000265,-0.001052,-0.001964,-0.000474
9150.77282,13.772,7.619362,-0.000262,-0.00105,-0.001969,-0.000467
9152.021544,13.772,8.209852,-0.000262,-0.001051,-0.001963,-0.000468
9154.52168,13.772,8.345309,-0.000259,-0.001049,-0.001967,-0.000469
9155.787144,13.772,7.361834,-0.00026,-0.001049,-0.001967,-0.000469
9158.302796,13.772,7.522683,-0.000258,-0.001045,-0.001967,-0.000468
9160.787275,13.772,7.709295,-0.000256,-0.001043,-0.001968,-0.000468
9162.052386,13.772,7.791526,-0.000256,-0.001047,-0.001966,-0.000466
9164.553676,13.772,7.878114,-0.000254,-0.001046,-0.001972,-0.000464
9165.818568,13.772,7.984726,-0.000257,-0.001046,-0.001972,-0.000462
9168.31805,13.772,7.715988,-0.000256,-0.001042,-0.001969,-0.000462
9170.819255,13.772,7.904992,-0.000255,-0.001043,-0.001969,-0.000461
9172.068142,13.772,7.684648,-0.000255,-0.001043,-0.001972,-0.00046
9174.569272,13.772,7.857874,-0.00025,-0.001041,-0.00197,-0.000458
9175.817945,13.772,7.683213,-0.00025,-0.00104,-0.001968,-0.000456
9178.319161,13.772,8.11705,-0.000253,-0.001042,-0.001963,-0.00046
9180.833448,13.772,7.861061,-0.000252,-0.001041,-0.001966,-0.00046
9182.084945,13.772,7.967568,-0.000249,-0.001039,-0.001968,-0.00046
9184.584347,13.772,7.63838,-0.000253,-0.001043,-0.00196,-0.000464
9185.834961,13.772,8.379891,-0.000253,-0.001042,-0.001965,-0.000462
9188.347675,13.772,7.746905,-0.000251,-0.001041,-0.001962,-0.000464
9190.865682,13.772,7.924328,-0.000252,-0.00104,-0.001963,-0.000458
9192.13052,13.772,8.512055,-0.000251,-0.001039,-0.001962,-0.000455
9194.630801,13.772,7.603426,-0.000247,-0.001037,-0.001962,-0.000457
9195.881558000001,13.772,7.482258,-0.000245,-0.001035,-0.001967,-0.000454
9198.380296,13.772,7.69134,-0.000245,-0.001034,-0.001964,-0.000452
9200.882949,13.772,7.584675,-0.000245,-0.001032,-0.00196,-0.000454
9202.130824,13.772,7.980265,-0.000246,-0.001033,-0.001957,-0.000453
9204.648046,13.772,7.894528,-0.000242,-0.001032,-0.001958,-0.000452
9205.897678,13.772,7.558911,-0.000243,-0.001032,-0.001955,-0.000452
9208.412177,13.772,7.479549,-0.000238,-0.001029,-0.001959,-0.00045
9209.677301,13.772,7.534688,-0.000234,-0.001027,-0.001958,-0.000447
9212.17383,13.772,7.607941,-0.000229,-0.00102,-0.001955,-0.000441
9214.662307999999,13.772,8.226478,-0.000223,-0.001013,-0.001963,-0.000429
9215.912368,13.772,7.523001,-0.000223,-0.001015,-0.001959,-0.000431
9218.412959,13.772,7.827276,-0.000224,-0.001016,-0.001956,-0.000434
9219.662779,13.772,6.32954,-0.000228,-0.001016,-0.001958,-0.000437
9222.177161,13.772,7.508765,-0.000229,-0.00102,-0.001958,-0.000439
9224.693443,13.772,7.544994,-0.000228,-0.00102,-0.001961,-0.000438
9225.943637,13.772,8.504725,-0.000229,-0.00102,-0.001959,-0.000439
9228.443189,13.772,7.849905,-0.00023,-0.00102,-0.00196,-0.000438
9229.693568,13.772,8.043691,-0.000227,-0.001021,-0.001966,-0.00044
9232.193258,13.772,7.947011,-0.000236,-0.001025,-0.001966,-0.000448
9234.725899000001,13.772,8.161777,-0.000237,-0.001031,-0.001963,-0.000451
9235.974792,13.772,8.00555,-0.000237,-0.001029,-0.001961,-0.000451
9238.473962,13.772,8.477474,-0.000234,-0.001028,-0.001959,-0.000449
9239.740324,13.772,7.864301,-0.000239,-0.00103,-0.001958,-0.000451
9242.238645,13.772,9.090753,-0.000234,-0.001027,-0.001957,-0.000442
9244.739576,13.772,7.628392,-0.000233,-0.001024,-0.001953,-0.00044
9245.990975,13.772,8.113757,-0.000231,-0.001022,-0.001958,-0.000437
9248.48971,13.772,7.33182,-0.00022,-0.001016,-0.001961,-0.000429
9249.739902,13.772,7.689375,-0.000223,-0.001016,-0.001963,-0.000428
9252.239806,13.772,7.949242,-0.000219,-0.001015,-0.001958,-0.00043
9254.74053,13.772,8.346956,-0.000228,-0.001021,-0.001957,-0.000433
9255.989918,13.772,7.610172,-0.000232,-0.001021,-0.00195,-0.000437
9258.507145,13.772,7.507437,-0.000226,-0.001017,-0.001954,-0.000432
9259.771691,13.772,7.451554,-0.000226,-0.001016,-0.001955,-0.000434
9262.272637,13.772,7.717423,-0.000238,-0.001025,-0.001954,-0.000452
9264.786966,13.772,8.302494,-0.000241,-0.001032,-0.001951,-0.000453
9266.037017,13.772,7.645338,-0.00024,-0.001032,-0.001953,-0.000451
9268.537273,13.772,7.990198,-0.000242,-0.001033,-0.001959,-0.00045
9269.787153,13.772,7.822336,-0.000242,-0.001034,-0.001953,-0.00045
9272.288724,13.772,7.910145,-0.000236,-0.001025,-0.001951,-0.000441
9274.788115,13.772,7.629189,-0.000237,-0.001029,-0.001955,-0.000448
9276.037322,13.772,7.800291,-0.000245,-0.001036,-0.001954,-0.000456
9278.553149,13.772,8.63078,-0.000246,-0.001036,-0.001959,-0.000455
9279.802807,13.772,8.026108,-0.000245,-0.001035,-0.001962,-0.000452
9282.319674,13.772,8.100211,-0.000248,-0.001037,-0.001951,-0.00046
9284.81871,13.772,7.622815,-0.000244,-0.001036,-0.00196,-0.000456
9286.068954,13.772,7.749455,-0.000244,-0.001036,-0.001963,-0.000455
9288.584614,13.772,8.316624,-0.000249,-0.001038,-0.001965,-0.000459
9289.833035,13.772,7.650862,-0.000249,-0.001039,-0.001961,-0.00046
9292.334105,13.772,7.783983,-0.000249,-0.001041,-0.001958,-0.000461
9294.850233000001,13.772,7.955511,-0.00025,-0.001044,-0.001955,-0.000468
9296.100042,13.772,7.325286,-0.000259,-0.00105,-0.001961,-0.000472
9298.600622,13.772,9.121775,-0.000257,-0.001048,-0.001959,-0.000469
9299.849302,13.772,7.743027,-0.000258,-0.001048,-0.001964,-0.000467
9302.3497,13.772,7.901008,-0.000253,-0.001042,-0.00196,-0.000459
9304.865683,13.772,7.74462,-0.000248,-0.00104,-0.001958,-0.00046
9306.114903,13.772,7.663877,-0.000249,-0.001041,-0.001969,-0.000462
9308.630724,13.772,8.062442,-0.000249,-0.001041,-0.001971,-0.000463
9309.881653,13.772,7.34271,-0.000249,-0.001042,-0.001973,-0.000466
9312.380901,13.772,7.718751,-0.000252,-0.001044,-0.001973,-0.000462
9314.896147,13.772,8.411763,-0.000261,-0.00105,-0.00197,-0.00047
9316.162764,13.772,8.115882,-0.000257,-0.001049,-0.001972,-0.000468
9318.661818,13.772,7.686453,-0.000248,-0.001041,-0.001971,-0.00046
9319.927255999999,13.772,8.085071,-0.000243,-0.001036,-0.001969,-0.000457
9322.42734,13.772,7.60231,-0.000241,-0.001035,-0.001968,-0.00046
9323.678232,13.772,7.248048,-0.000239,-0.001036,-0.001973,-0.00046
9326.17699,13.772,8.090968,-0.000252,-0.001045,-0.001979,-0.000469
9328.678364,13.772,7.578778,-0.000258,-0.001047,-0.001978,-0.00047
9329.926014,13.772,7.988232,-0.000258,-0.001048,-0.001976,-0.000469
9332.413569,13.772,8.375801,-0.000259,-0.00105,-0.001976,-0.000476
9334.911916000001,13.772,7.802204,-0.000253,-0.001044,-0.001982,-0.000463
9336.162658000001,13.772,7.977821,-0.000253,-0.00104,-0.001976,-0.000464
9338.662500999999,13.772,7.668605,-0.000257,-0.001045,-0.001976,-0.000466
9339.913659,13.772,8.015802,-0.000257,-0.001047,-0.001983,-0.000467
9342.413047,13.772,8.036254,-0.00026,-0.00105,-0.001976,-0.000472
9343.662146,13.772,7.889162,-0.000258,-0.001047,-0.001974,-0.000466
9346.177776,13.772,7.757848,-0.000252,-0.001043,-0.001985,-0.000465
9348.693245,13.772,8.990248,-0.000255,-0.001047,-0.001982,-0.000464
9349.944108,13.772,7.636202,-0.000257,-0.001045,-0.001988,-0.000463
9352.475449,13.772,7.835829,-0.000252,-0.001042,-0.001988,-0.00046
9353.726625,13.772,8.051181,-0.00025,-0.001042,-0.001991,-0.000458
9356.224293,13.772,7.793757,-0.00026,-0.001049,-0.00199,-0.000462
9358.725613,13.772,7.451554,-0.000261,-0.001049,-0.001986,-0.000469
9359.974877,13.772,7.352112,-0.000261,-0.001052,-0.001992,-0.000469
9362.490254,13.772,7.815537,-0.00026,-0.00105,-0.001986,-0.000467
9363.74051,13.772,8.452241,-0.000256,-0.001045,-0.001993,-0.000462
9366.241352000001,13.772,8.188975,-0.000256,-0.001044,-0.00199,-0.000459
9368.756157,13.772,7.542444,-0.000258,-0.001044,-0.001987,-0.000461
9370.005997,13.772,7.647091,-0.000256,-0.001042,-0.001992,-0.000459
9372.522147,13.772,7.766188,-0.000274,-0.001068,-0.001991,-0.00049
9373.787359,13.772,8.235402,-0.000277,-0.001067,-0.001989,-0.000488
9376.286995999999,13.772,8.141273,-0.000269,-0.001061,-0.001987,-0.000486
9378.802998,13.772,7.93474,-0.000265,-0.001054,-0.001983,-0.000472
9380.053647,13.772,8.288524,-0.000269,-0.001057,-0.001992,-0.000473
9382.567447,13.772,7.767994,-0.000274,-0.001064,-0.001994,-0.000484
9383.818746,13.772,8.269772,-0.000274,-0.001062,-0.001999,-0.000485
9386.334561,13.772,8.241724,-0.000296,-0.001086,-0.001994,-0.000512
9388.849776,13.772,7.757475,-0.000293,-0.001083,-0.00199,-0.000503
9390.100488,13.772,8.319918,-0.000292,-0.00108,-0.001993,-0.000501
9392.599643,13.772,7.731288,-0.000289,-0.001078,-0.001983,-0.000497
9393.849654,13.772,7.661858,-0.000282,-0.001072,-0.001984,-0.00049
9396.365644,13.772,8.409214,-0.000275,-0.001065,-0.001981,-0.000488
9398.864110999999,13.772,9.011816,-0.000276,-0.001063,-0.001993,-0.000487
9400.114767,13.772,7.914608,-0.000278,-0.001067,-0.002,-0.000489
9402.599517999999,13.772,7.944355,-0.000281,-0.00107,-0.001998,-0.000491
9403.849485,13.772,7.188819,-0.000281,-0.00107,-0.002,-0.000493
9406.349699,13.772,7.863079,-0.00028,-0.001075,-0.001997,-0.000501
9408.866221,13.772,7.886188,-0.000277,-0.001071,-0.00199,-0.000497
9410.116999,13.772,7.655696,-0.000285,-0.001077,-0.00199,-0.000502
9412.614663,13.772,8.208311,-0.00029,-0.001081,-0.001988,-0.000503
9413.864898,13.772,7.866108,-0.000291,-0.001083,-0.001983,-0.000503
9416.381887,13.772,7.328952,-0.000283,-0.001074,-0.001991,-0.00049
9418.882196,13.772,7.898565,-0.000269,-0.001061,-0.001995,-0.000473
9420.130543,13.772,7.58664,-0.000267,-0.001056,-0.001992,-0.000473
9422.630224,13.772,7.606985,-0.000267,-0.001053,-0.001999,-0.000469
9423.882643,13.772,8.04948,-0.000264,-0.00105,-0.001996,-0.00047
9426.397366000001,13.772,8.244805,-0.000266,-0.001054,-0.001997,-0.000471
9428.897628,13.772,7.499841,-0.000272,-0.001057,-0.001991,-0.000476
9430.145964,13.772,8.200397,-0.000269,-0.001057,-0.001997,-0.000477
9432.647345,13.772,7.800451,-0.000271,-0.00106,-0.002001,-0.000477
9433.896602,13.772,7.90478,-0.000275,-0.001059,-0.001996,-0.00048
9436.396484,13.772,7.864356,-0.000277,-0.001065,-0.001992,-0.000485
9438.912094,13.772,7.515034,-0.000282,-0.001066,-0.00199,-0.000489
9440.176968,13.772,8.448363,-0.000282,-0.001068,-0.001991,-0.000492
9442.67733,13.772,8.549558,-0.000275,-0.001062,-0.00199,-0.000488
9443.927341,13.772,7.871898,-0.000273,-0.001061,-0.00199,-0.000485
9446.427090000001,13.772,8.357686,-0.000271,-0.001062,-0.001984,-0.000483
9447.677496,13.772,8.128418,-0.000267,-0.001058,-0.001986,-0.000481
9450.193623,13.772,8.051234,-0.000262,-0.001057,-0.001992,-0.000478
9452.725843,13.772,8.113066,-0.000256,-0.001051,-0.001991,-0.000471
9453.974713,13.772,7.437955,-0.000252,-0.001047,-0.001994,-0.000467
9456.475735,13.772,7.933731,-0.000252,-0.001044,-0.001993,-0.000466
9457.741503000001,13.772,7.796572,-0.000248,-0.001041,-0.001994,-0.000463
9460.256100999999,13.772,7.496919,-0.000252,-0.001041,-0.001992,-0.000464
9462.755766,13.772,8.258191,-0.000252,-0.001042,-0.001992,-0.000466
9464.022464,13.772,7.318221,-0.000255,-0.001045,-0.001987,-0.000469
9466.553182,13.772,7.446614,-0.000259,-0.001051,-0.00198,-0.000474
9467.802380000001,13.772,7.899043,-0.000261,-0.00105,-0.001981,-0.000474
9470.318574,13.772,8.148445,-0.00026,-0.001054,-0.00198,-0.000475
9472.818707999999,13.772,7.489801,-0.000255,-0.001047,-0.001976,-0.000469
9474.068379,13.772,8.425203,-0.000252,-0.001043,-0.001981,-0.000467
9476.569859,13.772,7.876095,-0.00025,-0.001042,-0.001982,-0.000466
9477.833999,13.772,7.901699,-0.000247,-0.00104,-0.001983,-0.000465
9480.334201,13.772,8.406611,-0.00025,-0.001043,-0.001986,-0.000466
9482.829421999999,13.772,7.618034,-0.000257,-0.00105,-0.001978,-0.00047
9484.084407,13.772,7.911101,-0.000257,-0.00105,-0.001977,-0.000471
9486.584622,13.772,7.420373,-0.00025,-0.001043,-0.001978,-0.000461
9487.834902,13.772,7.720929,-0.000254,-0.001045,-0.001983,-0.000466
9490.349263,13.772,8.183929,-0.000262,-0.00105,-0.001977,-0.000474
9492.865242,13.772,7.912111,-0.000259,-0.001047,-0.00198,-0.000467
9494.114966000001,13.772,7.924913,-0.000256,-0.001047,-0.001978,-0.000468
9496.632026,13.772,8.069348,-0.000254,-0.001046,-0.001976,-0.000467
9497.881566,13.772,7.633545,-0.000254,-0.001045,-0.00198,-0.000465
9500.381965,13.772,5.828876,-0.000257,-0.001047,-0.00197,-0.000467
9502.878452,13.772,7.428606,-0.000264,-0.001054,-0.00197,-0.000474
9504.130511,13.772,7.904142,-0.000265,-0.001054,-0.001977,-0.000473
9506.632319,13.772,8.015802,-0.000261,-0.001053,-0.001978,-0.00047
9507.880842999999,13.772,7.975005,-0.00026,-0.001054,-0.001976,-0.000468
9510.382456,13.772,7.29182,-0.000259,-0.001053,-0.001973,-0.000468
9512.897205000001,13.772,7.472271,-0.000262,-0.001052,-0.001981,-0.000468
9514.147309,13.772,7.957582,-0.000263,-0.001053,-0.001973,-0.000472
9516.647341,13.772,7.489908,-0.000263,-0.001055,-0.00197,-0.00047
9517.897479,13.772,7.59073,-0.000261,-0.001052,-0.001973,-0.000467
9520.397437,13.772,7.378938,-0.000259,-0.00105,-0.001976,-0.000465
9522.898076,13.772,7.763319,-0.000257,-0.001047,-0.001972,-0.000463
9524.146494,13.772,8.182548,-0.000252,-0.001045,-0.001975,-0.000461
9526.647383,13.772,7.709136,-0.000244,-0.001038,-0.001975,-0.000457
9527.896458,13.772,7.399603,-0.000241,-0.001037,-0.001966,-0.000456
9530.397501,13.772,7.754023,-0.000247,-0.001039,-0.001966,-0.000456
9532.897112,13.772,7.556308,-0.000245,-0.001037,-0.001964,-0.000454
9534.147406,13.772,7.753758,-0.000238,-0.001034,-0.001971,-0.000449
9536.647368,13.772,7.882204,-0.000238,-0.001032,-0.001972,-0.000445
9537.892538,13.772,8.224619,-0.000238,-0.001031,-0.001972,-0.000444
9540.397642,13.772,7.577291,-0.00024,-0.001032,-0.001963,-0.000447
9542.911961,13.772,7.919389,-0.000243,-0.001034,-0.001964,-0.000453
9544.162088000001,13.772,8.268178,-0.000243,-0.001034,-0.001962,-0.000452
9546.662513,13.772,7.8932,-0.000242,-0.001033,-0.001965,-0.000452
9547.912412,13.772,7.824992,-0.000241,-0.001033,-0.001968,-0.000451
9550.413141,13.772,8.301804,-0.000244,-0.001036,-0.001969,-0.000453
9552.911927000001,13.772,7.621222,-0.000246,-0.001035,-0.001968,-0.000451
9554.162425,13.772,7.560292,-0.000248,-0.001037,-0.001964,-0.000454
9556.663500999999,13.772,8.4243,-0.000248,-0.001037,-0.001968,-0.000454
9557.911830000001,13.772,7.126455,-0.000249,-0.001039,-0.001969,-0.000456
9560.442854,13.772,7.776546,-0.000249,-0.00104,-0.001966,-0.000462
9561.693321,13.772,8.090065,-0.000249,-0.001039,-0.001973,-0.00046
9564.194019999999,13.772,7.689694,-0.000246,-0.001036,-0.001972,-0.000451
9566.693459,13.772,7.585365,-0.000248,-0.001039,-0.00197,-0.000455
9567.943471,13.772,7.679442,-0.00025,-0.001039,-0.001966,-0.000457
9570.442865,13.772,7.585578,-0.000245,-0.001034,-0.001965,-0.000453
9571.693313,13.772,8.424619,-0.000243,-0.001033,-0.001974,-0.000451
9574.193521000001,13.772,8.184938,-0.00024,-0.001031,-0.001973,-0.000448
9576.709797,13.772,8.146638,-0.000243,-0.001034,-0.001973,-0.000454
9577.960331,13.772,8.344672,-0.000245,-0.001036,-0.001965,-0.000458
9580.45894,13.772,8.003213,-0.00025,-0.00104,-0.001964,-0.000461
9581.709523,13.772,7.947171,-0.000249,-0.001038,-0.001973,-0.000458
9584.209754,13.772,8.572825,-0.000246,-0.001038,-0.001966,-0.000457
9586.724818,13.772,7.837528,-0.000246,-0.001036,-0.001974,-0.000453
9587.975664,13.772,7.884222,-0.000245,-0.001034,-0.001964,-0.000455
9590.475848,13.772,7.578247,-0.000244,-0.001033,-0.001967,-0.000456
9591.725028,13.772,8.223132,-0.000243,-0.001031,-0.001972,-0.000453
9594.226696,13.772,8.090383,-0.000238,-0.001029,-0.001971,-0.000446
9596.725425,13.772,8.021327,-0.000238,-0.00103,-0.001973,-0.000448
9597.975815,13.772,8.029932,-0.000238,-0.001029,-0.001969,-0.000447
9600.475543,13.772,8.023929,-0.00024,-0.001029,-0.001969,-0.000447
9601.724203,13.772,7.874395,-0.000242,-0.001032,-0.001969,-0.000447
9604.225447,13.772,7.850171,-0.000243,-0.001035,-0.001967,-0.000454
9606.725207,13.772,8.762997,-0.000242,-0.00103,-0.001965,-0.000453
9607.9756,13.772,7.376495,-0.00024,-0.001029,-0.001973,-0.00045
9610.475822,13.772,7.792482,-0.000243,-0.001032,-0.001969,-0.000451
9611.739548,13.772,8.011128,-0.000243,-0.001032,-0.001969,-0.000453
9614.238297,13.772,7.599548,-0.000244,-0.001035,-0.001965,-0.000453
9616.723788,13.772,7.604064,-0.000241,-0.001035,-0.001969,-0.000451
9617.974588000001,13.772,7.800078,-0.000242,-0.001036,-0.00197,-0.000453
9620.475385,13.772,7.784089,-0.000241,-0.001034,-0.001966,-0.000455
9621.724831,13.772,7.857608,-0.000237,-0.001032,-0.001969,-0.000452
9624.242095,13.772,8.182016,-0.000238,-0.001029,-0.001965,-0.000448
9626.755383,13.772,8.16284,-0.000239,-0.001026,-0.001964,-0.000445
9628.005666000001,13.772,7.733465,-0.000235,-0.001025,-0.001971,-0.000441
9630.522629,13.772,7.823345,-0.000238,-0.001029,-0.001969,-0.000447
9631.771912,13.772,7.774634,-0.00024,-0.001028,-0.001966,-0.000447
9634.272454,13.772,8.095218,-0.000241,-0.00103,-0.001963,-0.00045
9636.771639,13.772,7.569375,-0.000241,-0.001031,-0.001966,-0.000451
9638.03706,13.772,7.656918,-0.000241,-0.001033,-0.001969,-0.000449
9640.552392,13.772,8.143504,-0.000249,-0.001036,-0.001963,-0.000457
9641.802235,13.772,7.810809,-0.000246,-0.001034,-0.00197,-0.000453
9644.302894,13.772,7.607517,-0.000243,-0.001035,-0.001966,-0.000455
9646.819638,13.772,7.811075,-0.000241,-0.001033,-0.001968,-0.000451
9648.069355,13.772,7.858671,-0.00024,-0.001032,-0.001965,-0.00045
9650.569011,13.772,7.678645,-0.000243,-0.001031,-0.001965,-0.000453
9651.818148,13.772,7.647622,-0.000243,-0.001031,-0.001966,-0.000455
9654.319692000001,13.772,7.918061,-0.00024,-0.001032,-0.001971,-0.00045
9656.850231,13.772,7.699415,-0.00024,-0.001033,-0.001961,-0.000452
9658.099449,13.772,7.897397,-0.000243,-0.001034,-0.001966,-0.000453
9660.614728,13.772,7.884222,-0.00024,-0.001029,-0.00196,-0.000447
9661.864813,13.772,7.71466,-0.000239,-0.001028,-0.001965,-0.000446
9664.366611,13.772,8.058723,-0.000239,-0.00103,-0.001965,-0.000448
9666.878800999999,13.772,8.139201,-0.000239,-0.001031,-0.001971,-0.00045
9668.130195,13.772,7.310731,-0.000239,-0.001032,-0.001961,-0.000452
9670.631073,13.772,7.73474,-0.00024,-0.001032,-0.001963,-0.000453
9671.880337999999,13.772,7.235246,-0.000237,-0.001028,-0.00197,-0.000445
9674.381576,13.772,7.517796,-0.000236,-0.001025,-0.00197,-0.000447
9676.866036,13.772,7.782283,-0.000239,-0.001029,-0.001964,-0.000449
9678.131851,13.772,7.878326,-0.000237,-0.001028,-0.00197,-0.000447
9680.6463,13.772,7.502231,-0.000238,-0.001026,-0.001962,-0.000448
9681.897303,13.772,8.593117,-0.000235,-0.001025,-0.00197,-0.000443
9684.397504,13.772,8.017449,-0.000234,-0.001026,-0.001967,-0.000443
9686.897881,13.772,7.891553,-0.000233,-0.001026,-0.001968,-0.000445
9688.145941,13.772,7.979202,-0.000236,-0.00103,-0.00196,-0.000446
9690.662917,13.772,7.92725,-0.000236,-0.001028,-0.001964,-0.000443
9691.928902,13.772,7.856439,-0.000239,-0.001029,-0.001967,-0.000444
9694.427835999999,13.772,8.299732,-0.00024,-0.00103,-0.001967,-0.000445
9695.678856999999,13.772,7.733678,-0.000242,-0.001033,-0.001961,-0.000451
9698.194853,13.772,8.07636,-0.000241,-0.001033,-0.001959,-0.000452
9700.708514,13.772,7.638432,-0.00024,-0.001031,-0.001966,-0.000451
9701.954764,13.772,7.99227,-0.00024,-0.00103,-0.001961,-0.000452
9704.443731,13.772,7.421541,-0.000233,-0.001027,-0.001968,-0.000445
9705.710842,13.772,7.663824,-0.000234,-0.001025,-0.001968,-0.000444
9708.225115000001,13.772,7.700158,-0.000234,-0.001024,-0.001963,-0.000442
9710.737659,13.772,7.764062,-0.000233,-0.001024,-0.001967,-0.000442
9711.990458,13.772,7.760982,-0.000232,-0.001025,-0.001961,-0.000443
9714.50542,13.772,7.724275,-0.000231,-0.001021,-0.001965,-0.00044
9715.75607,13.772,8.407195,-0.000228,-0.001019,-0.001968,-0.000435
9718.271886,13.772,7.606295,-0.00023,-0.001023,-0.001965,-0.000439
9720.787442,13.772,7.429669,-0.00023,-0.001024,-0.001962,-0.000442
9722.037525,13.772,8.160502,-0.000231,-0.001022,-0.001972,-0.00044
9724.552523,13.772,7.73389,-0.00023,-0.001022,-0.001967,-0.000435
9725.802394,13.772,8.00385,-0.000229,-0.001023,-0.001968,-0.000435
9728.287449,13.772,7.823292,-0.000228,-0.001019,-0.001964,-0.000435
9730.787118,13.772,7.8949,-0.000231,-0.001023,-0.001965,-0.000439
9732.036813,13.772,7.648525,-0.000226,-0.001019,-0.001966,-0.000439
9734.536753,13.772,7.794501,-0.000232,-0.001023,-0.001969,-0.00044
9735.784701,13.772,7.545418,-0.000239,-0.001028,-0.001966,-0.000443
9738.287939,13.772,7.925126,-0.000245,-0.001033,-0.001966,-0.000452
9740.803016,13.772,8.0881,-0.000257,-0.001045,-0.001964,-0.000468
9742.052409,13.772,7.714979,-0.000262,-0.001051,-0.001974,-0.000471
9744.553174,13.772,7.754342,-0.000265,-0.001055,-0.001974,-0.000476
9745.803974999999,13.772,7.820371,-0.000266,-0.001054,-0.001974,-0.000475
9748.319491,13.772,7.973147,-0.000268,-0.001056,-0.001965,-0.000477
9750.818682000001,13.772,8.157103,-0.000269,-0.001056,-0.001973,-0.000475
9752.084779,13.772,6.938515,-0.000267,-0.001055,-0.00197,-0.000473
9754.615575,13.772,8.080025,-0.000257,-0.001047,-0.00197,-0.000462
9755.881915,13.772,7.724488,-0.000253,-0.001044,-0.001973,-0.000459
9758.381614,13.772,7.927941,-0.000248,-0.001039,-0.001978,-0.000456
9760.880392,13.772,7.938937,-0.000244,-0.001031,-0.001986,-0.000447
9762.130487999999,13.772,7.704302,-0.000253,-0.00104,-0.001976,-0.000457
9764.630936,13.772,7.951898,-0.00026,-0.001047,-0.001977,-0.000466
9765.897384,13.772,7.559761,-0.000265,-0.001054,-0.001983,-0.000476
9768.397171,13.772,7.984196,-0.000284,-0.001069,-0.001992,-0.000498
9770.89581,13.772,8.026957,-0.000279,-0.001068,-0.001989,-0.00049
9772.146408,13.772,7.986851,-0.000279,-0.001068,-0.001978,-0.00049
9774.647275,13.772,7.810277,-0.00029,-0.001079,-0.001982,-0.000504
9775.897169,13.772,8.36422,-0.000294,-0.001083,-0.001981,-0.000504
9778.395879,13.772,7.572298,-0.000284,-0.001071,-0.001987,-0.000487
9780.911923,13.772,7.452776,-0.00029,-0.001077,-0.001983,-0.000494
9782.17776,13.772,7.876148,-0.000285,-0.001076,-0.001978,-0.000492
9784.692777,13.772,8.240609,-0.000273,-0.001064,-0.00198,-0.000486
9785.959819,13.772,8.27588,-0.000273,-0.001062,-0.00199,-0.000484
9788.491001,13.772,8.23604,-0.000291,-0.001081,-0.001993,-0.000505
9789.741953,13.772,7.726135,-0.000292,-0.001081,-0.001994,-0.000504
9792.256508,13.772,8.011234,-0.000287,-0.001076,-0.001983,-0.0005
9794.757522,13.772,7.854421,-0.000291,-0.001078,-0.001984,-0.000501
9796.008421999999,13.772,7.813678,-0.000282,-0.001071,-0.00199,-0.000491
9798.505401,13.772,7.805285,-0.000271,-0.001061,-0.001998,-0.000478
9799.755612,13.772,7.352697,-0.000277,-0.001065,-0.001997,-0.000488
9802.273064,13.772,7.247092,-0.000299,-0.001088,-0.001996,-0.000509
9804.77125,13.772,8.071579,-0.0003,-0.001086,-0.001995,-0.000508
9806.02278,13.772,7.880982,-0.000287,-0.001074,-0.001996,-0.000497
9808.537928,13.772,7.665684,-0.000277,-0.001066,-0.001994,-0.000487
9809.787142000001,13.772,7.612457,-0.000279,-0.001067,-0.002003,-0.000488
9812.287322,13.772,7.933571,-0.000283,-0.001072,-0.00201,-0.000488
9814.788053,13.772,7.956679,-0.000284,-0.001073,-0.002003,-0.000489
9816.036497000001,13.772,7.5315,-0.000293,-0.001081,-0.002003,-0.000501
9818.537001,13.772,7.855536,-0.000289,-0.001079,-0.002007,-0.000498
9819.787378,13.772,7.929056,-0.00029,-0.00108,-0.002001,-0.000507
9822.302816,13.772,7.546799,-0.000281,-0.001075,-0.001996,-0.000492
9824.803564,13.772,7.663718,-0.000266,-0.001058,-0.002005,-0.000477
9826.037722000001,13.772,7.707383,-0.00026,-0.00105,-0.00201,-0.000473
9828.551591,13.772,7.882098,-0.000272,-0.001062,-0.002001,-0.00048
9829.801892,13.772,7.877051,-0.000272,-0.00106,-0.002006,-0.000475
9832.302525,13.772,7.91142,-0.000271,-0.00106,-0.002012,-0.000476
9834.803353,13.772,7.647569,-0.000276,-0.001064,-0.002011,-0.000485
9836.052039,13.772,8.087355,-0.000277,-0.001063,-0.002004,-0.000481
9838.552039,13.772,7.936971,-0.000272,-0.001058,-0.002006,-0.000476
9839.819616,13.772,7.959548,-0.000271,-0.001059,-0.002003,-0.000479
9842.334311999999,13.772,8.136811,-0.000273,-0.001056,-0.002006,-0.000476
9844.849902,13.772,7.426003,-0.000274,-0.001063,-0.002005,-0.000479
9846.116119,13.772,7.864674,-0.000277,-0.001064,-0.002005,-0.000482
9848.630967000001,13.772,8.219148,-0.000275,-0.001067,-0.001994,-0.000487
9849.881543,13.772,7.446083,-0.000277,-0.001069,-0.001998,-0.000488
9852.382525,13.772,8.236412,-0.000276,-0.001068,-0.001996,-0.000489
9854.882020000001,13.772,8.816702,-0.000279,-0.00107,-0.001996,-0.000494
9856.130781,13.772,7.855165,-0.000279,-0.001072,-0.001998,-0.000497
9858.648185,13.772,7.631633,-0.000283,-0.001075,-0.001994,-0.000502
9859.89845,13.772,7.921778,-0.000284,-0.001075,-0.002001,-0.000503
9862.397258,13.772,7.793492,-0.000294,-0.001082,-0.001999,-0.000506
9864.898156,13.772,7.678326,-0.000291,-0.001077,-0.002,-0.000501
9866.147348,13.772,7.705152,-0.000292,-0.001079,-0.001993,-0.000502
9868.646444,13.772,6.980905,-0.000287,-0.001076,-0.001993,-0.00049
9869.897369,13.772,7.875139,-0.000286,-0.001072,-0.001997,-0.000488
9872.398066,13.772,7.723638,-0.000281,-0.001069,-0.001993,-0.000485
9874.896203,13.772,7.633598,-0.000286,-0.001077,-0.001987,-0.000499
9876.162844999999,13.772,8.117316,-0.000286,-0.001074,-0.00199,-0.000496
9878.662367,13.772,7.610013,-0.000284,-0.001076,-0.001992,-0.000498
9879.912511,13.772,8.413304,-0.000282,-0.001075,-0.001994,-0.000496
9882.428781999999,13.772,7.707596,-0.000278,-0.001073,-0.002001,-0.000489
9883.693737,13.772,7.938671,-0.000277,-0.001069,-0.001998,-0.000485
9886.209608000001,13.772,7.771925,-0.000277,-0.001067,-0.001992,-0.000488
9888.709139999999,13.772,7.993279,-0.000289,-0.001082,-0.001986,-0.000505
9889.959894,13.772,7.881248,-0.000291,-0.001081,-0.001995,-0.000505
9892.459555,13.772,7.896228,-0.000294,-0.001083,-0.001997,-0.000504
9893.710234,13.772,7.802947,-0.000296,-0.001083,-0.001991,-0.000505
9896.210044,13.772,8.326398,-0.000293,-0.001081,-0.001994,-0.000506
9898.709517,13.772,8.078962,-0.000291,-0.00108,-0.001989,-0.000505
9899.95913,13.772,7.766559,-0.00029,-0.001078,-0.001993,-0.000501
9902.474646,13.772,7.879814,-0.000287,-0.001076,-0.00199,-0.000496
9903.72466,13.772,7.698937,-0.000288,-0.001075,-0.001985,-0.000495
9906.224643,13.772,7.566561,-0.000283,-0.001072,-0.00199,-0.000491
9908.741224,13.772,7.932296,-0.000278,-0.001068,-0.00199,-0.000486
9909.990138000001,13.772,7.630465,-0.000273,-0.001064,-0.001988,-0.000483
9912.491231,13.772,7.737502,-0.000267,-0.001056,-0.001989,-0.000476
9913.740817,13.772,7.389138,-0.000265,-0.001053,-0.001983,-0.000474
9916.255764,13.772,8.018618,-0.000263,-0.001049,-0.001978,-0.000472
9918.757268,13.772,7.777183,-0.000259,-0.001045,-0.001978,-0.000464
9920.005149,13.772,7.787542,-0.000253,-0.001041,-0.00198,-0.000459
9922.522008,13.772,7.720451,-0.000249,-0.001042,-0.001973,-0.000457
9923.772581000001,13.772,8.651019,-0.000251,-0.001041,-0.001982,-0.000458
9926.272585,13.772,7.917635,-0.000254,-0.001044,-0.001987,-0.000463
9928.771621,13.772,7.559708,-0.000255,-0.001048,-0.001981,-0.000464
9930.022142,13.772,8.291073,-0.000257,-0.001047,-0.001977,-0.000464
9932.522671,13.772,8.173092,-0.000254,-0.001045,-0.001983,-0.00046
9933.787243,13.772,7.788126,-0.000253,-0.001042,-0.001981,-0.00046
9936.28735,13.772,7.989348,-0.000256,-0.001044,-0.001984,-0.000465
9938.787613,13.772,8.199122,-0.000259,-0.001045,-0.001986,-0.000466
9940.050453,13.772,7.830516,-0.000263,-0.00105,-0.001987,-0.000468
9942.567873,13.772,7.718751,-0.000265,-0.001056,-0.001983,-0.000471
9943.819601,13.772,7.872642,-0.000267,-0.001059,-0.001983,-0.000474
9946.319379,13.772,8.282787,-0.000271,-0.001059,-0.001982,-0.000476
9948.819429,13.772,7.687356,-0.00027,-0.001059,-0.001979,-0.000477
9950.070287999999,13.772,7.827276,-0.000268,-0.001055,-0.001985,-0.000473
9952.56944,13.772,8.211286,-0.000265,-0.001054,-0.001984,-0.000471
9953.819381,13.772,7.570278,-0.000265,-0.001055,-0.00198,-0.000472
9956.319133,13.772,7.609375,-0.000268,-0.001054,-0.001982,-0.000471
9958.820181,13.772,8.503078,-0.000268,-0.001056,-0.001977,-0.000474
9960.066947,13.772,7.722416,-0.000267,-0.001054,-0.001979,-0.000472
9962.569737,13.772,7.868552,-0.000268,-0.001057,-0.001972,-0.000469
9963.819377,13.772,6.745845,-0.000265,-0.001055,-0.001978,-0.000466
9966.319711,13.772,7.94223,-0.000264,-0.001055,-0.001978,-0.000472
9968.820393,13.772,7.978884,-0.000268,-0.001055,-0.001976,-0.00047
9970.070026,13.772,8.420953,-0.000268,-0.001055,-0.001969,-0.000469
9972.569117,13.772,8.059998,-0.000265,-0.001054,-0.001971,-0.000471
9973.819749,13.772,8.457501,-0.000263,-0.001051,-0.001977,-0.000468
9976.33476,13.772,7.797263,-0.000263,-0.001052,-0.001975,-0.000469
9978.850261,13.772,7.724328,-0.000261,-0.001047,-0.001976,-0.000465
9980.099911,13.772,8.037369,-0.000259,-0.001047,-0.001974,-0.000465
9982.597967,13.772,8.468709,-0.000257,-0.001048,-0.001977,-0.000465
9983.833665,13.772,7.992961,-0.000261,-0.001051,-0.001971,-0.000472
9986.333623999999,13.772,7.921725,-0.000257,-0.001052,-0.001971,-0.000471
9988.849308,13.772,8.574738,-0.000258,-0.001047,-0.001973,-0.000463
9990.0997,13.772,8.163265,-0.000256,-0.001046,-0.001969,-0.000467
9992.615488,13.772,7.873651,-0.000255,-0.001044,-0.001978,-0.000458
9993.866004,13.772,7.86207,-0.000254,-0.001043,-0.001973,-0.000457
9996.380816,13.772,8.126187,-0.000251,-0.001044,-0.001979,-0.000462
9998.880455999999,13.772,7.676467,-0.000254,-0.001041,-0.001978,-0.00046
10000.132526,13.772,7.698565,-0.000258,-0.001046,-0.001969,-0.000468
10002.615987000001,13.772,7.479018,-0.000256,-0.001048,-0.001971,-0.000465
10003.865885,13.772,7.746533,-0.000255,-0.001046,-0.001969,-0.000467
10006.380887,13.772,7.345898,-0.000257,-0.001047,-0.001972,-0.000462
10008.880756999999,13.772,7.665577,-0.000257,-0.001044,-0.001967,-0.000461
10010.130754,13.772,7.872483,-0.000257,-0.001044,-0.00197,-0.00046
10012.631908,13.772,7.572456,-0.000255,-0.001044,-0.001967,-0.000458
10013.880379,13.772,7.846612,-0.000257,-0.001046,-0.00196,-0.000461
10016.380568,13.772,7.850755,-0.000252,-0.00104,-0.001967,-0.000454
10018.911866,13.772,7.784726,-0.000253,-0.00104,-0.001964,-0.000457
10020.162368,13.772,8.012296,-0.000251,-0.001041,-0.001964,-0.000457
10022.677582,13.772,7.747595,-0.000246,-0.001036,-0.001965,-0.000449
10023.927168,13.772,8.526291,-0.000243,-0.001035,-0.001955,-0.000449
10026.427003,13.772,8.071473,-0.00024,-0.00103,-0.001953,-0.000448
10028.927614,13.772,7.246774,-0.000241,-0.001029,-0.001954,-0.000449
10030.175798,13.772,8.122681,-0.000241,-0.001029,-0.00196,-0.000449
10032.678693,13.772,7.744249,-0.000242,-0.00103,-0.00196,-0.000444
10033.944448,13.772,7.78818,-0.000241,-0.001028,-0.001962,-0.000441
10036.443855,13.772,7.420319,-0.000236,-0.001025,-0.001959,-0.00044
10038.959512,13.772,7.578247,-0.000237,-0.001026,-0.001953,-0.000442
10040.209524,13.772,7.548712,-0.000236,-0.001026,-0.00196,-0.00044
10042.708767,13.772,7.822655,-0.000238,-0.001027,-0.001961,-0.000447
10043.9612,13.772,7.661434,-0.000243,-0.00103,-0.001957,-0.000451
10046.458758,13.772,8.120769,-0.000242,-0.00103,-0.001959,-0.000451
10047.723359,13.772,7.446189,-0.000241,-0.001029,-0.001966,-0.000448
10050.220839,13.772,8.313437,-0.000242,-0.00103,-0.001965,-0.000448
10052.724547,13.772,8.212083,-0.000241,-0.001032,-0.001995,-0.000446
10053.988612000001,13.772,7.163905,-0.000237,-0.001027,-0.001993,-0.000443
10056.521671,13.772,7.516149,-0.000238,-0.001025,-0.001997,-0.00044
10057.772657,13.772,8.05065,-0.000238,-0.001027,-0.001992,-0.000441
10060.282219,13.772,7.327039,-0.000223,-0.00102,-0.001998,-0.000433
10062.771796,13.772,8.004275,-0.000222,-0.001021,-0.001999,-0.000431
10064.037221999999,13.772,7.970809,-0.000222,-0.001022,-0.002,-0.000432
10066.538154,13.772,7.633811,-0.000223,-0.001024,-0.002,-0.000432
10067.803197000001,13.772,7.380372,-0.000222,-0.001024,-0.002002,-0.000431
10070.31975,13.772,7.834341,-0.000221,-0.001029,-0.001995,-0.000429
10072.834496,13.772,7.648578,-0.000216,-0.001029,-0.002,-0.000423
10074.084948,13.772,7.332617,-0.000217,-0.001033,-0.001994,-0.000425
10076.583591,13.772,7.300107,-0.000218,-0.001034,-0.001996,-0.000422
10077.850305,13.772,7.299788,-0.000216,-0.001036,-0.001995,-0.000421
10080.366778,13.772,7.574369,-0.000215,-0.001036,-0.002002,-0.000411
10082.865345,13.772,7.422072,-0.000211,-0.001035,-0.002,-0.000406
10084.1154,13.772,7.244065,-0.000209,-0.001036,-0.001992,-0.000404
10086.615969999999,13.772,7.165712,-0.000201,-0.00103,-0.001995,-0.000393
10087.865931,13.772,7.572882,-0.000192,-0.001024,-0.001997,-0.000388
10090.366348,13.772,7.309668,-0.000187,-0.001021,-0.001989,-0.00038
10092.865847000001,13.772,7.038063,-0.00019,-0.001027,-0.001989,-0.00038
10094.115306,13.772,7.540053,-0.000182,-0.001023,-0.001994,-0.000372
10096.632945,13.772,7.016974,-0.000183,-0.001026,-0.001989,-0.000368
10097.881421,13.772,7.053308,-0.00018,-0.001027,-0.001996,-0.000368
10100.380562,13.772,6.759923,-0.000178,-0.001029,-0.001992,-0.000364
10102.880007,13.772,7.140001,-0.000182,-0.001033,-0.001989,-0.000368
10104.130984,13.772,6.866324,-0.000182,-0.001032,-0.001994,-0.000366
10106.63234,13.772,7.206084,-0.000182,-0.001035,-0.001996,-0.000363
10107.88075,13.772,6.916895,-0.00018,-0.001036,-0.001991,-0.000362
10110.39661,13.772,6.956311,-0.000181,-0.001038,-0.001996,-0.000361
10112.912527,13.772,6.796363,-0.000178,-0.001037,-0.001998,-0.000358
10114.177526,13.772,7.109351,-0.000178,-0.001039,-0.001995,-0.000358
10116.67909,13.772,6.914717,-0.000173,-0.001039,-0.001995,-0.000349
10117.925144,13.772,6.930228,-0.000169,-0.001037,-0.001998,-0.000346
10120.443876,13.772,6.947386,-0.000183,-0.001053,-0.001994,-0.000361
10122.942935,13.772,6.690016,-0.000183,-0.001057,-0.001991,-0.000357
10124.193618,13.772,6.62744,-0.000181,-0.001054,-0.001998,-0.000353
10126.693711,13.772,6.670308,-0.000178,-0.001054,-0.001995,-0.000344
10127.959779,13.772,6.802738,-0.000178,-0.001057,-0.00199,-0.000345
10130.475687,13.772,6.727201,-0.000175,-0.001054,-0.001994,-0.000342
10131.725344,13.772,6.443642,-0.000174,-0.001055,-0.001993,-0.000342
10134.224205,13.772,6.668768,-0.000174,-0.00106,-0.001997,-0.000339
10136.739698,13.772,7.118647,-0.000172,-0.001061,-0.001994,-0.000335
10137.99034,13.772,6.517108,-0.000174,-0.001063,-0.001999,-0.000336
10140.505698,13.772,6.20752,-0.000168,-0.001063,-0.002003,-0.00033
10141.756943,13.772,6.100269,-0.000167,-0.00106,-0.001999,-0.000324
10144.255782,13.772,6.20667,-0.000163,-0.00106,-0.001994,-0.000319
10146.756096000001,13.772,6.200083,-0.000158,-0.001061,-0.001994,-0.000314
10148.005952,13.772,6.261596,-0.000155,-0.00106,-0.001992,-0.000309
10150.506052,13.772,6.37347,-0.000146,-0.001056,-0.002001,-0.000304
10151.755795000001,13.772,6.15525,-0.000141,-0.00105,-0.002007,-0.000296
10154.253774,13.772,6.282154,-0.000142,-0.001056,-0.001999,-0.000293
10156.755709000001,13.772,5.693949,-0.000157,-0.001069,-0.002,-0.000307
10158.022762,13.772,6.590681,-0.000159,-0.001073,-0.001997,-0.000309
10160.53695,13.772,5.749248,-0.000164,-0.00108,-0.001997,-0.000311
10161.787519,13.772,6.016339,-0.000161,-0.001077,-0.002,-0.000305
10164.287558,13.772,5.819527,-0.00016,-0.001079,-0.002,-0.000299
10166.787871,13.772,5.821015,-0.000149,-0.001072,-0.002002,-0.000287
10168.038009,13.772,5.768956,-0.000143,-0.001071,-0.002002,-0.000284
10170.53813,13.772,5.829673,-0.000136,-0.001062,-0.002008,-0.000269
10171.785569,13.772,5.833763,-0.000136,-0.00106,-0.002011,-0.000263
10174.287489,13.772,6.13007,-0.000132,-0.001062,-0.002011,-0.000263
10176.787353,13.772,5.689116,-0.000133,-0.001065,-0.00201,-0.000261
10178.037849,13.772,5.66537,-0.000134,-0.001067,-0.002014,-0.000262
10180.569759,13.772,5.603326,-0.000157,-0.001093,-0.002009,-0.000286
10181.833478,13.772,6.41177,-0.000153,-0.00109,-0.002017,-0.000276
10184.351184,13.772,5.266276,-0.000136,-0.001081,-0.00201,-0.000262
10186.850344999999,13.772,5.517111,-0.000129,-0.001076,-0.002013,-0.000257
10188.099175,13.772,5.784149,-0.00013,-0.001077,-0.002016,-0.000258
10190.5992,13.772,5.48322,-0.000133,-0.00108,-0.002013,-0.00026
10191.849042,13.772,5.546965,-0.000127,-0.001077,-0.002016,-0.000254
10194.34965,13.772,5.453738,-0.000129,-0.001082,-0.002009,-0.000247
10196.865667,13.772,5.399236,-0.000124,-0.001083,-0.002015,-0.000244
10198.111883,13.772,5.387338,-0.000123,-0.001084,-0.002014,-0.000244
10200.614019,13.772,5.217723,-0.000137,-0.001096,-0.002021,-0.000248
10201.86548,13.772,5.391799,-0.000133,-0.001092,-0.002017,-0.000244
10204.397599,13.772,5.199343,-0.00013,-0.00109,-0.002011,-0.000236
10206.897339,13.772,5.013473,-0.000117,-0.001082,-0.002014,-0.000229
10208.14762,13.772,5.113589,-0.000119,-0.001083,-0.00202,-0.000229
10210.64581,13.772,5.329967,-0.000113,-0.001086,-0.002024,-0.000217
10211.897328,13.772,5.138998,-0.000109,-0.001081,-0.002028,-0.000207
10214.395401,13.772,5.216342,-0.000111,-0.001081,-0.002028,-0.000205
10216.912749,13.772,5.168745,-0.000118,-0.001092,-0.002028,-0.00021
10218.178603,13.772,4.793608,-0.000116,-0.001092,-0.002028,-0.000205
10220.677422,13.772,4.80938,-0.000116,-0.001097,-0.002027,-0.000209
10221.927306,13.772,5.12577,-0.000131,-0.001107,-0.00203,-0.000224
10224.427502999999,13.772,5.154775,-0.000136,-0.001114,-0.002035,-0.000227
10226.944187000001,13.772,5.184309,-0.000141,-0.001125,-0.002034,-0.00023
10228.194653,13.772,5.251083,-0.000136,-0.00112,-0.002035,-0.00022
10230.708719,13.772,5.003328,-0.000132,-0.001116,-0.002031,-0.00021
10231.959492,13.772,5.119609,-0.00013,-0.001118,-0.002021,-0.00021
10234.475439,13.772,4.583398,-0.000114,-0.001106,-0.002035,-0.000197
10235.725816,13.772,5.079503,-0.000112,-0.001105,-0.002033,-0.000196
10238.255934,13.772,4.761851,-0.000105,-0.001099,-0.002042,-0.000182
10240.772421,13.772,4.683099,-0.000111,-0.001102,-0.002036,-0.000183
10242.022388,13.772,5.190154,-0.000118,-0.001111,-0.002044,-0.000193
10244.517343,13.772,4.429392,-0.000113,-0.001112,-0.002036,-0.000183
10245.757446,13.772,4.633761,-0.000114,-0.001113,-0.002034,-0.000182
10248.255952,13.772,4.499214,-0.000107,-0.001111,-0.002034,-0.000172
10250.754965,13.772,4.458963,-0.000102,-0.001107,-0.002029,-0.000169
10252.007521,13.772,4.437206,-9.4e-05,-0.001102,-0.002031,-0.000159
10254.523437,13.772,4.765331,-8.8e-05,-0.001096,-0.002027,-0.000147
10255.770821,13.772,4.82189,-9.3e-05,-0.001102,-0.00203,-0.000155
10258.27307,13.772,4.378907,-8.9e-05,-0.001099,-0.002033,-0.000148
10260.772724,13.772,4.314268,-8.7e-05,-0.001098,-0.002026,-0.000142
10262.022816,13.772,4.037997,-8.4e-05,-0.001098,-0.002028,-0.000138
10264.537754,13.772,4.392547,-8.1e-05,-0.001099,-0.002031,-0.000133
10265.802864000001,13.772,4.345081,-8.1e-05,-0.001099,-0.002035,-0.000129
10268.334378,13.772,3.853506,-7.4e-05,-0.001095,-0.002035,-0.00012
10270.835083,13.772,4.342927,-7.1e-05,-0.001094,-0.002036,-0.000116
10272.083741,13.772,4.033752,-7.3e-05,-0.0011,-0.00203,-0.000116
10274.615943,13.772,4.029153,-7.2e-05,-0.001094,-0.002037,-0.00011
10275.865869000001,13.772,4.499824,-7.3e-05,-0.001096,-0.002031,-0.000111
10278.380344000001,13.772,4.139725,-7e-05,-0.001095,-0.002035,-0.000102
10280.878815,13.772,4.059695,-7e-05,-0.001101,-0.002037,-0.000104
10282.131296,13.772,3.897986,-7.1e-05,-0.001103,-0.002031,-0.000105
10284.631968,13.772,4.221325,-7.2e-05,-0.001106,-0.002034,-0.000107
10285.8812,13.772,4.40025,-6.7e-05,-0.001104,-0.002036,-0.000104
10288.380778,13.772,3.803573,-6.2e-05,-0.001101,-0.002037,-9.7e-05
10290.898218,13.772,3.859708,-7e-05,-0.001115,-0.002026,-0.000115
10292.147174,13.772,3.993496,-6.9e-05,-0.001115,-0.002032,-0.000107
10294.646656,13.772,3.968408,-6.6e-05,-0.001113,-0.002029,-0.000104
10295.896241999999,13.772,3.940407,-6.4e-05,-0.001113,-0.002027,-0.000103
10298.397166,13.772,3.777403,-5.6e-05,-0.001105,-0.002035,-9e-05
10300.891723,13.772,3.869937,-6.5e-05,-0.001118,-0.002029,-9.9e-05
10302.131511,13.772,3.746218,-6.7e-05,-0.00112,-0.002032,-9.7e-05
10304.631809999999,13.772,4.000759,-7.4e-05,-0.001128,-0.002024,-0.000101
10305.881427,13.772,3.684274,-7.7e-05,-0.001131,-0.00202,-0.000101
10308.397972,13.772,3.854817,-7.6e-05,-0.001131,-0.002033,-9.6e-05
10310.910598,13.772,4.021147,-7.4e-05,-0.001131,-0.002033,-9.3e-05
10312.162328,13.772,3.633662,-7.6e-05,-0.001134,-0.002037,-9.3e-05
10314.662457999999,13.772,4.195149,-7.4e-05,-0.001134,-0.002034,-8.8e-05
10315.912724,13.772,3.659074,-6.9e-05,-0.001132,-0.002041,-8.1e-05
10318.427838,13.772,3.533478,-6.6e-05,-0.001129,-0.002032,-7.9e-05
10320.928314,13.772,3.554911,-6.3e-05,-0.00113,-0.00203,-7.4e-05
10322.177372,13.772,3.466987,-6.4e-05,-0.001132,-0.002031,-7.4e-05
10324.677358,13.772,3.479852,-6.2e-05,-0.001132,-0.002034,-6.9e-05
10325.928719,13.772,3.292603,-5.9e-05,-0.001132,-0.00203,-6.8e-05
10328.444939,13.772,3.690296,-5.1e-05,-0.001126,-0.002031,-5.6e-05
10330.942933,13.772,3.727247,-5.3e-05,-0.001128,-0.002028,-5.7e-05
10332.192136,13.772,3.68247,-5.4e-05,-0.001132,-0.00202,-5.6e-05
10334.69243,13.772,3.672252,-4.9e-05,-0.001129,-0.002015,-4.7e-05
10335.943714,13.772,3.512538,-4.4e-05,-0.001126,-0.002019,-3.9e-05
10338.443556,13.772,3.136103,-3.3e-05,-0.001117,-0.00202,-2.6e-05
10340.959552,13.772,3.191655,-2.9e-05,-0.001116,-0.002012,-2.3e-05
10342.209068,13.772,3.333783,-3e-05,-0.001118,-0.00202,-2.4e-05
10344.72434,13.772,3.273027,-2.8e-05,-0.001116,-0.002024,-1.9e-05
10345.975319000001,13.772,3.14134,-2.4e-05,-0.001116,-0.002022,-1.6e-05
10348.475144,13.772,3.212085,-1.3e-05,-0.001106,-0.002021,-1e-06
10350.974798,13.772,3.271435,-4e-06,-0.001099,-0.002024,9e-06
10352.239552,13.772,3.06835,-3e-06,-0.001099,-0.002022,1e-05
10354.738294,13.772,3.136013,2e-06,-0.001096,-0.002022,2e-05
10355.991363000001,13.772,3.083608,0.0,-0.001095,-0.002026,2.1e-05
10358.489719000001,13.772,3.020534,1e-06,-0.001097,-0.002027,2.4e-05
10359.741048,13.772,2.877085,0.0,-0.001097,-0.002022,2.2e-05
10362.25684,13.772,2.812748,-2e-06,-0.001102,-0.002018,1.9e-05
10364.77151,13.771,3.020804,-4e-06,-0.001109,-0.002018,1.8e-05
10366.022373,13.771,2.941093,-4e-06,-0.001112,-0.002017,1.9e-05
10368.52192,13.771,3.034481,-4e-06,-0.001112,-0.002017,2.3e-05
10369.772232,13.771,3.466854,-4e-06,-0.001111,-0.002017,2.6e-05
10372.271767,13.771,2.972834,6e-06,-0.001106,-0.002018,3.2e-05
10374.771518,13.771,2.849047,1.4e-05,-0.001102,-0.002019,4.5e-05
10376.02215,13.771,2.809767,1.4e-05,-0.001102,-0.002017,4.5e-05
10378.523039,13.771,2.626221,1.5e-05,-0.001102,-0.002014,5.1e-05
10379.771208,13.771,2.785209,1.7e-05,-0.001101,-0.002016,5.2e-05
10382.272382,13.771,2.551109,1.5e-05,-0.001101,-0.002015,5.6e-05
10384.757516,13.771,3.180535,1.2e-05,-0.001104,-0.002011,5.2e-05
10386.005826,13.771,2.425051,1.6e-05,-0.001103,-0.002016,5.8e-05
10388.523068,13.771,2.694123,2.3e-05,-0.001098,-0.002016,6.4e-05
10389.772329,13.771,2.607854,2.7e-05,-0.001098,-0.002015,6.6e-05
10392.272644,13.771,2.683831,3.1e-05,-0.001096,-0.002017,7.3e-05
10394.787508,13.771,2.709466,3e-05,-0.001097,-0.002014,7.9e-05
10396.052526,13.771,2.587742,3.3e-05,-0.001094,-0.002012,7.9e-05
10398.569301,13.771,2.49881,4e-05,-0.001093,-0.002015,8.8e-05
10399.818305,13.771,2.529846,4.1e-05,-0.001096,-0.002015,8.6e-05
10402.319227,13.771,1.662034,3.6e-05,-0.0011,-0.002013,8.3e-05
10404.82019,13.771,3.088982,3.7e-05,-0.001102,-0.002014,8.7e-05
10406.069427,13.771,2.413576,3.2e-05,-0.001107,-0.002007,8.4e-05
10408.569619,13.771,2.377261,3.3e-05,-0.001108,-0.002001,8.3e-05
10409.818308,13.771,2.069164,3.4e-05,-0.001104,-0.002007,8.9e-05
10412.317094,13.771,2.320744,3.6e-05,-0.001104,-0.002009,9.6e-05
10414.819698,13.771,2.414446,4.1e-05,-0.001104,-0.002008,0.0001
10416.069337,13.771,2.354242,3.9e-05,-0.001108,-0.002003,9.6e-05
10418.568711,13.771,2.294117,3.4e-05,-0.001111,-0.002001,9.3e-05
10419.81893,13.771,2.235425,3.3e-05,-0.001114,-0.002003,9.5e-05
10422.349531,13.771,2.259787,3.5e-05,-0.001114,-0.002001,0.000103
10424.848648,13.771,2.665209,3.7e-05,-0.001115,-0.002001,0.0001
10426.100165,13.771,2.086114,3.7e-05,-0.001114,-0.002005,0.000104
10428.615259,13.771,2.106741,4e-05,-0.00111,-0.002004,0.000116
10429.864545,13.771,2.052071,4e-05,-0.001109,-0.002001,0.000117
10432.365657,13.771,2.047641,4.5e-05,-0.001109,-0.001998,0.000117
10434.865764,13.771,2.136111,4.6e-05,-0.001111,-0.001994,0.000119
10436.115642,13.771,2.052299,4.5e-05,-0.001111,-0.001996,0.000121
10438.64727,13.771,1.993585,5.3e-05,-0.001109,-0.001998,0.000128
10439.895906,13.771,1.905046,5.1e-05,-0.001109,-0.001994,0.000127
10442.397698,13.771,2.024823,5.3e-05,-0.001108,-0.002004,0.000132
10444.896161,13.771,2.250779,5.4e-05,-0.001108,-0.002,0.000135
10446.147128,13.771,1.867952,5.6e-05,-0.001106,-0.002001,0.00014
10448.646856,13.771,2.407294,6.8e-05,-0.0011,-0.002001,0.000151
10449.898154999999,13.771,2.039327,6.7e-05,-0.001101,-0.001995,0.000151
10452.397125,13.771,1.708142,6.7e-05,-0.001104,-0.001996,0.00015
10454.897143,13.771,1.71758,6.4e-05,-0.001107,-0.001997,0.000152
10456.147902,13.771,2.299624,6.4e-05,-0.001108,-0.001996,0.000152
10458.662696,13.771,1.837951,6.8e-05,-0.001105,-0.002002,0.000158
10459.929041,13.771,1.608058,6.9e-05,-0.001105,-0.001999,0.00016
10462.443059000001,13.771,1.565006,7.3e-05,-0.001101,-0.002002,0.000166
10464.959586,13.771,1.694364,7e-05,-0.001104,-0.001998,0.000164
10466.209389,13.771,1.476663,7.3e-05,-0.001104,-0.001999,0.000168
10468.709128999999,13.771,1.67588,7.8e-05,-0.001101,-0.001999,0.000172
10469.960263,13.771,1.627178,8.2e-05,-0.001098,-0.002005,0.000176
10472.472012,13.771,1.830109,8.4e-05,-0.001096,-0.001998,0.000179
10474.974646,13.771,1.554883,8.6e-05,-0.001097,-0.002001,0.000183
10476.225569,13.771,1.541557,8.8e-05,-0.001099,-0.002,0.000185
10478.725374,13.771,1.448375,9e-05,-0.001098,-0.001996,0.000191
10479.97444,13.771,1.426008,9e-05,-0.001097,-0.001991,0.000192
10482.475419,13.771,1.494319,9.3e-05,-0.001097,-0.001996,0.000195
10484.974678,13.771,1.400326,9.4e-05,-0.001096,-0.002003,0.000199
10486.224280999999,13.771,1.445208,9.4e-05,-0.001097,-0.001999,0.000196
10488.725467,13.771,0.324612,9.4e-05,-0.001099,-0.001997,0.000201
10489.989887,13.771,1.300799,9.5e-05,-0.001097,-0.002,0.000201
10492.489891000001,13.771,1.484154,8.9e-05,-0.001101,-0.001997,0.000193
10493.740243,13.771,1.466461,8.6e-05,-0.001101,-0.002005,0.000192
10496.241044,13.771,1.452237,8.3e-05,-0.001104,-0.001995,0.000189
10498.755877,13.771,1.578136,7.7e-05,-0.001106,-0.002005,0.000185
10500.0069,13.771,1.908346,7.4e-05,-0.001107,-0.001998,0.000182
10502.522,13.771,1.57307,7.7e-05,-0.001103,-0.001998,0.000182
10503.772047999999,13.771,1.480615,7.9e-05,-0.0011,-0.002,0.000184
10506.272013,13.771,1.771168,8.2e-05,-0.001096,-0.001991,0.000188
10508.772043,13.771,1.420486,8.5e-05,-0.001089,-0.001988,0.000187
10510.037824,13.771,1.615618,8.5e-05,-0.001088,-0.001992,0.000189
10512.537400000001,13.771,1.690687,9.1e-05,-0.001083,-0.001992,0.000194
10513.787253,13.771,1.714402,9.2e-05,-0.001081,-0.00199,0.000194
10516.287269,13.771,1.572439,9.3e-05,-0.00108,-0.001988,0.000185
10518.786741,13.771,1.616652,8.3e-05,-0.001087,-0.001988,0.000178
10520.038521,13.771,1.702592,8e-05,-0.001087,-0.001985,0.000173
10522.553863000001,13.771,1.77163,7.6e-05,-0.00109,-0.001985,0.000165
10523.80225,13.771,1.815435,7e-05,-0.001093,-0.001987,0.00016
10526.319947,13.771,1.843988,6.4e-05,-0.001099,-0.001984,0.00015
10528.819135,13.771,1.806586,6.4e-05,-0.001094,-0.001985,0.000149
10530.069517,13.771,1.921291,6.3e-05,-0.001095,-0.001987,0.000146
10532.599599000001,13.771,2.026351,5.9e-05,-0.001097,-0.001993,0.000144
10533.846459,13.771,1.908887,5.8e-05,-0.001097,-0.001995,0.000143
10536.349755,13.771,2.676112,5.9e-05,-0.001096,-0.001994,0.000137
10538.865881,13.771,2.069763,5.1e-05,-0.001098,-0.001996,0.000129
10540.132003,13.771,2.125373,4.9e-05,-0.001098,-0.001998,0.000128
10542.632196999999,13.771,2.245224,5e-05,-0.001099,-0.002,0.000127
10543.880455,13.771,2.032361,5.2e-05,-0.001093,-0.002007,0.000131
10546.38098,13.771,2.176845,5e-05,-0.001092,-0.002006,0.000127
10548.88049,13.771,1.885936,4.1e-05,-0.001098,-0.002009,0.000117
10550.130873,13.771,2.147416,4e-05,-0.001099,-0.002003,0.000116
10552.630494,13.772,2.104062,3.9e-05,-0.001096,-0.002003,0.000114
10553.881866,13.772,2.274541,4.2e-05,-0.001093,-0.002006,0.000115
10556.381236000001,13.772,1.947149,4.2e-05,-0.001093,-0.002009,0.000112
10558.881627,13.772,2.262047,4e-05,-0.001094,-0.002003,0.000106
10560.145742,13.772,2.272058,3.1e-05,-0.0011,-0.002003,9.3e-05
10562.648394,13.772,2.410546,2.8e-05,-0.001101,-0.001996,9.3e-05
10563.897683,13.772,2.512853,3.1e-05,-0.0011,-0.002002,9.5e-05
10566.412573,13.772,2.453455,2.4e-05,-0.001104,-0.002006,8.8e-05
10568.912288,13.772,2.481817,2.3e-05,-0.001102,-0.002007,8.1e-05
10570.163775,13.772,2.448495,2.6e-05,-0.001099,-0.002007,8.4e-05
10572.67778,13.772,2.567189,2e-05,-0.001104,-0.002003,8e-05
10573.927687,13.772,2.561083,1.6e-05,-0.001105,-0.00201,7.7e-05
10576.429406,13.772,2.503394,1.8e-05,-0.001101,-0.002018,7.7e-05
10578.929272,13.772,2.506274,1.3e-05,-0.001103,-0.002014,7.5e-05
10580.193973,13.772,2.660323,1.3e-05,-0.001101,-0.002015,7.2e-05
10582.708677999999,13.772,2.675873,1.7e-05,-0.001096,-0.002015,7.4e-05
10583.959413,13.772,2.654026,7e-06,-0.001102,-0.002009,6.6e-05
10586.475351000001,13.772,2.85284,4e-06,-0.001102,-0.002014,5.9e-05
10587.72575,13.772,2.707577,5e-06,-0.001101,-0.002019,6.2e-05
10590.24081,13.772,2.872374,8e-06,-0.001099,-0.002012,6.1e-05
10592.740327,13.772,2.73439,0.0,-0.001103,-0.002013,5.3e-05
10593.990286,13.772,2.867971,2e-06,-0.001101,-0.002018,5.1e-05
10596.505993,13.772,2.950043,-4e-06,-0.001101,-0.002024,4.7e-05
10597.753560000001,13.772,2.88039,-1.1e-05,-0.00111,-0.002022,2.9e-05
10600.256645,13.772,3.620012,-2.4e-05,-0.00112,-0.002024,1.6e-05
10602.740807,13.772,2.716458,-2.5e-05,-0.001118,-0.002018,1.6e-05
10603.989706,13.772,2.648747,-2.4e-05,-0.001118,-0.002011,1.1e-05
10606.491551,13.772,2.940775,-2.6e-05,-0.00112,-0.002012,1e-05
10607.739581,13.772,3.003552,-2.3e-05,-0.001115,-0.002018,1e-05
10610.240604999999,13.772,2.850835,-3e-05,-0.001116,-0.00201,5e-06
10612.756757,13.772,3.024019,-2.3e-05,-0.001111,-0.002019,8e-06
10614.004903000001,13.772,3.072631,-2.1e-05,-0.001106,-0.002028,1.2e-05
10616.507319,13.772,3.003165,-2.8e-05,-0.001108,-0.002029,6e-06
10617.756528,13.772,3.123562,-2.6e-05,-0.001109,-0.002035,5e-06
10620.272412,13.772,1.526681,-4.4e-05,-0.001124,-0.002021,-1.7e-05
10622.772112,13.772,3.368315,-5.2e-05,-0.001126,-0.002019,-2.6e-05
10624.022207,13.772,3.035362,-6.2e-05,-0.001136,-0.002026,-3.8e-05
10626.538377,13.772,2.924779,-6e-05,-0.001132,-0.002026,-3.9e-05
10627.78419,13.772,2.920318,-5.9e-05,-0.001129,-0.002026,-3.5e-05
10630.287915,13.772,3.487709,-5.6e-05,-0.001126,-0.002019,-3.7e-05
10632.786751,13.772,3.401011,-5.6e-05,-0.001123,-0.002014,-3.6e-05
10634.037724,13.772,3.219704,-5e-05,-0.001116,-0.002026,-2.8e-05
10636.569845,13.772,2.928387,-5.4e-05,-0.00112,-0.002023,-4.5e-05
10637.816087,13.772,3.429304,-5.1e-05,-0.001117,-0.002027,-4.2e-05
10640.318245,13.772,3.657053,-6.7e-05,-0.00113,-0.002029,-5.9e-05
10642.819191999999,13.772,3.584482,-6.9e-05,-0.001129,-0.002031,-5.5e-05
10644.069233,13.772,3.38171,-6.5e-05,-0.001123,-0.002026,-4.9e-05
10646.583595,13.772,3.609099,-5.7e-05,-0.001114,-0.002027,-4.8e-05
10647.833626,13.772,3.583543,-5.6e-05,-0.001111,-0.002027,-4.9e-05
10650.332799,13.772,3.628871,-6.3e-05,-0.00112,-0.002021,-6.5e-05
10652.833244,13.772,4.14711,-9.2e-05,-0.001142,-0.002024,-9.1e-05
10654.084037,13.772,3.656602,-9.4e-05,-0.001141,-0.002034,-9e-05
10656.600685,13.772,3.754139,-7.8e-05,-0.001125,-0.002037,-7.8e-05
10657.864982,13.772,3.820227,-7.3e-05,-0.00112,-0.00203,-7.6e-05
10660.380835,13.772,3.636532,-7.1e-05,-0.001115,-0.002031,-7.6e-05
10662.895892,13.772,3.709124,-7.5e-05,-0.001116,-0.002016,-8.3e-05
10664.147241,13.772,3.879126,-9e-05,-0.001131,-0.002026,-0.000101
10666.647097000001,13.772,3.718249,-0.0001,-0.001135,-0.002031,-0.000107
10667.897569,13.772,3.701728,-9.5e-05,-0.00113,-0.002038,-0.000103
10670.428027,13.772,3.836556,-0.0001,-0.001132,-0.002037,-0.00011
10672.928295,13.772,3.838673,-9.1e-05,-0.001121,-0.002033,-9.9e-05
10674.178764,13.772,3.998473,-8.5e-05,-0.001113,-0.002032,-9.1e-05
10676.694857,13.772,3.940815,-7.1e-05,-0.001103,-0.002022,-8.5e-05
10677.940542,13.772,4.170697,-6.8e-05,-0.0011,-0.002021,-8.4e-05
10680.443201,13.772,3.812428,-6.7e-05,-0.001094,-0.002033,-8.1e-05
10682.942972,13.772,3.978546,-6.5e-05,-0.00109,-0.002042,-8.3e-05
10684.192888,13.772,4.237628,-6.7e-05,-0.001092,-0.002038,-8.4e-05
10686.693728,13.772,3.639662,-6.5e-05,-0.001089,-0.002038,-8.9e-05
10687.958739,13.772,4.180448,-6.9e-05,-0.001092,-0.002037,-9.5e-05
10690.45422,13.772,4.262807,-8.2e-05,-0.0011,-0.002027,-0.000108
10692.943135,13.772,4.080025,-8.6e-05,-0.001104,-0.002029,-0.000115
10694.193582,13.772,3.990265,-8.6e-05,-0.001103,-0.002034,-0.000118
10696.70958,13.772,4.088582,-8.5e-05,-0.001097,-0.002033,-0.000116
10697.95796,13.772,4.010144,-8.4e-05,-0.001097,-0.002029,-0.000116
10700.459257,13.772,4.370132,-7.9e-05,-0.001093,-0.002032,-0.000117
10702.95966,13.772,4.880248,-9.8e-05,-0.001105,-0.002025,-0.000149
10704.209693,13.772,4.371352,-0.000109,-0.001115,-0.002035,-0.000158
10706.70873,13.772,4.202656,-0.000122,-0.001121,-0.002041,-0.000162
10707.959624,13.772,4.567429,-0.00012,-0.00112,-0.002043,-0.000162
10710.475321,13.772,4.812569,-0.00012,-0.001118,-0.002035,-0.000166
10712.97235,13.772,4.992735,-0.000121,-0.001115,-0.002034,-0.000165
10714.224705,13.772,4.334322,-0.000119,-0.001112,-0.002037,-0.000167
10716.739712999999,13.772,4.507962,-0.000121,-0.001114,-0.002036,-0.000174
10717.990762,13.772,4.480449,-0.00012,-0.001112,-0.002037,-0.000174
10720.489557,13.772,4.496556,-0.000118,-0.001108,-0.002037,-0.000171
10721.740708,13.772,4.717971,-0.000118,-0.001107,-0.002036,-0.000169
10724.255212,13.772,4.696145,-0.000125,-0.001111,-0.002024,-0.000181
10726.755201,13.772,5.554105,-0.000126,-0.001108,-0.002026,-0.000186
10728.007239,13.772,5.357962,-0.000124,-0.001107,-0.002036,-0.000183
10730.50228,13.772,4.760535,-0.000119,-0.001107,-0.002032,-0.000181
10731.755951,13.772,4.743818,-0.00012,-0.001113,-0.00203,-0.000186
10734.272248000001,13.772,4.885994,-0.000124,-0.001117,-0.002033,-0.000189
10736.787388,13.772,5.388559,-0.000121,-0.001115,-0.002035,-0.000179
10738.037233,13.772,4.666038,-0.000121,-0.001117,-0.002031,-0.000179
10740.539338999999,13.772,4.636217,-0.000114,-0.001114,-0.002027,-0.000171
10741.787045000001,13.772,4.577689,-0.000112,-0.001115,-0.00203,-0.000171
10744.302863,13.772,4.397162,-0.000112,-0.001117,-0.002027,-0.000167
10746.787244,13.772,4.771241,-0.000102,-0.001108,-0.00203,-0.000152
10748.038317,13.772,5.179741,-9.6e-05,-0.001104,-0.00203,-0.000145
10750.536856,13.772,4.378673,-9e-05,-0.001099,-0.002029,-0.000138
10751.787281,13.772,4.291773,-8.6e-05,-0.001099,-0.00202,-0.000137
10754.287533,13.772,4.338858,-8.6e-05,-0.001101,-0.002023,-0.000131
10756.802714,13.772,4.223505,-8.4e-05,-0.001105,-0.002017,-0.000134
10758.069712,13.772,4.293726,-8.4e-05,-0.001107,-0.002021,-0.000132
10760.581085,13.772,3.913848,-8.4e-05,-0.001109,-0.002018,-0.000126
10761.833920000001,13.772,4.085452,-7.8e-05,-0.001107,-0.002024,-0.000117
10764.333554,13.772,4.090853,-7.7e-05,-0.001105,-0.002023,-0.00011
10766.849415,13.772,4.463001,-7e-05,-0.001104,-0.002017,-0.000108
10768.100009,13.772,4.274722,-6.9e-05,-0.001101,-0.002019,-0.000105
10770.612496,13.772,4.427546,-7.2e-05,-0.001106,-0.002015,-0.000108
10771.863405,13.772,3.975076,-7.3e-05,-0.001107,-0.002017,-0.000106
10774.381063,13.772,4.034108,-7.1e-05,-0.001113,-0.002014,-0.000108
10776.88209,13.772,3.98071,-7.1e-05,-0.001112,-0.002022,-0.000103
10778.130563,13.772,3.752404,-6.9e-05,-0.00111,-0.002027,-9.9e-05
10780.647235,13.772,3.838344,-6.6e-05,-0.00111,-0.00202,-9.5e-05
10781.897708,13.772,3.883083,-6.5e-05,-0.00111,-0.002026,-9.2e-05
10784.396569,13.772,3.827856,-6.3e-05,-0.001112,-0.002015,-9e-05
10786.912282000001,13.772,4.005375,-5.5e-05,-0.001109,-0.00202,-8e-05
10788.162618,13.772,3.63936,-5.5e-05,-0.001107,-0.002014,-7.7e-05
10790.6771,13.772,3.57662,-4.7e-05,-0.001103,-0.002018,-6.4e-05
10791.927679,13.772,3.958662,-4.5e-05,-0.001099,-0.002018,-6.2e-05
10794.443704,13.772,3.584344,-4.5e-05,-0.001106,-0.002015,-6.3e-05
10796.942640000001,13.772,3.881773,-4.6e-05,-0.001107,-0.002015,-6.2e-05
10798.193244,13.772,3.71427,-4.5e-05,-0.001106,-0.002019,-5.9e-05
10800.710484,13.772,3.543234,-3.9e-05,-0.001104,-0.002012,-4.8e-05
10801.9597,13.772,3.658671,-3.4e-05,-0.001101,-0.002018,-4.3e-05
10804.459665,13.772,3.272995,-3e-05,-0.001099,-0.002016,-4.2e-05
10806.975361,13.772,3.586058,-3e-05,-0.001102,-0.002017,-4e-05
10808.240227,13.772,3.371742,-3e-05,-0.001104,-0.002016,-3.9e-05
10810.741513,13.772,3.414295,-2.7e-05,-0.001104,-0.002013,-2.8e-05
10811.991213,13.772,2.376741,-2.8e-05,-0.001103,-0.002006,-2.6e-05
10814.505697,13.772,3.145101,-2.6e-05,-0.001104,-0.002004,-2.8e-05
10815.771478,13.772,3.79683,-2.6e-05,-0.001107,-0.002003,-2.6e-05
10818.26984,13.772,3.268852,-2.1e-05,-0.001101,-0.002005,-1.6e-05
10820.787861,13.772,3.204467,-2e-05,-0.001102,-0.001999,-1.3e-05
10822.03773,13.772,3.322864,-1.7e-05,-0.001101,-0.002,-9e-06
10824.569816,13.772,3.208934,-1.8e-05,-0.001105,-0.002,-1.1e-05
10825.819703000001,13.772,3.226733,-1.6e-05,-0.001104,-0.001999,-8e-06
10828.319583,13.772,3.392549,-1.2e-05,-0.001103,-0.002005,-3e-06
10830.819732,13.772,3.319771,-1.1e-05,-0.001104,-0.002003,1e-06
10832.069109,13.772,3.084701,-1e-05,-0.001106,-0.002003,3e-06
10834.569491,13.772,3.047575,-8e-06,-0.001105,-0.002009,6e-06
10835.835326,13.772,3.031277,-6e-06,-0.001104,-0.002008,8e-06
10838.347899,13.772,3.044519,-2e-06,-0.001104,-0.002004,1.4e-05
10840.864332000001,13.772,3.038444,-1e-06,-0.001103,-0.001999,1.7e-05
10842.115694,13.772,3.042508,4e-06,-0.001101,-0.001996,2e-05
10844.615948,13.772,2.924005,5e-06,-0.0011,-0.001995,2.7e-05
10845.882029,13.772,2.769038,3e-06,-0.001103,-0.001994,2.7e-05
10848.380435,13.772,2.901707,4e-06,-0.001102,-0.001994,2.9e-05
10850.882334,13.772,2.909463,1.2e-05,-0.0011,-0.001995,3.8e-05
10852.13052,13.772,3.573251,1.5e-05,-0.001098,-0.001997,4.3e-05
10854.630098,13.772,2.993891,1.8e-05,-0.001096,-0.001992,5e-05
10855.898075000001,13.772,2.85206,2.2e-05,-0.001094,-0.00199,5.2e-05
10858.39495,13.772,2.792217,2.4e-05,-0.001094,-0.001995,5.7e-05
10860.912202,13.772,2.839237,2.6e-05,-0.001094,-0.001993,6.2e-05
10862.161943,13.772,2.689189,2.8e-05,-0.001091,-0.001998,6.6e-05
10864.662984,13.772,2.675539,3.3e-05,-0.001087,-0.001997,7.3e-05
10865.914196,13.772,2.686855,3.4e-05,-0.001089,-0.001991,7.4e-05
10868.426559,13.772,2.66687,3.7e-05,-0.001086,-0.001997,7.9e-05
10870.929563,13.772,2.682335,4.1e-05,-0.001087,-0.001997,8.1e-05
10872.177612,13.772,3.538878,4.3e-05,-0.001087,-0.002002,8.7e-05
10874.677307,13.772,2.525639,4.6e-05,-0.001086,-0.001995,8.5e-05
10875.929204,13.772,2.449736,4.5e-05,-0.001087,-0.001996,8.6e-05
10878.425582,13.772,2.45641,4.1e-05,-0.001093,-0.001997,8.6e-05
10880.926695,13.772,2.632295,4e-05,-0.0011,-0.001996,8.5e-05
10882.177212,13.772,2.455662,3.8e-05,-0.001099,-0.001998,8.7e-05
10884.679585,13.772,2.175837,4.3e-05,-0.001096,-0.001998,9.5e-05
10885.928132000001,13.772,2.415353,4.6e-05,-0.001094,-0.001997,9.8e-05
10888.443535,13.772,2.215186,4.8e-05,-0.001095,-0.001998,0.000102
10890.943918,13.772,2.244556,4.8e-05,-0.001095,-0.002001,0.000106
10892.194963,13.772,1.618313,4.7e-05,-0.001096,-0.001997,0.000105
10894.694068,13.772,2.227117,5e-05,-0.001096,-0.001991,0.00011
10895.943707,13.772,2.252169,5.1e-05,-0.001093,-0.00199,0.000114
10898.443698,13.772,1.993384,5.6e-05,-0.00109,-0.001991,0.000122
10900.944289,13.772,2.148944,6.1e-05,-0.001091,-0.001995,0.000126
10902.192895,13.772,1.913296,6e-05,-0.001089,-0.001989,0.000128
10904.710733,13.772,2.125103,7e-05,-0.001084,-0.00199,0.000135
10905.959336,13.772,1.976731,7.4e-05,-0.001081,-0.001996,0.00014
10908.476031,13.772,1.599798,6.8e-05,-0.001085,-0.001997,0.000136
10910.97593,13.772,2.099537,6e-05,-0.00109,-0.001994,0.000128
10912.225673,13.772,2.133835,5.3e-05,-0.001093,-0.00199,0.000119
10914.72593,13.772,2.58884,4.7e-05,-0.001093,-0.001992,0.000113
10915.974854,13.772,2.429794,5e-05,-0.00109,-0.001997,0.000114
10918.473912,13.772,2.647898,5.1e-05,-0.001089,-0.001996,0.000115
10920.97504,13.772,2.368009,5.4e-05,-0.001085,-0.001997,0.000114
10922.224877,13.772,2.686117,5.3e-05,-0.001085,-0.001992,0.000108
10924.724932000001,13.772,2.350035,4e-05,-0.001092,-0.001993,9.8e-05
10925.974729,13.772,2.403517,3.8e-05,-0.001094,-0.002001,9.3e-05
10928.474701,13.772,2.441588,3.7e-05,-0.001096,-0.001996,8.6e-05
10930.990674,13.772,2.474268,4e-05,-0.001092,-0.002001,8.9e-05
10932.256159,13.772,2.478724,3.8e-05,-0.001089,-0.002003,8.8e-05
10934.755281,13.772,2.556727,2.2e-05,-0.001101,-0.002003,7.1e-05
10936.022656000001,13.772,2.713858,2.1e-05,-0.001102,-0.001999,7.2e-05
10938.537978,13.772,2.604437,2.1e-05,-0.001098,-0.002002,7.3e-05
10939.802094,13.772,2.379744,2e-05,-0.001101,-0.002004,7.2e-05
10942.287153000001,13.772,2.752072,2.2e-05,-0.001097,-0.002003,6.7e-05
10944.802808,13.772,2.744517,1.2e-05,-0.001104,-0.002001,5.5e-05
10946.052849,13.772,2.553873,9e-06,-0.001105,-0.001998,5.2e-05
10948.552389,13.772,2.611578,1.7e-05,-0.001092,-0.002007,6e-05
10949.802394,13.772,2.617398,1.9e-05,-0.001089,-0.002,6e-05
10952.318194,13.772,2.659368,1.8e-05,-0.001088,-0.002012,5.9e-05
10954.834443,13.772,2.644041,1.4e-05,-0.001091,-0.002011,5.1e-05
10956.084199,13.772,3.086738,3e-06,-0.001097,-0.002007,3.7e-05
10958.582744,13.772,3.168349,-9e-06,-0.001109,-0.002008,2e-05
10959.833908,13.772,2.947056,-3e-06,-0.001105,-0.002009,2.6e-05
10962.334785,13.772,3.063973,4e-06,-0.001095,-0.002009,3.5e-05
10964.848749,13.772,2.994543,1.3e-05,-0.001087,-0.002004,4.1e-05
10966.099025,13.772,3.064371,1e-05,-0.001089,-0.002014,3.8e-05
10968.614796,13.772,3.107439,4e-06,-0.001091,-0.002017,3e-05
10969.865659,13.772,2.980601,-4e-06,-0.001093,-0.002012,2.5e-05
10972.381931,13.772,3.12162,-1e-05,-0.001099,-0.002013,1.3e-05
10974.879957000001,13.772,3.256909,-9e-06,-0.001093,-0.002015,1.5e-05
10976.131395,13.772,2.887075,-6e-06,-0.001093,-0.002014,1.5e-05
10978.632817,13.772,3.315262,-1.4e-05,-0.001096,-0.002014,-1e-06
10979.88054,13.772,3.623136,-1.7e-05,-0.0011,-0.002014,-8e-06
10982.380308,13.772,3.259467,-2.8e-05,-0.001107,-0.002013,-1.8e-05
10984.896926,13.772,3.377609,-4.2e-05,-0.001119,-0.002011,-3e-05
10986.147044,13.772,3.145812,-3.8e-05,-0.001115,-0.002012,-2.8e-05
10988.646947000001,13.772,3.401897,-2.8e-05,-0.001102,-0.002016,-2e-05
10989.897413,13.772,3.31245,-2.8e-05,-0.001101,-0.002013,-1.9e-05
10992.395622,13.772,3.514453,-2.7e-05,-0.001096,-0.002018,-1.4e-05
10994.897966,13.772,3.384697,-4.1e-05,-0.001106,-0.002019,-3e-05
10996.163153,13.772,3.741783,-4.4e-05,-0.001108,-0.002025,-3.6e-05
10998.661952,13.772,3.643784,-4.5e-05,-0.001107,-0.002026,-4.2e-05
10999.912935,13.772,3.338239,-4.5e-05,-0.001104,-0.002027,-4.3e-05
11002.412048,13.772,3.685516,-3.9e-05,-0.0011,-0.002022,-3.7e-05
11004.927772,13.772,3.747704,-4.2e-05,-0.001098,-0.002028,-4e-05
11006.177796,13.772,3.545319,-4.4e-05,-0.001099,-0.002022,-4.1e-05
11008.678364,13.772,3.777052,-4.8e-05,-0.001102,-0.002023,-4.7e-05
11009.927676,13.772,4.015131,-4.9e-05,-0.001098,-0.002027,-4.7e-05
11012.427791,13.772,3.955389,-4.9e-05,-0.001096,-0.002029,-4.5e-05
11014.943251,13.772,3.034025,-5.3e-05,-0.001095,-0.002025,-5.4e-05
11016.193701,13.772,3.700556,-5.6e-05,-0.001099,-0.00202,-6.5e-05
11018.724815,13.772,4.198311,-6.3e-05,-0.001106,-0.002025,-7.7e-05
11019.990929,13.772,3.771349,-6.2e-05,-0.001105,-0.002027,-7.3e-05
11022.490406,13.772,4.025688,-6.8e-05,-0.001109,-0.002019,-8.2e-05
11023.756773000001,13.772,3.556932,-6.9e-05,-0.001106,-0.002026,-8.2e-05
11026.272168,13.772,3.867772,-6.6e-05,-0.001107,-0.002027,-8.3e-05
11028.78716,13.772,3.607242,-7.2e-05,-0.001108,-0.002036,-9e-05
11030.037042,13.772,3.795488,-7.2e-05,-0.001105,-0.002037,-9.2e-05
11032.538747,13.772,3.992366,-7.3e-05,-0.001105,-0.002035,-9e-05
11033.788099,13.772,4.295227,-7.7e-05,-0.001108,-0.00203,-9.6e-05
11036.287607,13.772,3.934449,-8e-05,-0.001109,-0.00204,-0.000102
11038.787551,13.772,4.034172,-8.5e-05,-0.001106,-0.002031,-0.000106
11040.035061,13.772,4.176973,-8.3e-05,-0.001105,-0.002037,-0.000105
11042.536885,13.772,4.429662,-8e-05,-0.0011,-0.002033,-0.000105
11043.78741,13.772,4.29936,-8.3e-05,-0.001106,-0.002022,-0.000111
11046.287793,13.772,4.394626,-9.7e-05,-0.001119,-0.002027,-0.000138
11048.819952,13.772,4.408845,-9.9e-05,-0.001117,-0.00203,-0.000135
11050.069504,13.772,4.039864,-9.5e-05,-0.001112,-0.00203,-0.000131
11052.584664,13.772,3.994144,-9.1e-05,-0.001105,-0.002025,-0.000133
11053.833732,13.772,4.210152,-8.9e-05,-0.0011,-0.002028,-0.000129
11056.334888,13.772,4.160516,-9.5e-05,-0.001101,-0.002034,-0.000131
11058.834877000001,13.772,5.173007,-9.4e-05,-0.0011,-0.002035,-0.000133
11060.083596,13.772,4.38139,-9.4e-05,-0.0011,-0.00203,-0.000135
11062.60007,13.772,4.582422,-9.4e-05,-0.001098,-0.002035,-0.000139
11063.849710999999,13.772,4.683577,-9.7e-05,-0.0011,-0.002028,-0.000142
11066.366175,13.772,4.454406,-9.1e-05,-0.001091,-0.002028,-0.000138
11068.865544,13.772,4.767204,-8.8e-05,-0.001087,-0.002028,-0.00014
11070.131814,13.772,4.478365,-9.2e-05,-0.001088,-0.002026,-0.000145
11072.631083,13.772,4.515788,-9.5e-05,-0.001087,-0.002026,-0.000148
11073.880893,13.772,4.675364,-9.2e-05,-0.001085,-0.002033,-0.000144
11076.38215,13.772,4.526319,-8.8e-05,-0.001082,-0.00203,-0.000146
11078.882149000001,13.772,5.168626,-9.6e-05,-0.001084,-0.002031,-0.000155
11080.132904,13.772,4.601945,-0.000101,-0.001088,-0.002025,-0.000164
11082.616234000001,13.772,5.00269,-0.00011,-0.001091,-0.002026,-0.000171
11083.864884,13.772,4.600566,-0.000109,-0.00109,-0.002027,-0.00017
11086.366353,13.772,4.441148,-0.000109,-0.001087,-0.002022,-0.000174
11088.880909,13.772,5.084033,-0.000106,-0.001084,-0.002031,-0.000173
11090.130678,13.772,4.969466,-0.000105,-0.001082,-0.002027,-0.000176
11092.646895,13.772,4.596306,-0.000107,-0.001081,-0.002024,-0.000179
11093.898304,13.772,4.894758,-0.000105,-0.001079,-0.00203,-0.000177
11096.397344,13.772,5.31759,-0.000104,-0.001074,-0.002026,-0.000179
11098.91213,13.772,5.054589,-0.000102,-0.001074,-0.002017,-0.000184
11100.162184,13.772,5.044443,-0.000102,-0.001071,-0.002022,-0.000182
11102.661796,13.772,5.093792,-0.000101,-0.001072,-0.002023,-0.000186
11103.913031,13.772,5.176448,-0.000104,-0.001075,-0.002019,-0.000193
11106.427255,13.772,4.884773,-0.000102,-0.001066,-0.002018,-0.000191
11108.927242,13.772,5.818624,-0.000105,-0.001067,-0.002019,-0.000194
11110.179299,13.772,5.019954,-0.000105,-0.001069,-0.002022,-0.000195
11112.709038,13.772,5.281309,-0.000101,-0.001071,-0.002016,-0.000196
11113.959599,13.772,5.277112,-0.000101,-0.001072,-0.002019,-0.000192
11116.460205,13.772,5.215863,-9.8e-05,-0.001071,-0.002021,-0.000188
11118.958636,13.772,4.767713,-9.3e-05,-0.00107,-0.002023,-0.000185
11120.209558,13.772,5.377829,-9.2e-05,-0.001069,-0.00202,-0.00018
11122.709531,13.772,5.028613,-8.9e-05,-0.001067,-0.002018,-0.000176
11123.959111,13.772,4.920462,-8.9e-05,-0.001068,-0.002016,-0.000175
11126.460533,13.772,5.309506,-8.4e-05,-0.001069,-0.002011,-0.000175
11128.974642000001,13.772,5.010195,-8.8e-05,-0.001072,-0.002013,-0.000175
11130.222911,13.772,4.963832,-8.9e-05,-0.001076,-0.002019,-0.000172
11132.724457,13.772,4.719791,-9.2e-05,-0.001081,-0.002017,-0.000172
11133.990291,13.772,5.039822,-8.8e-05,-0.00108,-0.002012,-0.00017
11136.490658,13.772,4.622805,-8.6e-05,-0.001082,-0.002009,-0.000162
11138.990919,13.772,4.218641,-8.7e-05,-0.001082,-0.002008,-0.000157
11140.240706,13.772,4.827302,-8.6e-05,-0.001082,-0.00201,-0.000157
11142.735732000001,13.772,4.456841,-9e-05,-0.00109,-0.00201,-0.000162
11143.974864,13.772,4.819466,-8.9e-05,-0.001089,-0.002004,-0.000158
11146.475794,13.772,4.490254,-8.2e-05,-0.001085,-0.002002,-0.000148
11148.990846,13.772,4.848862,-7.6e-05,-0.001084,-0.002006,-0.000143
11150.241599,13.772,4.495824,-7.6e-05,-0.001086,-0.002002,-0.000142
11152.74077,13.772,4.777793,-7.3e-05,-0.001085,-0.002008,-0.000136
11154.006659,13.772,4.46178,-7.3e-05,-0.001086,-0.002011,-0.000134
11156.520937000001,13.772,4.386408,-7.2e-05,-0.001087,-0.002002,-0.000129
11157.772545,13.772,5.02611,-6.9e-05,-0.001088,-0.002006,-0.000128
11160.302022,13.772,4.275953,-6.4e-05,-0.001088,-0.002003,-0.000122
11162.802749999999,13.772,4.157917,-6.3e-05,-0.001086,-0.002004,-0.000115
11164.051957,13.772,4.25773,-6e-05,-0.001086,-0.002007,-0.000112
11166.569709,13.772,4.458183,-5.5e-05,-0.001079,-0.002011,-0.000103
11167.833609,13.772,4.07091,-5.1e-05,-0.001077,-0.002011,-0.0001
11170.349707,13.772,4.13964,-4.5e-05,-0.001076,-0.002007,-9.2e-05
11172.866234000001,13.772,4.215717,-4.3e-05,-0.001077,-0.002002,-8.6e-05
11174.115439000001,13.772,3.834264,-4.1e-05,-0.001075,-0.002007,-8.4e-05
11176.631631,13.772,4.186666,-4.5e-05,-0.001081,-0.002006,-8.7e-05
11177.898438,13.772,4.204624,-4.5e-05,-0.001082,-0.002002,-8.7e-05
11180.412372,13.772,3.947139,-4.1e-05,-0.001082,-0.002007,-8.2e-05
11182.912525,13.772,4.045764,-3.9e-05,-0.001081,-0.002009,-7.6e-05
11184.179298,13.772,4.030102,-3.8e-05,-0.001082,-0.002007,-7.5e-05
11186.674837,13.772,3.936481,-3.5e-05,-0.001081,-0.002001,-6.9e-05
11187.911713,13.772,4.115692,-3.2e-05,-0.00108,-0.002004,-6.3e-05
11190.427792,13.772,3.842954,-3.1e-05,-0.001078,-0.002,-5.8e-05
11192.928426999999,13.772,4.211478,-2.4e-05,-0.001077,-0.002001,-5.2e-05
11194.177192,13.772,3.930576,-2.1e-05,-0.001076,-0.002004,-4.9e-05
11196.677703,13.772,3.835676,-2.1e-05,-0.001078,-0.002005,-5e-05
11197.929753,13.772,3.620967,-2.2e-05,-0.00108,-0.002003,-4.8e-05
11200.427085,13.772,3.56246,-2.1e-05,-0.001081,-0.001997,-4.6e-05
11202.928166,13.772,3.672794,-1.7e-05,-0.001078,-0.001999,-4.2e-05
11204.177238,13.772,3.950688,-1.3e-05,-0.001077,-0.002002,-3.5e-05
11206.677763,13.772,3.727926,-1.2e-05,-0.001075,-0.002002,-2.9e-05
11207.944119,13.772,3.417611,-1.1e-05,-0.001077,-0.002002,-2.9e-05
11210.442450999999,13.772,3.420783,-1.1e-05,-0.001078,-0.002006,-2.5e-05
11212.959596,13.772,3.59043,-1e-05,-0.00108,-0.002007,-2.2e-05
11214.209555,13.772,3.494171,-1.3e-05,-0.001081,-0.002003,-2.2e-05
11216.740272,13.772,3.054907,-9e-06,-0.001081,-0.002004,-1.4e-05
11218.006186999999,13.772,3.229105,-8e-06,-0.001083,-0.002001,-1.4e-05
11220.504366000001,13.772,2.800705,-3e-06,-0.001085,-0.002002,-1.1e-05
11221.756483000001,13.772,3.314509,-3e-06,-0.001084,-0.002002,-9e-06
11224.272864999999,13.772,3.479157,-3e-06,-0.001084,-0.001993,-6e-06
11226.787791,13.772,3.398279,2e-06,-0.001083,-0.002001,-3e-06
11228.037535,13.772,3.321448,3e-06,-0.001081,-0.002004,3e-06
11230.552056,13.772,2.987105,6e-06,-0.001083,-0.001998,7e-06
11231.804337,13.772,3.36345,5e-06,-0.001083,-0.002004,7e-06
11234.319868999999,13.772,3.228823,1e-05,-0.001079,-0.002,1.1e-05
11236.819801,13.772,2.957937,1.1e-05,-0.001083,-0.001997,1.2e-05
11238.069495,13.772,3.412932,1.1e-05,-0.001084,-0.002003,1.1e-05
11240.584193,13.772,3.130337,1.2e-05,-0.001084,-0.002007,2.1e-05
11241.834182999999,13.772,2.913729,1.4e-05,-0.001084,-0.002004,2e-05
11244.352218,13.772,3.27221,1.7e-05,-0.001081,-0.002005,2.8e-05
11246.849503,13.772,3.075539,2.2e-05,-0.001079,-0.002003,3.7e-05
11248.099113,13.772,2.953454,2.3e-05,-0.001081,-0.002003,3.1e-05
11250.613038,13.772,2.981121,1.5e-05,-0.001085,-0.002,3.3e-05
11251.865623,13.772,2.894603,1.9e-05,-0.001087,-0.002006,3.5e-05
11254.39431,13.772,2.926042,1.9e-05,-0.00109,-0.002,3.4e-05
11256.897291000001,13.772,3.033447,2.5e-05,-0.001088,-0.002005,4.7e-05
11258.163215,13.772,2.83128,2.5e-05,-0.001087,-0.002003,4.6e-05
11260.678038,13.772,2.947268,2.8e-05,-0.001082,-0.002008,5.7e-05
11261.928564,13.772,3.27117,2.8e-05,-0.001085,-0.002004,5.5e-05
11264.443826,13.772,2.831688,3.5e-05,-0.001081,-0.002008,6.4e-05
11266.944092,13.772,2.599631,3.7e-05,-0.001081,-0.002009,6.9e-05
11268.193035,13.772,2.699815,3.7e-05,-0.001082,-0.002002,7.1e-05
11270.695273,13.772,2.767855,3.5e-05,-0.001086,-0.001999,6.9e-05
11271.943739,13.772,2.796833,3.7e-05,-0.001085,-0.002005,7.1e-05
11274.459730999999,13.772,2.619621,3.7e-05,-0.001084,-0.001999,7.4e-05
11276.959225999999,13.772,2.631017,4.6e-05,-0.001079,-0.001999,8.5e-05
11278.209712,13.772,2.610204,4.6e-05,-0.001081,-0.002,8.7e-05
11280.72557,13.772,2.560144,4.8e-05,-0.001081,-0.002004,8.8e-05
11281.974823,13.772,2.617144,5.1e-05,-0.00108,-0.002003,8.9e-05
11284.474049,13.772,2.448468,4.8e-05,-0.001086,-0.002,8.9e-05
11286.991791,13.772,2.553783,5.3e-05,-0.00108,-0.002006,9.4e-05
11288.257117000001,13.772,2.490645,5.2e-05,-0.001083,-0.002008,9.7e-05
11290.771811,13.772,1.578778,4.6e-05,-0.001089,-0.002003,9.4e-05
11292.022781,13.772,2.460649,3.8e-05,-0.001097,-0.002,8.6e-05
11294.537036,13.772,2.689719,3.8e-05,-0.0011,-0.002001,9e-05
11295.787508,13.772,2.394641,3.6e-05,-0.001103,-0.001996,9.1e-05
11298.286898,13.772,2.442792,2.4e-05,-0.001116,-0.001998,7.2e-05
11300.787212,13.772,2.282568,2.2e-05,-0.001119,-0.002004,7.7e-05
11302.037109,13.772,2.340512,2.4e-05,-0.001118,-0.002006,8.1e-05
11304.537509,13.772,2.247309,2.6e-05,-0.001119,-0.002002,8e-05
11305.803639,13.772,2.300781,2.5e-05,-0.001119,-0.001996,8.4e-05
11308.319619,13.772,2.256551,2.6e-05,-0.00112,-0.002006,8.9e-05
11310.835609,13.772,2.220433,3.1e-05,-0.00112,-0.002009,9.4e-05
11312.084641,13.772,2.251972,3.1e-05,-0.00112,-0.002007,9.4e-05
11314.600634,13.772,2.212538,3.4e-05,-0.001118,-0.002014,9.6e-05
11315.864355,13.772,2.047062,3.1e-05,-0.001121,-0.002017,9.8e-05
11318.364439,13.772,2.30208,2.5e-05,-0.001127,-0.002014,9.4e-05
11320.865558,13.772,2.104115,3.5e-05,-0.001124,-0.002025,0.000106
11322.115483,13.772,2.089865,2.7e-05,-0.001128,-0.002022,0.0001
11324.630452,13.772,2.053275,2.6e-05,-0.001132,-0.002018,9.5e-05
11325.883009000001,13.772,2.033168,2.4e-05,-0.001134,-0.002022,9.4e-05
11328.382097,13.772,2.053731,1.6e-05,-0.001145,-0.002017,8.7e-05
11330.881696,13.772,1.844672,1.3e-05,-0.00115,-0.002015,8.9e-05
11332.132333,13.772,1.758414,1.1e-05,-0.001151,-0.002023,9.1e-05
11334.632977000001,13.772,2.032197,2.5e-05,-0.001139,-0.00202,0.000106
11335.881733999999,13.772,1.934251,3.2e-05,-0.001135,-0.00202,0.000112
11338.397701,13.772,1.881751,2.8e-05,-0.001141,-0.002022,0.000107
11340.910012,13.772,1.80917,1.9e-05,-0.001154,-0.002035,9.7e-05
11342.162966,13.772,1.866721,1.4e-05,-0.001155,-0.002033,9.6e-05
11344.662225,13.772,1.809334,1.3e-05,-0.001161,-0.002025,9.4e-05
11345.912119,13.772,1.758679,2.2e-05,-0.001151,-0.00203,0.000105
11348.412854,13.772,1.84897,3e-05,-0.001143,-0.002028,0.00012
11350.912817,13.772,1.136564,4.2e-05,-0.001136,-0.002029,0.000125
11352.177228,13.772,1.712333,3.4e-05,-0.001146,-0.002031,0.000114
11354.67778,13.772,1.253779,1.9e-05,-0.001158,-0.002034,0.000108
11355.928968,13.772,1.676772,1.8e-05,-0.00116,-0.002035,0.000108
11358.443244,13.772,1.916718,3.6e-05,-0.001147,-0.002031,0.000124
11360.943618000001,13.772,1.635656,3.4e-05,-0.001148,-0.002032,0.000121
11362.1913,13.772,1.841983,3.6e-05,-0.001147,-0.00204,0.000128
11364.693518,13.772,1.52805,3.7e-05,-0.001144,-0.00204,0.000134
11365.943473,13.772,1.981489,3.9e-05,-0.001144,-0.002038,0.000141
11368.459095,13.772,1.671403,4.4e-05,-0.001138,-0.00205,0.000149
11370.957331,13.772,1.483135,4.7e-05,-0.001138,-0.002047,0.000143
11372.209382000001,13.772,1.539891,4.1e-05,-0.001145,-0.002044,0.000138
11374.741591,13.772,1.56438,4.1e-05,-0.001142,-0.002044,0.000144
11376.007346999999,13.772,1.07496,4.7e-05,-0.001139,-0.002048,0.000144
11378.506944,13.772,2.022292,4.4e-05,-0.001136,-0.002048,0.000142
11381.022472,13.772,1.649121,4.5e-05,-0.001129,-0.002046,0.000142
11382.287175000001,13.772,1.531291,4e-05,-0.00113,-0.002046,0.000141
11384.786711,13.772,1.762494,3.7e-05,-0.001133,-0.002041,0.000134
11386.05264,13.772,1.597071,4.3e-05,-0.001129,-0.002043,0.00014
11388.584951,13.772,1.583373,4.2e-05,-0.001128,-0.002045,0.000139
11389.833029000001,13.772,1.759597,4.1e-05,-0.001126,-0.002039,0.000135
11392.333916,13.772,1.766536,3.5e-05,-0.00113,-0.002037,0.000127
11394.835557,13.772,1.731723,3.1e-05,-0.00113,-0.002039,0.000122
11396.084513,13.772,1.808093,3.1e-05,-0.001131,-0.00204,0.000121
11398.599501,13.772,1.871575,3.2e-05,-0.001129,-0.002042,0.000124
11399.866156,13.772,1.876148,3.5e-05,-0.001123,-0.00204,0.000126
11402.366338,13.772,1.79683,3.4e-05,-0.001121,-0.002041,0.000124
11404.881290000001,13.772,1.865341,2.9e-05,-0.001125,-0.002035,0.000107
11406.148117,13.772,2.053185,2.5e-05,-0.001129,-0.002031,0.000106
11408.662758,13.772,1.967022,2.5e-05,-0.001126,-0.002037,0.000104
11409.912138,13.772,2.127989,2.4e-05,-0.00113,-0.002031,9.7e-05
11412.427422,13.772,1.966847,1.9e-05,-0.001134,-0.002033,9.2e-05
11414.943524999999,13.772,2.126567,1.7e-05,-0.001127,-0.002045,9e-05
11416.209719999999,13.772,2.110025,2.2e-05,-0.001124,-0.002042,9.2e-05
11418.70983,13.772,2.108137,2.2e-05,-0.001125,-0.002039,9.1e-05
11419.96023,13.772,2.129814,1.1e-05,-0.001134,-0.002029,8e-05
11422.459730999999,13.772,2.04754,2e-06,-0.001142,-0.002025,6.8e-05
11424.959836,13.772,2.378444,3e-06,-0.001137,-0.002034,7e-05
11426.225466,13.772,1.426496,4e-06,-0.001134,-0.002034,7.3e-05
11428.740427,13.772,2.302468,3e-06,-0.001134,-0.002026,6.6e-05
11429.990806,13.772,2.257612,-2e-06,-0.001138,-0.002032,5.7e-05
11432.490546,13.772,2.321821,-7e-06,-0.001139,-0.002029,5.4e-05
11435.006202,13.772,2.699057,-1.5e-05,-0.001146,-0.002034,3.9e-05
11436.256688000001,13.772,2.355335,-1.5e-05,-0.001145,-0.002034,3.9e-05
11438.755941,13.772,2.466894,-2.3e-05,-0.001146,-0.002038,3.8e-05
11440.004365,13.772,2.374126,-2.1e-05,-0.001143,-0.002042,4.3e-05
11442.490401,13.772,2.466575,-1.9e-05,-0.001143,-0.002034,3.3e-05
11444.975306,13.772,2.548456,-2.2e-05,-0.001141,-0.002029,3.1e-05
11446.239746,13.772,2.606003,-2.3e-05,-0.001141,-0.002034,2.7e-05
11448.755962,13.772,2.692993,-1.7e-05,-0.001137,-0.002034,3.1e-05
11450.005691999999,13.772,2.594994,-2e-05,-0.001136,-0.002028,2.6e-05
11452.506819999999,13.772,2.648084,-3.4e-05,-0.001146,-0.002033,1.4e-05
11455.006682,13.772,2.715551,-3.6e-05,-0.001144,-0.002043,1.2e-05
11456.272831,13.772,2.689258,-3.6e-05,-0.001144,-0.002044,1.6e-05
11458.772708,13.772,2.617812,-3.6e-05,-0.001143,-0.00204,1e-05
11460.021459,13.772,3.425818,-4e-05,-0.001145,-0.002032,6e-06
11462.522584999999,13.772,2.717243,-3.9e-05,-0.001141,-0.002035,8e-06
11463.787457,13.772,2.795347,-3.7e-05,-0.001137,-0.002036,1e-05
11466.318575000001,13.772,3.134485,-4e-05,-0.001141,-0.002026,1e-06
11468.834046,13.772,2.859604,-4.3e-05,-0.001139,-0.002034,-0.0
11470.084805,13.772,2.642275,-4.4e-05,-0.001141,-0.002028,-1e-06
11472.583754,13.772,3.106283,-3.9e-05,-0.001132,-0.002032,-1e-06
11473.849695,13.772,3.113413,-4e-05,-0.001131,-0.002031,0.0
11476.349269,13.772,2.80113,-3.3e-05,-0.001123,-0.00203,5e-06
11478.866319,13.772,3.336244,-2.9e-05,-0.00112,-0.002026,7e-06
11480.130468,13.772,3.126703,-2.8e-05,-0.001117,-0.002028,8e-06
11482.630791,13.772,2.986851,-2e-05,-0.001109,-0.002025,1e-05
11483.881475999999,13.772,2.980506,-1.8e-05,-0.001108,-0.002024,7e-06
11486.411748,13.772,3.009138,-1.8e-05,-0.001105,-0.002023,8e-06
11488.912970000001,13.772,3.10589,-1.9e-05,-0.001103,-0.002021,1e-05
11490.163589,13.772,4.391868,-2e-05,-0.0011,-0.002024,9e-06
11492.659627000001,13.772,3.206,-1.4e-05,-0.001093,-0.002017,1.1e-05
11493.897804,13.772,3.094367,-1.3e-05,-0.001094,-0.002027,1e-05
11496.412083,13.772,3.112453,-2.3e-05,-0.001099,-0.002023,-2e-06
11498.927053,13.772,2.888948,-2.8e-05,-0.001102,-0.002022,-8e-06
11500.177796,13.772,3.368203,-2.9e-05,-0.0011,-0.002024,-9e-06
11502.677401,13.772,3.292513,-3e-05,-0.001098,-0.002021,-1e-05
11503.928218000001,13.772,3.379848,-2.5e-05,-0.001095,-0.002019,-8e-06
11506.427777,13.772,3.347985,-3.5e-05,-0.001101,-0.002009,-2e-05
11508.927705,13.772,3.602197,-4.1e-05,-0.001105,-0.002012,-2.6e-05
11510.177002,13.772,3.368145,-4.5e-05,-0.001108,-0.002007,-3.2e-05
11512.678643,13.772,3.717517,-4.6e-05,-0.001106,-0.002009,-3.2e-05
11513.925741,13.772,3.427187,-4.4e-05,-0.001104,-0.002011,-2.9e-05
11516.425499,13.772,3.472218,-4.5e-05,-0.001105,-0.002009,-3.8e-05
11518.912419,13.772,3.564948,-4.8e-05,-0.001104,-0.002013,-4.3e-05
11520.161905,13.772,3.567415,-4.7e-05,-0.001103,-0.002013,-4.5e-05
11522.677874,13.772,3.673271,-5.4e-05,-0.001105,-0.002006,-5.1e-05
11523.943079,13.772,3.571421,-5.4e-05,-0.001105,-0.002012,-5.1e-05
11526.459052,13.772,3.529615,-5.6e-05,-0.001105,-0.002005,-5.6e-05
11528.959797,13.772,3.720833,-5.2e-05,-0.001099,-0.002005,-5.4e-05
11530.209836,13.772,3.675913,-5.1e-05,-0.001096,-0.002006,-5.1e-05
11532.709359,13.772,3.666438,-5.1e-05,-0.001095,-0.002005,-5.7e-05
11533.955485999999,13.772,3.902575,-5e-05,-0.001095,-0.002005,-5.7e-05
11536.458748000001,13.772,3.813197,-5.5e-05,-0.001097,-0.002005,-6.6e-05
11538.958572,13.772,4.0185,-5.8e-05,-0.001094,-0.002008,-6.3e-05
11540.209579,13.772,3.832179,-6e-05,-0.001095,-0.002001,-6.8e-05
11542.723888,13.772,3.574201,-5.9e-05,-0.001092,-0.002003,-6.9e-05
11543.97439,13.772,4.0848,-6e-05,-0.001091,-0.002009,-7e-05
11546.50733,13.772,3.76719,-6.3e-05,-0.001093,-0.002008,-7.6e-05
11549.005267,13.772,3.902172,-6.1e-05,-0.001091,-0.002006,-7.6e-05
11550.256089,13.772,3.914363,-6.2e-05,-0.001089,-0.002004,-7.6e-05
11552.756072,13.772,4.031354,-6.1e-05,-0.001087,-0.002004,-7.9e-05
11554.006129000001,13.772,4.333478,-6e-05,-0.001085,-0.002008,-8.1e-05
11556.505547,13.772,4.364885,-6.2e-05,-0.001086,-0.002008,-8.6e-05
11559.007044,13.772,3.937849,-6.7e-05,-0.001085,-0.002005,-8.8e-05
11560.271943,13.772,4.125502,-6.5e-05,-0.001083,-0.002002,-9.1e-05
11562.772937,13.772,4.131491,-6.2e-05,-0.001081,-0.002,-9.4e-05
11564.021922,13.772,4.221574,-6.5e-05,-0.00108,-0.002003,-9.5e-05
11566.521993999999,13.772,4.114583,-6.6e-05,-0.001081,-0.002006,-9.6e-05
11567.786896,13.772,4.312533,-6.4e-05,-0.001078,-0.002006,-9.6e-05
11570.287197,13.772,4.669285,-6.6e-05,-0.001078,-0.002009,-0.000102
11572.788069,13.772,3.661992,-6.8e-05,-0.001075,-0.002008,-0.000105
11574.037981000001,13.772,4.344476,-6.7e-05,-0.001075,-0.001997,-0.000104
11576.538068,13.772,4.02859,-6.6e-05,-0.001072,-0.001997,-0.000107
11577.787961,13.772,4.389671,-6.8e-05,-0.001073,-0.002002,-0.000106
11580.287207000001,13.772,4.343956,-7.1e-05,-0.001073,-0.002004,-0.000112
11582.803558,13.772,4.518005,-6.6e-05,-0.001067,-0.001998,-0.00011
11584.052418,13.772,4.431864,-6.4e-05,-0.001064,-0.002003,-0.000107
11586.567896,13.772,4.470348,-6.4e-05,-0.001061,-0.002002,-0.00011
11587.817777,13.772,4.427986,-6.8e-05,-0.001064,-0.001995,-0.000111
11590.316253,13.772,4.381528,-6.6e-05,-0.001062,-0.001998,-0.000113
11592.850193,13.772,4.715987,-6.8e-05,-0.001056,-0.001998,-0.00012
11594.114643,13.772,5.120936,-7.1e-05,-0.001059,-0.002001,-0.000125
11596.614685,13.772,4.385215,-7e-05,-0.001059,-0.001996,-0.000128
11597.864692,13.772,5.227709,-6.9e-05,-0.001057,-0.001996,-0.000127
11600.366784,13.772,4.912817,-7e-05,-0.001056,-0.001999,-0.000132
11602.865789,13.772,5.046356,-6.9e-05,-0.001054,-0.001998,-0.000133
11604.114808999999,13.772,4.72638,-6.9e-05,-0.001055,-0.002002,-0.000134
11606.615952,13.772,4.974644,-7.6e-05,-0.001057,-0.001999,-0.000147
11607.866681,13.772,5.028719,-7.8e-05,-0.001058,-0.002004,-0.000148
11610.380804,13.772,5.255227,-8.4e-05,-0.00106,-0.001996,-0.000155
11612.896090999999,13.772,4.714671,-8.9e-05,-0.00106,-0.002001,-0.000161
11614.147291000001,13.772,4.934622,-9.1e-05,-0.001061,-0.002,-0.000164
11616.648186,13.772,4.917369,-9.5e-05,-0.001062,-0.001997,-0.000169
11617.897114,13.772,5.343725,-9.4e-05,-0.001064,-0.001997,-0.000171
11620.412401,13.772,5.635942,-9.3e-05,-0.001058,-0.001997,-0.000171
11622.940955,13.772,5.106647,-8.8e-05,-0.001056,-0.001994,-0.000166
11624.193457000001,13.772,5.093367,-8.5e-05,-0.001055,-0.001991,-0.000163
11626.693367,13.772,5.13836,-7.7e-05,-0.001049,-0.001998,-0.000155
11627.943068,13.772,5.271853,-7.2e-05,-0.001046,-0.001992,-0.000153
11630.458677999999,13.772,5.000512,-6.8e-05,-0.001046,-0.001992,-0.00015
11632.938147,13.772,4.712872,-6.3e-05,-0.001044,-0.002001,-0.00014
11634.171763,13.772,5.008263,-6.3e-05,-0.001046,-0.001999,-0.00014
11636.641324,13.772,5.017299,-6.2e-05,-0.001048,-0.001999,-0.000136
11637.874931999999,13.772,5.021336,-6.4e-05,-0.001051,-0.001999,-0.000135
11640.343466999999,13.772,4.630201,-6.7e-05,-0.001054,-0.001994,-0.000137
11642.834691,13.772,4.867993,-7.1e-05,-0.001058,-0.001991,-0.000139
11644.097288,13.772,4.675486,-7.4e-05,-0.001064,-0.001993,-0.00014
11646.616212,13.772,5.093444,-7e-05,-0.001065,-0.001992,-0.000134
11647.882166,13.772,4.658345,-6.3e-05,-0.00106,-0.001991,-0.00013
11650.382063000001,13.772,4.439763,-6.4e-05,-0.001063,-0.001999,-0.000126
11652.865172,13.772,4.199786,-6.3e-05,-0.001066,-0.001994,-0.000125
11654.115105,13.772,4.503214,-6.1e-05,-0.001064,-0.002,-0.000119
11656.616209,13.772,4.395194,-6.1e-05,-0.001067,-0.002003,-0.000116
11657.880919,13.772,4.510536,-6.2e-05,-0.001071,-0.001999,-0.000118
11660.396905,13.772,4.5697,-6.4e-05,-0.001073,-0.002,-0.000119
11662.897502,13.772,4.40408,-6.1e-05,-0.001076,-0.001998,-0.000117
11664.16273,13.772,4.39391,-5.9e-05,-0.001073,-0.002001,-0.000112
11666.662905000001,13.772,4.396743,-4.8e-05,-0.001067,-0.002005,-9.9e-05
11667.928801,13.772,4.289004,-4.6e-05,-0.001065,-0.002002,-9.7e-05
11670.428069,13.772,4.397162,-4.5e-05,-0.001066,-0.002005,-9.2e-05
11672.943455,13.772,3.984817,-4.7e-05,-0.001071,-0.002008,-9.1e-05
11674.209578,13.772,4.114594,-4.8e-05,-0.001071,-0.002008,-8.9e-05
11676.739909,13.772,4.134367,-5.2e-05,-0.001077,-0.002005,-9.3e-05
11678.006782,13.772,4.064146,-5.1e-05,-0.001079,-0.002013,-9.2e-05
11680.522086,13.772,4.071903,-5.1e-05,-0.001081,-0.002005,-8.9e-05
11683.023161000001,13.772,3.821489,-5.3e-05,-0.001085,-0.002007,-9.1e-05
11684.27267,13.772,4.087298,-5.1e-05,-0.001087,-0.002014,-9.1e-05
11686.771608,13.772,4.456751,-5.4e-05,-0.001092,-0.002014,-9.2e-05
11688.021888,13.772,3.805796,-5.5e-05,-0.001093,-0.002004,-9.2e-05
11690.537553,13.772,3.778639,-4.7e-05,-0.001088,-0.002007,-8.8e-05
11691.786908,13.772,3.923568,-4.4e-05,-0.001089,-0.002014,-8.4e-05
11694.287094,13.772,3.951272,-3.9e-05,-0.001084,-0.00201,-7.2e-05
11696.787005999999,13.772,3.765513,-3.4e-05,-0.001083,-0.002015,-6e-05
11698.052753,13.772,3.755248,-3.3e-05,-0.001078,-0.002019,-5.5e-05
11700.552548,13.772,3.864674,-2.7e-05,-0.001079,-0.002012,-5.2e-05
11701.818526,13.772,3.777732,-2.5e-05,-0.00108,-0.002011,-5.2e-05
11704.319489000001,13.772,3.800719,-2.5e-05,-0.001083,-0.002009,-5e-05
11706.819231000001,13.772,4.060427,-3.1e-05,-0.001091,-0.00201,-5.6e-05
11708.069402000001,13.772,3.432864,-3.1e-05,-0.001091,-0.002014,-5.4e-05
11710.584493999999,13.772,3.502336,-2.1e-05,-0.001084,-0.002019,-4.2e-05
11711.849102,13.772,3.64979,-1.7e-05,-0.00108,-0.002019,-3.7e-05
11714.349634,13.772,3.49051,-1.2e-05,-0.001076,-0.002022,-2.8e-05
11716.848352,13.772,3.808863,-1.4e-05,-0.001084,-0.002022,-3.1e-05
11718.099115,13.772,3.373344,-2.2e-05,-0.001093,-0.002014,-4.1e-05
11720.615876,13.772,3.598727,-4.4e-05,-0.001113,-0.00201,-6e-05
11721.865567,13.772,3.562052,-4.2e-05,-0.001115,-0.002016,-5.7e-05
11724.365882,13.772,3.363667,-3.9e-05,-0.001113,-0.002018,-4.9e-05
11726.865901000001,13.772,3.572153,-2.6e-05,-0.001102,-0.002023,-3.8e-05
11728.114632,13.772,3.201549,-2.6e-05,-0.001105,-0.00202,-3.5e-05
11730.615904999999,13.772,3.457066,-2.4e-05,-0.001104,-0.002025,-2.7e-05
11731.866406000001,13.772,3.076053,-2.7e-05,-0.001113,-0.002024,-3.5e-05
11734.381139000001,13.772,3.054562,-3.3e-05,-0.001119,-0.002022,-3.6e-05
11736.880430000001,13.772,3.258862,-2.2e-05,-0.001111,-0.002031,-2.6e-05
11738.146936000001,13.772,3.12048,-1.8e-05,-0.001111,-0.002028,-2.4e-05
11740.647247,13.772,3.24614,-1.5e-05,-0.001111,-0.002032,-2e-05
11741.895343,13.772,3.05184,-1.7e-05,-0.001112,-0.002027,-1.8e-05
11744.397962,13.772,3.185145,-1.9e-05,-0.001114,-0.002026,-1.6e-05
11746.897673,13.772,3.02169,-2.2e-05,-0.001118,-0.002031,-1.3e-05
11748.147806,13.772,3.143488,-1.5e-05,-0.001112,-0.002034,-5e-06
11750.647763,13.772,3.295553,-1.4e-05,-0.001115,-0.002036,-7e-06
11751.896636000001,13.772,3.023404,-2.4e-05,-0.001125,-0.002025,-2.3e-05
11754.376390000001,13.772,2.948276,-3.6e-05,-0.001138,-0.002028,-2.6e-05
11756.865523,13.772,3.501614,-3e-05,-0.001132,-0.002019,-1.4e-05
11758.132427,13.772,2.634264,-3.3e-05,-0.001137,-0.002012,-1.8e-05
11760.630304999999,13.772,3.005944,-2.2e-05,-0.00113,-0.002016,-5e-06
11761.88054,13.772,2.924992,-1.7e-05,-0.001125,-0.002026,3e-06
11764.397871000001,13.772,2.874714,-7e-06,-0.001115,-0.002027,1.3e-05
11766.912292,13.772,2.738141,-1.2e-05,-0.001125,-0.002021,7e-06
11768.162044,13.772,2.817528,-8e-06,-0.001121,-0.002031,1.9e-05
11770.656841,13.772,2.741281,-1.5e-05,-0.001127,-0.002031,1.5e-05
11771.896881,13.772,2.618544,-9e-06,-0.001123,-0.002037,2.5e-05
11774.395777,13.772,2.686016,-3e-06,-0.001118,-0.002036,3.5e-05
11776.895304,13.772,2.71302,-8e-06,-0.001126,-0.002032,2.3e-05
11778.146929999999,13.772,2.681735,-1.7e-05,-0.001135,-0.00203,1.2e-05
11780.646749,13.772,2.798684,-1.3e-05,-0.001137,-0.002027,1.2e-05
11781.897021,13.772,2.65418,-1.3e-05,-0.001135,-0.002032,2.2e-05
11784.397069999999,13.772,2.652015,-7e-06,-0.001131,-0.002038,3.6e-05
11786.911756000001,13.772,2.674668,-1e-06,-0.001132,-0.002033,3.7e-05
11788.162089000001,13.772,3.274003,5e-06,-0.001126,-0.00204,4.1e-05
11790.675657,13.772,2.668981,1.2e-05,-0.001121,-0.002033,4.5e-05
11791.928031,13.772,2.68261,9e-06,-0.001124,-0.002031,4.1e-05
11794.427507,13.772,2.481196,9e-06,-0.001124,-0.002031,4.9e-05
11796.942757,13.772,2.364454,1.5e-05,-0.001118,-0.00204,6.1e-05
11798.193669,13.772,2.425444,1.7e-05,-0.001116,-0.002039,6.8e-05
11800.724699999999,13.772,2.422664,2e-05,-0.001117,-0.00204,7.2e-05
11801.975788,13.772,1.991596,2e-05,-0.001117,-0.002039,7.7e-05
11804.474918,13.772,2.061912,2e-05,-0.001118,-0.002035,7.8e-05
11806.974756,13.772,2.345674,1.9e-05,-0.001124,-0.002035,7.3e-05
11808.224601,13.772,2.32501,1.8e-05,-0.001122,-0.00204,7.7e-05
11810.726198,13.772,2.294505,1.1e-05,-0.001132,-0.002043,7.1e-05
11811.973251,13.772,2.716092,5e-06,-0.001137,-0.00204,6.9e-05
11814.490563,13.772,2.268456,9e-06,-0.001136,-0.002034,7.5e-05
11816.989222,13.772,2.219526,1.4e-05,-0.001136,-0.002037,8e-05
11818.240763,13.772,2.314017,1.8e-05,-0.001132,-0.002041,8.6e-05
11820.740861999999,13.772,2.090671,1.5e-05,-0.001139,-0.00204,7.7e-05
11821.990722999999,13.772,2.129257,1.1e-05,-0.001143,-0.002033,7.3e-05
11824.490415,13.772,2.074607,1.9e-05,-0.001136,-0.002037,8.8e-05
11827.006908,13.772,2.045975,2.4e-05,-0.001134,-0.002025,9.3e-05
11828.255545,13.772,1.954995,2.8e-05,-0.001134,-0.002023,9.1e-05
11830.772977,13.772,2.299746,2.3e-05,-0.001137,-0.002023,9.1e-05
11832.021606999999,13.772,1.991835,1.9e-05,-0.00114,-0.002018,8.7e-05
11834.523131,13.772,2.051285,1.8e-05,-0.001145,-0.002024,8.9e-05
11837.022883,13.772,1.633613,2.4e-05,-0.00114,-0.002028,9.9e-05
11838.272995,13.772,1.918734,2.5e-05,-0.001139,-0.002034,0.000105
11840.786875,13.772,1.874265,2.7e-05,-0.001135,-0.002029,0.000109
11842.037102999999,13.772,1.872657,3.1e-05,-0.001133,-0.002035,0.000114
11844.537176,13.772,1.69968,3.9e-05,-0.001131,-0.002031,0.000115
11847.03732,13.772,1.72619,3.9e-05,-0.001132,-0.002031,0.000122
11848.288260000001,13.772,1.798989,3.9e-05,-0.001131,-0.002028,0.000122
11850.819787,13.772,1.824597,4.2e-05,-0.001131,-0.002026,0.000126
11852.069561,13.772,1.857293,4e-05,-0.001135,-0.002021,0.000122
11854.584639,13.772,1.702003,4.5e-05,-0.001131,-0.002024,0.000133
11855.834005,13.772,1.618775,4.4e-05,-0.001133,-0.002016,0.000134
11858.333501000001,13.772,1.738371,4.7e-05,-0.00113,-0.002026,0.00014
11860.833401,13.772,1.654192,4.7e-05,-0.001134,-0.002021,0.000135
11862.083705000001,13.772,1.659291,4.8e-05,-0.001133,-0.00203,0.000141
11864.584904,13.772,1.466567,5.3e-05,-0.00113,-0.00203,0.000151
11865.835012,13.772,1.564205,5.6e-05,-0.00113,-0.002025,0.000151
11868.333062,13.772,1.581818,6.3e-05,-0.001122,-0.002025,0.000161
11870.833999,13.772,1.342997,6.4e-05,-0.001123,-0.002026,0.000164
11872.084581,13.772,1.456784,6.6e-05,-0.001121,-0.00203,0.000167
11874.616042,13.772,1.415461,6.3e-05,-0.001125,-0.002022,0.000165
11875.865874,13.772,1.491194,6.4e-05,-0.001125,-0.002028,0.000173
11878.381664,13.772,1.49278,6.4e-05,-0.001126,-0.002028,0.000171
11880.879727,13.772,1.156857,6.2e-05,-0.001126,-0.002022,0.000171
11882.130808,13.772,1.456296,6.8e-05,-0.001123,-0.002026,0.000177
11884.647772,13.772,1.41761,7e-05,-0.001119,-0.002025,0.000182
11885.896614000001,13.772,1.559536,7e-05,-0.001119,-0.002018,0.000183
11888.396939999999,13.771,1.44932,7.6e-05,-0.001118,-0.002014,0.000192
11890.896089,13.771,1.261583,8.5e-05,-0.001113,-0.002014,0.000197
11892.147509,13.771,1.374144,8e-05,-0.001119,-0.002006,0.000194
11894.647776,13.771,1.29994,7.7e-05,-0.001123,-0.002003,0.000192
11895.897238,13.771,1.302667,7.7e-05,-0.001124,-0.002002,0.00019
11898.411896,13.771,1.308375,7.1e-05,-0.00113,-0.002004,0.000185
11900.911864,13.771,1.245937,7.1e-05,-0.001131,-0.002009,0.00019
11902.161978,13.771,1.221295,7.4e-05,-0.001128,-0.002012,0.000195
11904.661854,13.771,1.294136,8e-05,-0.001123,-0.002014,0.000208
11905.911513,13.771,1.15421,8.5e-05,-0.001119,-0.002012,0.000212
11908.427813,13.771,0.422324,9e-05,-0.001117,-0.002006,0.000215
11910.959521,13.771,1.078812,9.1e-05,-0.001113,-0.002013,0.000219
11912.22128,13.771,1.460089,9e-05,-0.001116,-0.002005,0.000215
11914.724871999999,13.771,1.180757,9.1e-05,-0.001111,-0.002009,0.000213
11915.973943,13.771,1.18385,9e-05,-0.00111,-0.002003,0.000212
11918.474287000001,13.771,1.22139,8.9e-05,-0.001107,-0.002007,0.000213
11920.990041000001,13.771,1.354536,8.5e-05,-0.00111,-0.002007,0.000208
11922.240302999999,13.771,1.282544,8.1e-05,-0.001113,-0.002005,0.000203
11924.74121,13.771,-0.176124,7.7e-05,-0.001116,-0.00201,0.000196
11925.990603999999,13.771,1.309012,7.5e-05,-0.001118,-0.002009,0.000192
11928.489606,13.771,0.752141,7.2e-05,-0.001121,-0.002007,0.000185
11930.990015,13.771,1.325543,7.5e-05,-0.001116,-0.002012,0.00019
11932.239651,13.771,1.378558,7.4e-05,-0.001114,-0.002009,0.000188
11934.755483,13.771,1.373094,7.2e-05,-0.001112,-0.002009,0.000188
11936.022204,13.771,1.431987,7.3e-05,-0.001111,-0.00201,0.000186
11938.523648,13.771,1.606228,7.3e-05,-0.001114,-0.002008,0.000181
11941.023146,13.771,1.49591,6.9e-05,-0.001116,-0.002008,0.000176
11942.271757999999,13.771,1.518415,6.8e-05,-0.001114,-0.002009,0.000177
11944.788564999999,13.771,1.324492,6.8e-05,-0.001111,-0.002009,0.000176
11946.037128,13.771,1.575452,6.8e-05,-0.00111,-0.002001,0.000172
11948.537339,13.771,1.618838,6.7e-05,-0.001108,-0.002007,0.000171
11951.052143,13.771,1.616472,6.4e-05,-0.001111,-0.002006,0.000166
11952.301863,13.771,2.235266,6.4e-05,-0.001111,-0.002008,0.000164
11954.803479,13.771,1.601527,6.3e-05,-0.001108,-0.002007,0.000164
11956.053071,13.771,1.850805,6.3e-05,-0.001108,-0.002007,0.000163
11958.569771,13.771,1.70724,6.2e-05,-0.001107,-0.002008,0.000164
11959.819057,13.771,1.717389,6e-05,-0.001107,-0.002001,0.000159
11962.319448,13.771,1.665848,6e-05,-0.001105,-0.002,0.000158
11964.819264,13.771,0.93349,5.9e-05,-0.0011,-0.002001,0.000161
11966.067861,13.771,1.764335,6.1e-05,-0.0011,-0.002006,0.000158
11968.570239,13.771,1.452428,6e-05,-0.001099,-0.002006,0.000154
11969.81935,13.771,1.900224,6e-05,-0.001101,-0.002,0.000152
11972.319862,13.771,1.450386,5.6e-05,-0.001099,-0.002,0.000148
11974.818013,13.772,2.442436,5.7e-05,-0.001096,-0.001999,0.000148
11976.069737,13.772,1.203915,5.9e-05,-0.001094,-0.001998,0.00015
11978.583704,13.772,2.033322,6.1e-05,-0.001092,-0.002005,0.000147
11979.834174,13.772,1.147202,5.9e-05,-0.001096,-0.002001,0.000142
11982.364615,13.772,2.115734,5.9e-05,-0.001094,-0.002003,0.00014
11984.865607,13.772,2.078729,5.9e-05,-0.001095,-0.001999,0.00014
11986.11523,13.772,2.188659,5.9e-05,-0.001094,-0.001993,0.000138
11988.630899,13.772,2.049259,5.5e-05,-0.00109,-0.002002,0.000138
11989.880396,13.772,2.079716,5.5e-05,-0.00109,-0.001996,0.000136
11992.380872,13.772,1.272411,5.2e-05,-0.001091,-0.001996,0.000132
11994.880777,13.772,2.183375,4.7e-05,-0.001092,-0.001995,0.000126
11996.130552999999,13.772,2.074156,4.7e-05,-0.001089,-0.002001,0.000128
11998.63079,13.772,2.443577,4.6e-05,-0.001089,-0.002003,0.000126
11999.880648999999,13.772,2.117914,4.7e-05,-0.001089,-0.001996,0.000124
12002.380863,13.772,2.347393,4.3e-05,-0.001088,-0.001996,0.000118
12004.881159,13.772,2.347143,3.8e-05,-0.001091,-0.001996,0.000113
12006.130902,13.772,2.684971,3.7e-05,-0.001091,-0.002002,0.000114
12008.632004,13.772,2.468825,3.6e-05,-0.001091,-0.002001,0.000108
12009.880825,13.772,2.373861,3.5e-05,-0.001093,-0.001992,0.000106
12012.380795000001,13.772,2.437821,3.3e-05,-0.001089,-0.001992,0.000107
12014.881324,13.772,2.203169,3.5e-05,-0.001086,-0.001994,0.000107
12016.148575,13.772,2.592182,3.6e-05,-0.001085,-0.001997,0.000109
12018.678665,13.772,2.482003,3.1e-05,-0.001087,-0.001991,0.000101
12019.928067,13.772,2.473928,3.4e-05,-0.001083,-0.001998,0.000102
12022.444711,13.772,2.721455,3.5e-05,-0.001081,-0.00199,9.8e-05
12024.944186,13.772,2.653909,2.7e-05,-0.001085,-0.001985,9e-05
12026.193373,13.772,2.536069,2.3e-05,-0.001088,-0.001988,8.5e-05
12028.724839999999,13.772,2.602326,1.9e-05,-0.001091,-0.001989,7.7e-05
12029.974607,13.772,2.69737,1.7e-05,-0.001094,-0.001982,7.3e-05
12032.507478,13.772,2.839832,1.1e-05,-0.001094,-0.001991,7.2e-05
12035.005836,13.772,2.521352,1.8e-05,-0.001087,-0.001992,7.5e-05
12036.255677000001,13.772,2.922912,2.2e-05,-0.001084,-0.001994,7.6e-05
12038.771862,13.772,2.897112,9e-06,-0.001093,-0.001999,6.2e-05
12040.020839,13.772,2.756025,6e-06,-0.001095,-0.001996,5.8e-05
12042.53793,13.772,2.807894,1.3e-05,-0.001086,-0.001999,6.3e-05
12045.037049999999,13.772,2.039104,5e-06,-0.001089,-0.002005,5.8e-05
12046.287227,13.772,3.038418,1e-06,-0.001092,-0.002006,5.3e-05
12048.787237,13.772,2.872226,-4e-06,-0.001097,-0.002002,4.4e-05
12050.037219,13.772,2.950494,-1e-05,-0.0011,-0.001998,3.8e-05
12052.536419,13.772,3.091279,-1.2e-05,-0.0011,-0.002001,3.2e-05
12055.037618,13.772,3.436763,-1.7e-05,-0.001104,-0.002001,2.2e-05
12056.303939000001,13.772,3.012831,-1.7e-05,-0.001101,-0.001999,2.1e-05
12058.802099,13.772,2.989986,-1.1e-05,-0.001097,-0.001997,2.6e-05
12060.068279,13.772,3.110824,-1.2e-05,-0.001094,-0.001993,2.5e-05
12062.584442,13.772,3.133032,-2.6e-05,-0.001104,-0.001995,1.1e-05
12063.834902999999,13.772,3.101206,-2.7e-05,-0.001104,-0.002003,8e-06
12066.349569,13.772,3.287208,-2e-05,-0.001096,-0.002002,1.3e-05
12068.864941,13.772,3.306402,-1.6e-05,-0.001094,-0.001997,1.2e-05
12070.116337,13.772,3.316721,-2.1e-05,-0.001096,-0.001998,9e-06
12072.632233,13.772,3.176498,-2.9e-05,-0.001102,-0.001992,-1e-06
12073.88074,13.772,3.356468,-3.1e-05,-0.0011,-0.001995,-3e-06
12076.380818,13.772,3.32922,-2e-05,-0.001092,-0.002,4e-06
12078.8817,13.772,3.666098,-8e-06,-0.001083,-0.002008,1.2e-05
12080.130717,13.772,3.84028,-1.3e-05,-0.001082,-0.002004,9e-06
12082.647073,13.772,3.289388,-2.7e-05,-0.00109,-0.002007,-5e-06
12083.896939,13.772,3.330202,-2.6e-05,-0.001089,-0.002018,-4e-06
12086.392892,13.772,3.465692,-2.8e-05,-0.001089,-0.002012,-1e-05
12088.89758,13.772,3.642745,-3.1e-05,-0.001089,-0.00202,-1.5e-05
12090.145938,13.772,3.335379,-3.2e-05,-0.001088,-0.002012,-1.6e-05
12092.647191,13.772,3.453464,-3.4e-05,-0.00109,-0.002011,-2e-05
12093.897398000001,13.772,3.55325,-3.6e-05,-0.00109,-0.00202,-2.1e-05
12096.397911,13.772,3.600748,-4.7e-05,-0.0011,-0.002018,-3.9e-05
12098.912983999999,13.772,3.719342,-5.5e-05,-0.001106,-0.002012,-5.2e-05
12100.161012,13.772,3.811834,-5.5e-05,-0.001107,-0.00201,-5.4e-05
12102.647368,13.772,3.631078,-5.9e-05,-0.001108,-0.002003,-6.2e-05
12103.912933,13.772,4.002154,-6.5e-05,-0.00111,-0.002009,-6.8e-05
12106.412171,13.772,3.624235,-7.9e-05,-0.001119,-0.002018,-7.4e-05
12108.927421,13.772,3.597565,-6.9e-05,-0.001108,-0.002005,-6.7e-05
12110.177741,13.772,3.656708,-6.2e-05,-0.001102,-0.002014,-5.9e-05
12112.678925,13.772,3.787292,-5.5e-05,-0.001092,-0.002024,-5.4e-05
12113.927301,13.772,3.91171,-5.2e-05,-0.001088,-0.002026,-5.1e-05
12116.427798,13.772,4.2175,-6.1e-05,-0.001094,-0.002024,-6.3e-05
12118.928826,13.772,3.74207,-7.1e-05,-0.001098,-0.002028,-7.5e-05
12120.179585,13.772,3.887773,-7.5e-05,-0.001102,-0.00202,-8.1e-05
12122.678063,13.772,3.947261,-7e-05,-0.0011,-0.002024,-8.4e-05
12123.927409,13.772,3.888065,-6.6e-05,-0.001093,-0.002026,-7.8e-05
12126.427339,13.772,3.98218,-6.7e-05,-0.00109,-0.002028,-7.8e-05
12128.927831,13.772,3.915217,-6.5e-05,-0.00109,-0.002026,-8.3e-05
12130.177901,13.772,4.484163,-6.6e-05,-0.001087,-0.002021,-8.3e-05
12132.679272000001,13.772,4.033254,-5.8e-05,-0.001077,-0.002024,-7.8e-05
12133.943735,13.772,4.026437,-5.8e-05,-0.001081,-0.002029,-8.1e-05
12136.442958,13.772,4.073441,-8.1e-05,-0.001098,-0.002027,-0.000106
12138.943159,13.772,3.544597,-7.6e-05,-0.001094,-0.002033,-0.000102
12140.208676999999,13.772,4.495559,-7.3e-05,-0.001091,-0.002034,-0.0001
12142.706124,13.772,4.1638,-7.6e-05,-0.00109,-0.002026,-0.000103
12143.959313,13.772,4.409794,-7.9e-05,-0.001089,-0.002033,-0.000106
12146.459976,13.772,4.826039,-7.7e-05,-0.001084,-0.002031,-0.000105
12148.959755,13.772,4.556994,-7.3e-05,-0.00108,-0.002036,-0.000106
12150.208963000001,13.772,4.611707,-7.6e-05,-0.001081,-0.002029,-0.00011
12152.725948,13.772,4.477457,-7.4e-05,-0.001076,-0.002037,-0.000106
12153.976045,13.772,4.573472,-7.6e-05,-0.001076,-0.002029,-0.000111
12156.474691,13.772,4.63957,-8.6e-05,-0.001086,-0.002027,-0.000128
12158.97448,13.772,4.381544,-8.5e-05,-0.001082,-0.002032,-0.000127
12160.224876,13.772,4.673449,-8.6e-05,-0.001081,-0.002036,-0.00013
12162.709732,13.772,4.828066,-9.2e-05,-0.001083,-0.002036,-0.000139
12163.959640000001,13.772,4.524281,-9.6e-05,-0.001085,-0.00203,-0.000142
12166.459624,13.772,4.810007,-0.000115,-0.001103,-0.002036,-0.000166
12168.958324,13.772,4.636137,-0.00011,-0.001097,-0.002042,-0.000158
12170.209706,13.772,4.722958,-0.000111,-0.001098,-0.002041,-0.000165
12172.708808,13.772,5.515854,-0.000109,-0.001091,-0.002037,-0.000161
12173.960355,13.772,5.088267,-0.000107,-0.00109,-0.002034,-0.000159
12176.474505,13.772,4.670155,-9.9e-05,-0.001089,-0.002027,-0.00016
12178.975073,13.772,4.956378,-0.000101,-0.001094,-0.002034,-0.000159
12180.239568,13.772,4.591435,-9.2e-05,-0.001087,-0.002036,-0.000147
12182.755417,13.772,4.369347,-8.4e-05,-0.001081,-0.002028,-0.000138
12184.021939,13.772,4.688198,-8.4e-05,-0.001083,-0.002024,-0.000139
12186.521037,13.772,4.451483,-8e-05,-0.001079,-0.002026,-0.000134
12189.020786000001,13.772,4.660393,-8.2e-05,-0.001084,-0.002034,-0.000132
12190.272815,13.772,4.33821,-8.3e-05,-0.001085,-0.002039,-0.000131
12192.765341999999,13.772,4.65999,-7.9e-05,-0.001083,-0.002033,-0.000124
12194.005067,13.772,4.34976,-7.4e-05,-0.001084,-0.002036,-0.000122
12196.508097,13.772,4.687391,-8.3e-05,-0.001097,-0.002033,-0.000136
12199.007964,13.772,4.074332,-8.4e-05,-0.001101,-0.002031,-0.000135
12200.256304999999,13.772,4.240949,-8.4e-05,-0.001099,-0.002023,-0.000132
12202.755801,13.772,4.252313,-8.5e-05,-0.001105,-0.002026,-0.000137
12204.006931,13.772,4.714225,-8e-05,-0.001101,-0.002031,-0.000134
12206.505859,13.772,4.117501,-7.6e-05,-0.001102,-0.002027,-0.000126
12209.005947,13.772,4.136844,-7.9e-05,-0.001102,-0.002027,-0.00012
12210.256011000001,13.772,4.090232,-8.4e-05,-0.001108,-0.002022,-0.000128
12212.771562,13.772,4.110222,-8.9e-05,-0.001118,-0.00202,-0.000128
12214.02297,13.772,3.782347,-9.1e-05,-0.00112,-0.002031,-0.000128
12216.522894,13.772,4.036978,-8.9e-05,-0.001119,-0.002037,-0.000118
12219.021918999999,13.772,3.94611,-8.3e-05,-0.001115,-0.002036,-0.000115
12220.271542999999,13.772,3.725411,-8.4e-05,-0.001119,-0.002028,-0.000114
12222.772049,13.772,3.972323,-8.4e-05,-0.001122,-0.00203,-0.000117
12224.021857,13.772,3.935271,-8.2e-05,-0.00112,-0.002038,-0.000112
12226.537965,13.772,3.534825,-7.3e-05,-0.001119,-0.002032,-0.000105
12229.037934,13.772,3.598812,-7e-05,-0.001118,-0.002035,-9.7e-05
12230.287773,13.772,3.802915,-7e-05,-0.001121,-0.002034,-9.6e-05
12232.78751,13.772,3.959097,-7.3e-05,-0.001122,-0.002031,-9.8e-05
12234.038107,13.772,3.562778,-6.8e-05,-0.001121,-0.002036,-9.1e-05
12236.553189,13.772,3.851013,-6.6e-05,-0.00112,-0.002034,-8.8e-05
12237.819383,13.772,4.11357,-6.6e-05,-0.001123,-0.002033,-8.7e-05
12240.318057,13.772,3.645466,-6e-05,-0.001117,-0.002029,-7.3e-05
12242.819717999999,13.772,4.012346,-5.5e-05,-0.001116,-0.002026,-6.8e-05
12244.069765,13.772,3.664236,-5.7e-05,-0.001117,-0.00202,-7e-05
12246.56861,13.772,3.544417,-5.3e-05,-0.001118,-0.002028,-6.2e-05
12247.834876,13.772,3.46113,-5.2e-05,-0.001118,-0.002027,-6.5e-05
12250.336062999999,13.772,3.489242,-4.8e-05,-0.001116,-0.002026,-4.9e-05
12252.83433,13.772,3.694651,-4e-05,-0.001112,-0.002027,-4.3e-05
12254.083281,13.772,3.344112,-4.2e-05,-0.001112,-0.002019,-4.4e-05
12256.585449999999,13.772,3.34199,-3.6e-05,-0.001109,-0.00202,-3.7e-05
12257.834908,13.772,3.303145,-3.3e-05,-0.00111,-0.002028,-3.4e-05
12260.334734,13.772,3.271902,-3.2e-05,-0.001109,-0.002027,-3e-05
12262.850414,13.772,3.608616,-2.9e-05,-0.001106,-0.002023,-2.5e-05
12264.100821,13.772,3.397069,-2.9e-05,-0.001107,-0.002017,-2.6e-05
12266.599551,13.772,3.210557,-3.6e-05,-0.001116,-0.002013,-3e-05
12267.865170000001,13.772,3.172551,-3.8e-05,-0.001119,-0.002015,-3.1e-05
12270.364692,13.772,4.412436,-3.5e-05,-0.001121,-0.002025,-2.7e-05
12272.865923000001,13.772,3.349544,-3.3e-05,-0.00112,-0.002023,-2.1e-05
12274.116156,13.772,3.209014,-3.1e-05,-0.001122,-0.002019,-2.1e-05
12276.631547,13.772,3.346436,-3.2e-05,-0.001124,-0.002014,-2.2e-05
12277.896931,13.772,3.046413,-3e-05,-0.001124,-0.002014,-1.9e-05
12280.396288,13.772,3.058917,-2.8e-05,-0.001122,-0.002015,-1.3e-05
12282.896405,13.772,3.037452,-2e-05,-0.001116,-0.002017,-3e-06
12284.146809,13.772,3.113561,-2e-05,-0.001119,-0.002016,-0.0
12286.646182,13.772,3.049914,-1.4e-05,-0.001116,-0.002016,8e-06
12287.896164,13.772,2.869817,-1.3e-05,-0.001116,-0.002014,8e-06
12290.395652,13.772,2.85632,-1.2e-05,-0.001116,-0.002011,1.2e-05
12292.896021,13.772,2.876045,-9e-06,-0.001115,-0.002011,2.3e-05
12294.147358,13.772,2.721906,-7e-06,-0.001113,-0.002011,2.1e-05
12296.647297,13.772,2.916211,-4e-06,-0.001114,-0.00201,2.6e-05
12297.911912,13.772,3.383243,-2e-06,-0.001112,-0.00201,3e-05
12300.413636000001,13.772,2.821263,3e-06,-0.001111,-0.002008,3.2e-05
12302.912516,13.772,2.774848,0.0,-0.001114,-0.002008,3.1e-05
12304.162424,13.772,2.839015,1e-06,-0.001113,-0.002003,3.4e-05
12306.677921999999,13.772,2.676462,5e-06,-0.001114,-0.00201,4.3e-05
12307.928594,13.772,2.812467,6e-06,-0.001112,-0.002008,4.6e-05
12310.443597000001,13.772,2.508869,5e-06,-0.001116,-0.002007,4e-05
12312.959402,13.772,2.706898,-0.0,-0.001119,-0.002008,4.4e-05
12314.208682,13.772,2.740443,1e-06,-0.001119,-0.002012,4.6e-05
12316.72359,13.772,2.507871,5e-06,-0.001119,-0.002008,4.7e-05
12317.974673,13.772,2.810393,8e-06,-0.001119,-0.002017,5e-05
12320.474774,13.772,2.541692,1.3e-05,-0.001117,-0.002011,6.1e-05
12322.975782000001,13.772,2.572107,1.7e-05,-0.001112,-0.002008,7e-05
12324.225365,13.772,2.524848,1.9e-05,-0.001111,-0.002007,7.3e-05
12326.725727000001,13.772,1.684268,2.2e-05,-0.001111,-0.002004,7.6e-05
12327.989606,13.772,2.515203,2.4e-05,-0.001112,-0.002012,7.7e-05
12330.490453999999,13.772,1.880822,2.5e-05,-0.00111,-0.002007,7.8e-05
12332.990802,13.772,2.444893,2.5e-05,-0.001112,-0.002003,8.1e-05
12334.240657999999,13.772,2.261904,2.5e-05,-0.001115,-0.002003,8.2e-05
12336.741035,13.772,2.288372,3e-05,-0.001111,-0.002008,9.1e-05
12338.004969,13.772,3.255939,3.2e-05,-0.00111,-0.002007,9.5e-05
12340.505382,13.772,2.198793,3.5e-05,-0.00111,-0.002,0.000101
12342.991004,13.772,2.239659,3.8e-05,-0.001109,-0.002001,0.000104
12344.271381999999,13.772,2.200193,3.6e-05,-0.001109,-0.002001,0.000106
12346.772541,13.772,2.09064,4e-05,-0.001107,-0.002,0.000109
12348.022363,13.772,2.11689,4.4e-05,-0.001105,-0.002002,0.000115
12350.537508000001,13.772,2.052649,4.7e-05,-0.001105,-0.001998,0.000117
12353.037918,13.772,1.994774,5e-05,-0.001103,-0.001999,0.000123
12354.286284,13.772,1.992084,5.4e-05,-0.001102,-0.001995,0.000125
12356.787783,13.772,1.945467,5.7e-05,-0.0011,-0.001993,0.000131
12358.036034,13.772,2.064999,6.4e-05,-0.001095,-0.002003,0.00014
12360.537552,13.772,2.033269,6.6e-05,-0.001095,-0.002001,0.000143
12363.036995,13.772,2.078873,7.3e-05,-0.001092,-0.002004,0.000147
12364.287042,13.772,1.931137,7.1e-05,-0.001093,-0.001997,0.000148
12366.787767,13.772,1.95222,7e-05,-0.001095,-0.001995,0.00015
12368.037775,13.772,1.829876,7.1e-05,-0.001093,-0.001999,0.000157
12370.536769999999,13.772,1.830937,7.2e-05,-0.001095,-0.002001,0.000158
12373.037820000001,13.772,1.827154,7.4e-05,-0.001092,-0.001998,0.000159
12374.287359,13.772,1.840911,7.5e-05,-0.001095,-0.001996,0.00016
12376.78746,13.772,1.594848,7.8e-05,-0.001095,-0.001995,0.000161
12378.037277,13.772,1.897491,7.6e-05,-0.001095,-0.001995,0.000162
12380.552694,13.772,1.810602,7.9e-05,-0.001096,-0.002,0.000167
12383.052268,13.772,1.618599,7.5e-05,-0.001099,-0.001995,0.000168
12384.302485,13.772,2.308898,7.7e-05,-0.001099,-0.001998,0.00017
12386.802864000001,13.772,1.586577,7.6e-05,-0.001098,-0.001989,0.000175
12388.051805,13.772,2.711917,7.7e-05,-0.0011,-0.001987,0.000176
12390.569701,13.772,1.641789,8.5e-05,-0.001095,-0.001986,0.000185
12391.818713,13.772,1.574555,8.4e-05,-0.001096,-0.001983,0.000182
12394.319662,13.772,1.70559,8.6e-05,-0.001097,-0.00199,0.000184
12396.833913999999,13.772,1.586731,8.6e-05,-0.001096,-0.001988,0.000187
12398.084513,13.772,1.647513,8.9e-05,-0.001096,-0.001994,0.000189
12400.584224,13.772,0.122737,9.1e-05,-0.001094,-0.001987,0.000189
12401.849707000001,13.772,1.508574,9e-05,-0.001097,-0.001989,0.000189
12404.349148000001,13.772,1.54769,8.2e-05,-0.001099,-0.001993,0.000188
12406.865897,13.772,1.686586,8.2e-05,-0.001097,-0.00199,0.000184
12408.116168,13.772,1.603596,8.2e-05,-0.001096,-0.001999,0.000184
12410.614596,13.772,1.62461,8.4e-05,-0.001093,-0.002,0.000184
12411.865934000001,13.772,1.896558,8.2e-05,-0.001093,-0.002,0.000181
12414.380519999999,13.772,1.615284,7.6e-05,-0.001097,-0.00199,0.000173
12416.881941,13.772,0.962313,7.6e-05,-0.0011,-0.001987,0.000171
12418.132131,13.772,1.676262,7.8e-05,-0.001096,-0.001994,0.000172
12420.631086000001,13.772,1.636537,8.2e-05,-0.001089,-0.00199,0.000169
12421.880174,13.772,1.687265,7.8e-05,-0.001092,-0.001991,0.000164
12424.380312000001,13.772,1.625422,7.5e-05,-0.001091,-0.001992,0.000165
12426.881645000001,13.772,1.688422,7.3e-05,-0.001093,-0.001997,0.000163
12428.132658999999,13.772,1.560104,7.4e-05,-0.001093,-0.001987,0.000161
12430.630946000001,13.772,1.872047,7.5e-05,-0.001089,-0.001988,0.000163
12431.880240999999,13.772,1.8462,7.5e-05,-0.001089,-0.001985,0.000157
12434.396863,13.772,1.825239,7.2e-05,-0.001088,-0.001988,0.000155
12436.898197999999,13.772,1.920834,7.1e-05,-0.001087,-0.001991,0.00015
12438.14599,13.772,1.913975,6.7e-05,-0.001088,-0.00198,0.000153
12440.647788,13.772,2.111977,6.3e-05,-0.001093,-0.001989,0.00014
12441.896588,13.772,2.189927,6e-05,-0.001094,-0.001993,0.000138
12444.397978,13.772,2.053089,5.2e-05,-0.001099,-0.001989,0.000125
12446.895216,13.772,2.166404,4.9e-05,-0.001099,-0.001991,0.000124
12448.147801,13.772,2.066464,5e-05,-0.001097,-0.001992,0.000122
12450.647673,13.772,2.332124,4.8e-05,-0.001098,-0.001997,0.00012
12451.897167,13.772,2.176643,4.5e-05,-0.001098,-0.001995,0.000117
12454.412367,13.772,2.115055,3.5e-05,-0.001107,-0.001993,0.000104
12456.912398,13.772,2.407432,3.3e-05,-0.001104,-0.001993,0.000103
12458.163602,13.772,2.260514,3.4e-05,-0.001102,-0.001999,0.000104
12460.678136,13.772,2.34257,3.1e-05,-0.001104,-0.002002,9.4e-05
12461.942907,13.772,2.315827,3.2e-05,-0.001103,-0.002002,9.4e-05
12464.443565,13.772,2.400519,3.4e-05,-0.0011,-0.001995,9.5e-05
12466.958703,13.772,2.446113,3.4e-05,-0.001101,-0.002003,9.2e-05
12468.209721,13.772,2.451598,3.1e-05,-0.001101,-0.002,8.8e-05
12470.707559999999,13.772,2.378365,3.2e-05,-0.001095,-0.001996,9.2e-05
12471.959780000001,13.772,2.221075,3.5e-05,-0.00109,-0.001999,9.6e-05
12474.459565000001,13.772,2.530196,3.1e-05,-0.001092,-0.002,9.1e-05
12476.960658,13.772,2.767304,2.4e-05,-0.001096,-0.002008,8.4e-05
12478.224889000001,13.772,2.433577,1.6e-05,-0.001102,-0.002009,7.4e-05
12480.723710999999,13.772,2.542584,8e-06,-0.001106,-0.002008,6.1e-05
12481.97522,13.772,2.84389,1.1e-05,-0.001106,-0.002004,6.4e-05
12484.475126000001,13.772,2.771113,1.1e-05,-0.001103,-0.001999,6.3e-05
12486.974716,13.772,2.420908,9e-06,-0.001101,-0.001998,5.7e-05
12488.225956,13.772,2.699778,1e-05,-0.001102,-0.002003,5.7e-05
12490.726880999999,13.772,2.646895,2e-06,-0.001105,-0.002007,5.5e-05
12491.974256000001,13.772,2.799628,-3e-06,-0.001111,-0.002009,4.1e-05
12494.459582,13.772,2.387103,-1.4e-05,-0.001118,-0.002008,3.1e-05
12496.959682,13.772,2.847535,-1.5e-05,-0.001117,-0.002017,2.6e-05
12498.209275000001,13.772,2.839657,-1.9e-05,-0.001121,-0.002013,2.2e-05
12500.725003,13.772,2.825693,-2.1e-05,-0.00112,-0.002021,2.1e-05
12501.974624,13.772,2.902741,-1.4e-05,-0.001112,-0.002017,2.8e-05
12504.47442,13.772,2.85258,-8e-06,-0.001102,-0.002013,3.3e-05
12506.973856,13.772,2.988729,-5e-06,-0.001097,-0.002014,3.7e-05
12508.238529999999,13.772,3.338244,-3e-06,-0.001094,-0.002018,3.9e-05
12510.741349,13.772,3.005764,0.0,-0.001095,-0.002011,4e-05
12512.005751,13.772,2.956542,-2e-06,-0.001096,-0.002011,3.8e-05
12514.521563,13.772,3.014831,-6e-06,-0.001091,-0.002014,3.3e-05
12517.022767999999,13.772,3.058891,-9e-06,-0.001093,-0.002014,2.2e-05
12518.271553999999,13.772,3.114325,-6e-06,-0.00109,-0.002018,1.9e-05
12520.772202,13.772,3.429691,-1.1e-05,-0.001093,-0.002016,1.8e-05
12522.036874000001,13.772,3.126278,-1.3e-05,-0.001094,-0.00202,1.6e-05
12524.536976,13.772,2.972829,-2.3e-05,-0.001099,-0.002022,5e-06
12527.052985999999,13.772,3.458536,-2.7e-05,-0.001103,-0.002021,-7e-06
12528.302596000001,13.772,3.198769,-2.8e-05,-0.001103,-0.002016,-8e-06
12530.82011,13.772,3.59565,-2.8e-05,-0.001097,-0.00202,-5e-06
12532.084391,13.772,3.227062,-2.2e-05,-0.001096,-0.002025,-3e-06
12534.616112,13.772,4.143911,-2.8e-05,-0.001101,-0.002021,-1.6e-05
12535.865556,13.772,3.149499,-3e-05,-0.001101,-0.002029,-1.4e-05
12538.366020000001,13.772,3.669409,-4.6e-05,-0.00111,-0.00202,-2.8e-05
12540.865563,13.772,3.420264,-5.1e-05,-0.001111,-0.002019,-2.9e-05
12542.115745,13.772,4.340964,-5.1e-05,-0.001111,-0.002016,-3.3e-05
12544.615269,13.772,3.603167,-4.6e-05,-0.001107,-0.002031,-3.5e-05
12545.881492,13.772,3.440439,-4.7e-05,-0.001106,-0.002029,-3.5e-05
12548.380443,13.772,3.431983,-5.1e-05,-0.001109,-0.002027,-4.2e-05
12550.881338,13.772,3.36885,-5e-05,-0.001107,-0.002024,-4.5e-05
12552.131089999999,13.772,3.392034,-5e-05,-0.001106,-0.002019,-4.7e-05
12554.630803,13.772,3.702063,-6.4e-05,-0.001114,-0.00202,-6.2e-05
12555.881097000001,13.772,3.65596,-6.3e-05,-0.001113,-0.002011,-6.5e-05
12558.381732,13.772,3.637805,-5.9e-05,-0.00111,-0.002013,-6e-05
12560.88027,13.772,3.64396,-6.7e-05,-0.00111,-0.002023,-7.4e-05
12562.132845,13.772,3.749173,-7.9e-05,-0.001125,-0.002027,-8.9e-05
12564.631312000001,13.772,3.936921,-8.2e-05,-0.001126,-0.00203,-8.9e-05
12565.880925000001,13.772,3.6862,-8.3e-05,-0.001128,-0.002021,-9.6e-05
12568.379649,13.772,3.759158,-8.1e-05,-0.001119,-0.002019,-8.6e-05
12570.881744,13.772,4.005375,-7.3e-05,-0.001115,-0.002019,-8.2e-05
12572.130978000001,13.772,3.805043,-7.2e-05,-0.001112,-0.002024,-8.2e-05
12574.630765,13.772,3.851363,-8.6e-05,-0.001124,-0.00203,-9.9e-05
12575.880736,13.772,3.933626,-8.9e-05,-0.001124,-0.002031,-0.000102
12578.38237,13.772,4.044066,-8.3e-05,-0.001115,-0.002029,-9.9e-05
12580.897346,13.772,4.042506,-7.8e-05,-0.001105,-0.002031,-9.5e-05
12582.146347,13.772,4.086826,-7.4e-05,-0.001104,-0.002039,-9.6e-05
12584.646233,13.772,4.329542,-9e-05,-0.001116,-0.002032,-0.000111
12585.896847,13.772,3.846106,-8.8e-05,-0.001113,-0.002036,-0.000111
12588.412628,13.772,4.091246,-8.3e-05,-0.001101,-0.002036,-0.000109
12590.928135,13.772,4.552802,-8.6e-05,-0.0011,-0.002035,-0.000111
12592.178755,13.772,3.858928,-8.6e-05,-0.0011,-0.002032,-0.000113
12594.694088,13.772,4.321865,-8.3e-05,-0.001097,-0.002031,-0.000109
12595.959696,13.772,4.235676,-8.2e-05,-0.001095,-0.002031,-0.000108
12598.475174,13.772,3.818783,-8.1e-05,-0.001099,-0.002028,-0.000113
12600.989757,13.772,4.112604,-8.2e-05,-0.001096,-0.002018,-0.000119
12602.240494,13.772,4.334152,-8.3e-05,-0.001097,-0.002024,-0.000125
12604.756607,13.772,4.317403,-9.5e-05,-0.001102,-0.002025,-0.000135
12606.005729,13.772,4.465462,-9.7e-05,-0.001104,-0.002021,-0.000138
12608.505475,13.772,4.659878,-0.000109,-0.001112,-0.002021,-0.000148
12611.005733,13.772,4.545014,-0.000117,-0.001119,-0.002019,-0.000165
12612.256858,13.772,4.509167,-0.000121,-0.001122,-0.002032,-0.000167
12614.77287,13.772,4.101002,-0.000118,-0.001117,-0.002029,-0.000161
12616.019682,13.772,4.673327,-0.000116,-0.001112,-0.002033,-0.000158
12618.521525,13.772,4.077187,-0.000114,-0.001111,-0.002032,-0.000159
12621.037213,13.772,4.464831,-0.000111,-0.001112,-0.00203,-0.000159
12622.300127999999,13.772,4.484365,-0.000108,-0.001108,-0.002036,-0.000156
12624.819722,13.772,4.335945,-0.000106,-0.001109,-0.002027,-0.000156
12626.068349000001,13.772,4.453165,-0.000108,-0.001109,-0.002025,-0.000159
12628.567884,13.772,4.497044,-0.000111,-0.001112,-0.002019,-0.000159
12631.068344,13.772,4.522531,-0.000114,-0.001111,-0.002023,-0.000156
12632.319731,13.772,4.763676,-0.000114,-0.00111,-0.002018,-0.000156
12634.819217,13.772,4.266266,-0.000103,-0.001103,-0.002019,-0.000146
12636.069263000001,13.772,4.436018,-0.000107,-0.001105,-0.002022,-0.000149
12638.583408,13.772,4.53026,-0.000112,-0.001109,-0.00202,-0.000156
12641.08061,13.772,4.457329,-0.000114,-0.001112,-0.002022,-0.000162
12642.334592,13.772,4.268643,-0.000114,-0.001113,-0.002027,-0.000161
12644.849339,13.772,4.271141,-0.000111,-0.001111,-0.002032,-0.000162
12646.099731,13.772,4.827153,-0.000114,-0.001113,-0.002031,-0.000162
12648.61621,13.772,4.592284,-0.000111,-0.001111,-0.002025,-0.00016
12649.880928999999,13.772,4.381941,-0.00011,-0.001109,-0.002025,-0.000159
12652.39677,13.772,5.010339,-0.000111,-0.001112,-0.002024,-0.000161
12654.897331,13.772,4.53191,-0.000106,-0.001107,-0.002024,-0.000155
12656.146694,13.772,4.44335,-0.000105,-0.001107,-0.002029,-0.000154
12658.662012,13.772,4.464035,-0.000111,-0.001112,-0.002023,-0.00016
12659.911575,13.772,4.493362,-0.000109,-0.001109,-0.002028,-0.000155
12662.412105,13.772,4.535242,-0.000113,-0.001109,-0.002021,-0.000158
12664.912896,13.772,4.519809,-0.000108,-0.001108,-0.002028,-0.000152
12666.162919,13.772,4.529863,-0.000107,-0.001107,-0.00202,-0.000153
12668.67712,13.772,4.306623,-0.000104,-0.001103,-0.002021,-0.000149
12669.928569,13.772,4.472067,-0.000106,-0.001105,-0.002018,-0.000153
12672.428741,13.772,4.405019,-0.000108,-0.001107,-0.002017,-0.000154
12674.928719,13.772,4.588671,-0.000109,-0.001105,-0.002015,-0.000153
12676.177064,13.772,4.905183,-0.000108,-0.001106,-0.002021,-0.000151
12678.678821000001,13.772,4.48507,-0.000109,-0.001105,-0.00202,-0.000153
12679.927947,13.772,4.490869,-0.000108,-0.001108,-0.002015,-0.000155
12682.442825,13.772,4.506917,-0.000106,-0.001107,-0.002015,-0.000156
12684.944703000001,13.772,4.683662,-0.000102,-0.001105,-0.002017,-0.000155
12686.193595,13.772,4.067902,-0.000105,-0.001105,-0.002023,-0.000153
12688.69372,13.772,4.272749,-0.000107,-0.001105,-0.002021,-0.000152
12689.944716,13.772,4.674341,-0.000106,-0.001104,-0.002018,-0.000152
12692.443449999999,13.772,4.572432,-0.000103,-0.001104,-0.00202,-0.000149
12694.944408,13.772,4.283158,-0.000103,-0.001101,-0.00202,-0.000148
12696.193761999999,13.772,4.556246,-0.000102,-0.001101,-0.002016,-0.000147
12698.693071,13.772,4.485739,-0.000102,-0.001099,-0.002012,-0.000147
12699.944738,13.772,4.415922,-9.9e-05,-0.001101,-0.002019,-0.000147
12702.459042,13.772,4.66173,-9.8e-05,-0.001099,-0.002015,-0.000143
12704.974542,13.772,4.550293,-9.5e-05,-0.001095,-0.002016,-0.000138
12706.224106,13.772,4.292638,-9.4e-05,-0.001094,-0.002012,-0.000134
12708.724796,13.772,4.499676,-9e-05,-0.001093,-0.002009,-0.000137
12709.974846000001,13.772,4.322809,-9e-05,-0.001091,-0.002011,-0.000139
12712.47321,13.772,4.688267,-9.3e-05,-0.001095,-0.002014,-0.000142
12714.974643,13.772,4.392096,-9.4e-05,-0.001095,-0.00201,-0.00014
12716.224682,13.772,4.665857,-9.5e-05,-0.001096,-0.002006,-0.000145
12718.741224000001,13.772,5.137882,-9.5e-05,-0.001095,-0.002005,-0.000139
12720.00685,13.772,4.36836,-9.2e-05,-0.001093,-0.002008,-0.000138
12722.505766,13.772,4.51957,-9.6e-05,-0.001095,-0.002012,-0.000143
12725.022631,13.772,4.196576,-9.5e-05,-0.001095,-0.00201,-0.000143
12726.273515,13.772,4.350232,-9.3e-05,-0.001095,-0.002015,-0.000143
12728.772695,13.772,4.528473,-9.1e-05,-0.001092,-0.002014,-0.000137
12730.021648,13.772,4.309509,-9.2e-05,-0.001091,-0.002005,-0.000135
12732.522649,13.772,4.594751,-8.7e-05,-0.001088,-0.002003,-0.000132
12735.022753000001,13.772,4.579928,-8.6e-05,-0.001084,-0.001998,-0.000131
12736.267619,13.772,4.747712,-8.7e-05,-0.001084,-0.001996,-0.00013
12738.772481,13.772,4.391189,-8.2e-05,-0.00108,-0.002003,-0.000126
12740.022396,13.772,4.417444,-8.2e-05,-0.001079,-0.002001,-0.000124
12742.537865,13.772,4.411168,-8.2e-05,-0.00108,-0.001997,-0.000125
12745.052562,13.772,4.621033,-8e-05,-0.001081,-0.002,-0.000125
12746.319828,13.772,4.169981,-7.9e-05,-0.001082,-0.001997,-0.000125
12748.819443,13.772,4.469197,-8.1e-05,-0.00108,-0.002,-0.000125
12750.085166,13.772,4.23723,-8e-05,-0.00108,-0.001998,-0.000126
12752.582172,13.772,4.301079,-8.1e-05,-0.00108,-0.001999,-0.000128
12755.083702,13.772,4.450019,-8e-05,-0.001082,-0.001996,-0.000129
12756.333502000001,13.772,4.789587,-8.1e-05,-0.001081,-0.002003,-0.000128
12758.850058,13.772,5.162849,-7.8e-05,-0.001079,-0.002002,-0.000125
12760.100951,13.772,4.326804,-7.7e-05,-0.001077,-0.002003,-0.00012
12762.584799,13.772,4.251204,-7.4e-05,-0.001076,-0.001998,-0.000118
12765.083798,13.772,4.623357,-6.8e-05,-0.001071,-0.001997,-0.000116
12766.334034,13.772,4.5983,-6.7e-05,-0.001068,-0.002003,-0.000114
12768.849637,13.772,4.500795,-6.9e-05,-0.00107,-0.001996,-0.000112
12770.099936999999,13.772,4.512048,-7.4e-05,-0.001073,-0.001997,-0.000117
12772.598667,13.772,4.474577,-7.3e-05,-0.001074,-0.001998,-0.000116
12773.864684,13.772,4.427169,-7.5e-05,-0.001076,-0.001991,-0.000118
12776.365936999999,13.772,4.511899,-7.1e-05,-0.001072,-0.001991,-0.000116
12778.864821,13.772,4.190284,-6.9e-05,-0.001071,-0.001989,-0.000114
12780.115563,13.772,4.585117,-7e-05,-0.001069,-0.001995,-0.000112
12782.631084,13.772,4.624201,-6.9e-05,-0.001068,-0.001991,-0.000112
12783.881467,13.772,4.322157,-6.7e-05,-0.001067,-0.00199,-0.000111
12786.381944,13.772,4.458974,-6.5e-05,-0.001066,-0.001993,-0.000112
12788.911883,13.772,4.272622,-6.3e-05,-0.001067,-0.001995,-0.000108
12790.162876999999,13.772,4.290516,-6.4e-05,-0.001067,-0.001992,-0.000112
12792.663198,13.772,4.449658,-6.7e-05,-0.001064,-0.001992,-0.00011
12793.913229,13.772,5.002584,-6.3e-05,-0.001064,-0.001994,-0.000108
12796.412025,13.772,4.448321,-6.2e-05,-0.001065,-0.001991,-0.000112
12798.91219,13.772,4.387188,-6.4e-05,-0.001068,-0.001999,-0.000112
12800.178057000001,13.772,4.586926,-6.4e-05,-0.001069,-0.002,-0.000113
12802.678532,13.772,4.529624,-6.8e-05,-0.001069,-0.002,-0.000114
12803.928286999999,13.772,4.780085,-6.8e-05,-0.00107,-0.001991,-0.000116
12806.443743,13.772,4.663555,-6.2e-05,-0.001062,-0.001996,-0.000106
12808.943896,13.772,4.532865,-5.9e-05,-0.001062,-0.001998,-0.000104
12810.192403000001,13.772,4.644498,-5.9e-05,-0.001063,-0.001991,-0.000104
12812.693569,13.772,4.412733,-5.6e-05,-0.001059,-0.001992,-0.000102
12813.942899,13.772,5.187178,-5.1e-05,-0.001056,-0.001999,-9.7e-05
12816.443685,13.772,4.397083,-4.6e-05,-0.001052,-0.002,-9.2e-05
12818.942949,13.772,4.451053,-4.8e-05,-0.001053,-0.001996,-8.9e-05
12820.193320999999,13.772,4.295233,-4.9e-05,-0.001053,-0.001992,-9.3e-05
12822.692041,13.772,4.434602,-5.3e-05,-0.001055,-0.001988,-9.7e-05
12823.944705,13.772,4.366949,-5.1e-05,-0.001055,-0.001991,-9.6e-05
12826.444416999999,13.772,4.349781,-5.3e-05,-0.001057,-0.00199,-9.8e-05
12828.943466,13.772,4.408097,-6.2e-05,-0.001063,-0.001996,-0.000107
12830.192837999999,13.772,4.469664,-6.4e-05,-0.001065,-0.001995,-0.00011
12832.694134000001,13.772,4.366965,-7.5e-05,-0.001078,-0.001993,-0.000124
12833.943359,13.772,4.311079,-8.1e-05,-0.001083,-0.00199,-0.000128
12836.44346,13.772,5.488054,-8.3e-05,-0.001084,-0.001998,-0.000129
12838.942265,13.772,4.313727,-8.3e-05,-0.001083,-0.002003,-0.000128
12840.194702,13.772,5.281468,-8.2e-05,-0.001084,-0.001996,-0.000128
12842.693141,13.772,4.283057,-7.8e-05,-0.001081,-0.001996,-0.000124
12843.945927,13.772,4.730836,-7.5e-05,-0.001077,-0.001993,-0.00012
12846.443786,13.772,4.390865,-7.4e-05,-0.001076,-0.00199,-0.000121
12848.956598,13.772,4.399518,-7.9e-05,-0.00108,-0.001996,-0.000129
12850.209905,13.772,4.521905,-7.8e-05,-0.001081,-0.002005,-0.000128
12852.710456,13.772,4.697737,-8.6e-05,-0.001086,-0.002002,-0.000131
12853.975856000001,13.772,4.609059,-8.4e-05,-0.001085,-0.002001,-0.000128
12856.474781,13.772,4.332603,-8.4e-05,-0.001084,-0.002004,-0.00013
12858.990641,13.772,4.371262,-8.2e-05,-0.001083,-0.002008,-0.000127
12860.241602,13.772,4.482481,-8.5e-05,-0.001087,-0.002,-0.000131
12862.740437,13.772,4.664436,-9.3e-05,-0.001095,-0.001998,-0.000141
12863.990807,13.772,4.471775,-8.9e-05,-0.001091,-0.002001,-0.000135
12866.489797999999,13.772,4.236349,-8.7e-05,-0.001088,-0.002002,-0.00013
12868.990300000001,13.772,4.319955,-8.3e-05,-0.001087,-0.002013,-0.000131
12870.257395,13.772,4.517756,-8e-05,-0.001085,-0.002012,-0.000124
12872.755416,13.772,4.536308,-8.4e-05,-0.001083,-0.002014,-0.000128
12874.00707,13.772,4.542738,-7.8e-05,-0.00108,-0.002007,-0.000123
12876.505777999999,13.772,4.456677,-7.5e-05,-0.001081,-0.002007,-0.00012
12879.022700000001,13.772,4.211123,-7.3e-05,-0.001076,-0.002011,-0.000114
12880.287197,13.772,4.424845,-7.7e-05,-0.001078,-0.002015,-0.000116
12882.787364,13.772,4.054056,-9.5e-05,-0.001096,-0.002003,-0.000147
12884.037047,13.772,4.50453,-9.7e-05,-0.001099,-0.002009,-0.000147
12886.535562000001,13.772,4.482566,-9.3e-05,-0.001095,-0.002006,-0.000138
12889.037699,13.772,4.067589,-8.5e-05,-0.001087,-0.002016,-0.000131
12890.287624,13.772,4.292277,-8.5e-05,-0.001088,-0.002007,-0.000134
12892.787390000001,13.772,4.323945,-9.3e-05,-0.001098,-0.002013,-0.000144
12894.037675,13.772,4.055531,-9.8e-05,-0.001102,-0.002024,-0.00015
12896.538032,13.772,4.183493,-9.7e-05,-0.001099,-0.002021,-0.000142
12899.052525,13.772,4.214221,-8.5e-05,-0.001088,-0.002019,-0.000131
12900.317911,13.772,4.50088,-8.7e-05,-0.00109,-0.002018,-0.000131
12902.834174,13.772,4.440124,-9.2e-05,-0.001095,-0.002023,-0.000141
12904.099826,13.772,4.555842,-9.2e-05,-0.001094,-0.002026,-0.000142
12906.599694,13.772,4.544648,-8.8e-05,-0.001091,-0.002019,-0.000137
12907.847018,13.772,4.474216,-8.4e-05,-0.001088,-0.002017,-0.000132
12910.365797,13.772,4.319053,-8.5e-05,-0.001086,-0.002026,-0.000129
12912.865769,13.772,4.585446,-8.8e-05,-0.001088,-0.002026,-0.00013
12914.116036,13.772,4.602518,-8.7e-05,-0.001085,-0.002023,-0.000129
12916.615879,13.772,4.615665,-8.7e-05,-0.001085,-0.002027,-0.000126
12917.866022,13.772,5.336812,-8.6e-05,-0.001087,-0.00203,-0.000128
12920.365784,13.772,4.759134,-0.000108,-0.001106,-0.002027,-0.000154
12922.865931,13.772,4.412107,-9.8e-05,-0.001099,-0.002021,-0.000143
12924.114707,13.772,4.53216,-9.4e-05,-0.001093,-0.002024,-0.000138
12926.614797,13.772,4.507496,-0.000102,-0.001102,-0.002023,-0.000152
12927.865915999999,13.772,4.325032,-0.000105,-0.001102,-0.002024,-0.000152
12930.365482000001,13.772,4.838209,-9.5e-05,-0.001094,-0.002035,-0.000138
12932.880803,13.772,4.248117,-9.5e-05,-0.001099,-0.002031,-0.000145
12934.130568,13.772,4.412065,-0.000105,-0.001106,-0.002036,-0.00016
12936.631783,13.772,4.283911,-0.000111,-0.001115,-0.002023,-0.00016
12937.882056,13.772,4.458014,-0.000115,-0.001117,-0.002016,-0.000162
12940.381458,13.772,4.549763,-0.000114,-0.001115,-0.002017,-0.000162
12942.882248,13.772,4.468396,-0.000109,-0.001112,-0.002014,-0.000162
12944.132488,13.772,4.31961,-0.000103,-0.001106,-0.002017,-0.000149
12946.647802,13.772,4.461319,-9.8e-05,-0.0011,-0.002023,-0.000144
12947.897960999999,13.772,4.231941,-9.8e-05,-0.001099,-0.002024,-0.000144
12950.412792,13.772,4.511172,-9.6e-05,-0.001097,-0.002031,-0.00014
12952.927924,13.772,4.817529,-9.2e-05,-0.001092,-0.002032,-0.000133
12954.179763,13.772,4.075362,-9.3e-05,-0.001095,-0.00203,-0.000136
12956.677912,13.772,4.307392,-9.4e-05,-0.001094,-0.002033,-0.000137
12957.927606000001,13.772,3.908718,-9.3e-05,-0.001092,-0.002037,-0.000134
12960.428539,13.772,4.435954,-0.000102,-0.0011,-0.002035,-0.000148
12962.929091,13.772,5.073606,-0.000105,-0.001103,-0.002031,-0.000148
12964.177079000001,13.772,4.480566,-0.000104,-0.001105,-0.002029,-0.000147
12966.677895,13.772,4.554845,-0.000102,-0.001103,-0.002034,-0.000153
12967.928780999999,13.772,4.387146,-0.000101,-0.001104,-0.002036,-0.000155
12970.442868,13.772,4.35941,-0.0001,-0.001102,-0.002029,-0.000151
12972.959188,13.772,4.553322,-0.000103,-0.001103,-0.002028,-0.000148
12974.224661,13.772,3.981512,-0.000102,-0.001106,-0.002028,-0.000151
12976.725126000001,13.772,4.49393,-0.000104,-0.001106,-0.002031,-0.000154
12977.990792,13.772,4.655592,-0.000108,-0.00111,-0.002033,-0.000157
12980.507168,13.772,4.551763,-0.000108,-0.001109,-0.002025,-0.000157
12983.022439,13.772,4.464067,-0.00011,-0.00111,-0.002029,-0.000157
12984.288374,13.772,4.523125,-0.000111,-0.001111,-0.002032,-0.000156
12986.802292,13.772,4.448103,-0.000111,-0.001114,-0.002033,-0.000159
12988.067876000001,13.772,4.479128,-0.000107,-0.001111,-0.002036,-0.000157
12990.568699,13.772,4.720576,-0.000106,-0.001107,-0.002033,-0.000152
12993.069637,13.772,4.550208,-0.000104,-0.001103,-0.002027,-0.000147
12994.318223999999,13.772,4.655093,-0.0001,-0.001101,-0.002022,-0.000145
12996.819733,13.772,4.563795,-9.5e-05,-0.001095,-0.002015,-0.000141
12998.067701,13.772,4.720019,-9.5e-05,-0.001095,-0.002021,-0.00014
13000.584951,13.772,4.587536,-9.2e-05,-0.001092,-0.002011,-0.000135
13003.083109,13.772,3.878606,-8.9e-05,-0.00109,-0.002012,-0.000135
13004.33543,13.772,4.372477,-8.6e-05,-0.00109,-0.002013,-0.000136
13006.834374,13.772,4.359766,-8.5e-05,-0.001091,-0.002017,-0.00014
13008.083575,13.772,4.704421,-8.4e-05,-0.001092,-0.00201,-0.00014
13010.584493999999,13.772,4.344906,-8e-05,-0.001087,-0.00201,-0.000134
13013.069520000001,13.772,4.298288,-7.5e-05,-0.001083,-0.002015,-0.000133
13014.334762999999,13.772,4.315721,-7.8e-05,-0.001083,-0.002012,-0.000133
13016.8339,13.772,4.397953,-7.9e-05,-0.001083,-0.002014,-0.000134
13018.083552,13.772,4.365209,-8.1e-05,-0.001086,-0.00201,-0.000134
13020.583919,13.772,4.419073,-8.1e-05,-0.001084,-0.002008,-0.00013
13023.099366999999,13.772,5.135439,-7.7e-05,-0.001079,-0.002009,-0.000124
13024.346942,13.772,4.615017,-7.6e-05,-0.001076,-0.002004,-0.000123
13026.849648,13.772,4.649156,-7.7e-05,-0.001078,-0.002009,-0.000126
13028.099719,13.772,4.269056,-8e-05,-0.001082,-0.002005,-0.00013
13030.598849,13.772,4.427864,-8.2e-05,-0.001084,-0.002,-0.000132
13031.865571999999,13.772,4.723467,-8e-05,-0.001084,-0.002003,-0.000129
13034.364814,13.772,4.59361,-8.2e-05,-0.001082,-0.002005,-0.000126
13036.864615,13.772,4.471722,-8.9e-05,-0.001086,-0.002004,-0.000133
13038.116371,13.772,4.633347,-8.8e-05,-0.001088,-0.002011,-0.000132
13040.615412,13.772,4.60838,-9e-05,-0.001086,-0.002009,-0.000133
13041.865865,13.772,4.775862,-9e-05,-0.001087,-0.002003,-0.000135
13044.364409,13.772,4.541444,-8.8e-05,-0.001088,-0.002008,-0.000136
13046.881686,13.772,4.617245,-9.3e-05,-0.001091,-0.002004,-0.000139
13048.131803,13.772,4.671619,-8.8e-05,-0.001087,-0.002007,-0.000135
13050.630274,13.772,4.295015,-8.1e-05,-0.001084,-0.002009,-0.000129
13051.882012,13.772,4.56666,-8.5e-05,-0.001087,-0.002003,-0.00013
13054.382507999999,13.772,4.591764,-8.8e-05,-0.00109,-0.001998,-0.000133
13056.882031000001,13.772,4.27668,-8.2e-05,-0.001085,-0.001998,-0.000131
13058.13234,13.772,4.422808,-8.2e-05,-0.001084,-0.002003,-0.000129
13060.630484000001,13.772,4.672112,-8.3e-05,-0.001084,-0.002003,-0.000129
13061.880764000001,13.772,4.78703,-8.6e-05,-0.001088,-0.001995,-0.000133
13064.397109000001,13.772,4.499718,-8.2e-05,-0.001086,-0.002,-0.000131
13066.897257,13.772,4.522409,-8.5e-05,-0.001087,-0.002001,-0.000133
13068.145646,13.772,4.572708,-8.5e-05,-0.001087,-0.001998,-0.000132
13070.647587,13.772,4.394929,-8.1e-05,-0.001083,-0.001996,-0.000127
13071.897464,13.772,4.426872,-8.3e-05,-0.001084,-0.002002,-0.000128
13074.397369,13.772,4.386791,-8e-05,-0.001083,-0.002002,-0.000127
13076.912459,13.772,4.505554,-7.8e-05,-0.001078,-0.002001,-0.000121
13078.162992,13.772,4.504291,-7.7e-05,-0.001077,-0.002,-0.000119
13080.662488,13.772,4.686978,-7.7e-05,-0.001079,-0.002001,-0.00012
13081.911073,13.772,4.261735,-7.2e-05,-0.001075,-0.002008,-0.000117
13084.412758999999,13.772,4.565026,-7e-05,-0.001073,-0.002006,-0.000114
13086.924776,13.772,4.507724,-6.8e-05,-0.00107,-0.002007,-0.000108
13088.177796,13.772,4.383528,-6.8e-05,-0.00107,-0.002008,-0.00011
13090.675927,13.772,4.632445,-7.3e-05,-0.001073,-0.002009,-0.000113
13091.927759999999,13.772,4.392117,-7.4e-05,-0.001073,-0.002003,-0.000118
13094.427774,13.772,4.448024,-7.3e-05,-0.001075,-0.002004,-0.00012
13096.927935,13.772,4.467918,-7.3e-05,-0.001076,-0.002002,-0.000125
13098.176844,13.772,4.461436,-7.4e-05,-0.001077,-0.002006,-0.000124
13100.679747,13.772,4.466168,-7.8e-05,-0.001082,-0.002,-0.000128
13101.929358000001,13.772,4.609648,-7.8e-05,-0.001082,-0.001996,-0.000127
13104.44284,13.772,4.780791,-7.3e-05,-0.001077,-0.002001,-0.000122
13106.959503,13.772,4.94163,-7e-05,-0.001074,-0.002,-0.000117
13108.224763999999,13.772,4.795656,-7.1e-05,-0.001072,-0.001998,-0.000116
13110.723528999999,13.772,4.513199,-7.1e-05,-0.001072,-0.001996,-0.000115
13111.972986,13.772,3.888696,-7e-05,-0.001071,-0.001995,-0.000116
13114.489581,13.772,4.341441,-6.8e-05,-0.001071,-0.001993,-0.000109
13116.990890000001,13.772,4.307811,-6.6e-05,-0.001071,-0.001999,-0.000112
13118.253708,13.772,4.712284,-7e-05,-0.001073,-0.001994,-0.000113
13120.757195,13.772,4.441408,-6.5e-05,-0.00107,-0.001997,-0.00011
13122.005595999999,13.772,4.600842,-6.6e-05,-0.00107,-0.001997,-0.000109
13124.505743,13.772,4.251899,-6.5e-05,-0.001069,-0.002,-0.000112
13127.00562,13.772,4.824697,-6.1e-05,-0.001066,-0.001998,-0.000113
13128.255489,13.772,4.819413,-6e-05,-0.001066,-0.002005,-0.000108
13130.756232,13.772,4.708077,-6e-05,-0.001062,-0.002006,-0.000104
13132.005584999999,13.772,4.719191,-6e-05,-0.001062,-0.001999,-0.000104
13134.505625,13.772,4.6175,-6.2e-05,-0.001063,-0.002,-0.00011
13137.005976,13.772,4.883468,-6.3e-05,-0.001064,-0.001998,-0.000111
13138.255791,13.772,5.595178,-6.1e-05,-0.001065,-0.002002,-0.000107
13140.756743,13.772,4.409248,-6.2e-05,-0.001065,-0.001998,-0.000107
13142.003068,13.772,4.61115,-6.3e-05,-0.001065,-0.002002,-0.000106
13144.503051,13.772,4.526425,-6.4e-05,-0.001062,-0.002001,-0.000105
13146.989576,13.772,4.456369,-6e-05,-0.001061,-0.002002,-0.000104
13148.240499,13.772,4.394085,-6.1e-05,-0.001063,-0.001994,-0.000108
13150.740011,13.772,4.474264,-5.7e-05,-0.001062,-0.001996,-0.000102
13151.990902000001,13.772,4.414261,-5.8e-05,-0.001061,-0.001997,-0.000105
13154.502602,13.772,4.65504,-5.8e-05,-0.001066,-0.001997,-0.000108
13156.990802,13.772,4.476693,-6e-05,-0.001064,-0.001999,-0.000106
13158.241629,13.772,4.535056,-5.7e-05,-0.001063,-0.001998,-0.000107
13160.740765,13.772,4.568602,-5.3e-05,-0.001063,-0.001998,-0.000102
13162.005393,13.772,4.426718,-5.1e-05,-0.001058,-0.001998,-0.000101
13164.522805,13.772,4.53947,-4.7e-05,-0.001054,-0.002,-9.4e-05
13167.023216,13.772,4.4298,-4.7e-05,-0.001054,-0.001996,-9.3e-05
13168.272878,13.772,4.306941,-5.1e-05,-0.001056,-0.001994,-9.5e-05
13170.771986,13.772,4.405104,-5.1e-05,-0.001056,-0.001995,-9.7e-05
13172.035656,13.772,4.476216,-5.2e-05,-0.001056,-0.001992,-9.8e-05
13174.537309,13.772,4.806075,-5.4e-05,-0.001058,-0.001991,-0.000101
13177.037393999999,13.772,4.377188,-5.7e-05,-0.00106,-0.001995,-0.000103
13178.302726,13.772,4.718215,-5.8e-05,-0.001062,-0.001993,-0.000107
13180.802646,13.772,4.403449,-6e-05,-0.001061,-0.001992,-0.000105
13182.052513999999,13.772,4.19768,-5.8e-05,-0.001059,-0.001986,-0.000102
13184.553587,13.772,5.107217,-5.6e-05,-0.001059,-0.001988,-9.9e-05
13187.052774,13.772,4.348842,-5.3e-05,-0.001058,-0.00199,-9.8e-05
13188.301995,13.772,4.570867,-5.4e-05,-0.001057,-0.001995,-9.8e-05
13190.83441,13.772,4.425418,-5.9e-05,-0.001058,-0.001995,-0.000102
13192.083661,13.772,4.105336,-5.7e-05,-0.001058,-0.001998,-0.000105
13194.584284,13.772,4.465011,-5.5e-05,-0.001057,-0.001999,-0.000101
13197.099349,13.772,4.601701,-5.4e-05,-0.001056,-0.002001,-9.9e-05
13198.350401,13.772,4.698336,-5.5e-05,-0.001058,-0.001995,-0.000101
13200.849568,13.772,4.445154,-5.7e-05,-0.001059,-0.001996,-0.0001
13202.099832,13.772,4.330178,-5.7e-05,-0.001061,-0.001999,-0.000101
13204.599921,13.772,4.413147,-5.9e-05,-0.001064,-0.002001,-0.000104
13205.865387,13.772,4.628116,-6e-05,-0.001062,-0.002003,-0.000102
13208.380582,13.772,4.195382,-6e-05,-0.001061,-0.002002,-0.000107
13210.880822,13.772,4.773236,-5.4e-05,-0.001056,-0.002004,-0.000104
13212.13024,13.772,4.645894,-5.7e-05,-0.001059,-0.001998,-0.000106
13214.628811999999,13.772,4.528038,-6.2e-05,-0.001064,-0.001997,-0.000112
13215.880487,13.772,4.391926,-6.1e-05,-0.001064,-0.002003,-0.000109
13218.38188,13.772,4.173079,-6.4e-05,-0.001065,-0.002002,-0.000112
13220.897251999999,13.772,4.553874,-6.5e-05,-0.001064,-0.002001,-0.000109
13222.146848,13.772,4.670972,-6.2e-05,-0.001064,-0.001999,-0.000107
13224.647348999999,13.772,4.497845,-6.1e-05,-0.001064,-0.001996,-0.000107
13225.897623,13.772,4.437514,-6.1e-05,-0.001064,-0.002001,-0.000105
13228.411979,13.772,4.899867,-6.3e-05,-0.001065,-0.002001,-0.000106
13230.928574,13.772,4.574522,-6.5e-05,-0.001064,-0.001995,-0.000107
13232.178350999999,13.772,4.487007,-6.5e-05,-0.001066,-0.001998,-0.000107
13234.690932000001,13.772,4.817089,-7.1e-05,-0.001074,-0.001998,-0.000116
13235.943137999999,13.772,4.382817,-7.2e-05,-0.001076,-0.001994,-0.000114
13238.459703,13.772,4.429333,-7.1e-05,-0.001072,-0.002001,-0.000114
13240.974885,13.772,4.51304,-8e-05,-0.001081,-0.001996,-0.000127
13242.225247,13.772,3.699718,-9.2e-05,-0.001091,-0.001996,-0.000138
13244.740659,13.772,4.207834,-0.0001,-0.001099,-0.002012,-0.000145
13245.989741000001,13.772,4.370509,-9.4e-05,-0.001096,-0.002007,-0.000139
13248.505722,13.772,4.596481,-9.4e-05,-0.001095,-0.002005,-0.000142
13251.006213,13.772,4.375984,-9.6e-05,-0.001095,-0.002009,-0.000142
13252.272977,13.772,4.54076,-9.6e-05,-0.001096,-0.002007,-0.000141
13254.77292,13.772,4.521586,-9.6e-05,-0.001093,-0.002005,-0.000139
13256.022765,13.772,4.493776,-9e-05,-0.001091,-0.002005,-0.000129
13258.522214,13.772,4.621145,-9.4e-05,-0.001093,-0.002014,-0.00014
13261.022733,13.772,4.434182,-0.000103,-0.001101,-0.002011,-0.00015
13262.271943,13.772,4.389767,-0.000105,-0.001103,-0.002011,-0.00015
13264.772804,13.772,4.697111,-0.000107,-0.001107,-0.002019,-0.000152
13266.022406,13.772,4.136696,-0.000116,-0.001115,-0.002007,-0.000165
13268.522667000001,13.772,4.696734,-0.000115,-0.001117,-0.002013,-0.00016
13271.022873,13.772,4.524021,-0.00011,-0.001109,-0.002013,-0.000153
13272.27162,13.772,4.40486,-0.0001,-0.001102,-0.002019,-0.000148
13274.788405,13.772,4.466279,-0.000101,-0.0011,-0.002024,-0.00015
13276.037779,13.772,4.503968,-0.0001,-0.001101,-0.002023,-0.000153
13278.537373,13.772,4.605913,-0.000101,-0.001102,-0.002026,-0.000143
13281.036999,13.772,4.284373,-0.00011,-0.001108,-0.002021,-0.000158
13282.287051,13.772,4.693572,-0.000109,-0.001109,-0.002022,-0.000161
13284.786776,13.772,4.176294,-0.000104,-0.001107,-0.002021,-0.000157
13286.037885,13.772,4.9478,-0.0001,-0.001107,-0.002027,-0.000151
13288.536589,13.772,4.148102,-0.000101,-0.001105,-0.002028,-0.000158
13291.038026,13.772,4.855621,-0.000121,-0.001122,-0.00203,-0.000173
13292.287768999999,13.772,4.503166,-0.000125,-0.001125,-0.002021,-0.000175
13294.787386,13.772,4.676579,-0.000133,-0.001128,-0.002024,-0.000179
13296.038604000001,13.772,4.534717,-0.000123,-0.001122,-0.002029,-0.00017
13298.537336000001,13.772,4.340614,-0.000125,-0.001121,-0.002032,-0.000171
13301.037884000001,13.772,5.290658,-0.000131,-0.001131,-0.002041,-0.000179
13302.301958,13.772,4.387751,-0.000137,-0.001135,-0.00204,-0.000184
13304.819599,13.772,3.474091,-0.000125,-0.001124,-0.002041,-0.000168
13306.068534,13.772,4.652377,-0.000126,-0.001126,-0.002032,-0.000176
13308.56918,13.772,4.295922,-0.000115,-0.001114,-0.002034,-0.000161
13311.070029999999,13.772,4.484402,-0.000102,-0.001101,-0.002037,-0.000144
13312.319823,13.772,4.375862,-0.0001,-0.001103,-0.002043,-0.000151
13314.833347,13.772,4.301376,-0.000102,-0.001105,-0.002044,-0.000155
13316.082531,13.772,3.726918,-0.000106,-0.001106,-0.002048,-0.000156
13318.584727000001,13.772,4.406898,-0.000113,-0.001109,-0.002041,-0.00016
13321.084695000001,13.772,4.521358,-0.000105,-0.001106,-0.00204,-0.000152
13322.335092000001,13.772,4.014707,-0.000102,-0.001101,-0.002043,-0.000147
13324.832843,13.772,4.646228,-0.000118,-0.001117,-0.002046,-0.000168
13326.083096999999,13.772,4.262738,-0.000138,-0.001135,-0.002048,-0.000189
13328.599793000001,13.772,4.605569,-0.00014,-0.00114,-0.002053,-0.000187
13331.100777,13.772,4.440374,-0.000131,-0.001132,-0.002033,-0.000179
13332.365839,13.772,3.933589,-0.000119,-0.001123,-0.002033,-0.000168
13334.866212,13.772,5.042393,-0.000111,-0.00111,-0.002045,-0.000156
13336.130721000001,13.772,4.196215,-0.000112,-0.001111,-0.002048,-0.000155
13338.646187,13.772,4.90774,-0.000122,-0.001123,-0.00205,-0.000171
13339.896959,13.772,4.679004,-0.000118,-0.00112,-0.00204,-0.00017
13342.429704,13.772,4.491405,-0.000109,-0.001112,-0.002039,-0.000162
13344.927742,13.772,4.255979,-0.000117,-0.00112,-0.00204,-0.000167
13346.173206,13.772,4.561036,-0.000115,-0.001117,-0.002041,-0.000168
13348.662253999999,13.772,4.858491,-0.000107,-0.001109,-0.002042,-0.000158
13349.911342,13.772,4.528303,-0.000108,-0.001104,-0.002046,-0.000153
13352.412063,13.772,4.485527,-0.000104,-0.001102,-0.002046,-0.000148
13354.912826,13.772,4.477139,-0.000107,-0.001104,-0.002045,-0.000152
13356.163603,13.772,4.523767,-0.00011,-0.001108,-0.002038,-0.000156
13358.663429,13.772,4.391809,-0.000111,-0.001111,-0.002036,-0.000159
13359.912837,13.772,4.309005,-0.000106,-0.001109,-0.00204,-0.000157
13362.412827,13.772,4.460306,-0.000102,-0.001105,-0.002044,-0.00015
13364.911948,13.772,4.26051,-0.000105,-0.001103,-0.002047,-0.000148
13366.180105,13.772,4.524998,-0.000106,-0.001107,-0.002046,-0.000147
13368.678584000001,13.772,4.322305,-0.000109,-0.001109,-0.002046,-0.000152
13369.929571,13.772,4.39817,-0.000109,-0.001109,-0.002035,-0.000155
13372.429809000001,13.772,4.649645,-0.000103,-0.001102,-0.002035,-0.000151
13374.929189,13.772,4.287588,-0.000105,-0.001106,-0.00203,-0.000154
13376.177989,13.772,4.767172,-0.000101,-0.001104,-0.002036,-0.000151
13378.678227,13.772,4.144876,-0.0001,-0.001104,-0.002035,-0.000145
13379.943453,13.772,5.000051,-9.5e-05,-0.001102,-0.002034,-0.000139
13382.44376,13.772,4.37418,-9.4e-05,-0.001095,-0.002035,-0.000136
13384.943696999999,13.772,4.367893,-9.3e-05,-0.001097,-0.00203,-0.000142
13386.209896,13.772,4.756227,-0.000101,-0.001106,-0.002035,-0.000155
13388.724788,13.772,4.42519,-0.000104,-0.00111,-0.00204,-0.000151
13389.991085,13.772,4.17597,-0.000103,-0.001107,-0.002039,-0.00015
13392.490869000001,13.772,4.60698,-9.6e-05,-0.0011,-0.002038,-0.000149
13395.006297,13.772,4.68911,-9.8e-05,-0.001102,-0.002041,-0.000149
13396.255688000001,13.772,4.530971,-0.000104,-0.001108,-0.002036,-0.000156
13398.772412,13.772,4.473595,-0.000115,-0.001118,-0.00204,-0.000165
13400.019876999999,13.772,4.467722,-0.000117,-0.00112,-0.002049,-0.000171
13402.537732,13.772,4.387342,-0.000123,-0.001126,-0.002037,-0.000174
13405.037278,13.772,5.062982,-0.000126,-0.001126,-0.002034,-0.000177
13406.286906000001,13.772,4.198565,-0.000127,-0.001127,-0.002042,-0.000172
13408.788822999999,13.772,4.402255,-0.000124,-0.001125,-0.00204,-0.000173
13410.03793,13.772,4.430198,-0.000124,-0.001121,-0.002036,-0.000171
13412.552033,13.772,4.493803,-0.000122,-0.001122,-0.002042,-0.000171
13415.052416,13.772,4.72413,-0.000121,-0.001121,-0.002038,-0.000168
13416.302719,13.772,4.508169,-0.00012,-0.00112,-0.002031,-0.000171
13418.818532000001,13.772,4.670882,-0.000122,-0.00112,-0.002037,-0.000166
13420.069698,13.772,4.032607,-0.000122,-0.001122,-0.00203,-0.000169
13422.568588,13.772,4.74568,-0.00012,-0.001118,-0.002028,-0.000166
13425.068653,13.772,4.579318,-0.000123,-0.001119,-0.002025,-0.00017
13426.319169999999,13.772,4.449875,-0.000122,-0.001119,-0.002025,-0.000165
13428.834472,13.772,4.405258,-0.000116,-0.001113,-0.002029,-0.000157
13430.083861,13.772,4.276717,-0.000115,-0.001113,-0.002021,-0.000157
13432.584977,13.772,4.858226,-0.000111,-0.001112,-0.002025,-0.000152
13435.083562,13.772,4.156012,-0.000114,-0.001111,-0.00202,-0.000159
13436.334802000001,13.772,4.409232,-0.000113,-0.001112,-0.002021,-0.000159
13438.849992,13.772,5.117462,-0.000111,-0.001112,-0.00202,-0.00016
13440.099618,13.772,4.630095,-0.000112,-0.001111,-0.002025,-0.00016
13442.615789,13.772,4.552558,-0.000109,-0.001111,-0.002029,-0.000156
13443.881957,13.772,4.155169,-0.000109,-0.001108,-0.002032,-0.000154
13446.382020000001,13.772,4.552394,-0.000109,-0.00111,-0.002028,-0.000157
13448.880718,13.772,4.388631,-0.000112,-0.001112,-0.00202,-0.000162
13450.132410999999,13.772,4.567482,-0.000113,-0.001111,-0.002027,-0.00016
13452.630884,13.772,4.348879,-0.000113,-0.001112,-0.002025,-0.000161
13453.880841999999,13.772,4.382716,-0.000113,-0.001112,-0.002019,-0.000161
13456.396867,13.772,4.914594,-0.000108,-0.001109,-0.002028,-0.000159
13458.897597,13.772,4.61593,-0.000106,-0.001107,-0.002025,-0.000155
13460.147657000001,13.772,4.526366,-0.000106,-0.001106,-0.002017,-0.000155
13462.662384,13.772,4.674038,-0.000103,-0.001104,-0.002019,-0.000154
13463.912607999999,13.772,4.373835,-0.000105,-0.001104,-0.002024,-0.000152
13466.41284,13.772,4.872184,-0.000102,-0.001102,-0.002018,-0.000149
13468.912733000001,13.772,4.387448,-9.6e-05,-0.001096,-0.002019,-0.000143
13470.162455,13.772,4.91496,-9.2e-05,-0.001094,-0.002013,-0.000139
13472.663663,13.772,4.336078,-8.9e-05,-0.001091,-0.002014,-0.000138
13473.912589,13.772,4.763294,-8.7e-05,-0.001088,-0.002021,-0.000136
13476.4274,13.772,4.525093,-9.2e-05,-0.001092,-0.002014,-0.00014
13478.927348000001,13.772,4.211818,-9.2e-05,-0.001093,-0.002011,-0.00014
13480.1786,13.772,4.723048,-8.7e-05,-0.001088,-0.002014,-0.000134
13482.662171,13.772,4.336343,-8.3e-05,-0.001084,-0.002011,-0.000129
13483.927824,13.772,4.540081,-8e-05,-0.00108,-0.002009,-0.000128
13486.427828,13.772,3.997963,-8.3e-05,-0.001085,-0.002009,-0.000129
13488.927275,13.772,4.808293,-8.2e-05,-0.001085,-0.002009,-0.000132
13490.178711,13.772,4.332131,-8.1e-05,-0.001083,-0.002013,-0.00013
13492.693829,13.772,4.580432,-7.7e-05,-0.001078,-0.002013,-0.000123
13493.943603,13.772,4.392722,-7.6e-05,-0.001077,-0.002009,-0.000123
13496.460210000001,13.772,4.352863,-7.9e-05,-0.001082,-0.002011,-0.000124
13498.975294,13.772,4.309169,-7.9e-05,-0.001079,-0.002016,-0.000126
13500.225751,13.772,4.483808,-7.7e-05,-0.001079,-0.002008,-0.000125
13502.725223000001,13.772,4.099633,-7.8e-05,-0.001079,-0.002006,-0.000125
13503.989969999999,13.772,4.386228,-7.9e-05,-0.001081,-0.002004,-0.000127
13506.491591,13.772,4.370663,-8.7e-05,-0.001085,-0.002007,-0.000132
13509.020815,13.772,4.439615,-8.8e-05,-0.001091,-0.002006,-0.000135
13510.271774,13.772,4.432702,-9e-05,-0.001091,-0.002003,-0.000137
13512.771223,13.772,4.465749,-9e-05,-0.00109,-0.002003,-0.000135
13514.022688000001,13.772,4.357447,-8.4e-05,-0.001087,-0.002006,-0.000131
13516.521452,13.772,4.380122,-7.8e-05,-0.001081,-0.002006,-0.000125
13519.036702000001,13.772,4.321584,-8.5e-05,-0.001086,-0.002003,-0.000132
13520.287373,13.772,4.591361,-8.5e-05,-0.001087,-0.001998,-0.000134
13522.772323000001,13.772,3.762739,-8.6e-05,-0.001085,-0.002007,-0.000131
13524.037833,13.772,4.525539,-8.4e-05,-0.001084,-0.002007,-0.000129
13526.5379,13.772,4.276112,-8.1e-05,-0.001083,-0.002003,-0.000127
13529.03472,13.772,4.433901,-7.6e-05,-0.001079,-0.002001,-0.000119
13530.271013,13.772,4.47099,-7.7e-05,-0.001077,-0.001997,-0.00012
13532.787805,13.772,4.629808,-7.4e-05,-0.001076,-0.002,-0.000121
13534.037884000001,13.772,4.581461,-7.2e-05,-0.001074,-0.002003,-0.00012
13536.552852,13.772,4.571053,-7.2e-05,-0.001073,-0.002001,-0.000117
13539.069369,13.772,4.310713,-7.5e-05,-0.001075,-0.002004,-0.000119
13540.330999,13.772,4.431164,-7.5e-05,-0.001074,-0.002004,-0.000117
13542.834165,13.772,3.631031,-7.4e-05,-0.001073,-0.002005,-0.000117
13544.099616,13.772,4.572469,-7.2e-05,-0.001071,-0.002004,-0.000113
13546.599721999999,13.772,4.406627,-7e-05,-0.00107,-0.002006,-0.00011
13549.100150999999,13.772,4.37991,-7e-05,-0.001071,-0.002008,-0.000111
13550.348977,13.772,4.533592,-7.1e-05,-0.001071,-0.001999,-0.000113
13552.849741,13.772,4.382769,-6.9e-05,-0.001071,-0.001996,-0.000114
13554.099544,13.772,4.54215,-6.8e-05,-0.00107,-0.002001,-0.000112
13556.599624,13.772,4.187467,-6.7e-05,-0.001069,-0.001999,-0.000112
13559.114797,13.772,4.541375,-7e-05,-0.001071,-0.001994,-0.000114
13560.365546,13.772,4.29024,-6.9e-05,-0.001069,-0.002001,-0.000111
13562.865663,13.772,4.468571,-6.8e-05,-0.001067,-0.002004,-0.000109
13564.116169,13.772,4.616349,-6.3e-05,-0.001066,-0.002005,-0.000104
13566.646864,13.772,4.411789,-5.9e-05,-0.001061,-0.001997,-0.0001
13567.897978,13.772,4.763707,-5.7e-05,-0.001058,-0.002001,-9.7e-05
13570.397752,13.772,4.447095,-5.7e-05,-0.00106,-0.001997,-9.8e-05
13572.929681,13.772,4.664223,-6.1e-05,-0.001062,-0.001993,-0.0001
13574.177806,13.772,4.809503,-6.1e-05,-0.001062,-0.00199,-0.000101
13576.677783,13.772,4.614301,-5.9e-05,-0.001059,-0.00199,-0.000102
13577.929189,13.772,4.507766,-5.8e-05,-0.001058,-0.001991,-0.0001
13580.443032,13.772,5.261389,-5.7e-05,-0.001056,-0.001998,-9.9e-05
13582.944109,13.772,4.417561,-5.4e-05,-0.001056,-0.001999,-9.8e-05
13584.193320999999,13.772,4.674951,-5.6e-05,-0.001056,-0.001995,-0.0001
13586.709587000001,13.772,4.336099,-5.2e-05,-0.001053,-0.001998,-9.7e-05
13587.95939,13.772,5.062138,-5.5e-05,-0.001053,-0.001997,-9.9e-05
13590.458149,13.772,4.174893,-5.7e-05,-0.001054,-0.002002,-0.000103
13592.975247999999,13.772,4.952638,-5.7e-05,-0.001057,-0.001996,-0.000103
13594.22401,13.772,4.55163,-5.5e-05,-0.001056,-0.002001,-0.0001
13596.724649,13.772,4.45386,-5.5e-05,-0.001058,-0.002,-9.9e-05
13597.975765,13.772,4.424155,-5.7e-05,-0.001061,-0.001993,-0.000104
13600.47439,13.772,4.791523,-5.9e-05,-0.001061,-0.001995,-0.000104
13602.974776,13.772,4.275874,-5.6e-05,-0.001058,-0.001995,-0.000102
13604.224712,13.772,4.440395,-5.4e-05,-0.001055,-0.001995,-9.8e-05
13606.723965000001,13.772,4.479643,-5.4e-05,-0.001057,-0.001991,-9.7e-05
13607.97491,13.772,4.655433,-5.4e-05,-0.001056,-0.001988,-9.7e-05
13610.490305,13.772,4.344577,-5.5e-05,-0.001057,-0.001987,-0.0001
13612.99029,13.772,4.234615,-5.5e-05,-0.001058,-0.001993,-9.8e-05
13614.240554,13.772,4.536149,-5.4e-05,-0.001061,-0.001987,-0.0001
13616.740299000001,13.772,4.445583,-4.7e-05,-0.001053,-0.001991,-9.6e-05
13617.991523,13.772,4.320162,-4.8e-05,-0.001053,-0.001993,-9.4e-05
13620.491471000001,13.772,4.363681,-5.7e-05,-0.001056,-0.001991,-9.7e-05
13622.990654000001,13.772,4.387332,-6.3e-05,-0.001065,-0.001994,-0.000106
13624.241141,13.772,4.360577,-6.8e-05,-0.001067,-0.001996,-0.00011
13626.740297,13.772,4.446024,-6.2e-05,-0.001065,-0.001998,-0.000107
13627.990828,13.772,4.387602,-6.5e-05,-0.001068,-0.001992,-0.00011
13630.506140000001,13.772,4.316995,-6.3e-05,-0.001066,-0.001995,-0.00011
13633.037915,13.772,4.400658,-6.1e-05,-0.001063,-0.001999,-0.000106
13634.287744000001,13.772,4.275104,-6.2e-05,-0.001065,-0.001996,-0.000109
13636.786905,13.772,4.391348,-7.4e-05,-0.001076,-0.001997,-0.000122
13638.03781,13.772,4.368514,-7.8e-05,-0.001077,-0.001997,-0.000121
13640.537346000001,13.772,4.480656,-8.1e-05,-0.00108,-0.001997,-0.000127
13643.051876000001,13.772,4.778419,-8.1e-05,-0.00108,-0.001992,-0.000125
13644.302391000001,13.772,4.344333,-8.1e-05,-0.00108,-0.001992,-0.000123
13646.819753,13.772,4.303312,-7.3e-05,-0.001073,-0.002003,-0.000116
13648.069994000001,13.772,4.557418,-7.2e-05,-0.001071,-0.001999,-0.000115
13650.568709,13.772,4.419179,-7.2e-05,-0.001073,-0.001992,-0.000117
13653.069448,13.772,4.428044,-7.6e-05,-0.001076,-0.001991,-0.000117
13654.334649,13.772,4.297949,-7.9e-05,-0.001078,-0.001993,-0.000121
13656.83402,13.772,4.331467,-7.7e-05,-0.001081,-0.002,-0.000126
13658.08455,13.772,4.755102,-7.6e-05,-0.001078,-0.001999,-0.00012
13660.585057,13.772,4.360004,-7.4e-05,-0.001078,-0.002,-0.00012
13663.083396,13.772,4.422675,-7.1e-05,-0.001074,-0.002,-0.000112
13664.333029000001,13.772,4.315764,-7e-05,-0.00107,-0.002006,-0.000111
13666.850449,13.772,4.757384,-8.4e-05,-0.001088,-0.002001,-0.000134
13668.100919,13.772,4.662154,-8.8e-05,-0.001091,-0.002001,-0.000136
13670.615886,13.772,4.542425,-8.9e-05,-0.001089,-0.002007,-0.000135
13673.131471,13.772,4.683895,-8.7e-05,-0.00109,-0.001996,-0.000134
13674.381408000001,13.772,4.209266,-8.5e-05,-0.001088,-0.002003,-0.000132
13676.91363,13.772,4.574522,-8.9e-05,-0.001088,-0.001995,-0.000134
13678.162319,13.772,4.795879,-9.6e-05,-0.001097,-0.001996,-0.000146
13680.658102000001,13.772,4.279529,-0.000104,-0.001103,-0.002007,-0.00015
13683.146003,13.772,5.170286,-0.000104,-0.001105,-0.002004,-0.000153
13684.396877,13.772,4.378329,-0.000103,-0.001104,-0.002015,-0.000148
13686.912381,13.772,4.830464,-9.7e-05,-0.001101,-0.002006,-0.000148
13688.162572000001,13.772,4.301344,-0.0001,-0.001102,-0.002011,-0.00015
13690.66314,13.772,4.390462,-0.000104,-0.001106,-0.002007,-0.000152
13691.927691,13.772,4.818097,-0.000101,-0.0011,-0.002008,-0.000142
13694.443543000001,13.772,4.162957,-9.5e-05,-0.001095,-0.002017,-0.00014
13696.943305,13.772,4.472996,-9.4e-05,-0.001095,-0.002011,-0.000139
13698.194556999999,13.772,4.129953,-9.5e-05,-0.001095,-0.001998,-0.000138
13700.694381000001,13.772,4.210757,-9.3e-05,-0.001095,-0.002003,-0.000142
13701.943632999999,13.772,3.943091,-0.000101,-0.001104,-0.002005,-0.000144
13704.442414000001,13.772,4.570984,-9.5e-05,-0.001094,-0.002015,-0.000136
13706.960063999999,13.772,4.510154,-8.7e-05,-0.001089,-0.002017,-0.000134
13708.223567000001,13.772,4.462852,-8e-05,-0.001083,-0.002021,-0.000124
13710.709958,13.772,4.758296,-7.3e-05,-0.001075,-0.002017,-0.000119
13711.959776,13.772,4.201712,-7.2e-05,-0.001075,-0.002023,-0.000117
13714.458305,13.772,4.446708,-7.7e-05,-0.001077,-0.00202,-0.000119
13716.958561,13.772,4.587202,-9.4e-05,-0.001099,-0.002024,-0.000149
13718.208040000001,13.772,4.448056,-0.000101,-0.001106,-0.002017,-0.000156
13720.707193999999,13.772,4.845244,-0.00011,-0.001115,-0.00202,-0.00017
13721.958872,13.772,4.435063,-0.000114,-0.001119,-0.002022,-0.000169
13724.458642,13.772,4.746359,-0.000118,-0.001115,-0.002023,-0.000163
13726.958673000001,13.772,4.467696,-0.000107,-0.001108,-0.002018,-0.000153
13728.209273,13.772,4.912111,-0.000111,-0.001113,-0.002016,-0.000157
13730.723238999999,13.772,4.117735,-0.000111,-0.001108,-0.002046,-0.000156
13731.975795,13.772,4.588581,-0.000107,-0.001109,-0.002046,-0.000151
13734.490958,13.772,4.511082,-9.3e-05,-0.001093,-0.00204,-0.000137
13736.975746,13.772,4.502334,-9.6e-05,-0.001097,-0.002041,-0.000143
13738.222726,13.772,4.426262,-9.3e-05,-0.001095,-0.002046,-0.000139
13740.723767,13.772,4.525247,-9e-05,-0.001092,-0.002043,-0.000131
13741.974248,13.772,4.57474,-8.7e-05,-0.001093,-0.002045,-0.000134
13744.475561,13.772,4.449488,-0.000102,-0.001101,-0.002044,-0.000145
13746.976756,13.772,4.58856,-9.5e-05,-0.001093,-0.002043,-0.000136
13748.225625,13.772,4.290803,-9.8e-05,-0.001097,-0.002046,-0.000141
13750.739623000001,13.772,4.387374,-9.4e-05,-0.001092,-0.002052,-0.000136
13751.990005,13.772,4.225675,-8.9e-05,-0.00109,-0.002047,-0.000134
13754.506083,13.772,4.61629,-9.6e-05,-0.001097,-0.002079,-0.000141
13757.021518,13.772,4.244382,-9.9e-05,-0.001099,-0.002075,-0.000142
13758.27312,13.772,4.360402,-9.8e-05,-0.001097,-0.002076,-0.00014
13760.772705,13.772,4.363479,-9.7e-05,-0.001098,-0.002082,-0.000143
13762.021587,13.772,4.683784,-0.000101,-0.001102,-0.002078,-0.000148
13764.521692,13.772,4.507061,-0.000105,-0.001106,-0.002076,-0.000153
13767.021669,13.772,4.876386,-0.000102,-0.001099,-0.002085,-0.000143
13767.28855,13.772,4.40424,-9.9e-05,-0.001095,-0.002087,-0.000139
13768.535924,13.772,4.371209,-9.6e-05,-0.001095,-0.002083,-0.000138
13769.784924,13.772,4.439031,-9.5e-05,-0.001094,-0.002082,-0.000139
13772.285794,13.772,4.387072,-9.2e-05,-0.001096,-0.002079,-0.000138
13773.553036,13.772,4.49497,-8.9e-05,-0.001095,-0.002073,-0.000136
13776.067288,13.772,4.349346,-7.9e-05,-0.001089,-0.002075,-0.000125
13778.582735,13.772,4.350699,-7.6e-05,-0.001083,-0.002077,-0.00012
13779.833886,13.771,5.008639,-7.6e-05,-0.001085,-0.002073,-0.00012
13782.364735,13.772,4.623453,-7.3e-05,-0.001085,-0.00208,-0.000112
13783.613222,13.772,4.304464,-7e-05,-0.001083,-0.002076,-0.000108
13786.131513,13.772,4.390212,-7.1e-05,-0.001089,-0.002081,-0.000107
13788.630877,13.772,4.281089,-7.5e-05,-0.001094,-0.002075,-0.000109
13789.89588,13.772,4.213128,-7.4e-05,-0.001096,-0.002074,-0.000109
13792.427296,13.772,4.049127,-7.2e-05,-0.001098,-0.002084,-0.000108
13793.692824,13.772,4.067526,-7.5e-05,-0.001102,-0.002079,-0.000108
13796.224151999999,13.772,4.411683,-6.9e-05,-0.001102,-0.002077,-0.000105
13797.490515,13.772,3.820534,-6.8e-05,-0.001103,-0.00208,-0.0001
13800.021763,13.772,4.061839,-6.4e-05,-0.001105,-0.002078,-9.8e-05
13802.535742,13.772,3.953277,-6.6e-05,-0.001109,-0.002078,-0.000104
13803.786379,13.772,4.093888,-7e-05,-0.001112,-0.002077,-9.8e-05
13806.317754,13.772,3.770209,-8e-05,-0.001123,-0.002067,-0.000108
13807.583089,13.772,4.316655,-7.9e-05,-0.001122,-0.002068,-0.000104
13810.083239,13.772,3.843904,-7.2e-05,-0.001119,-0.002077,-0.000102
13812.612909,13.772,4.066364,-8.1e-05,-0.001129,-0.002087,-0.000108
13813.864967,13.772,3.62468,-8.4e-05,-0.001129,-0.002085,-0.000107
13816.396141,13.772,3.590435,-7.9e-05,-0.00113,-0.002087,-0.000102
13817.647288,13.772,3.799308,-8e-05,-0.001133,-0.002081,-0.0001
13820.162737,13.772,3.482245,-7.3e-05,-0.00113,-0.00208,-9e-05
13822.67708,13.772,3.83428,-6e-05,-0.001118,-0.002073,-7.1e-05
13823.942742,13.772,3.807107,-5.6e-05,-0.001114,-0.00207,-6.5e-05
13826.443212,13.772,3.398974,-5.1e-05,-0.001114,-0.002066,-6e-05
13827.707864,13.772,3.308376,-5.1e-05,-0.001114,-0.002072,-5.6e-05
13830.208349,13.772,3.768341,-4.9e-05,-0.001113,-0.002077,-5.4e-05
13831.473259999999,13.772,3.349433,-5.4e-05,-0.001118,-0.002078,-6.2e-05
13833.973834999999,13.772,3.476648,-5.3e-05,-0.001121,-0.002077,-5.6e-05
13836.505411,13.772,3.332743,-4.5e-05,-0.001115,-0.002069,-4.8e-05
13837.756127,13.772,2.702447,-4.4e-05,-0.001116,-0.002069,-4.3e-05
13840.270419,13.772,3.294513,-3.8e-05,-0.001114,-0.002071,-4e-05
13841.521605,13.772,3.643551,-4e-05,-0.001119,-0.002061,-4.5e-05
13844.036974,13.772,3.352197,-4.4e-05,-0.001125,-0.00207,-4.7e-05
13846.552391,13.772,3.27386,-4.7e-05,-0.001129,-0.00208,-4.8e-05
13847.802966,13.772,3.230388,-4.8e-05,-0.001131,-0.002081,-4.6e-05
13850.332445,13.772,3.351295,-3.7e-05,-0.001123,-0.002081,-3.2e-05
13851.582866,13.772,3.214956,-3.2e-05,-0.001118,-0.00208,-2.5e-05
13854.115738999999,13.772,3.153558,-3.8e-05,-0.001123,-0.002079,-2.7e-05
13856.615656,13.772,3.112718,-3.3e-05,-0.001121,-0.00208,-1.7e-05
13857.864993,13.772,3.143499,-3e-05,-0.00112,-0.002077,-1.3e-05
13860.39627,13.772,2.617717,-3e-05,-0.001124,-0.002065,-1.4e-05
13861.66296,13.772,3.063538,-2.6e-05,-0.001122,-0.002066,-1.1e-05
13864.193054,13.772,3.277679,-2.5e-05,-0.001121,-0.002062,-1.1e-05
13866.693229,13.772,3.037272,-2.7e-05,-0.001125,-0.002062,-9e-06
13867.943941,13.772,3.07816,-2.4e-05,-0.001125,-0.002063,-4e-06
13870.443309,13.772,3.06096,-1.6e-05,-0.001118,-0.002071,1e-05
13871.708316,13.772,2.707147,-1.4e-05,-0.001117,-0.002071,1.3e-05
13874.225085,13.772,2.850989,-1.7e-05,-0.00112,-0.002069,9e-06
13875.474745,13.772,2.861488,-1.7e-05,-0.001121,-0.002061,1.4e-05
13878.00643,13.772,2.648906,-1.3e-05,-0.001122,-0.002067,1.5e-05
13880.520792,13.772,2.765701,-1.1e-05,-0.001123,-0.002067,1.7e-05
13881.786716999999,13.772,2.835317,-9e-06,-0.00112,-0.002066,2.3e-05
13884.31786,13.772,2.839975,-2e-06,-0.001116,-0.00206,3.2e-05
13885.58391,13.772,2.742369,0.0,-0.001113,-0.002065,4e-05
13888.114618,13.772,2.152732,6e-06,-0.001111,-0.002057,4.3e-05
13890.632255999999,13.772,2.654095,1e-05,-0.001109,-0.002058,5e-05
13891.895395,13.772,2.674164,1.2e-05,-0.00111,-0.002059,5.3e-05
13894.39752,13.772,2.612066,1.3e-05,-0.001109,-0.002055,5.7e-05
13895.64579,13.772,2.635346,1.4e-05,-0.001109,-0.002057,5.8e-05
13898.161608999999,13.772,2.599594,1.8e-05,-0.001108,-0.002062,6.6e-05
13900.676408,13.772,2.513161,2.3e-05,-0.001105,-0.002057,7.2e-05
13901.927182,13.772,2.605812,2.5e-05,-0.001103,-0.00206,7.4e-05
13904.443267999999,13.772,2.479563,3.2e-05,-0.001099,-0.002057,8.1e-05
13905.709572,13.772,2.39045,3.4e-05,-0.001099,-0.002052,8.3e-05
13908.223879,13.772,2.347775,3.7e-05,-0.001097,-0.00206,9.2e-05
13910.723972,13.772,2.657771,4.2e-05,-0.001096,-0.00206,9.9e-05
13911.989873999999,13.772,2.365834,4.4e-05,-0.001094,-0.002054,0.000102
13914.521368,13.772,2.367659,4.8e-05,-0.001088,-0.002063,0.000106
13915.770555,13.772,2.322055,4.7e-05,-0.001091,-0.002056,0.000105
13918.271845,13.772,2.321323,5e-05,-0.001094,-0.002055,0.00011
13919.536367,13.772,2.435211,5.5e-05,-0.001092,-0.002059,0.000114
13922.069015,13.772,2.520843,5.2e-05,-0.001094,-0.002058,0.000115
13924.568631,13.772,2.336841,5.1e-05,-0.001098,-0.002051,0.000115
13925.8331,13.772,2.207387,5.5e-05,-0.001096,-0.002053,0.000118
13928.333578,13.772,2.099765,5.5e-05,-0.001096,-0.002054,0.000121
13929.599366999999,13.772,1.949483,5.4e-05,-0.001097,-0.002057,0.000123
13932.114666,13.772,2.186002,5.8e-05,-0.001095,-0.002056,0.000127
13934.630717,13.772,2.265395,5.4e-05,-0.001101,-0.002051,0.000121
13935.895727,13.772,1.351034,5.3e-05,-0.001102,-0.002052,0.000122
13938.411877,13.772,2.097622,5.5e-05,-0.001105,-0.002047,0.000126
13939.661872,13.772,2.291459,5.5e-05,-0.001105,-0.00205,0.000127
13942.163182,13.772,1.977473,5.6e-05,-0.001103,-0.002052,0.000134
13944.676685,13.772,2.013507,5.8e-05,-0.001104,-0.002056,0.000133
13945.927294,13.772,1.994487,5.6e-05,-0.001106,-0.002051,0.000134
13948.458596999999,13.772,2.008498,6.2e-05,-0.001101,-0.002053,0.000142
13949.708709999999,13.772,1.880148,6.1e-05,-0.001102,-0.002047,0.000142
13952.240804,13.772,2.081042,6.4e-05,-0.001101,-0.002053,0.000148
13953.506017,13.772,1.779672,6.4e-05,-0.001102,-0.002047,0.000148
13956.020808,13.772,1.72306,6.9e-05,-0.0011,-0.002053,0.000155
13958.521589,13.772,1.624637,7.3e-05,-0.001099,-0.002053,0.00016
13959.769987,13.772,1.684321,7.5e-05,-0.0011,-0.002047,0.000162
13962.271085,13.772,1.636054,7.4e-05,-0.001099,-0.002048,0.000166
13963.521104,13.772,1.701059,7.6e-05,-0.001097,-0.002056,0.000168
13966.021493,13.772,1.914123,8.1e-05,-0.0011,-0.002054,0.00017
13968.535777,13.772,2.206257,7.8e-05,-0.001101,-0.002051,0.000169
13969.802853,13.772,1.838921,7.9e-05,-0.001101,-0.002054,0.000171
13972.318513,13.772,1.545085,7.7e-05,-0.001102,-0.00205,0.000174
13973.582876999999,13.772,1.635099,8e-05,-0.001102,-0.002051,0.000175
13976.099076,13.772,1.50112,8.2e-05,-0.001099,-0.002053,0.000177
13978.616184,13.772,1.604721,7.6e-05,-0.0011,-0.002047,0.000174
13979.864518999999,13.772,1.66293,7.7e-05,-0.001099,-0.002049,0.000175
13982.364043,13.772,1.593331,7.4e-05,-0.0011,-0.002049,0.000171
13983.615362,13.772,1.711107,7.4e-05,-0.001101,-0.002046,0.000168
13986.130905,13.772,2.23203,7.2e-05,-0.0011,-0.002043,0.000167
13988.646216,13.772,1.766743,7e-05,-0.001099,-0.002044,0.000165
13989.897206,13.772,1.671657,7.2e-05,-0.001097,-0.002044,0.000167
13992.411345,13.772,1.746079,7.3e-05,-0.001096,-0.002039,0.000164
13993.656169,13.772,1.512176,7.1e-05,-0.001095,-0.002046,0.000165
13996.161503,13.772,1.831139,7.2e-05,-0.00109,-0.002044,0.000163
13998.67758,13.772,2.341451,6.9e-05,-0.001094,-0.002043,0.000156
13999.943717,13.772,1.434905,6.9e-05,-0.001093,-0.002043,0.000157
14002.458861,13.772,1.872053,7.1e-05,-0.001089,-0.002042,0.000153
14003.725094,13.772,2.147103,6.6e-05,-0.00109,-0.002044,0.000148
14006.256789,13.772,1.971791,6.1e-05,-0.001094,-0.00204,0.000142
14007.520552,13.772,2.020891,5.6e-05,-0.001096,-0.002043,0.000136
14010.051761,13.772,1.912664,5.7e-05,-0.001099,-0.002043,0.000128
14012.531534,13.772,2.608623,5.8e-05,-0.001093,-0.002043,0.000129
14013.766099999999,13.772,2.137586,5.3e-05,-0.001098,-0.002046,0.000125
14016.234027,13.772,2.070384,4.4e-05,-0.001102,-0.002046,0.000118
14018.723695,13.772,2.316904,4.6e-05,-0.001101,-0.002047,0.000115
14019.973528999999,13.772,2.272716,3.9e-05,-0.001107,-0.002038,0.000108
14022.472942,13.772,2.196681,2.8e-05,-0.001114,-0.002041,9.1e-05
14023.723319,13.772,2.090146,2.8e-05,-0.001113,-0.002047,9.4e-05
14026.224742999999,13.772,2.3284,3.2e-05,-0.001107,-0.002052,9.3e-05
14027.491063,13.772,2.556759,2.6e-05,-0.00111,-0.00205,8.7e-05
14030.021341,13.772,2.266631,1.6e-05,-0.001116,-0.002057,8.1e-05
14032.55402,13.772,2.498932,1.6e-05,-0.001114,-0.00205,8.1e-05
14033.803441,13.772,2.328331,1.9e-05,-0.00111,-0.002053,8e-05
14036.317751,13.772,2.245717,1.3e-05,-0.001117,-0.002053,7.2e-05
14037.567845,13.772,2.37533,7e-06,-0.001122,-0.002056,6.8e-05
14040.098832,13.772,2.839248,1e-05,-0.001113,-0.002053,7e-05
14042.615851,13.772,2.637479,1e-05,-0.001115,-0.002057,6.5e-05
14043.880681,13.772,2.529363,1e-06,-0.001121,-0.002049,5.3e-05
14046.395074,13.772,2.566807,-5e-06,-0.001124,-0.002057,4.8e-05
14047.646329,13.772,2.570808,-3e-06,-0.00112,-0.002062,5.2e-05
14050.161241,13.772,2.534668,-6e-06,-0.001122,-0.00206,4.4e-05
14052.676903,13.772,2.540833,-9e-06,-0.001122,-0.002062,4.1e-05
14053.926833,13.772,2.859535,-1.2e-05,-0.001124,-0.002069,3.5e-05
14056.442391,13.772,2.660281,-1.4e-05,-0.001122,-0.002065,3.4e-05
14057.70899,13.772,2.703476,-1.1e-05,-0.001118,-0.002063,3.7e-05
14060.223850999999,13.772,2.806669,-1.5e-05,-0.00112,-0.002062,2.9e-05
14061.474721999999,13.772,2.716368,-1.4e-05,-0.001119,-0.002057,2.8e-05
14063.990679999999,13.772,2.807926,-1.2e-05,-0.001118,-0.002056,2.6e-05
14066.505699,13.772,2.925777,-6e-06,-0.001112,-0.002067,2.7e-05
14067.771651,13.772,2.824537,-1.7e-05,-0.001122,-0.002064,1.3e-05
14070.286926,13.772,2.885987,-3.4e-05,-0.001132,-0.002071,3e-06
14071.552759,13.772,2.773182,-3.7e-05,-0.001133,-0.00207,-2e-06
14074.068436,13.772,2.931581,-3.5e-05,-0.001127,-0.002075,5e-06
14076.583074,13.772,2.956027,-2.4e-05,-0.001119,-0.002068,1e-05
14077.831656999999,13.772,3.034301,-2e-05,-0.001114,-0.002059,1.3e-05
14080.349076,13.772,3.446615,-1e-05,-0.001103,-0.002068,2.1e-05
14081.598967,13.772,3.03255,-6e-06,-0.001098,-0.002075,2.5e-05
14084.115227,13.772,3.050217,-2.2e-05,-0.001107,-0.002078,1.3e-05
14086.614742,13.772,3.075656,-3.8e-05,-0.001121,-0.002083,-1.4e-05
14087.879595,13.772,2.984357,-4.2e-05,-0.001122,-0.002074,-1.6e-05
14090.412354,13.772,3.044684,-4.3e-05,-0.001123,-0.002069,-2.1e-05
14091.661725,13.772,3.176222,-4.3e-05,-0.001119,-0.002069,-2e-05
14094.178705,13.772,3.087751,-3e-05,-0.001112,-0.002074,-1.4e-05
14096.692936,13.772,3.252676,-3.4e-05,-0.001113,-0.002076,-2e-05
14097.943509,13.772,3.042386,-3.9e-05,-0.001115,-0.002073,-2.8e-05
14100.458902,13.772,3.245238,-3.2e-05,-0.001107,-0.002078,-1.6e-05
14101.72454,13.772,3.515838,-3.4e-05,-0.001108,-0.002073,-2.2e-05
14104.25552,13.772,3.22998,-5.4e-05,-0.001126,-0.002067,-4.3e-05
14105.505849,13.772,3.357211,-5.3e-05,-0.001124,-0.00206,-4.1e-05
14108.021126,13.772,3.074886,-6.7e-05,-0.001132,-0.002071,-5.4e-05
14110.521208,13.772,4.490307,-5.2e-05,-0.001117,-0.002077,-4.7e-05
14111.771347,13.772,3.502882,-5.4e-05,-0.001114,-0.002081,-4.7e-05
14114.271542999999,13.772,3.829039,-6.7e-05,-0.001126,-0.002078,-6.4e-05
14115.521444,13.772,3.200138,-6.9e-05,-0.001128,-0.002079,-6.3e-05
14118.053064,13.772,3.366145,-6.8e-05,-0.001124,-0.002075,-7.2e-05
14120.567866,13.772,3.546343,-6.4e-05,-0.001121,-0.002069,-6.4e-05
14121.817759,13.772,3.789727,-5.9e-05,-0.001113,-0.002075,-5.8e-05
14124.333399,13.772,3.685478,-5.8e-05,-0.00111,-0.002082,-5.8e-05
14125.598725,13.772,3.583114,-6.5e-05,-0.001117,-0.002082,-6.8e-05
14128.130681,13.772,4.145725,-6.1e-05,-0.001108,-0.002082,-6.4e-05
14130.631401,13.772,3.778602,-6.2e-05,-0.001106,-0.002084,-6e-05
14131.880614,13.772,3.859799,-6.7e-05,-0.001106,-0.002086,-6.4e-05
14134.395786,13.772,3.805892,-7e-05,-0.001108,-0.002087,-7.4e-05
14135.646227,13.772,3.674953,-7.2e-05,-0.00111,-0.002081,-7.7e-05
14138.160695999999,13.772,4.00034,-7.5e-05,-0.001114,-0.002083,-8.5e-05
14140.662436,13.772,3.914464,-8.2e-05,-0.001113,-0.002084,-9e-05
14141.927043,13.772,3.561383,-8e-05,-0.001114,-0.002085,-9.3e-05
14144.427407,13.772,4.07012,-8e-05,-0.001114,-0.002087,-9.4e-05
14145.694453,13.772,4.041615,-7.6e-05,-0.001109,-0.002082,-9.2e-05
14148.192817,13.772,4.105045,-7.5e-05,-0.001105,-0.002088,-9.5e-05
14150.693154,13.772,4.044469,-8.4e-05,-0.001107,-0.002091,-0.0001
14151.944169,13.772,3.972599,-8.8e-05,-0.001115,-0.002087,-0.000109
14154.458868,13.772,3.727995,-8.3e-05,-0.001109,-0.002082,-0.000106
14155.708537,13.772,3.826094,-7.8e-05,-0.001102,-0.002091,-9.7e-05
14158.241465,13.772,3.508729,-8.9e-05,-0.001112,-0.002088,-0.000119
14160.741441,13.772,4.273237,-8.9e-05,-0.001106,-0.002092,-0.00012
14162.00558,13.772,4.166002,-0.000102,-0.00112,-0.002094,-0.00014
14164.521195,13.772,4.104477,-0.000119,-0.001134,-0.002086,-0.000157
14165.78598,13.772,4.411847,-0.000114,-0.001128,-0.002086,-0.000145
14168.302087,13.772,4.276277,-0.0001,-0.001113,-0.00209,-0.00013
14169.552075,13.772,4.260207,-9.9e-05,-0.001109,-0.002088,-0.00013
14172.068634,13.772,4.510605,-0.000103,-0.001105,-0.002092,-0.000134
14174.583811,13.772,4.32821,-9.7e-05,-0.001099,-0.00209,-0.000134
14175.833902999999,13.772,4.47159,-0.0001,-0.0011,-0.002083,-0.000137
14178.34863,13.772,4.082274,-9.7e-05,-0.001096,-0.002082,-0.000138
14179.615849,13.772,4.801152,-9.6e-05,-0.001095,-0.00208,-0.000135
14182.114556999999,13.772,4.381586,-0.0001,-0.001094,-0.002081,-0.000139
14184.646563,13.772,4.306803,-9.5e-05,-0.001089,-0.002089,-0.00014
14185.911427,13.772,5.02192,-9.3e-05,-0.001084,-0.002085,-0.00014
14188.427451,13.772,4.81276,-9.5e-05,-0.001084,-0.002087,-0.000146
14189.676546,13.772,4.610349,-9.6e-05,-0.001087,-0.002077,-0.000151
14192.177093,13.772,4.711806,-9.7e-05,-0.001084,-0.002077,-0.000151
14194.693552,13.772,4.742741,-0.0001,-0.001081,-0.00208,-0.000156
14195.958811,13.772,4.466964,-9.9e-05,-0.001081,-0.002079,-0.000156
14198.489469,13.772,4.977896,-9.9e-05,-0.001078,-0.002082,-0.000156
14199.737641,13.772,4.892286,-9.6e-05,-0.001075,-0.002082,-0.000156
14202.255936,13.772,5.005107,-9.2e-05,-0.001071,-0.002072,-0.000152
14203.521834,13.772,5.049512,-9e-05,-0.001069,-0.002074,-0.000155
14206.052758,13.772,5.032705,-9.3e-05,-0.001069,-0.002071,-0.000158
14208.568073999999,13.772,5.142651,-9.3e-05,-0.001074,-0.002074,-0.000162
14209.818981,13.772,4.919799,-9.1e-05,-0.00107,-0.002066,-0.000162
14212.317767,13.772,5.332676,-9.4e-05,-0.001067,-0.002063,-0.000168
14213.567015,13.772,5.171136,-9.1e-05,-0.001066,-0.002069,-0.000165
14216.067874,13.772,4.848952,-9e-05,-0.001062,-0.002072,-0.000167
14218.568701,13.772,4.933619,-9.4e-05,-0.001064,-0.002073,-0.000175
14219.83329,13.772,5.355518,-0.000102,-0.001067,-0.002068,-0.000182
14222.365507,13.772,5.365292,-0.000105,-0.001069,-0.002068,-0.000187
14223.614782,13.772,4.906955,-0.000102,-0.001065,-0.002068,-0.000187
14226.114565,13.772,5.514508,-0.000102,-0.001063,-0.002068,-0.00019
14228.630893,13.772,5.293686,-0.000107,-0.001067,-0.002069,-0.000197
14229.896173,13.772,5.636208,-0.000109,-0.001068,-0.002068,-0.000199
14232.396456,13.772,5.28014,-0.000117,-0.001072,-0.002072,-0.000212
14233.661838,13.772,5.283062,-0.000117,-0.001071,-0.002075,-0.000215
14236.177063,13.772,5.397431,-0.000117,-0.001069,-0.002069,-0.000219
14238.677271,13.772,5.415863,-0.000119,-0.001065,-0.002068,-0.000221
14239.927527,13.772,5.416022,-0.000118,-0.001065,-0.002067,-0.000219
14242.428077,13.772,5.481999,-0.000119,-0.001062,-0.002067,-0.000223
14243.677638,13.772,5.871373,-0.000121,-0.001063,-0.002069,-0.000225
14246.208322999999,13.772,6.041996,-0.000124,-0.001064,-0.002064,-0.000231
14248.708642,13.772,5.438439,-0.000124,-0.001063,-0.00206,-0.000234
14249.975083,13.772,5.432543,-0.000125,-0.001059,-0.002063,-0.000233
14252.506519,13.772,5.652038,-0.000118,-0.001057,-0.002062,-0.000233
14253.756838,13.772,5.331295,-0.000119,-0.001055,-0.002061,-0.000233
14256.286669,13.772,5.674189,-0.000122,-0.001055,-0.002057,-0.000242
14257.553372,13.772,5.851081,-0.000127,-0.001058,-0.002054,-0.000244
14260.068396,13.772,5.764016,-0.000131,-0.001059,-0.002054,-0.000249
14262.567002,13.772,5.869142,-0.000126,-0.001049,-0.002055,-0.000242
14263.816949,13.772,5.866592,-0.000124,-0.001047,-0.002056,-0.000243
14266.303719,13.772,5.967521,-0.00013,-0.001053,-0.002055,-0.000252
14267.553758,13.772,5.989991,-0.000133,-0.001055,-0.002044,-0.000259
14270.067864999999,13.772,5.951479,-0.000136,-0.001057,-0.002044,-0.000268
14272.582929,13.772,5.679448,-0.000133,-0.001051,-0.002046,-0.000264
14273.831717,13.772,5.521042,-0.000134,-0.00105,-0.002043,-0.000263
14276.33427,13.772,6.051929,-0.000133,-0.001048,-0.002042,-0.000267
14277.599552,13.772,6.177453,-0.000134,-0.001047,-0.002042,-0.000266
14280.131125,13.772,6.040349,-0.000138,-0.001047,-0.002044,-0.000273
14282.646258,13.772,6.836098,-0.000139,-0.001044,-0.002048,-0.000274
14283.911163,13.772,6.197267,-0.000141,-0.001047,-0.002042,-0.000279
14286.41344,13.772,6.274877,-0.000148,-0.00105,-0.00204,-0.000287
14287.677147,13.772,6.121305,-0.000146,-0.001047,-0.002043,-0.000288
14290.193477,13.772,6.705262,-0.000143,-0.001047,-0.002043,-0.000289
14292.693233,13.772,6.490335,-0.000149,-0.001046,-0.002039,-0.000296
14293.943653,13.772,6.069832,-0.000151,-0.001048,-0.002049,-0.000299
14296.459053999999,13.772,6.411876,-0.000155,-0.001049,-0.002042,-0.000304
14297.723786,13.772,6.084067,-0.000157,-0.00105,-0.002044,-0.000307
14300.222892,13.772,6.274293,-0.000161,-0.001049,-0.002044,-0.000312
14302.739661,13.772,6.491982,-0.000165,-0.001051,-0.002043,-0.000319
14304.006199,13.772,6.771344,-0.000164,-0.001048,-0.002046,-0.000318
14306.521419,13.772,6.750414,-0.000161,-0.001043,-0.002046,-0.000317
14307.788089,13.772,6.843376,-0.00016,-0.001043,-0.002042,-0.00032
14310.285785,13.772,6.578197,-0.000162,-0.001041,-0.002049,-0.000324
14311.553163999999,13.772,6.832858,-0.00016,-0.001039,-0.002045,-0.000324
14314.06757,13.772,6.474877,-0.000168,-0.001045,-0.002051,-0.000332
14316.582765,13.772,6.856603,-0.000167,-0.001043,-0.002044,-0.000333
14317.833186,13.772,6.878701,-0.000164,-0.001039,-0.002047,-0.000332
14320.334141,13.772,7.083853,-0.000166,-0.001037,-0.002044,-0.000334
14321.583445,13.772,6.434612,-0.000169,-0.001039,-0.002044,-0.00034
14324.098763,13.772,6.523429,-0.000173,-0.00104,-0.002041,-0.000344
14326.616195999999,13.772,6.741224,-0.000172,-0.001036,-0.002048,-0.000344
14327.864405,13.772,6.628077,-0.000176,-0.001035,-0.002043,-0.000349
14330.39436,13.772,7.16279,-0.000176,-0.001037,-0.002047,-0.000352
14331.64684,13.772,6.742659,-0.000178,-0.001036,-0.002046,-0.000353
14334.161575,13.772,6.88072,-0.00018,-0.001036,-0.002044,-0.000358
14336.677394,13.772,6.963375,-0.000186,-0.001037,-0.002042,-0.000369
14337.943041,13.772,7.194662,-0.000185,-0.001038,-0.002042,-0.000371
14340.458164,13.772,7.310306,-0.000182,-0.001034,-0.00204,-0.00037
14341.708972,13.772,7.193494,-0.000185,-0.001035,-0.002042,-0.000373
14344.208657,13.772,7.557848,-0.000188,-0.001036,-0.002043,-0.000377
14346.70876,13.772,7.81049,-0.000187,-0.001031,-0.002048,-0.000378
14347.958657,13.772,7.355884,-0.00019,-0.001032,-0.00204,-0.000385
14350.489341999999,13.772,7.110041,-0.000191,-0.001031,-0.002044,-0.000386
14351.736407,13.772,6.617612,-0.000193,-0.001032,-0.002041,-0.00039
14354.225081,13.772,7.632376,-0.00019,-0.001028,-0.002051,-0.00039
14356.756312,13.772,7.636361,-0.000193,-0.001028,-0.002045,-0.000392
14358.020782,13.772,6.896071,-0.000194,-0.001027,-0.002045,-0.000393
14360.521159,13.772,7.743292,-0.000202,-0.001032,-0.002048,-0.000405
14361.771669,13.772,7.02133,-0.000206,-0.001032,-0.002048,-0.000409
14364.27166,13.772,7.256495,-0.00021,-0.001033,-0.002049,-0.000412
14365.536666,13.772,7.468765,-0.000212,-0.001033,-0.002047,-0.000413
14368.053652999999,13.772,6.63323,-0.000208,-0.001031,-0.002047,-0.000415
14370.566792,13.772,7.66733,-0.000205,-0.001027,-0.002053,-0.000413
14371.817776,13.772,7.265048,-0.000207,-0.001027,-0.00205,-0.000416
14374.333373,13.772,7.290757,-0.000205,-0.001021,-0.002047,-0.000417
14375.598779,13.772,7.125287,-0.000207,-0.001022,-0.002048,-0.00042
14378.115688,13.772,7.808153,-0.000216,-0.001028,-0.002044,-0.000431
14380.630858999999,13.772,8.069242,-0.000217,-0.001025,-0.00204,-0.000431
14381.880777999999,13.772,7.151156,-0.000215,-0.00102,-0.002036,-0.000432
14384.38135,13.772,7.281886,-0.000209,-0.001017,-0.002047,-0.00043
14385.631281,13.772,8.069932,-0.000207,-0.001011,-0.002052,-0.000427
14388.160683,13.772,7.942974,-0.000207,-0.00101,-0.00205,-0.000427
14390.677538,13.772,7.963319,-0.000211,-0.001012,-0.002049,-0.000434
14391.943666,13.772,8.117793,-0.000213,-0.001012,-0.002051,-0.000435
14394.458686,13.772,7.45012,-0.000219,-0.001015,-0.002049,-0.000444
14395.724843,13.772,8.082256,-0.000217,-0.001014,-0.002052,-0.000438
14398.239513,13.772,8.581484,-0.000217,-0.001013,-0.002048,-0.000443
14399.506037,13.772,7.983451,-0.000218,-0.001013,-0.002054,-0.000446
14402.036984999999,13.772,8.063823,-0.000216,-0.001011,-0.00205,-0.000441
14404.553603,13.772,8.307009,-0.000209,-0.001009,-0.002053,-0.000434
14405.817176999999,13.772,8.341962,-0.000208,-0.00101,-0.002049,-0.000434
14408.332906,13.772,7.739096,-0.000205,-0.001013,-0.002053,-0.000429
14409.58204,13.772,7.940637,-0.000206,-0.001015,-0.002047,-0.000428
14412.08375,13.772,8.234234,-0.000206,-0.001017,-0.002051,-0.000425
14414.614392,13.772,7.514024,-0.000207,-0.001018,-0.002049,-0.00043
14415.865776,13.772,8.122362,-0.000206,-0.00102,-0.002047,-0.000429
14418.380052,13.772,7.876254,-0.000208,-0.001021,-0.002049,-0.000429
14419.630822,13.772,7.356893,-0.000203,-0.001019,-0.002053,-0.000424
14422.161364,13.772,7.409164,-0.000198,-0.001021,-0.002049,-0.000421
14424.663384,13.772,7.665949,-0.0002,-0.001026,-0.00205,-0.000419
14425.927977,13.772,7.386428,-0.000198,-0.001024,-0.002052,-0.000416
14428.443001,13.772,7.648791,-0.00019,-0.00102,-0.002044,-0.000408
14429.692203999999,13.772,7.198859,-0.000189,-0.00102,-0.002049,-0.000403
14432.192522,13.772,7.379151,-0.00019,-0.001021,-0.002051,-0.0004
14434.709716,13.772,7.026961,-0.000188,-0.001025,-0.002046,-0.000398
14435.958782,13.772,6.898197,-0.000188,-0.001025,-0.002048,-0.000397
14438.474906,13.772,7.46494,-0.000185,-0.001025,-0.002053,-0.000392
14439.722443999999,13.772,6.984623,-0.000185,-0.001025,-0.002051,-0.00039
14442.224527,13.772,7.430891,-0.000177,-0.001026,-0.002047,-0.000387
14444.75622,13.772,7.262657,-0.000175,-0.001026,-0.002053,-0.00038
14446.021499,13.772,7.057824,-0.000175,-0.001027,-0.00205,-0.000377
14448.520285999999,13.772,6.848316,-0.000174,-0.001027,-0.002048,-0.000377
14449.771257,13.772,7.001304,-0.000173,-0.001028,-0.002049,-0.000374
14452.303605,13.772,7.057027,-0.000168,-0.001025,-0.002054,-0.000368
14453.553079,13.772,6.993708,-0.000166,-0.001023,-0.002051,-0.000365
14456.083798,13.772,6.762472,-0.000156,-0.001022,-0.002044,-0.000353
14458.616467,13.772,7.377769,-0.000148,-0.001016,-0.002042,-0.000342
14459.864974,13.772,7.04125,-0.000147,-0.001018,-0.002041,-0.000342
14462.365662,13.772,7.447782,-0.000151,-0.001023,-0.002038,-0.000343
14463.630948,13.772,6.591052,-0.00015,-0.001024,-0.002043,-0.000341
14466.145985,13.772,7.067705,-0.00015,-0.001025,-0.002039,-0.000338
14468.661152,13.772,6.587493,-0.000154,-0.001033,-0.002036,-0.000345
14469.911598,13.772,6.592008,-0.000154,-0.001034,-0.002043,-0.000342
14472.426682,13.772,6.656975,-0.000166,-0.001049,-0.002041,-0.000354
14473.676871,13.772,6.984252,-0.000169,-0.001052,-0.002041,-0.000354
14476.208877,13.772,6.945261,-0.00017,-0.001054,-0.002051,-0.00035
14478.724622,13.772,6.777983,-0.000168,-0.001054,-0.002048,-0.000347
14479.989464,13.772,6.748342,-0.00016,-0.001049,-0.002052,-0.00034
14482.505648999999,13.772,6.536551,-0.000158,-0.001048,-0.002057,-0.000336
14483.770987,13.772,6.564385,-0.000157,-0.00105,-0.002058,-0.000331
14486.271217,13.772,6.638595,-0.00015,-0.001048,-0.002059,-0.000325
14487.521362,13.772,6.432487,-0.000144,-0.001044,-0.002053,-0.000317
14490.036289,13.772,6.578197,-0.000141,-0.001042,-0.002056,-0.000314
14492.552717,13.772,6.563855,-0.000156,-0.001058,-0.002062,-0.000329
14493.80299,13.772,6.687625,-0.000159,-0.001059,-0.002061,-0.000326
14496.303493,13.772,6.178091,-0.000158,-0.001066,-0.002062,-0.000326
14497.553367,13.772,6.267281,-0.000156,-0.001064,-0.002062,-0.000323
14500.068324,13.772,6.097932,-0.000146,-0.001058,-0.002067,-0.000306
14502.599521,13.772,6.412832,-0.000153,-0.001068,-0.00207,-0.000313
14503.864651,13.772,6.315835,-0.000149,-0.001065,-0.002072,-0.000309
14506.396725999999,13.772,6.054533,-0.000154,-0.001071,-0.002075,-0.000311
14507.662857,13.772,6.254053,-0.000162,-0.00108,-0.002075,-0.000316
14510.161371,13.772,6.115674,-0.000153,-0.001075,-0.002081,-0.000305
14512.663464,13.772,6.071903,-0.000151,-0.001074,-0.002085,-0.000302
14513.927969,13.772,5.739739,-0.000151,-0.00108,-0.002081,-0.00031
14516.443776,13.772,6.035994,-0.000145,-0.001076,-0.002079,-0.000298
14517.708521,13.772,5.947176,-0.000147,-0.001079,-0.002075,-0.000298
14520.208994,13.772,5.747761,-0.000144,-0.001078,-0.002076,-0.000289
14522.70848,13.772,5.987654,-0.000137,-0.001076,-0.002072,-0.000283
14523.958057,13.772,5.771187,-0.000146,-0.001089,-0.002071,-0.000298
14526.459716,13.772,5.549993,-0.000161,-0.001105,-0.002073,-0.000306
14527.709002,13.772,5.626912,-0.000156,-0.001101,-0.002077,-0.000298
14530.240636999999,13.772,6.033072,-0.00014,-0.001088,-0.002082,-0.000283
14532.754675,13.772,5.892249,-0.000134,-0.001088,-0.002087,-0.000272
14534.00567,13.772,5.500538,-0.000143,-0.001093,-0.002086,-0.000279
14536.536624,13.772,5.517642,-0.000158,-0.001111,-0.002088,-0.000306
14537.803194,13.772,5.511746,-0.000168,-0.001121,-0.002082,-0.000303
14540.317817,13.772,5.834773,-0.00015,-0.001106,-0.002082,-0.000285
14541.56725,13.772,5.251721,-0.000141,-0.001099,-0.00208,-0.000277
14544.083894,13.772,5.458944,-0.000129,-0.00109,-0.002088,-0.000258
14546.584114,13.772,5.426912,-0.000128,-0.001091,-0.002084,-0.000254
14547.833611,13.772,5.195571,-0.000125,-0.00109,-0.002077,-0.000251
14550.349584,13.772,5.531401,-0.000117,-0.001088,-0.00208,-0.000236
14551.614383,13.772,5.301601,-0.000116,-0.001088,-0.002079,-0.000234
14554.098883999999,13.772,5.671639,-0.000117,-0.001087,-0.00209,-0.000235
14556.615826,13.772,5.45751,-0.00011,-0.001086,-0.002095,-0.000225
14557.864486999999,13.772,5.083163,-0.000109,-0.001087,-0.002095,-0.000224
14560.362143999999,13.772,5.944413,-0.000113,-0.001099,-0.002084,-0.000239
14561.614975999999,13.772,4.894238,-0.000114,-0.001098,-0.002084,-0.000233
14564.14561,13.772,5.00014,-0.000106,-0.001089,-0.002091,-0.000213
14566.677141,13.772,5.188931,-0.000108,-0.001095,-0.002096,-0.000218
14567.927322,13.772,4.957222,-0.000111,-0.001101,-0.002092,-0.000222
14570.443029,13.772,4.873213,-0.000135,-0.001126,-0.002091,-0.000239
14571.692975,13.772,5.42994,-0.000132,-0.001122,-0.002099,-0.000238
14574.208725999999,13.772,5.067179,-0.000125,-0.001118,-0.002093,-0.000229
14576.708482,13.772,4.849716,-0.00012,-0.001114,-0.00209,-0.000219
14577.958594,13.772,5.028135,-0.000118,-0.001114,-0.002094,-0.000216
14580.473458,13.772,4.629601,-0.000103,-0.0011,-0.002091,-0.000202
14581.739808999999,13.772,5.112214,-0.000101,-0.001098,-0.002095,-0.000199
14584.255747,13.772,5.048374,-0.000102,-0.001099,-0.002091,-0.000195
14586.770618,13.772,4.685853,-0.000104,-0.001103,-0.002092,-0.000191
14588.02219,13.772,4.547497,-0.000103,-0.0011,-0.002098,-0.000186
14590.536332,13.772,4.889299,-0.000101,-0.001103,-0.002092,-0.000183
14591.803796,13.772,4.610932,-9.9e-05,-0.001102,-0.002089,-0.000181
14594.317813,13.772,4.516191,-9.5e-05,-0.001102,-0.002087,-0.000175
14595.567747,13.772,4.66225,-9.6e-05,-0.001105,-0.002095,-0.000175
14598.083666,13.772,4.427837,-0.000102,-0.001117,-0.002088,-0.000182
14600.583331,13.772,4.435238,-0.00011,-0.001125,-0.002085,-0.00019
14601.849863,13.772,5.11353,-0.000107,-0.001121,-0.002093,-0.000182
14604.381443,13.772,4.63749,-0.000105,-0.001122,-0.002086,-0.000177
14605.645212,13.772,4.146208,-0.000105,-0.001122,-0.002087,-0.000176
14608.162169,13.772,4.46151,-0.000106,-0.001125,-0.002085,-0.000177
14610.677495,13.772,4.299201,-9.4e-05,-0.001115,-0.002084,-0.00016
14611.943759,13.772,4.450618,-8.7e-05,-0.00111,-0.002087,-0.00015
14614.458981,13.772,4.258881,-8.3e-05,-0.00111,-0.002079,-0.000147
14615.723768,13.772,4.275051,-7.9e-05,-0.001106,-0.002077,-0.000141
14618.224527,13.772,4.323472,-7.4e-05,-0.001107,-0.002076,-0.000138
14620.739812,13.772,3.989783,-6.7e-05,-0.001103,-0.00207,-0.000133
14621.989384999999,13.772,4.181435,-6.3e-05,-0.0011,-0.002074,-0.000126
14624.505071,13.772,4.729192,-5.6e-05,-0.001093,-0.002072,-0.000112
14625.75588,13.772,4.254377,-5.2e-05,-0.001092,-0.002077,-0.000106
14628.271392999999,13.772,4.492169,-5.1e-05,-0.001093,-0.002075,-0.000108
14630.771208,13.772,4.12903,-4.8e-05,-0.001093,-0.002072,-0.000107
14632.036242,13.772,3.681118,-4.9e-05,-0.001096,-0.002073,-0.000106
14634.552957,13.772,4.077696,-4.9e-05,-0.001096,-0.002072,-9.9e-05
14635.817611999999,13.772,3.950593,-4.5e-05,-0.001093,-0.002072,-9.7e-05
14638.349562,13.772,4.243432,-3.7e-05,-0.001089,-0.002064,-8.7e-05
14639.614243,13.772,4.080327,-3.4e-05,-0.001088,-0.00206,-8.3e-05
14642.131078,13.772,3.870876,-3.1e-05,-0.001088,-0.002062,-7.7e-05
14644.631093,13.772,4.249236,-3.6e-05,-0.00109,-0.002063,-8e-05
14645.881453,13.772,3.723841,-3.7e-05,-0.00109,-0.002062,-8.1e-05
14648.411316,13.772,3.849681,-3.7e-05,-0.001092,-0.002061,-7.9e-05
14649.663295,13.772,3.705877,-3.7e-05,-0.001094,-0.00206,-7.7e-05
14652.178501,13.772,3.881752,-3.6e-05,-0.001098,-0.002058,-7.7e-05
14654.694093,13.772,3.700094,-3.9e-05,-0.001099,-0.002063,-7.1e-05
14655.957996,13.772,3.760256,-4.1e-05,-0.001101,-0.002055,-7e-05
14658.458722,13.772,3.529647,-3.9e-05,-0.001101,-0.002058,-6.4e-05
14659.708091999999,13.772,3.673892,-3.3e-05,-0.0011,-0.002061,-6.1e-05
14662.224312,13.772,3.535366,-2.8e-05,-0.001095,-0.002058,-5.2e-05
14664.740628,13.772,3.744791,-2.6e-05,-0.001095,-0.002058,-4.1e-05
14666.006462,13.772,3.905843,-2.2e-05,-0.001097,-0.002057,-4.2e-05
14668.521085,13.772,3.634856,-2.6e-05,-0.0011,-0.002054,-4.6e-05
14669.770477,13.772,2.911469,-2.3e-05,-0.001102,-0.002055,-4.6e-05
14672.271478999999,13.772,3.831633,-1.9e-05,-0.001099,-0.002057,-3.9e-05
14674.785737,13.772,3.327093,-2e-05,-0.001104,-0.002052,-3.8e-05
14676.035145,13.772,3.647732,-2e-05,-0.001105,-0.002054,-3.5e-05
14678.5374,13.772,3.376447,-1.7e-05,-0.001102,-0.002057,-2.9e-05
14679.785523999999,13.772,3.187193,-1.7e-05,-0.001103,-0.002054,-2.7e-05
14682.270722,13.772,3.478542,-1.5e-05,-0.001103,-0.002049,-2.3e-05
14684.771067,13.772,3.001674,-1e-05,-0.0011,-0.00205,-1.7e-05
14686.021225999999,13.772,3.2948,-7e-06,-0.0011,-0.002057,-1.2e-05
14688.537236,13.772,3.256448,-4e-06,-0.001097,-0.002052,-1.1e-05
14689.787326,13.772,3.190466,-3e-06,-0.001098,-0.002049,-1e-05
14692.317882,13.772,3.762866,-1e-06,-0.001095,-0.002052,-4e-06
14693.568804,13.772,2.805003,-1e-06,-0.001097,-0.002051,-2e-06
14696.08346,13.772,3.258528,1e-06,-0.001097,-0.002052,3e-06
14698.615366,13.772,3.091131,4e-06,-0.001098,-0.002049,7e-06
14699.864171,13.772,3.117981,9e-06,-0.001094,-0.002054,1.3e-05
14702.365189,13.772,3.151255,1.1e-05,-0.001094,-0.002052,1.9e-05
14703.631302,13.772,2.959842,9e-06,-0.001094,-0.00205,2.1e-05
14706.130734,13.772,3.001928,8e-06,-0.001097,-0.002052,2.3e-05
14708.662186,13.772,2.976967,1e-05,-0.001098,-0.002046,2.6e-05
14709.927716,13.772,3.106734,7e-06,-0.001099,-0.002049,2.7e-05
14712.426932,13.772,2.934069,1.1e-05,-0.001098,-0.002051,2.9e-05
14713.693142,13.772,2.86257,1.4e-05,-0.001097,-0.002052,3.1e-05
14716.207767,13.772,2.857381,1.5e-05,-0.001097,-0.002052,3.6e-05
14718.724487,13.772,2.873828,1.4e-05,-0.0011,-0.002051,3.8e-05
14719.990754,13.772,2.449248,1.8e-05,-0.001096,-0.002057,4.1e-05
14722.506035,13.772,2.584166,1.8e-05,-0.001101,-0.002047,4.3e-05
14723.771585999999,13.772,2.785012,2e-05,-0.001099,-0.002051,4.7e-05
14726.302846999999,13.772,2.732209,1.9e-05,-0.0011,-0.002048,5e-05
14727.567998,13.772,2.515643,2.2e-05,-0.0011,-0.002047,5.3e-05
14730.098684999999,13.772,2.655023,2.6e-05,-0.001099,-0.002051,5.9e-05
14732.614195,13.772,2.584559,2.7e-05,-0.001098,-0.002047,6.3e-05
14733.865068,13.772,2.597525,2.8e-05,-0.001097,-0.002051,6.6e-05
14736.380917999999,13.772,2.625245,2.9e-05,-0.001099,-0.002057,6.7e-05
14737.646763,13.772,2.516365,2.9e-05,-0.001101,-0.002053,6.6e-05
14740.161585,13.772,2.626502,3.1e-05,-0.001098,-0.002057,7.4e-05
14742.677548,13.772,2.557024,3.6e-05,-0.001097,-0.002053,7.7e-05
14743.927858,13.772,2.543008,3.8e-05,-0.001095,-0.002057,8.4e-05
14746.44255,13.772,2.499378,3.5e-05,-0.001099,-0.00206,7.8e-05
14747.692971,13.772,2.404467,3.5e-05,-0.001101,-0.00206,7.7e-05
14750.20903,13.772,2.493229,3.8e-05,-0.0011,-0.002063,8.1e-05
14752.72381,13.772,2.348226,3.9e-05,-0.001103,-0.002058,8.4e-05
14753.974089,13.772,2.351748,4.2e-05,-0.001102,-0.002061,9e-05
14756.506166,13.772,1.702683,4.3e-05,-0.0011,-0.002055,9.5e-05
14757.754796,13.772,2.499319,4.5e-05,-0.001099,-0.00206,9.9e-05
14760.271692,13.772,1.31533,5e-05,-0.001096,-0.002055,0.000106
14761.536173,13.772,2.311874,5.1e-05,-0.001095,-0.002058,0.000107
14764.052725,13.772,2.762688,4.9e-05,-0.001099,-0.002052,0.000106
14766.583716,13.772,2.290351,5.2e-05,-0.001099,-0.002054,0.000111
14767.833707,13.772,2.192219,5.6e-05,-0.001098,-0.00205,0.000112
14770.349703,13.772,2.252885,5.8e-05,-0.001099,-0.002049,0.000118
14771.61458,13.772,2.211265,5.7e-05,-0.001099,-0.002047,0.000118
14774.131304999999,13.772,2.171301,5.6e-05,-0.001099,-0.00205,0.000122
14776.646094,13.772,2.032653,6.1e-05,-0.001098,-0.002048,0.000125
14777.911446,13.772,2.063328,6.1e-05,-0.001098,-0.002044,0.000124
14780.411688,13.772,2.110646,6e-05,-0.001102,-0.002051,0.000127
14781.662525,13.772,2.054755,6.2e-05,-0.001103,-0.002053,0.000128
14784.161204,13.772,2.171433,6.3e-05,-0.001103,-0.002047,0.000131
14786.662898,13.772,2.114466,6.5e-05,-0.001102,-0.002049,0.000136
14787.913293,13.772,2.001522,6.5e-05,-0.001101,-0.002046,0.000136
14790.410838,13.772,1.895093,6.7e-05,-0.001101,-0.002045,0.00014
14791.661339,13.772,1.88948,6.7e-05,-0.001101,-0.002051,0.00014
14794.177337,13.772,1.832481,6.8e-05,-0.001102,-0.002045,0.000144
14796.708836,13.772,1.841792,7e-05,-0.001102,-0.002045,0.000151
14797.974583,13.772,1.990434,7e-05,-0.001102,-0.00204,0.000153
14800.505073,13.772,1.872249,6.9e-05,-0.001101,-0.002039,0.000155
14801.756053,13.772,1.825732,6.9e-05,-0.001104,-0.002038,0.000156
14804.286553,13.772,1.250001,7.4e-05,-0.001102,-0.002043,0.000159
14806.803501999999,13.772,1.678942,7.7e-05,-0.0011,-0.002039,0.000167
14808.067369,13.772,1.675917,7.8e-05,-0.001102,-0.002039,0.000167
14810.567701,13.772,1.651864,7.9e-05,-0.001101,-0.002039,0.000169
14811.817099,13.772,1.643296,8.1e-05,-0.001099,-0.002045,0.000174
14814.317166,13.772,1.673265,8.3e-05,-0.001098,-0.002047,0.000176
14815.568979,13.772,2.438357,8.3e-05,-0.001099,-0.00204,0.000176
14818.082276,13.772,1.602546,8.4e-05,-0.001098,-0.002044,0.000179
14820.58459,13.772,0.889833,8.3e-05,-0.001101,-0.002046,0.00018
14821.850513,13.772,1.607448,8.3e-05,-0.001102,-0.002041,0.00018
14824.36508,13.772,1.650283,8.1e-05,-0.0011,-0.002043,0.000181
14825.630616999999,13.772,0.30841,8e-05,-0.001101,-0.002041,0.000175
14828.130916,13.772,1.660278,7.8e-05,-0.001103,-0.002047,0.000172
14830.631282,13.772,1.683212,7.7e-05,-0.001099,-0.002047,0.000172
14831.896443,13.772,1.526543,7.6e-05,-0.0011,-0.002044,0.000171
14834.411141999999,13.772,1.586094,7.7e-05,-0.0011,-0.002046,0.000166
14835.66171,13.772,1.680899,7.4e-05,-0.001099,-0.002043,0.000165
14838.161395,13.772,1.782686,7.4e-05,-0.001098,-0.00205,0.000161
14840.662173,13.772,1.797758,7.3e-05,-0.001095,-0.002049,0.000162
14841.927674999999,13.772,1.72376,7.2e-05,-0.001098,-0.002046,0.000156
14844.458752,13.772,1.827335,6.8e-05,-0.001098,-0.002046,0.00015
14845.709123,13.772,2.008827,6.8e-05,-0.001096,-0.002048,0.000152
14848.239685,13.772,1.92806,6.8e-05,-0.001095,-0.002042,0.000149
14850.771638,13.772,1.96838,7e-05,-0.001092,-0.002047,0.000149
14852.02155,13.772,1.876716,6.7e-05,-0.001094,-0.002039,0.000146
14854.553313,13.772,1.944305,6.3e-05,-0.001093,-0.002041,0.000141
14855.803176,13.772,2.007278,6.4e-05,-0.001091,-0.002043,0.000139
14858.333544,13.772,1.742796,6.4e-05,-0.00109,-0.002046,0.000137
14859.58367,13.772,2.402726,6.5e-05,-0.001087,-0.002047,0.000139
14862.083306999999,13.772,2.142461,6.3e-05,-0.001088,-0.002047,0.000133
14864.583314,13.772,1.068763,6.1e-05,-0.001089,-0.002047,0.000128
14865.832942,13.772,2.130344,5.8e-05,-0.001091,-0.002044,0.000123
14868.349823,13.772,2.13314,5.8e-05,-0.001089,-0.002049,0.000124
14869.615571,13.772,2.113718,5.5e-05,-0.00109,-0.002046,0.000122
14872.146007,13.772,2.12132,5.2e-05,-0.00109,-0.002041,0.000118
14874.662327,13.772,2.298876,5.5e-05,-0.001087,-0.002045,0.000117
14875.927155,13.772,2.304563,5.3e-05,-0.001087,-0.002043,0.000113
14878.427889,13.772,2.377219,4.6e-05,-0.00109,-0.002042,0.000106
14879.692756,13.772,2.422144,4.4e-05,-0.00109,-0.00204,0.000104
14882.208923,13.772,2.39428,4.3e-05,-0.001091,-0.002042,0.000102
14884.709282,13.772,2.557194,4.6e-05,-0.001087,-0.002041,0.000101
14885.974415,13.772,2.874507,4.6e-05,-0.001087,-0.002037,9.9e-05
14888.506322,13.772,2.532525,4.1e-05,-0.001088,-0.002036,9.6e-05
14889.756078999999,13.772,2.75291,4e-05,-0.001088,-0.002036,9.1e-05
14892.270642,13.772,2.568282,4.2e-05,-0.001085,-0.002042,9.2e-05
14894.78581,13.772,3.028794,3.7e-05,-0.001088,-0.002036,8.5e-05
14896.035659,13.772,2.645543,3.8e-05,-0.001085,-0.002043,9e-05
14898.537919999999,13.772,3.229794,3.9e-05,-0.001081,-0.002039,9e-05
14899.803638,13.772,2.370248,3.6e-05,-0.001082,-0.002032,8.6e-05
14902.318494,13.772,2.48587,3.4e-05,-0.001081,-0.002035,8.2e-05
14903.56695,13.772,2.889961,3.2e-05,-0.001084,-0.002029,7.6e-05
14906.082584,13.772,2.787989,3.3e-05,-0.001082,-0.00204,7.8e-05
14908.583351,13.772,2.832266,2.9e-05,-0.00108,-0.002043,7.3e-05
14909.848731,13.772,2.821459,2.9e-05,-0.001081,-0.002039,7.2e-05
14912.365072,13.772,2.819375,3.1e-05,-0.001077,-0.002043,7.3e-05
14913.631400999999,13.772,2.827985,2.7e-05,-0.001078,-0.002041,6.8e-05
14916.145417,13.772,2.904715,2.3e-05,-0.00108,-0.002041,6.5e-05
14918.661461,13.772,2.970585,1.5e-05,-0.001087,-0.002037,5.4e-05
14919.926309,13.772,2.853461,1.7e-05,-0.001082,-0.002038,5.5e-05
14922.443409,13.772,2.725811,1.1e-05,-0.001086,-0.002033,5e-05
14923.694067,13.772,3.035717,4e-06,-0.00109,-0.002038,4.6e-05
14926.193013,13.772,2.984023,-1.4e-05,-0.001102,-0.002042,1.7e-05
14928.708376999999,13.772,3.050132,-2.7e-05,-0.001115,-0.002047,2e-06
14929.958372,13.772,2.62516,-2.4e-05,-0.001112,-0.002055,8e-06
14932.474142,13.772,2.903654,-2e-05,-0.001108,-0.002054,5e-06
14933.740747,13.772,2.988909,-2e-05,-0.001105,-0.002056,6e-06
14936.255701,13.772,3.260114,-2.7e-05,-0.001109,-0.002048,2e-06
14938.756276,13.772,3.051209,-2.8e-05,-0.001107,-0.002053,-0.0
14940.005699,13.772,3.385493,-2.7e-05,-0.001104,-0.002062,0.0
14942.521423,13.772,2.320739,-2.6e-05,-0.001104,-0.002066,-6e-06
14943.786003,13.772,3.141419,-3.8e-05,-0.001114,-0.00207,-2.4e-05
14946.272041,13.772,3.343645,-4.4e-05,-0.001119,-0.002068,-2.7e-05
14948.770921,13.772,3.163643,-4.1e-05,-0.001116,-0.002072,-2.5e-05
14950.021032,13.772,2.733536,-4.4e-05,-0.001119,-0.002069,-3.7e-05
14952.521002,13.772,3.438784,-5.1e-05,-0.001118,-0.002071,-3.7e-05
14953.771171,13.772,3.419924,-4.2e-05,-0.001111,-0.00207,-2.9e-05
14956.271297,13.772,3.404109,-4.7e-05,-0.001115,-0.002057,-3.7e-05
14958.771143,13.772,3.310004,-4.5e-05,-0.001107,-0.002051,-2.9e-05
14960.021512,13.772,3.286826,-4.5e-05,-0.00111,-0.00206,-4e-05
14962.521503,13.772,3.463592,-6.1e-05,-0.001122,-0.002062,-5.9e-05
14963.772007,13.772,3.845787,-5.8e-05,-0.001119,-0.002069,-6.3e-05
14966.30213,13.772,3.426073,-5.6e-05,-0.001118,-0.002075,-6.1e-05
14967.568272,13.772,3.787833,-5.8e-05,-0.001118,-0.002073,-6.2e-05
14970.099037,13.772,4.013911,-6.8e-05,-0.001121,-0.002073,-7.6e-05
14972.600418,13.772,3.716127,-8.8e-05,-0.001139,-0.002087,-8.9e-05
14973.848409,13.772,3.986674,-8.2e-05,-0.001131,-0.002087,-8.2e-05
14976.348504,13.772,3.778055,-6.9e-05,-0.001115,-0.002075,-7.2e-05
14977.599882999999,13.772,4.039498,-6.5e-05,-0.001111,-0.002076,-6.8e-05
14980.131291,13.772,3.957887,-7.4e-05,-0.001115,-0.002089,-7.8e-05
14982.661139,13.772,4.302888,-9.9e-05,-0.001139,-0.002082,-0.000114
14983.911263,13.772,3.546221,-0.000102,-0.00114,-0.002084,-0.000111
14986.41323,13.772,3.934958,-9.9e-05,-0.001138,-0.002089,-0.000115
14987.677408,13.772,3.730462,-0.000106,-0.001142,-0.002088,-0.00012
14990.19284,13.772,3.688651,-0.0001,-0.001135,-0.002088,-0.000115
14992.725037,13.772,3.853878,-9.7e-05,-0.001132,-0.002088,-0.000119
14993.989897,13.772,3.995666,-0.000122,-0.00115,-0.00209,-0.000144
14996.520654,13.772,3.942391,-0.000116,-0.001142,-0.002101,-0.000138
14997.771399,13.772,3.700742,-0.000117,-0.001143,-0.002091,-0.00014
15000.286125,13.772,4.285412,-0.000134,-0.001154,-0.002094,-0.000155
15002.802553,13.772,4.225872,-0.000115,-0.001139,-0.002088,-0.000139
15004.053129,13.772,4.036188,-0.000115,-0.001137,-0.002084,-0.000141
15006.568211,13.772,4.470285,-0.000109,-0.001131,-0.002085,-0.000142
15007.834263,13.772,4.132998,-0.000105,-0.001124,-0.002082,-0.000133
15010.332881,13.772,4.345272,-9.6e-05,-0.001114,-0.002089,-0.000134
15011.583290999999,13.772,4.387305,-0.000104,-0.001118,-0.002096,-0.000132
15014.099305,13.772,4.318984,-0.000105,-0.001116,-0.002092,-0.000134
15016.615996999999,13.772,4.233352,-0.000101,-0.001112,-0.002091,-0.000136
15017.86459,13.772,4.390377,-0.000105,-0.001112,-0.002089,-0.000143
15020.380045,13.772,4.654552,-0.000108,-0.001114,-0.002083,-0.000149
15021.631723,13.772,4.318645,-0.000108,-0.001112,-0.002084,-0.000145
15024.145978,13.772,5.056661,-0.000111,-0.00111,-0.00209,-0.000144
15026.661164,13.772,4.515454,-0.000111,-0.001114,-0.002088,-0.000151
15027.911525,13.772,4.206805,-0.000109,-0.001111,-0.00209,-0.000152
15030.426884,13.772,4.642106,-0.000106,-0.001105,-0.002082,-0.000151
15031.675073999999,13.772,4.283391,-0.000102,-0.001102,-0.002088,-0.000146
15034.192754,13.772,4.200353,-0.000107,-0.001103,-0.002084,-0.000164
15036.708505,13.772,4.615256,-0.000124,-0.001118,-0.002081,-0.000184
15037.958641,13.772,4.717674,-0.000126,-0.001119,-0.002086,-0.000184
15040.490649,13.772,4.901941,-0.000125,-0.001117,-0.002078,-0.00018
15041.755573,13.772,4.921003,-0.000125,-0.001114,-0.002082,-0.000179
15044.271185,13.772,5.047683,-0.000127,-0.001112,-0.002077,-0.000183
15046.771520999999,13.772,4.824113,-0.000131,-0.001114,-0.002075,-0.000192
15048.036155,13.772,4.878444,-0.000133,-0.001115,-0.002072,-0.000197
15050.536678,13.772,4.920568,-0.000131,-0.001111,-0.002078,-0.000196
15051.803364,13.772,5.127789,-0.000132,-0.00111,-0.002079,-0.000195
15054.333084,13.772,4.922085,-0.000131,-0.001109,-0.002077,-0.0002
15055.584007,13.772,4.807773,-0.000132,-0.001107,-0.002082,-0.000203
15058.084006,13.772,5.350896,-0.000133,-0.001108,-0.002076,-0.000207
15060.614968,13.772,4.795173,-0.000135,-0.001106,-0.002076,-0.00021
15061.881530999999,13.772,5.315625,-0.000136,-0.001107,-0.002078,-0.000213
15064.410961,13.772,5.015386,-0.000139,-0.001108,-0.002083,-0.000213
15065.660905,13.772,4.605935,-0.000147,-0.001114,-0.002078,-0.000226
15068.177752,13.772,5.332517,-0.000155,-0.00112,-0.002082,-0.00024
15070.692798,13.772,5.333686,-0.000152,-0.001115,-0.002091,-0.000237
15071.944002,13.772,4.982825,-0.000155,-0.001113,-0.002086,-0.000242
15074.443346,13.772,4.902705,-0.000158,-0.001117,-0.002088,-0.000251
15075.693154999999,13.772,4.769649,-0.000162,-0.001118,-0.002093,-0.000253
15078.193556,13.772,5.374695,-0.000165,-0.001118,-0.002091,-0.000257
15080.693524,13.772,5.313075,-0.000163,-0.001117,-0.002092,-0.00026
15081.958986,13.772,5.126833,-0.000164,-0.001114,-0.002087,-0.000261
15084.474651,13.772,5.657349,-0.000165,-0.001113,-0.002091,-0.000264
15085.740019,13.772,5.070737,-0.000167,-0.001114,-0.002085,-0.000268
15088.256014999999,13.772,5.470949,-0.000168,-0.001113,-0.002092,-0.000271
15090.771608,13.772,5.373632,-0.000168,-0.001111,-0.002086,-0.000273
15092.035901,13.772,5.569382,-0.000172,-0.001112,-0.002088,-0.000275
15094.535601,13.772,5.384044,-0.000172,-0.001109,-0.002087,-0.000275
15095.802293,13.772,5.57055,-0.000169,-0.001106,-0.002082,-0.000274
15098.31814,13.772,5.783034,-0.000163,-0.0011,-0.002081,-0.000277
15100.818631,13.772,5.935224,-0.000173,-0.001107,-0.002077,-0.000285
15102.083440999999,13.772,5.760616,-0.000177,-0.001108,-0.002072,-0.000291
15104.599796,13.772,6.000669,-0.000176,-0.001104,-0.002082,-0.000288
15105.865736,13.772,5.754189,-0.000175,-0.001103,-0.002075,-0.00029
15108.381264,13.772,5.951691,-0.000164,-0.001095,-0.002075,-0.00029
15109.630448,13.772,5.849062,-0.000166,-0.001096,-0.002072,-0.000293
15112.144869,13.772,6.225369,-0.000169,-0.001094,-0.002068,-0.000296
15114.662843,13.772,5.764387,-0.000167,-0.00109,-0.002076,-0.000292
15115.927248,13.772,5.72885,-0.000171,-0.001092,-0.002068,-0.000298
15118.443663,13.772,5.855596,-0.000171,-0.001089,-0.002072,-0.000302
15119.710231,13.772,5.986007,-0.000172,-0.001089,-0.002076,-0.000303
15122.208741999999,13.772,6.497932,-0.000177,-0.001093,-0.002069,-0.000312
15124.708967,13.772,5.773631,-0.000181,-0.001092,-0.002072,-0.000315
15125.958384,13.772,5.949301,-0.000178,-0.001087,-0.002078,-0.000308
15128.473855,13.772,5.639873,-0.000176,-0.001081,-0.002076,-0.000309
15129.724785999999,13.772,5.925769,-0.000174,-0.001082,-0.002073,-0.000313
15132.256603,13.772,6.422182,-0.000181,-0.001084,-0.002073,-0.000324
15134.771023,13.772,6.592592,-0.000187,-0.001086,-0.00207,-0.00033
15136.021164,13.772,6.244545,-0.000187,-0.001086,-0.002069,-0.000332
15138.551513,13.772,6.391,-0.00019,-0.001086,-0.00207,-0.000335
15139.802255999999,13.772,6.396259,-0.00019,-0.001084,-0.002069,-0.000335
15142.302884,13.772,6.156736,-0.000188,-0.001081,-0.002071,-0.000337
15144.802844,13.772,6.423298,-0.000189,-0.00108,-0.002073,-0.000341
15146.051628,13.772,6.564545,-0.000189,-0.00108,-0.00207,-0.000341
15148.567641,13.772,6.202898,-0.000189,-0.001077,-0.002063,-0.000344
15149.832596,13.772,6.673177,-0.000189,-0.001075,-0.002064,-0.000345
15152.348333,13.772,6.550255,-0.000193,-0.001077,-0.00206,-0.000353
15153.598265999999,13.772,6.346166,-0.000191,-0.001076,-0.00206,-0.000354
15156.099535,13.772,6.336074,-0.00019,-0.001074,-0.002056,-0.000355
15158.614553,13.772,6.453151,-0.000192,-0.001069,-0.002064,-0.000353
15159.86573,13.772,6.555355,-0.000192,-0.001069,-0.002055,-0.000359
15162.380969,13.772,6.83254,-0.000194,-0.001071,-0.002058,-0.000364
15163.631168,13.772,6.809696,-0.000198,-0.001071,-0.002062,-0.000365
15166.161630999999,13.772,7.201196,-0.000195,-0.001066,-0.00205,-0.000365
15168.660947,13.772,7.072114,-0.000194,-0.001061,-0.002051,-0.000363
15169.913263,13.772,7.070095,-0.000193,-0.00106,-0.00206,-0.000364
15172.443342999999,13.772,6.93724,-0.000193,-0.001058,-0.002057,-0.000365
15173.708332,13.772,6.761995,-0.000191,-0.001056,-0.002062,-0.000365
15176.224611,13.772,6.873973,-0.000191,-0.001054,-0.002062,-0.000369
15178.755847,13.772,7.463985,-0.000197,-0.001056,-0.002059,-0.000376
15180.006027,13.772,6.943933,-0.000199,-0.001055,-0.00206,-0.000376
15182.521499,13.772,6.713814,-0.000203,-0.001057,-0.002054,-0.000384
15183.772012,13.772,6.958488,-0.000202,-0.001055,-0.00206,-0.000386
15186.287374,13.772,6.743721,-0.000203,-0.001056,-0.002056,-0.000394
15188.817359,13.772,7.450333,-0.000211,-0.00106,-0.002049,-0.000401
15190.067445,13.772,7.385897,-0.00021,-0.001056,-0.002056,-0.000399
15192.568339,13.772,7.286455,-0.000209,-0.001055,-0.002057,-0.000401
15193.817626,13.772,7.203481,-0.00021,-0.001055,-0.002051,-0.000403
15196.318145,13.772,7.141117,-0.000211,-0.001052,-0.002049,-0.000404
15198.833604,13.772,7.232006,-0.000213,-0.001051,-0.002048,-0.000406
15200.099989999999,13.772,7.287358,-0.000214,-0.001049,-0.002049,-0.000407
15202.630820999999,13.772,7.345366,-0.000211,-0.001044,-0.002048,-0.000409
15203.881221,13.772,7.517371,-0.000211,-0.001045,-0.002053,-0.000411
15206.396002,13.772,8.131711,-0.000214,-0.001045,-0.00205,-0.000417
15207.661872,13.772,7.324224,-0.00021,-0.001042,-0.002054,-0.000413
15210.178165,13.772,7.210386,-0.000209,-0.001039,-0.002052,-0.000414
15212.693481999999,13.772,8.001885,-0.000212,-0.001035,-0.002046,-0.000416
15213.943481,13.772,7.281515,-0.000209,-0.001035,-0.002049,-0.000416
15216.459057,13.772,7.355194,-0.00021,-0.001032,-0.002048,-0.000423
15217.724651,13.772,7.232165,-0.000209,-0.001032,-0.002044,-0.000423
15220.25572,13.772,7.482789,-0.000211,-0.00103,-0.002044,-0.000426
15222.770575,13.772,7.266801,-0.000216,-0.00103,-0.002041,-0.000432
15224.021297,13.772,7.628658,-0.000214,-0.001028,-0.002045,-0.000428
15226.520882,13.772,7.545472,-0.000216,-0.001027,-0.002046,-0.000433
15227.771035,13.772,7.829295,-0.00022,-0.001026,-0.002045,-0.000433
15230.286621,13.772,7.939468,-0.000218,-0.001023,-0.00204,-0.000434
15232.802946,13.772,7.873333,-0.000218,-0.001021,-0.00204,-0.000437
15234.051584,13.772,7.42526,-0.000216,-0.001019,-0.002045,-0.000433
15236.552227,13.772,7.798644,-0.000212,-0.001025,-0.002042,-0.000435
15237.817600999999,13.772,7.829135,-0.000212,-0.001026,-0.002039,-0.000433
15240.318352999999,13.772,7.299842,-0.000208,-0.001023,-0.002039,-0.000425
15242.833959,13.772,7.811234,-0.000206,-0.001025,-0.002045,-0.000424
15244.098673,13.772,7.567569,-0.000204,-0.001026,-0.002039,-0.000422
15246.598807,13.772,7.383294,-0.000199,-0.001023,-0.002037,-0.000416
15247.847801,13.772,7.802204,-0.000198,-0.001024,-0.00204,-0.000411
15250.349004,13.772,8.541006,-0.000195,-0.001024,-0.002043,-0.000409
15251.599988,13.772,7.420266,-0.000193,-0.001024,-0.002039,-0.000409
15254.114507999999,13.772,7.193175,-0.000189,-0.001025,-0.002044,-0.000405
15256.631313,13.772,7.356203,-0.000192,-0.00103,-0.002044,-0.000405
15257.881469,13.772,7.788976,-0.000193,-0.001032,-0.002041,-0.000406
15260.411484,13.772,6.405024,-0.000188,-0.00103,-0.002045,-0.000399
15261.661197,13.772,7.702284,-0.000188,-0.00103,-0.002038,-0.000396
15264.162951,13.772,7.440346,-0.000183,-0.00103,-0.002039,-0.000391
15266.693061,13.772,6.864624,-0.000177,-0.001028,-0.002044,-0.000384
15267.943325,13.772,7.584621,-0.000176,-0.001026,-0.002041,-0.00038
15270.45969,13.772,7.012194,-0.000171,-0.001028,-0.002036,-0.000376
15271.724565999999,13.772,7.839122,-0.000169,-0.001027,-0.002032,-0.000371
15274.240515,13.772,7.079975,-0.000165,-0.001027,-0.002037,-0.000367
15276.739559,13.772,6.94813,-0.000164,-0.001029,-0.002031,-0.000364
15278.005861,13.772,7.007785,-0.000163,-0.001027,-0.002033,-0.000361
15280.505952,13.772,6.561995,-0.00016,-0.001026,-0.002035,-0.000354
15281.752939,13.772,6.710839,-0.000158,-0.001026,-0.002039,-0.00035
15284.256213999999,13.772,6.549671,-0.000163,-0.001036,-0.002032,-0.00036
15286.787344,13.772,6.629936,-0.000164,-0.001036,-0.002034,-0.000352
15288.053451,13.772,6.571875,-0.000163,-0.001037,-0.002032,-0.000351
15290.567479,13.772,6.741968,-0.000154,-0.001033,-0.002035,-0.000343
15291.818361,13.772,6.765925,-0.000161,-0.00104,-0.002029,-0.000351
15294.332942,13.772,6.686191,-0.000162,-0.001047,-0.002033,-0.000351
15296.833058,13.772,7.115566,-0.000157,-0.001042,-0.002035,-0.000341
15298.083614,13.772,6.228184,-0.000161,-0.001047,-0.002039,-0.000346
15300.583181,13.772,6.08019,-0.000159,-0.00105,-0.002039,-0.000341
15301.833891,13.772,6.497241,-0.000156,-0.001046,-0.002036,-0.000336
15304.349568,13.772,6.94489,-0.000156,-0.001053,-0.002043,-0.000337
15305.614511,13.772,6.546644,-0.00016,-0.001058,-0.00204,-0.00034
15308.11416,13.772,6.360243,-0.000154,-0.001056,-0.002039,-0.000331
15310.631052,13.772,6.954664,-0.000146,-0.001052,-0.002041,-0.000323
15311.896064999999,13.772,6.322421,-0.000147,-0.001051,-0.002042,-0.000324
15314.412325,13.772,6.866271,-0.000149,-0.001055,-0.002042,-0.000326
15315.662392,13.772,6.313657,-0.000149,-0.001056,-0.002051,-0.000325
15318.192929,13.772,6.234027,-0.000148,-0.001058,-0.002042,-0.00032
15320.708115,13.772,6.352435,-0.000149,-0.001062,-0.002043,-0.000319
15321.958456,13.772,6.324121,-0.000143,-0.001059,-0.002044,-0.000311
15324.458891999999,13.772,6.027866,-0.000135,-0.001054,-0.002042,-0.000297
15325.709087,13.772,6.735222,-0.000135,-0.001057,-0.002041,-0.000299
15328.240193,13.772,5.841306,-0.000117,-0.001045,-0.002051,-0.000283
15330.770301,13.772,6.052036,-0.000125,-0.001052,-0.002048,-0.000285
15332.020891,13.772,6.017295,-0.000127,-0.001054,-0.002053,-0.000286
15334.521209,13.772,5.85363,-0.000134,-0.001064,-0.002053,-0.000295
15335.786279,13.772,6.007574,-0.000132,-0.001064,-0.002052,-0.000292
15338.319126,13.772,5.956579,-0.000138,-0.001072,-0.002056,-0.000294
15340.833722,13.772,5.763006,-0.000132,-0.001069,-0.002058,-0.000282
15342.082693,13.772,5.751266,-0.000128,-0.00107,-0.002051,-0.000277
15344.58274,13.772,5.917109,-0.00013,-0.00107,-0.002052,-0.000279
15345.832838999999,13.772,5.882794,-0.000125,-0.001069,-0.002066,-0.000275
15348.333157,13.772,5.720085,-0.000117,-0.001062,-0.002064,-0.000264
15350.834213,13.772,5.556154,-0.000114,-0.001063,-0.002062,-0.000258
15352.100063,13.772,5.535491,-0.000123,-0.001073,-0.002057,-0.00027
15354.631953,13.772,5.313606,-0.000136,-0.001087,-0.002058,-0.000279
15355.89595,13.772,5.32609,-0.000138,-0.001092,-0.002055,-0.000282
15358.396101999999,13.772,5.588133,-0.00013,-0.001085,-0.002056,-0.000267
15359.66297,13.772,5.625424,-0.000122,-0.001076,-0.00206,-0.000255
15362.177017,13.772,5.629886,-0.000111,-0.001067,-0.002059,-0.000245
15364.690971,13.772,5.549939,-0.000112,-0.001074,-0.002059,-0.00025
15365.943176,13.772,5.810922,-0.000118,-0.001083,-0.002062,-0.000252
15368.457771,13.772,5.053793,-0.000134,-0.0011,-0.00206,-0.000267
15369.709013,13.772,5.322955,-0.000138,-0.001102,-0.002067,-0.000265
15372.2392,13.772,5.088639,-0.000121,-0.001092,-0.002062,-0.000247
15374.77118,13.772,5.243805,-0.000113,-0.001086,-0.002065,-0.000235
15376.021202,13.772,5.176394,-0.000114,-0.001089,-0.002072,-0.000236
15378.536439,13.772,5.678226,-0.000106,-0.001089,-0.002068,-0.000234
15379.802811,13.772,5.143832,-0.000103,-0.001085,-0.002073,-0.000228
15382.301978,13.772,5.284549,-9.7e-05,-0.001076,-0.002069,-0.000215
15384.81777,13.772,5.259934,-9.9e-05,-0.001077,-0.002065,-0.00021
15386.067125,13.772,5.298839,-0.000101,-0.001084,-0.002067,-0.000215
15388.567751,13.772,4.614386,-0.000106,-0.001095,-0.002068,-0.000227
15389.818455999999,13.772,4.98968,-0.000102,-0.00109,-0.002065,-0.000222
15392.333321,13.772,5.026329,-0.000107,-0.001099,-0.002072,-0.000224
15393.583886,13.772,5.003505,-0.000104,-0.001095,-0.002078,-0.000212
15396.09839,13.772,5.237377,-9.3e-05,-0.001092,-0.002073,-0.000199
15398.599575,13.772,5.870895,-9.7e-05,-0.001097,-0.002074,-0.000203
15399.849114999999,13.772,5.196368,-9.5e-05,-0.001097,-0.002078,-0.000197
15402.364582,13.772,4.709461,-8.4e-05,-0.001087,-0.002083,-0.000186
15403.615956,13.772,4.868189,-8.5e-05,-0.00109,-0.002082,-0.000183
15406.130924,13.772,4.87629,-0.0001,-0.001103,-0.002081,-0.000198
15408.646313,13.772,4.540187,-0.000107,-0.001111,-0.002081,-0.0002
15409.912794,13.772,5.259425,-0.000105,-0.001112,-0.002075,-0.000197
15412.411490999999,13.772,4.444517,-0.000119,-0.001125,-0.002077,-0.000212
15413.660767,13.772,4.643957,-0.000116,-0.001124,-0.002083,-0.000207
15416.162929,13.772,4.380774,-0.000101,-0.001118,-0.002079,-0.000189
15418.676678,13.772,4.408298,-8.6e-05,-0.0011,-0.002086,-0.000168
15419.92772,13.772,4.444241,-8.9e-05,-0.001101,-0.00208,-0.000168
15422.459553,13.772,4.671057,-8.9e-05,-0.001106,-0.002082,-0.000178
15423.709652,13.772,4.942723,-8.9e-05,-0.001108,-0.002079,-0.000174
15426.237732,13.772,4.313392,-0.000102,-0.001124,-0.002088,-0.000188
15428.754869,13.772,4.638546,-9.7e-05,-0.001122,-0.002082,-0.000173
15430.005932,13.772,4.262918,-9.1e-05,-0.00112,-0.002081,-0.000166
15432.536612,13.772,4.341171,-9.4e-05,-0.00112,-0.002076,-0.000169
15433.786543,13.772,4.41015,-9e-05,-0.001118,-0.002082,-0.000165
15436.317295,13.772,4.231532,-7.9e-05,-0.001109,-0.00208,-0.000151
15438.818044,13.772,4.301318,-7e-05,-0.001102,-0.002083,-0.000137
15440.067481,13.772,4.231203,-7.3e-05,-0.001108,-0.002092,-0.000144
15442.567089,13.772,4.586273,-8.7e-05,-0.001123,-0.002091,-0.000151
15443.818815,13.772,4.209261,-8.1e-05,-0.00112,-0.002081,-0.000142
15446.333082,13.772,4.063229,-7.4e-05,-0.001112,-0.002083,-0.000132
15447.58381,13.772,4.286325,-7.1e-05,-0.001111,-0.002081,-0.000129
15450.112982999999,13.772,4.205521,-7.3e-05,-0.001115,-0.00209,-0.000129
15452.615377,13.772,4.233044,-8.1e-05,-0.001128,-0.002083,-0.000141
15453.880935,13.772,4.423694,-8e-05,-0.001127,-0.002086,-0.000133
15456.411176,13.772,4.016484,-6.5e-05,-0.001116,-0.002086,-0.000113
15457.66112,13.772,3.89171,-5.5e-05,-0.001107,-0.002089,-0.000101
15460.176463,13.772,3.789684,-4.8e-05,-0.001104,-0.00209,-8.9e-05
15462.693564,13.772,3.32774,-5.2e-05,-0.001104,-0.002085,-9.8e-05
15463.942914,13.772,4.167652,-5.1e-05,-0.001109,-0.002086,-0.000101
15466.474107,13.772,4.131348,-6.1e-05,-0.001116,-0.002074,-0.000105
15467.739301,13.772,3.478642,-6.3e-05,-0.001121,-0.002073,-0.000108
15470.255263,13.772,3.876966,-7.5e-05,-0.001135,-0.002067,-0.000118
15472.77154,13.772,3.727077,-6.9e-05,-0.001129,-0.002076,-0.000104
15474.021411,13.772,3.590276,-6.4e-05,-0.001126,-0.002074,-9.4e-05
15476.522305999999,13.772,3.737231,-7e-05,-0.001133,-0.00208,-0.000103
15477.786309,13.772,3.708821,-7.2e-05,-0.001136,-0.002086,-0.000105
15480.301892,13.772,3.760484,-7.2e-05,-0.001134,-0.002086,-0.000101
15482.802841,13.772,3.744218,-6.4e-05,-0.001134,-0.002085,-9.2e-05
15484.052040999999,13.772,3.337788,-6.6e-05,-0.001136,-0.002082,-9.2e-05
15486.552881,13.772,3.545717,-6.5e-05,-0.001136,-0.002085,-8.9e-05
15487.803366,13.772,3.563601,-6.3e-05,-0.001135,-0.002087,-9e-05
15490.317516,13.772,3.324477,-6.5e-05,-0.001143,-0.002085,-9.4e-05
15492.818415,13.772,3.49572,-5.8e-05,-0.001135,-0.002083,-8e-05
15494.083891999999,13.772,3.472223,-5.4e-05,-0.001133,-0.002081,-7.4e-05
15496.599291999999,13.772,3.548364,-4.6e-05,-0.001129,-0.002081,-6.1e-05
15497.86596,13.772,3.350123,-4.4e-05,-0.001126,-0.002085,-6.2e-05
15500.365079,13.772,3.277282,-3.6e-05,-0.001122,-0.002077,-5.2e-05
15501.63194,13.772,3.490786,-4e-05,-0.001124,-0.002082,-5.1e-05
15504.146946,13.772,3.543383,-4.3e-05,-0.001131,-0.00207,-5.6e-05
15506.661417,13.772,3.505651,-4.2e-05,-0.001131,-0.002073,-5.4e-05
15507.912221,13.772,3.117259,-4.2e-05,-0.001132,-0.002079,-5.2e-05
15510.413386,13.772,3.110606,-3.8e-05,-0.001132,-0.002073,-4.6e-05
15511.661425999999,13.772,3.073655,-3.6e-05,-0.001131,-0.002076,-4.1e-05
15514.162865,13.772,3.085152,-3.3e-05,-0.001131,-0.002078,-3.5e-05
15516.677082,13.772,3.290794,-3.3e-05,-0.001131,-0.002077,-3.4e-05
15517.943899,13.772,3.171176,-3.2e-05,-0.001128,-0.002072,-3e-05
15520.442817,13.772,3.321676,-2.8e-05,-0.00113,-0.002077,-2.9e-05
15521.693422,13.772,2.922997,-2.9e-05,-0.001132,-0.002078,-2.7e-05
15524.225095,13.772,2.762709,-2.7e-05,-0.001131,-0.002077,-2e-05
15526.740881,13.772,3.119275,-2.4e-05,-0.00113,-0.002079,-1.5e-05
15527.990312,13.772,2.968781,-2.5e-05,-0.001129,-0.002073,-1.4e-05
15530.506014999999,13.772,2.960844,-2.6e-05,-0.001132,-0.002073,-1.4e-05
15531.770796,13.772,3.192,-2.2e-05,-0.00113,-0.002076,-8e-06
15534.255033,13.772,2.703858,-2.1e-05,-0.001133,-0.002073,-9e-06
15536.771141,13.772,2.901792,-1.9e-05,-0.001132,-0.002071,-3e-06
15538.021064999999,13.772,2.914477,-1.9e-05,-0.001129,-0.002076,-1e-06
15540.537765,13.772,2.833322,-1.7e-05,-0.001129,-0.002078,7e-06
15541.801924,13.772,2.946409,-1.5e-05,-0.00113,-0.002075,7e-06
15544.317876,13.772,2.860501,-1.3e-05,-0.00113,-0.002076,8e-06
15546.833569,13.772,2.869896,-1.5e-05,-0.001132,-0.002073,9e-06
15548.083636,13.772,2.764317,-1.3e-05,-0.001137,-0.002075,9e-06
15550.60084,13.772,2.882528,-1e-05,-0.001134,-0.002079,1.6e-05
15551.866218,13.772,2.113558,-6e-06,-0.001128,-0.002079,2.2e-05
15554.38131,13.772,2.488046,-5e-06,-0.00113,-0.002077,2.5e-05
15555.645847,13.772,2.646747,-7e-06,-0.001134,-0.00207,2.5e-05
15558.162457,13.772,2.559035,-2e-06,-0.001132,-0.00207,3.2e-05
15560.693043,13.772,2.566277,4e-06,-0.001128,-0.002072,4e-05
15561.943355,13.772,2.662217,7e-06,-0.001124,-0.002073,4.6e-05
15564.443223,13.772,2.780487,7e-06,-0.001128,-0.002073,4.1e-05
15565.708962,13.772,2.392323,6e-06,-0.001129,-0.002069,4.2e-05
15568.223442999999,13.772,2.498831,6e-06,-0.001131,-0.002072,4.6e-05
15570.739689,13.772,2.44736,1.1e-05,-0.001124,-0.002071,6e-05
15571.991168,13.772,2.271347,1.7e-05,-0.001122,-0.002068,6.5e-05
15574.505036999999,13.772,2.332756,1.9e-05,-0.001122,-0.002066,6.4e-05
15575.75579,13.772,2.310527,1.7e-05,-0.001124,-0.002057,6.2e-05
15578.270917,13.772,2.538987,2e-05,-0.001127,-0.002059,6.6e-05
15580.770403999999,13.772,2.313216,2.3e-05,-0.001122,-0.002062,7.5e-05
15582.020645999999,13.772,2.149501,2.5e-05,-0.001125,-0.002063,7.6e-05
15584.536159,13.772,2.228603,2.9e-05,-0.001122,-0.002059,8.5e-05
15585.801537,13.772,2.20892,3e-05,-0.001121,-0.002063,8.8e-05
15588.302158,13.772,2.306049,3.6e-05,-0.001115,-0.002058,9.2e-05
15590.819644,13.772,2.17138,4e-05,-0.001114,-0.002063,9.8e-05
15592.067073,13.772,2.173747,4.1e-05,-0.001114,-0.002063,9.9e-05
15594.569532,13.772,2.057986,3.9e-05,-0.001116,-0.002055,9.9e-05
15595.812463,13.772,1.893183,3.6e-05,-0.001121,-0.002051,9.3e-05
15598.285910999999,13.772,2.133331,3.9e-05,-0.00112,-0.002055,0.000102
15600.802833,13.772,2.575985,3.9e-05,-0.001119,-0.002053,0.000109
15602.052872,13.772,2.093213,4.3e-05,-0.001116,-0.002064,0.00011
15604.567057,13.772,2.08169,4.5e-05,-0.001116,-0.002059,0.000118
15605.817275,13.772,2.019666,4.8e-05,-0.001113,-0.002058,0.000124
15608.318043,13.771,2.037476,5.2e-05,-0.001114,-0.002056,0.000127
15610.833526999999,13.771,2.095367,5.2e-05,-0.001111,-0.002054,0.00013
15612.083964,13.771,1.933514,5.3e-05,-0.001114,-0.002046,0.000131
15614.61502,13.771,1.829398,5.7e-05,-0.001111,-0.002055,0.00014
15615.866236,13.771,1.853033,6e-05,-0.00111,-0.002054,0.000142
15618.366053,13.771,1.76877,5.9e-05,-0.001113,-0.002051,0.000136
15619.616148,13.771,1.894749,5.9e-05,-0.001114,-0.002053,0.000137
15622.11443,13.771,1.811658,6e-05,-0.001112,-0.002052,0.000144
15624.61617,13.771,2.342692,6.5e-05,-0.001114,-0.002043,0.000144
15625.863948,13.771,1.68395,6.6e-05,-0.001115,-0.002046,0.000145
15628.381872,13.771,1.639741,5.9e-05,-0.001117,-0.002049,0.000145
15629.646893,13.771,1.711102,6.1e-05,-0.001119,-0.002045,0.000145
15632.178514,13.771,1.682247,6.3e-05,-0.001117,-0.002045,0.00015
15634.692063,13.771,1.082987,6.7e-05,-0.001116,-0.002046,0.000155
15635.942191,13.771,1.686958,6.9e-05,-0.001112,-0.002051,0.000161
15638.443146,13.771,1.624117,6.9e-05,-0.001115,-0.002047,0.00016
15639.687358,13.771,1.562104,6.7e-05,-0.001116,-0.002041,0.000161
15642.178239,13.771,1.515306,7.4e-05,-0.001112,-0.002045,0.000169
15644.692909,13.771,1.449325,7.5e-05,-0.001111,-0.002043,0.000173
15645.942186,13.771,1.474201,7.8e-05,-0.001108,-0.002043,0.000178
15648.443326,13.771,1.471299,8.5e-05,-0.001106,-0.002043,0.000185
15649.708403,13.771,1.492722,8.7e-05,-0.001104,-0.002045,0.000187
15652.240174,13.771,1.470376,8.8e-05,-0.001104,-0.002043,0.000189
15654.755186,13.771,2.384185,8.7e-05,-0.001104,-0.00204,0.000188
15656.005851,13.771,1.416979,8.9e-05,-0.001104,-0.002044,0.000188
15658.535847,13.771,1.464355,8.6e-05,-0.001102,-0.002041,0.000188
15659.801975,13.771,1.522596,8.4e-05,-0.001101,-0.002038,0.000187
15662.318076,13.771,1.605994,8.1e-05,-0.0011,-0.002039,0.000181
15664.833245,13.771,1.393328,7.8e-05,-0.001102,-0.002045,0.000174
15666.083603,13.771,1.669254,7.5e-05,-0.001104,-0.002039,0.000171
15668.614804,13.771,2.89664,8.1e-05,-0.001096,-0.002045,0.000173
15669.881078999999,13.771,1.520909,7.9e-05,-0.001096,-0.002041,0.000168
15672.411,13.771,1.531238,7.9e-05,-0.001095,-0.002043,0.000168
15673.662554,13.771,1.701706,8e-05,-0.001094,-0.00204,0.000168
15676.177297,13.771,1.722073,8e-05,-0.001093,-0.002041,0.000162
15678.693191,13.771,0.843996,8.1e-05,-0.00109,-0.002045,0.000163
15679.9435,13.771,1.826916,8.3e-05,-0.00109,-0.002045,0.00016
15682.473775,13.771,1.857888,7.9e-05,-0.001091,-0.002043,0.000155
15683.724692,13.771,1.91285,7.5e-05,-0.001094,-0.002044,0.000152
15686.256005,13.771,1.755724,6.8e-05,-0.001096,-0.002044,0.000149
15688.755995,13.771,1.971659,6.7e-05,-0.001093,-0.002043,0.000148
15690.021424,13.771,1.956852,6.7e-05,-0.001093,-0.002041,0.00015
15692.520707,13.771,1.956656,6.7e-05,-0.001091,-0.00204,0.00015
15693.770806999999,13.771,1.983627,6.4e-05,-0.001091,-0.002033,0.000144
15696.269001,13.771,2.0637,6.3e-05,-0.001092,-0.002035,0.000138
15698.771121,13.771,2.039752,6.6e-05,-0.001089,-0.002032,0.000142
15700.036132,13.771,2.117352,6.7e-05,-0.001086,-0.002034,0.000141
15702.552404,13.771,2.002737,7.1e-05,-0.001079,-0.002032,0.000143
15703.803233999999,13.771,2.347186,7.1e-05,-0.001075,-0.002037,0.000144
15706.318508,13.771,2.183508,7.1e-05,-0.001077,-0.002031,0.00014
15708.832811,13.771,2.173327,5.9e-05,-0.001087,-0.002033,0.000123
15710.083501,13.771,2.176802,4.8e-05,-0.001097,-0.002031,0.000112
15712.598966,13.771,2.282377,4.3e-05,-0.001099,-0.00203,0.000106
15713.865523,13.771,2.303348,4.5e-05,-0.001096,-0.002034,0.000108
15716.380781,13.771,2.651957,4e-05,-0.001099,-0.00203,0.000101
15717.631261999999,13.771,2.364115,3.3e-05,-0.001101,-0.002035,9.4e-05
15720.161509,13.771,2.540228,3.6e-05,-0.001096,-0.002031,0.0001
15722.661931999999,13.771,2.303009,3.7e-05,-0.001097,-0.002034,9.5e-05
15723.913466,13.771,2.482953,3.5e-05,-0.001097,-0.002036,9.3e-05
15726.428104999999,13.771,2.538525,3.5e-05,-0.001091,-0.002047,9.2e-05
15727.677991,13.771,2.417051,3.4e-05,-0.00109,-0.002049,9.3e-05
15730.192622999999,13.772,2.506996,3.3e-05,-0.001092,-0.002045,8.7e-05
15732.694028,13.772,2.507786,1.7e-05,-0.001105,-0.002037,6.9e-05
15733.942923,13.772,2.584171,1.7e-05,-0.001099,-0.002042,7.1e-05
15736.443248,13.772,2.577545,2.2e-05,-0.001098,-0.002046,6.8e-05
15737.692453,13.772,2.323233,2.4e-05,-0.001095,-0.002046,7.3e-05
15740.209377,13.772,2.688292,2.5e-05,-0.001092,-0.002043,7.4e-05
15742.739819999999,13.772,2.596978,1.5e-05,-0.001098,-0.002045,6.3e-05
15744.006221,13.772,3.025569,1.1e-05,-0.001102,-0.002044,5.8e-05
15746.52137,13.772,2.730517,1.4e-05,-0.001098,-0.002054,5.7e-05
15747.772314,13.772,2.740623,9e-06,-0.001102,-0.002045,5.2e-05
15750.302743,13.772,2.74143,1e-05,-0.001097,-0.002053,5.5e-05
15752.817882,13.772,2.940531,4e-06,-0.001102,-0.002049,4.5e-05
15754.067358,13.772,2.902545,6e-06,-0.001097,-0.002058,5e-05
15756.567846,13.772,2.88855,3e-06,-0.001098,-0.00206,3.9e-05
15757.818222,13.772,2.843354,-1.1e-05,-0.00111,-0.002055,2.1e-05
15760.329814,13.772,2.879165,-2.4e-05,-0.00112,-0.002054,1e-05
15762.818636,13.772,3.125466,-1.7e-05,-0.001112,-0.002054,1.6e-05
15764.082918,13.772,3.248973,-2e-05,-0.001111,-0.00206,1.4e-05
15766.599989999999,13.772,3.043511,-1.9e-05,-0.00111,-0.002058,1.3e-05
15767.864651,13.772,2.875913,-2.2e-05,-0.001114,-0.002061,6e-06
15770.366133,13.772,3.355428,-2.6e-05,-0.001113,-0.002054,5e-06
15771.631801,13.772,2.985079,-2.4e-05,-0.00111,-0.002055,5e-06
15774.162887,13.772,3.009446,-2.4e-05,-0.001112,-0.002054,-3e-06
15776.677233,13.772,2.664021,-3e-05,-0.001113,-0.002057,-5e-06
15777.942036,13.772,3.153982,-2.6e-05,-0.00111,-0.002054,-5e-06
15780.457869,13.772,3.169007,-1.7e-05,-0.001099,-0.002061,8e-06
15781.70429,13.772,2.867525,-1.6e-05,-0.001095,-0.002065,7e-06
15784.208483999999,13.772,3.10484,-1.6e-05,-0.001092,-0.002067,3e-06
15786.707957,13.772,3.340701,-1.3e-05,-0.001089,-0.002069,2e-06
15787.958825,13.772,3.824041,-1.9e-05,-0.001094,-0.002071,-0.0
15790.47424,13.772,3.387313,-2.8e-05,-0.001097,-0.002074,-7e-06
15791.724995,13.772,3.533568,-3.1e-05,-0.001101,-0.002064,-1.2e-05
15794.256998,13.772,3.590377,-4.9e-05,-0.001116,-0.002061,-3.4e-05
15796.756341,13.772,3.421898,-4.8e-05,-0.001115,-0.00207,-3.6e-05
15798.020218,13.772,3.494749,-4.9e-05,-0.001114,-0.00207,-4.1e-05
15800.520774,13.772,3.49771,-5.2e-05,-0.001115,-0.002071,-4.3e-05
15801.770865,13.772,3.475958,-5.1e-05,-0.001115,-0.002064,-4.4e-05
15804.28447,13.772,3.411918,-6.1e-05,-0.001121,-0.002058,-6.1e-05
15806.786976,13.772,3.66022,-6.5e-05,-0.001123,-0.002063,-7.1e-05
15808.052838,13.772,3.532751,-6.9e-05,-0.001124,-0.002068,-6.8e-05
15810.567767999999,13.772,3.861799,-7.8e-05,-0.001128,-0.002068,-7.6e-05
15811.833494999999,13.772,3.746982,-7.6e-05,-0.001127,-0.00207,-7.4e-05
15814.333125,13.772,3.229237,-8.2e-05,-0.001127,-0.002068,-8.2e-05
15816.849481,13.772,3.830705,-8.1e-05,-0.001126,-0.002062,-8.2e-05
15818.114722999999,13.772,3.572376,-7.4e-05,-0.001118,-0.002068,-7.4e-05
15820.630646,13.772,3.890155,-6.3e-05,-0.00111,-0.002067,-6.5e-05
15821.881135,13.772,3.847634,-6e-05,-0.001105,-0.002071,-6.7e-05
15824.396228,13.772,3.855077,-7.1e-05,-0.001111,-0.002077,-8.7e-05
15825.660865,13.772,4.048782,-7.4e-05,-0.001116,-0.002075,-8.8e-05
15828.161731,13.772,3.877067,-7.3e-05,-0.001112,-0.002075,-8.6e-05
15830.660898,13.772,3.97644,-9e-05,-0.001126,-0.002069,-0.00011
15831.911505,13.772,4.273523,-9.9e-05,-0.001131,-0.002068,-0.000113
15834.42698,13.772,3.920671,-8.7e-05,-0.001119,-0.002065,-0.0001
15835.677368999999,13.772,4.026813,-8.1e-05,-0.001111,-0.00207,-9.7e-05
15838.177155,13.772,3.866908,-8.9e-05,-0.001116,-0.002075,-0.000108
15840.677859,13.772,4.09427,-9.2e-05,-0.001119,-0.002077,-0.000118
15841.928153,13.772,4.039021,-9.6e-05,-0.001121,-0.002074,-0.00012
15844.443729999999,13.772,4.080863,-8.2e-05,-0.001104,-0.002088,-0.000106
15845.693868999999,13.772,3.651328,-7.6e-05,-0.0011,-0.002084,-0.000101
15848.193468,13.772,3.861125,-8.3e-05,-0.001103,-0.002088,-0.000111
15850.709497,13.772,4.223909,-9.1e-05,-0.001107,-0.002084,-0.000118
15851.974698,13.772,4.251226,-0.0001,-0.001112,-0.002093,-0.000127
15854.489681,13.772,4.214874,-0.000101,-0.001113,-0.002088,-0.000136
15855.740746,13.772,4.584942,-9.8e-05,-0.001111,-0.002089,-0.000135
15858.256231,13.772,4.26121,-0.000119,-0.00113,-0.002094,-0.00016
15860.771198,13.772,4.095225,-0.000138,-0.001144,-0.002089,-0.000179
15862.021133,13.772,4.368376,-0.000139,-0.001145,-0.002093,-0.000181
15864.537342,13.772,4.428378,-0.000134,-0.001137,-0.00209,-0.000178
15865.80078,13.772,4.627554,-0.000133,-0.00113,-0.002084,-0.000169
15868.301999,13.772,4.465664,-0.000125,-0.001127,-0.002073,-0.00017
15870.833556,13.772,4.376021,-0.000141,-0.001137,-0.002078,-0.00019
15872.08338,13.772,4.559153,-0.000135,-0.001134,-0.00208,-0.000186
15874.583689,13.772,4.474725,-0.000125,-0.001121,-0.002077,-0.000175
15875.833836,13.772,4.943423,-0.000118,-0.001113,-0.002078,-0.000166
15878.334495,13.772,4.465133,-0.000109,-0.0011,-0.002082,-0.000158
15880.833833,13.772,4.65008,-0.000105,-0.001092,-0.002088,-0.000154
15882.083674,13.772,4.774254,-0.000106,-0.001092,-0.002089,-0.000159
15884.583838999999,13.772,5.322424,-0.000114,-0.001096,-0.00209,-0.000166
15885.833532,13.772,4.643936,-0.000118,-0.001096,-0.002089,-0.000168
15888.334039,13.772,4.567705,-0.000122,-0.001103,-0.002084,-0.000181
15890.849069,13.772,4.850422,-0.000131,-0.001109,-0.00208,-0.000198
15892.114877,13.772,5.09002,-0.000133,-0.001111,-0.002084,-0.000203
15894.615901,13.772,4.918929,-0.000136,-0.001114,-0.002084,-0.000209
15895.881851,13.772,5.193499,-0.000139,-0.001116,-0.002081,-0.000213
15898.395459,13.772,5.354031,-0.000137,-0.001109,-0.002085,-0.000205
15899.661358,13.772,4.643772,-0.000135,-0.001107,-0.002081,-0.000203
15902.161092999999,13.772,5.266913,-0.000126,-0.001097,-0.002074,-0.000202
15904.676971,13.772,5.195678,-0.000128,-0.001096,-0.002081,-0.000214
15905.927487,13.772,5.092942,-0.000133,-0.0011,-0.002073,-0.000226
15908.42786,13.772,5.095705,-0.000152,-0.00112,-0.002078,-0.000241
15909.692879999999,13.772,5.046462,-0.00015,-0.001114,-0.002088,-0.000232
15912.194088,13.772,5.052305,-0.000148,-0.001107,-0.002084,-0.000235
15914.723449,13.772,5.298785,-0.000154,-0.001112,-0.00208,-0.000243
15915.973775,13.772,5.422079,-0.000151,-0.001109,-0.002086,-0.000239
15918.489511,13.772,5.347656,-0.000147,-0.001102,-0.002084,-0.000236
15919.755653,13.772,5.458413,-0.000144,-0.001099,-0.002081,-0.000236
15922.256203,13.772,5.321733,-0.000147,-0.001101,-0.002081,-0.000239
15924.786089,13.772,5.376979,-0.000154,-0.001105,-0.002085,-0.000252
15926.037635,13.772,5.420538,-0.000155,-0.001106,-0.002084,-0.000255
15928.552905,13.772,5.721572,-0.000159,-0.001103,-0.002086,-0.000258
15929.803017999999,13.772,5.588983,-0.000162,-0.001104,-0.002078,-0.000263
15932.317937,13.772,6.186059,-0.000163,-0.001106,-0.00208,-0.000269
15934.832719,13.772,5.679713,-0.000169,-0.001109,-0.00209,-0.000275
15936.082845,13.772,5.692037,-0.000171,-0.001111,-0.002082,-0.000281
15938.583215999999,13.772,5.831479,-0.000173,-0.001108,-0.00208,-0.000282
15939.833737,13.772,5.886246,-0.000171,-0.001105,-0.002087,-0.000283
15942.317885,13.772,5.834295,-0.000174,-0.001106,-0.002082,-0.000287
15944.817964,13.772,5.512968,-0.000177,-0.001106,-0.00208,-0.000292
15946.06808,13.772,5.714295,-0.000175,-0.001101,-0.002083,-0.000291
15948.567339,13.772,6.038278,-0.000172,-0.001098,-0.002082,-0.000289
15949.816961,13.772,5.437909,-0.000174,-0.001099,-0.002079,-0.000295
15952.318534,13.772,5.852674,-0.000175,-0.0011,-0.002081,-0.0003
15954.833126,13.772,6.05841,-0.000181,-0.0011,-0.002085,-0.000304
15956.083257,13.772,5.843059,-0.000179,-0.001098,-0.002082,-0.000305
15958.598828,13.772,5.722476,-0.00018,-0.001097,-0.002074,-0.000308
15959.848848,13.772,6.13501,-0.000179,-0.001093,-0.00208,-0.000306
15962.365827,13.772,5.752382,-0.000176,-0.001089,-0.002078,-0.000307
15963.630892,13.772,6.262446,-0.000177,-0.001088,-0.002072,-0.000306
15966.16247,13.772,5.980961,-0.000172,-0.001083,-0.002072,-0.000309
15968.676287,13.772,6.056392,-0.000177,-0.001084,-0.002062,-0.000315
15969.927843,13.772,6.362156,-0.000179,-0.001084,-0.002067,-0.000318
15972.427415,13.772,6.343192,-0.000176,-0.00108,-0.002068,-0.000314
15973.677808,13.772,6.135382,-0.000176,-0.001079,-0.002069,-0.000317
15976.193198,13.772,6.275939,-0.000172,-0.001076,-0.002068,-0.000318
15978.724468,13.772,6.104201,-0.000174,-0.001072,-0.002074,-0.000318
15979.974719,13.772,5.802103,-0.000178,-0.001075,-0.002066,-0.000326
15982.491124,13.772,6.935275,-0.00018,-0.001077,-0.002064,-0.000327
15983.754901,13.772,6.664146,-0.00018,-0.001075,-0.002062,-0.00033
15986.255878,13.772,6.432487,-0.000182,-0.001074,-0.002064,-0.000332
15988.770841,13.772,6.448317,-0.000182,-0.001071,-0.002063,-0.000337
15990.021224,13.772,6.463669,-0.000181,-0.00107,-0.002068,-0.000338
15992.520983,13.772,6.719551,-0.00018,-0.001068,-0.002064,-0.000339
15993.770979,13.772,7.156841,-0.00018,-0.00107,-0.002059,-0.000348
15996.271968,13.772,6.40938,-0.000189,-0.001073,-0.00206,-0.000354
15998.78695,13.772,6.444439,-0.000193,-0.001072,-0.00206,-0.000356
16000.035999,13.772,6.677745,-0.000192,-0.001072,-0.002063,-0.000356
16002.566071,13.772,6.523855,-0.000192,-0.001068,-0.002063,-0.000357
16003.819533,13.772,6.492195,-0.000193,-0.001069,-0.002059,-0.000361
16006.318236,13.772,6.645501,-0.000194,-0.001065,-0.002067,-0.000363
16008.848710999999,13.772,6.345688,-0.000196,-0.001065,-0.002062,-0.000368
16010.099832,13.772,6.327149,-0.000198,-0.001065,-0.002064,-0.000371
16012.615815,13.772,7.192378,-0.000199,-0.001064,-0.002058,-0.000377
16013.865973,13.772,6.684385,-0.0002,-0.001063,-0.002065,-0.000378
16016.380429,13.772,6.679126,-0.000197,-0.00106,-0.002059,-0.000377
16017.630852999999,13.772,7.21267,-0.000199,-0.001062,-0.002059,-0.000381
16020.162867,13.772,6.273974,-0.000202,-0.001062,-0.002056,-0.000385
16022.677817,13.772,6.776283,-0.000201,-0.001056,-0.002057,-0.000384
16023.942884,13.772,6.99801,-0.000203,-0.001059,-0.002052,-0.000391
16026.443267999999,13.772,6.895009,-0.000209,-0.001061,-0.002047,-0.000397
16027.693932999999,13.772,7.032644,-0.000209,-0.001059,-0.002056,-0.000397
16030.224736,13.772,7.099205,-0.000208,-0.001056,-0.002052,-0.000397
16032.740721999999,13.772,7.129324,-0.000209,-0.001057,-0.002048,-0.000402
16034.006162,13.772,7.514077,-0.00021,-0.001054,-0.002052,-0.000401
16036.536587999999,13.772,6.877639,-0.000215,-0.001055,-0.002052,-0.000408
16037.786821,13.772,7.430253,-0.000214,-0.001053,-0.002058,-0.000409
16040.302851,13.772,7.159018,-0.000216,-0.001052,-0.002049,-0.000411
16042.832966,13.772,7.122525,-0.000217,-0.001049,-0.00205,-0.000412
16044.083421,13.772,7.187651,-0.000216,-0.00105,-0.002048,-0.000414
16046.598941,13.772,7.306959,-0.000215,-0.001048,-0.002043,-0.000417
16047.848968,13.772,7.292564,-0.000212,-0.001044,-0.002048,-0.000415
16050.364969999999,13.772,7.261382,-0.000216,-0.001043,-0.002045,-0.000417
16051.615142999999,13.772,7.607038,-0.000217,-0.001045,-0.00204,-0.00042
16054.145813,13.772,7.472005,-0.000215,-0.001039,-0.002047,-0.000421
16056.661785,13.772,7.214052,-0.000218,-0.001038,-0.002047,-0.000423
16057.911473,13.772,7.414104,-0.00022,-0.001038,-0.002042,-0.000427
16060.4108,13.772,7.298992,-0.000224,-0.001036,-0.002044,-0.000431
16061.660735,13.772,7.555565,-0.000221,-0.001033,-0.002054,-0.000431
16064.161668,13.772,7.188395,-0.000219,-0.001033,-0.002052,-0.000432
16066.661895,13.772,7.318486,-0.000225,-0.001036,-0.002046,-0.000441
16067.927555999999,13.772,7.550836,-0.000227,-0.001038,-0.002043,-0.000446
16070.443799,13.772,6.252088,-0.000229,-0.001036,-0.002044,-0.000445
16071.708066,13.772,7.710039,-0.000228,-0.001034,-0.002042,-0.000444
16074.208938,13.772,7.868021,-0.000227,-0.001031,-0.002041,-0.000445
16076.723828999999,13.772,7.812509,-0.000226,-0.001025,-0.002041,-0.000444
16077.973565,13.772,7.807144,-0.000222,-0.001021,-0.002049,-0.000442
16080.50506,13.772,8.104195,-0.000223,-0.001018,-0.002037,-0.000447
16081.755428,13.772,7.740902,-0.00022,-0.001017,-0.002045,-0.000445
16084.25565,13.772,8.027807,-0.000228,-0.001017,-0.002048,-0.000453
16086.771305999999,13.772,8.269028,-0.000232,-0.001019,-0.00204,-0.000461
16088.021163,13.772,7.888578,-0.000233,-0.001018,-0.002042,-0.000463
16090.520796,13.772,8.006718,-0.000232,-0.001017,-0.002043,-0.000468
16091.770962999999,13.772,8.457128,-0.000232,-0.001016,-0.002048,-0.000466
16094.271071,13.772,8.794338,-0.000232,-0.001017,-0.002049,-0.000471
16096.787086,13.772,8.959279,-0.000233,-0.001022,-0.002049,-0.000474
16098.021208,13.772,8.539147,-0.000234,-0.001023,-0.002043,-0.000474
16100.521508,13.772,8.409479,-0.000227,-0.001019,-0.002041,-0.000467
16101.772281,13.772,8.186478,-0.000223,-0.001017,-0.002041,-0.000462
16104.271148,13.772,8.122415,-0.000222,-0.001019,-0.002046,-0.000457
16106.801069,13.772,7.930544,-0.000225,-0.001024,-0.002041,-0.000459
16108.052078,13.772,8.104036,-0.000225,-0.001022,-0.002043,-0.000455
16110.567743,13.772,7.971925,-0.000222,-0.001023,-0.002038,-0.000454
16111.815000999999,13.772,7.726347,-0.000217,-0.001021,-0.002038,-0.00045
16114.317879,13.772,7.847356,-0.000212,-0.001017,-0.002034,-0.000437
16116.817406,13.772,7.592058,-0.000204,-0.001016,-0.002039,-0.000432
16118.067826,13.772,7.601248,-0.000202,-0.001016,-0.002035,-0.000432
16120.583741999999,13.772,7.547331,-0.000199,-0.001015,-0.002037,-0.000425
16121.849821,13.772,8.365602,-0.000195,-0.001012,-0.002041,-0.000422
16124.381968,13.772,7.347969,-0.000193,-0.001016,-0.002036,-0.000416
16125.631658,13.772,7.624993,-0.000194,-0.001017,-0.002038,-0.000414
16128.129554,13.772,7.519708,-0.000191,-0.001014,-0.002038,-0.00041
16130.63041,13.772,7.424462,-0.00019,-0.001015,-0.002043,-0.000408
16131.881001,13.772,8.176811,-0.000194,-0.001022,-0.002033,-0.000415
16134.380849,13.772,8.082947,-0.000199,-0.001031,-0.002035,-0.000417
16135.63068,13.772,7.497928,-0.000199,-0.001032,-0.002044,-0.000414
16138.146069999999,13.772,7.841725,-0.0002,-0.001035,-0.002043,-0.000414
16140.660781999999,13.772,7.181117,-0.000194,-0.001034,-0.002039,-0.000408
16141.908255,13.772,7.160187,-0.000196,-0.001039,-0.002039,-0.000415
16144.39613,13.772,7.355246,-0.000202,-0.001046,-0.00204,-0.000416
16145.663002,13.772,7.311687,-0.000201,-0.001046,-0.002039,-0.000413
16148.161436999999,13.772,7.205021,-0.000201,-0.001048,-0.002039,-0.000411
16150.663023,13.772,6.688741,-0.000202,-0.001053,-0.002044,-0.000409
16151.927821,13.772,7.195938,-0.000201,-0.001052,-0.002045,-0.000405
16154.44319,13.772,7.56077,-0.00019,-0.001047,-0.002046,-0.000393
16155.693666,13.772,6.727466,-0.000191,-0.001049,-0.002045,-0.000397
16158.193255999999,13.772,6.764119,-0.000193,-0.001052,-0.002042,-0.000393
16160.723245,13.772,6.878488,-0.000186,-0.00105,-0.002045,-0.000385
16161.973893,13.772,7.000453,-0.000186,-0.001053,-0.00204,-0.000385
16164.473922,13.772,7.009697,-0.000186,-0.001057,-0.002043,-0.000388
16165.724735,13.772,7.208633,-0.000184,-0.001055,-0.002051,-0.00038
16168.2398,13.772,6.633495,-0.000189,-0.001061,-0.002052,-0.000384
16170.77065,13.772,6.624625,-0.000194,-0.001071,-0.002051,-0.000389
16172.020711,13.772,6.648263,-0.000194,-0.001072,-0.00206,-0.000389
16174.52059,13.772,6.748661,-0.00019,-0.001071,-0.002061,-0.00038
16175.772573999999,13.772,7.137771,-0.000184,-0.001067,-0.002053,-0.000374
16178.287284,13.772,6.49331,-0.000183,-0.001066,-0.002051,-0.000371
16180.803278,13.772,6.384838,-0.000182,-0.001068,-0.002058,-0.000366
16182.067038,13.772,6.610707,-0.000184,-0.001073,-0.002056,-0.000372
16184.568006,13.772,6.331665,-0.000185,-0.001076,-0.002056,-0.000371
16185.834428,13.772,6.872274,-0.000186,-0.001076,-0.002056,-0.000368
16188.349382,13.772,6.161836,-0.000179,-0.001073,-0.002057,-0.00036
16190.865824,13.772,6.522739,-0.00018,-0.00108,-0.002065,-0.000362
16192.130866,13.772,6.41432,-0.000182,-0.001081,-0.002062,-0.000361
16194.647765,13.772,6.546006,-0.000179,-0.001083,-0.00206,-0.000358
16195.911759999999,13.772,6.230043,-0.000172,-0.001079,-0.002056,-0.000349
16198.411806,13.772,6.141279,-0.000166,-0.001074,-0.002052,-0.000341
16199.662063,13.772,6.441624,-0.000163,-0.00107,-0.002053,-0.000336
16202.177206,13.772,6.105688,-0.000161,-0.001072,-0.002061,-0.000337
16204.693166,13.772,6.363696,-0.000165,-0.001081,-0.002055,-0.000338
16205.94289,13.772,6.193549,-0.00017,-0.001086,-0.002053,-0.000344
16208.443836,13.772,6.329645,-0.000173,-0.001093,-0.002063,-0.00034
16209.693422,13.772,6.282208,-0.000166,-0.001087,-0.002068,-0.000332
16212.207309,13.772,6.621172,-0.000165,-0.001086,-0.002071,-0.000327
16214.724831,13.772,6.234133,-0.000167,-0.001093,-0.00207,-0.000331
16215.989409,13.772,5.773737,-0.000171,-0.001098,-0.002076,-0.000334
16218.52114,13.772,5.741705,-0.000163,-0.001094,-0.002074,-0.000324
16219.771659,13.772,6.023404,-0.000163,-0.001095,-0.002073,-0.000322
16222.27128,13.772,5.911585,-0.000164,-0.001098,-0.002072,-0.000323
16224.770854999999,13.772,6.328158,-0.000171,-0.001107,-0.002074,-0.000328
16226.037173,13.772,5.481945,-0.000161,-0.001098,-0.002077,-0.000315
16228.552824999999,13.772,5.750363,-0.000148,-0.00109,-0.002069,-0.000302
16229.803743,13.772,5.693631,-0.000149,-0.001089,-0.002077,-0.000304
16232.316732,13.772,5.94282,-0.00014,-0.00109,-0.002078,-0.000286
16234.817642,13.772,5.90606,-0.000127,-0.00108,-0.002071,-0.000269
16236.067783999999,13.772,5.730656,-0.000126,-0.001078,-0.002068,-0.00027
16238.568853,13.772,5.256236,-0.000118,-0.001075,-0.002071,-0.00026
16239.817167,13.772,5.339051,-0.000119,-0.001076,-0.002071,-0.00026
16242.318886,13.772,5.581546,-0.00012,-0.001075,-0.002069,-0.000255
16244.818732,13.772,6.175542,-0.000119,-0.001086,-0.002074,-0.000256
16246.067767,13.772,5.399502,-0.000125,-0.001088,-0.002067,-0.000261
16248.583928,13.772,5.133633,-0.000135,-0.001095,-0.002065,-0.000272
16249.848456,13.772,5.191321,-0.000128,-0.001091,-0.002069,-0.000259
16252.36491,13.772,5.492038,-0.000125,-0.001094,-0.002076,-0.000254
16254.882081,13.772,5.204123,-0.000132,-0.001098,-0.002081,-0.000254
16256.146534,13.772,5.615543,-0.000131,-0.001097,-0.002082,-0.000251
16258.661809,13.772,5.382397,-0.00012,-0.001093,-0.00208,-0.000242
16259.911173,13.772,5.373738,-0.000114,-0.001087,-0.002085,-0.000233
16262.412817,13.772,5.378413,-0.00012,-0.001095,-0.002081,-0.000243
16263.6624,13.772,5.091242,-0.000111,-0.001092,-0.002076,-0.000235
16266.161651,13.772,4.976708,-0.000108,-0.00109,-0.002082,-0.000222
16268.661625,13.772,5.228028,-0.000102,-0.001088,-0.002079,-0.000218
16269.910766,13.772,5.788505,-0.000101,-0.001089,-0.002079,-0.000222
16272.428533,13.772,5.134217,-0.000105,-0.001098,-0.002082,-0.00022
16273.693873,13.772,5.223937,-0.000106,-0.001097,-0.002073,-0.00022
16276.208556,13.772,4.813969,-0.00011,-0.001105,-0.002077,-0.000219
16278.708732,13.772,5.173208,-0.000105,-0.001097,-0.002076,-0.000208
16279.958444,13.772,4.902026,-0.000104,-0.001098,-0.002078,-0.000205
16282.457939,13.772,5.29666,-0.000102,-0.001095,-0.002085,-0.000199
16283.708912,13.772,5.034456,-0.000101,-0.001097,-0.002086,-0.0002
16286.208397,13.772,4.787555,-0.0001,-0.001098,-0.002086,-0.000197
16288.708736,13.772,4.593,-0.000102,-0.001099,-0.002082,-0.000193
16289.95909,13.772,4.737659,-9.7e-05,-0.001098,-0.002086,-0.000186
16292.489279,13.772,4.57387,-8.9e-05,-0.001091,-0.002082,-0.00018
16293.740761,13.772,4.532197,-8.8e-05,-0.001089,-0.002082,-0.000173
16296.255476999999,13.772,4.617251,-9e-05,-0.001097,-0.002087,-0.000173
16298.771531,13.772,4.475951,-9.1e-05,-0.001101,-0.002084,-0.000174
16300.020907,13.772,4.516467,-9.2e-05,-0.001103,-0.002079,-0.000176
16302.536275999999,13.772,4.692771,-9.1e-05,-0.001102,-0.002083,-0.00017
16303.803787,13.772,4.474884,-9.1e-05,-0.001102,-0.00208,-0.000166
16306.31775,13.772,4.891198,-8.6e-05,-0.001103,-0.002077,-0.000165
16308.833311,13.772,4.35845,-8.2e-05,-0.001103,-0.00208,-0.000161
16310.09969,13.772,4.61567,-7.9e-05,-0.001104,-0.002078,-0.000158
16312.61503,13.772,4.36088,-7.6e-05,-0.001104,-0.002074,-0.000152
16313.865038,13.772,4.577944,-7.6e-05,-0.0011,-0.002081,-0.000144
16316.395643,13.772,4.139109,-7e-05,-0.001096,-0.002074,-0.00014
16317.661628,13.772,4.154039,-6.6e-05,-0.001095,-0.002075,-0.000132
16320.161163,13.772,3.93395,-6.1e-05,-0.001094,-0.00207,-0.000126
16322.662343,13.772,4.252902,-6e-05,-0.00109,-0.002069,-0.000123
16323.927777,13.772,4.303429,-5.9e-05,-0.001091,-0.002061,-0.00012
16326.443632999999,13.772,4.031917,-4.5e-05,-0.001083,-0.002065,-0.000108
16327.693825999999,13.772,3.846737,-4.1e-05,-0.001085,-0.002068,-0.000105
16330.209016,13.772,4.058889,-4.4e-05,-0.001087,-0.002067,-0.000104
16332.740139,13.772,4.17457,-3.9e-05,-0.001084,-0.002068,-9.6e-05
16333.990545,13.772,4.187695,-3.9e-05,-0.001085,-0.002064,-9.6e-05
16336.506256,13.772,3.800804,-4.2e-05,-0.00109,-0.002059,-0.000102
16337.755625,13.772,3.931382,-4e-05,-0.001092,-0.002063,-9.7e-05
16340.271653,13.772,3.831851,-4.1e-05,-0.001091,-0.002062,-9.3e-05
16342.771422,13.772,4.092264,-4e-05,-0.001092,-0.002059,-8.8e-05
16344.021882,13.772,3.772092,-4.3e-05,-0.001097,-0.002052,-8.9e-05
16346.537504,13.772,4.129868,-4.3e-05,-0.001095,-0.002056,-8.6e-05
16347.804109,13.772,3.862382,-3.8e-05,-0.001091,-0.00206,-8.2e-05
16350.317495,13.772,3.965028,-3.9e-05,-0.001095,-0.002057,-8.1e-05
16352.833121,13.772,3.821431,-3.7e-05,-0.001098,-0.002057,-7.4e-05
16354.083371,13.772,3.607459,-3.9e-05,-0.0011,-0.002052,-7.7e-05
16356.615345999999,13.772,3.693489,-3.8e-05,-0.001098,-0.002048,-7.5e-05
16357.864749,13.772,3.774145,-3.6e-05,-0.0011,-0.002052,-7.3e-05
16360.365725,13.772,3.746956,-3.1e-05,-0.001094,-0.00206,-6.2e-05
16362.881441,13.772,3.787339,-2.7e-05,-0.001092,-0.002055,-5.6e-05
16364.140689,13.772,3.6066,-2.5e-05,-0.001094,-0.002047,-5.6e-05
16366.629883,13.772,2.577301,-2.6e-05,-0.001096,-0.002046,-5e-05
16367.881001,13.772,3.621582,-2.2e-05,-0.001095,-0.002051,-4.6e-05
16370.396313,13.772,3.664385,-2e-05,-0.001093,-0.002053,-4.3e-05
16371.661876999999,13.772,3.587528,-1.6e-05,-0.001094,-0.002055,-3.9e-05
16374.161922,13.772,3.720912,-1.5e-05,-0.001095,-0.002054,-3.6e-05
16376.677147,13.772,3.479905,-1.2e-05,-0.001094,-0.00205,-2.9e-05
16377.928231,13.772,3.379408,-1.6e-05,-0.001099,-0.002044,-3.2e-05
16380.44328,13.772,3.354553,-1.2e-05,-0.001098,-0.00205,-2.7e-05
16381.692768,13.772,3.428147,-1e-05,-0.001096,-0.002051,-2.7e-05
16384.19373,13.772,3.409574,-5e-06,-0.001094,-0.002053,-1.7e-05
16386.692949,13.772,3.296136,-5e-06,-0.001095,-0.002056,-1.5e-05
16387.958996,13.772,3.290523,-4e-06,-0.001096,-0.00206,-1.3e-05
16390.475083999998,13.772,3.385217,-4e-06,-0.001095,-0.002059,-9e-06
16391.741092,13.772,3.099619,-3e-06,-0.001095,-0.002057,-7e-06
16394.24137,13.772,3.20939,5e-06,-0.001093,-0.002055,-2e-06
16396.754647,13.772,3.338138,7e-06,-0.001092,-0.002055,7e-06
16398.02071,13.772,3.276337,5e-06,-0.001092,-0.002052,5e-06
16400.521385,13.772,2.832861,5e-06,-0.001094,-0.002048,8e-06
16401.770823,13.772,3.130666,9e-06,-0.001093,-0.002045,1.1e-05
16404.285999,13.772,3.012295,1.1e-05,-0.001095,-0.002044,1.1e-05
16406.786218,13.772,3.033521,1.4e-05,-0.001091,-0.002045,1.7e-05
16408.053862,13.772,3.078298,1.5e-05,-0.001091,-0.002044,2.1e-05
16410.567968,13.772,3.093242,1.3e-05,-0.00109,-0.002042,2.7e-05
16411.832923,13.772,2.936753,1.5e-05,-0.001091,-0.002045,2.9e-05
16414.333989,13.772,3.001828,1.5e-05,-0.001092,-0.002043,3.1e-05
16416.848736,13.772,3.032778,1.5e-05,-0.001095,-0.002041,3.1e-05
16418.099486,13.772,2.89037,1.7e-05,-0.001094,-0.00204,3.4e-05
16420.615703,13.772,3.852854,2.1e-05,-0.001091,-0.002047,4.2e-05
16421.880003,13.772,2.657914,2.2e-05,-0.001092,-0.00204,4.5e-05
16424.397248,13.772,2.847859,2.4e-05,-0.001093,-0.002042,4.7e-05
16425.662748,13.772,2.970282,2.4e-05,-0.001097,-0.002042,4.5e-05
16428.177453,13.772,3.056642,2.5e-05,-0.001096,-0.002048,5e-05
16430.678615,13.772,2.746937,2.3e-05,-0.001098,-0.002045,5.3e-05
16431.942787,13.772,2.739186,2.5e-05,-0.0011,-0.002045,5.2e-05
16434.442965,13.772,2.638147,2.6e-05,-0.001097,-0.002046,5.6e-05
16435.709279,13.772,2.686685,2.9e-05,-0.001096,-0.002054,6e-05
16438.239075999998,13.772,2.68651,3.3e-05,-0.001093,-0.002046,6.5e-05
16440.741213,13.772,2.623112,3e-05,-0.001096,-0.002046,6.6e-05
16442.004588,13.772,2.489032,3e-05,-0.001097,-0.002047,6.9e-05
16444.520917,13.772,2.54305,3e-05,-0.001099,-0.00205,7.1e-05
16445.786882,13.772,2.570171,3e-05,-0.001101,-0.002053,7e-05
16448.302004999998,13.772,2.380667,3.5e-05,-0.001099,-0.002048,7.4e-05
16450.817863,13.772,2.537788,3.8e-05,-0.001099,-0.002048,8.1e-05
16452.06858,13.772,2.419359,4.1e-05,-0.001099,-0.002051,8.5e-05
16454.583899999998,13.772,2.606087,4.5e-05,-0.001096,-0.002048,8.8e-05
16455.849019,13.772,2.470247,4.4e-05,-0.001096,-0.00205,9e-05
16458.349583,13.772,2.437189,4.4e-05,-0.001096,-0.002047,9.4e-05
16460.866244,13.772,2.365075,4.5e-05,-0.0011,-0.002042,9.7e-05
16462.115945999998,13.772,2.481281,4.5e-05,-0.001099,-0.002049,9.8e-05
16464.631091,13.772,2.705285,4.7e-05,-0.001098,-0.00205,9.9e-05
16465.896273,13.772,2.359085,4.7e-05,-0.0011,-0.002048,9.9e-05
16468.427174,13.772,2.224767,4.8e-05,-0.001101,-0.002047,9.9e-05
16469.693137,13.772,2.807273,5e-05,-0.001101,-0.002052,0.000101
16472.193059,13.772,2.324814,5.4e-05,-0.0011,-0.002052,0.000105
16474.693835,13.772,1.90364,5.7e-05,-0.001097,-0.002053,0.000111
16475.943811999998,13.772,2.23794,5.5e-05,-0.001097,-0.002045,0.000113
16478.443181,13.772,2.191986,5.4e-05,-0.001101,-0.002041,0.000114
16479.703454,13.772,2.153926,5.6e-05,-0.001102,-0.002046,0.000116
16482.209092,13.772,1.748074,5.7e-05,-0.001101,-0.002046,0.000125
16484.723817,13.772,2.020716,5.9e-05,-0.001102,-0.002047,0.000129
16485.974365,13.772,2.079143,6.3e-05,-0.0011,-0.002054,0.000132
16488.490579,13.772,2.113097,6.3e-05,-0.001099,-0.002048,0.000135
16489.756720999998,13.772,2.166563,6.4e-05,-0.001101,-0.00205,0.000136
16492.271199,13.772,2.048107,6.7e-05,-0.001099,-0.002047,0.000142
16494.786795,13.772,2.169677,7e-05,-0.0011,-0.002042,0.000143
16496.052879,13.772,1.890791,7e-05,-0.0011,-0.002048,0.000146
16498.568196,13.772,1.830322,6.5e-05,-0.001102,-0.002043,0.000144
16499.832619,13.772,1.909285,6.8e-05,-0.0011,-0.002046,0.000148
16502.348435,13.772,1.886801,7e-05,-0.001104,-0.002041,0.000152
16504.864976,13.772,0.989285,6.7e-05,-0.001106,-0.002042,0.000151
16506.130474999998,13.772,1.89929,6.5e-05,-0.001108,-0.002041,0.000147
16508.631348,13.772,1.85124,6.1e-05,-0.00111,-0.00204,0.000141
16509.880995,13.772,2.062511,6.3e-05,-0.001108,-0.002045,0.00014
16512.381599,13.772,1.845187,6.1e-05,-0.001108,-0.002049,0.000141
16513.646608,13.772,1.864662,5.9e-05,-0.001108,-0.002043,0.000136
16516.162721,13.772,2.143119,4.8e-05,-0.001117,-0.002052,0.00012
16518.692819,13.772,1.895369,3.5e-05,-0.001126,-0.002049,0.000106
16519.941787,13.772,1.935864,3.5e-05,-0.001127,-0.002054,0.000104
16522.458722,13.771,1.963197,2.5e-05,-0.001132,-0.002056,9.3e-05
16523.708889,13.771,2.043911,2.3e-05,-0.001136,-0.002065,9e-05
16526.209673,13.771,1.999814,2.4e-05,-0.001133,-0.002067,9.1e-05
16528.723471,13.771,2.026287,2.6e-05,-0.001125,-0.002069,9e-05
16529.973631,13.771,1.281334,2e-05,-0.001131,-0.002061,8.2e-05
16532.505602999998,13.771,2.180081,1.4e-05,-0.001134,-0.00207,7.9e-05
16533.75618,13.771,2.708203,1.3e-05,-0.001135,-0.002063,7.4e-05
16536.271193,13.771,2.28382,8e-06,-0.001139,-0.002065,6.7e-05
16538.770821,13.771,1.671557,5e-06,-0.001138,-0.002066,6.1e-05
16540.021872999998,13.771,2.307975,-1e-06,-0.001142,-0.002068,5.5e-05
16542.520146,13.771,1.626573,5e-06,-0.001136,-0.002072,6e-05
16543.770848,13.771,2.361865,9e-06,-0.001131,-0.002071,6.6e-05
16546.271326,13.771,1.839643,5e-06,-0.001132,-0.00207,6e-05
16548.786218,13.771,2.495086,-5e-06,-0.001141,-0.002071,4.4e-05
16550.053033,13.771,2.70389,-1.4e-05,-0.001148,-0.002066,3.1e-05
16552.567593,13.771,2.497271,-1.6e-05,-0.001144,-0.002077,3.2e-05
16553.81787,13.771,2.36776,-1e-05,-0.001139,-0.00207,3.6e-05
16556.333835,13.771,2.448113,-6e-06,-0.001137,-0.002072,3.6e-05
16558.848787,13.771,2.604305,-1.1e-05,-0.001139,-0.002081,2.8e-05
16560.098745,13.771,2.523787,-2.1e-05,-0.001145,-0.002074,1.7e-05
16562.598256,13.771,2.780095,-3.5e-05,-0.001156,-0.002077,9e-06
16563.848317,13.771,2.763643,-3.4e-05,-0.001151,-0.002085,1.2e-05
16566.347479,13.771,2.721153,-3.2e-05,-0.001149,-0.002081,5e-06
16568.849329,13.771,2.700675,-3.1e-05,-0.001146,-0.002081,7e-06
16570.114864,13.771,2.625892,-3.1e-05,-0.001146,-0.002077,7e-06
16572.630853,13.771,2.936976,-1.6e-05,-0.001131,-0.002092,1.5e-05
16573.880801,13.771,2.801082,-1.6e-05,-0.001127,-0.002094,1.9e-05
16576.380957,13.771,2.851386,-2.5e-05,-0.001135,-0.002088,-3e-06
16577.646363,13.771,2.677348,-3.6e-05,-0.001143,-0.00209,-5e-06
16580.177211,13.771,2.583487,-2.7e-05,-0.001136,-0.002079,-1e-06
16582.693788,13.771,2.831646,-2.5e-05,-0.001129,-0.002085,-1e-06
16583.943278,13.771,2.849933,-2.9e-05,-0.001126,-0.002085,-6e-06
16586.474665,13.771,2.97259,-3e-05,-0.001128,-0.002084,-1.2e-05
16587.73949,13.771,2.91471,-4.3e-05,-0.001138,-0.002084,-1.8e-05
16590.255902,13.771,3.167765,-4.3e-05,-0.001139,-0.002084,-2.2e-05
16592.755682,13.771,3.76702,-3.6e-05,-0.001128,-0.002092,-2.1e-05
16594.02083,13.771,2.980309,-2.8e-05,-0.001123,-0.002088,-1.1e-05
16596.536367,13.771,2.979317,-3.1e-05,-0.001123,-0.002094,-7e-06
16597.803552999998,13.771,3.117021,-3.6e-05,-0.001125,-0.00209,-1.1e-05
16600.318476,13.771,3.206128,-3.7e-05,-0.001126,-0.002088,-2e-05
16602.803437,13.772,3.150226,-4e-05,-0.00113,-0.002087,-3.3e-05
16604.06762,13.772,3.175951,-4.2e-05,-0.001127,-0.002085,-2.8e-05
16606.599048,13.772,3.093624,-4.3e-05,-0.001126,-0.002093,-2.9e-05
16607.846902,13.772,3.1397,-4.4e-05,-0.001125,-0.002087,-3.2e-05
16610.365601,13.772,3.4268,-5.1e-05,-0.001128,-0.002088,-3.9e-05
16612.896569,13.772,3.394501,-6e-05,-0.001136,-0.002095,-4.9e-05
16614.146098999998,13.772,3.358728,-6.6e-05,-0.001138,-0.00209,-5.5e-05
16616.661667,13.772,3.327284,-6.4e-05,-0.001136,-0.002091,-5.6e-05
16617.912775,13.772,3.293754,-6.1e-05,-0.001133,-0.002089,-5.2e-05
16620.42725,13.772,3.191124,-5.4e-05,-0.001125,-0.00208,-4.9e-05
16621.677619,13.772,3.372479,-5.3e-05,-0.001123,-0.002086,-4.9e-05
16624.193708,13.772,3.3054,-5.9e-05,-0.001125,-0.002087,-5.7e-05
16626.707803999998,13.772,3.412189,-6.4e-05,-0.001125,-0.00209,-6e-05
16627.958814999998,13.772,3.440604,-7e-05,-0.00113,-0.002097,-6.9e-05
16630.474712,13.772,3.597369,-7.7e-05,-0.001136,-0.002092,-8e-05
16631.739852,13.772,3.600907,-7.5e-05,-0.001131,-0.002095,-7.6e-05
16634.270827,13.772,3.734775,-6.8e-05,-0.001124,-0.00209,-7.1e-05
16636.771421999998,13.772,4.569429,-6.9e-05,-0.00112,-0.002088,-6.5e-05
16638.021256,13.772,3.698503,-6.9e-05,-0.001119,-0.002085,-7.1e-05
16640.536074,13.772,3.810215,-7e-05,-0.001119,-0.002077,-7.6e-05
16641.803742,13.772,3.457809,-7.2e-05,-0.001121,-0.002076,-8.2e-05
16644.31566,13.772,3.664464,-6.6e-05,-0.001117,-0.002072,-8.1e-05
16646.818888,13.772,3.732499,-6.7e-05,-0.001114,-0.002082,-8.4e-05
16648.067211,13.772,3.688089,-7e-05,-0.001114,-0.002082,-8.2e-05
16650.5691,13.772,3.759657,-7.8e-05,-0.001121,-0.002073,-9.7e-05
16651.817332,13.772,3.768134,-8.4e-05,-0.001124,-0.002081,-0.000106
16654.318313,13.772,3.889932,-8.4e-05,-0.001122,-0.002086,-0.000104
16656.817864,13.772,4.001162,-8.9e-05,-0.001123,-0.002088,-0.000112
16658.082649,13.772,3.949712,-9.3e-05,-0.001127,-0.002085,-0.000118
16660.583764,13.772,4.373326,-0.000103,-0.00113,-0.002086,-0.000126
16661.833615,13.772,3.98634,-0.000102,-0.001128,-0.002093,-0.000124
16664.349322,13.772,4.17483,-0.000103,-0.001125,-0.002087,-0.000126
16666.880741,13.772,3.903524,-0.000101,-0.001124,-0.00209,-0.000129
16668.131068,13.772,4.110711,-0.000103,-0.001127,-0.002083,-0.000134
16670.646192,13.772,4.069956,-0.000102,-0.001121,-0.002078,-0.000133
16671.911315999998,13.772,4.100535,-0.0001,-0.00112,-0.002078,-0.000133
16674.427804,13.772,4.330921,-0.000101,-0.001117,-0.002078,-0.000134
16675.692743,13.772,4.173816,-0.000102,-0.001118,-0.00208,-0.000139
16678.207786,13.772,4.144983,-0.00011,-0.001124,-0.002088,-0.00015
16680.723871,13.772,4.325844,-0.000112,-0.001123,-0.00209,-0.00015
16681.989495,13.772,4.389029,-0.000112,-0.00112,-0.002085,-0.000149
16684.506065,13.772,4.392711,-0.000114,-0.001122,-0.002085,-0.000159
16685.77218,13.772,4.391608,-0.000113,-0.001123,-0.00208,-0.000159
16688.286161,13.772,4.74385,-0.000111,-0.001115,-0.002083,-0.000155
16690.802582,13.772,4.447605,-0.000115,-0.001119,-0.002081,-0.000166
16692.05331,13.772,4.439642,-0.00012,-0.001121,-0.002076,-0.000169
16694.568001,13.772,5.048002,-0.000113,-0.001112,-0.002084,-0.000158
16695.817448,13.772,4.440262,-0.00011,-0.001108,-0.002076,-0.000157
16698.317868,13.772,5.583406,-0.000113,-0.001108,-0.002072,-0.000166
16700.833806,13.772,4.663014,-0.000121,-0.001114,-0.002075,-0.000179
16702.099539,13.772,4.605494,-0.000121,-0.001113,-0.002076,-0.000178
16704.630054,13.772,4.44388,-0.000116,-0.001107,-0.002078,-0.000176
16705.880827,13.772,4.996911,-0.000118,-0.001107,-0.002073,-0.000176
16708.395388,13.772,5.111322,-0.000118,-0.001104,-0.002075,-0.000183
16709.646064,13.772,4.811784,-0.000119,-0.001107,-0.002076,-0.000184
16712.177303,13.772,4.740455,-0.000122,-0.001104,-0.002071,-0.000186
16714.677205,13.772,4.44961,-0.000123,-0.001103,-0.00207,-0.000192
16715.927778,13.772,4.768397,-0.000121,-0.001102,-0.002075,-0.000192
16718.443391,13.772,4.93364,-0.000124,-0.001104,-0.002071,-0.0002
16719.687161,13.772,5.134642,-0.000124,-0.001104,-0.002075,-0.000201
16722.176693,13.772,5.411879,-0.000129,-0.001105,-0.002074,-0.000205
16724.694042,13.772,4.776313,-0.000128,-0.0011,-0.002074,-0.000205
16725.959072999998,13.772,5.541228,-0.000128,-0.001098,-0.002069,-0.000207
16728.473926,13.772,5.256449,-0.00013,-0.001094,-0.002073,-0.000209
16729.724546999998,13.772,5.475624,-0.000131,-0.001097,-0.002065,-0.000213
16732.239521,13.772,5.473074,-0.000129,-0.001096,-0.002067,-0.000215
16734.756295,13.772,5.799607,-0.000129,-0.001092,-0.002066,-0.000215
16736.021166,13.772,5.263089,-0.000129,-0.001091,-0.002063,-0.000217
16738.521063,13.772,5.468772,-0.00013,-0.001089,-0.002063,-0.000218
16739.788567,13.772,5.348187,-0.000129,-0.001087,-0.002061,-0.000218
16742.301796,13.772,5.132357,-0.000132,-0.001088,-0.00206,-0.000225
16744.803324,13.772,5.151746,-0.000133,-0.001088,-0.002058,-0.000229
16746.06655,13.772,5.196793,-0.000136,-0.001086,-0.002061,-0.000231
16748.567761,13.772,5.311747,-0.000135,-0.001087,-0.002062,-0.000236
16749.833598999998,13.772,5.72614,-0.000138,-0.001088,-0.002063,-0.000241
16752.333285,13.772,5.452198,-0.00014,-0.001087,-0.002065,-0.000244
16754.833672,13.772,5.530603,-0.000135,-0.00108,-0.002064,-0.000239
16756.098425,13.772,5.579634,-0.000136,-0.001082,-0.002064,-0.000241
16758.598694,13.772,5.722794,-0.000136,-0.001077,-0.002061,-0.000242
16759.848921,13.772,5.491613,-0.000136,-0.001077,-0.002054,-0.000244
16762.364681,13.772,5.350684,-0.000137,-0.001076,-0.002055,-0.000249
16764.896286,13.772,5.842369,-0.000139,-0.001073,-0.002055,-0.000248
16766.146141999998,13.772,5.79897,-0.000138,-0.001073,-0.002049,-0.000253
16768.661081,13.772,5.632808,-0.000143,-0.001071,-0.002055,-0.000253
16769.911293999998,13.772,5.339954,-0.000146,-0.001075,-0.002048,-0.000261
16772.41107,13.772,6.039977,-0.000147,-0.001076,-0.002042,-0.00027
16773.662175999998,13.772,5.767575,-0.000147,-0.001074,-0.00205,-0.000268
16776.176755,13.772,5.720829,-0.000146,-0.00107,-0.00205,-0.000267
16778.678385,13.772,5.589674,-0.000142,-0.001064,-0.002053,-0.000264
16779.942769,13.772,6.311956,-0.000143,-0.001064,-0.002057,-0.00027
16782.442715999998,13.772,6.028716,-0.000147,-0.001065,-0.002054,-0.000275
16783.708928,13.772,6.286989,-0.000148,-0.001065,-0.002049,-0.000279
16786.238924,13.772,5.966246,-0.000151,-0.001066,-0.002051,-0.000282
16788.754272,13.772,6.205661,-0.000155,-0.001064,-0.002048,-0.000289
16790.00629,13.772,5.844759,-0.000154,-0.001063,-0.002054,-0.000288
16792.521235,13.772,6.343032,-0.000152,-0.001062,-0.00205,-0.000288
16793.786309,13.772,5.912063,-0.000151,-0.001058,-0.00205,-0.00029
16796.287887,13.772,6.402474,-0.000153,-0.001057,-0.002045,-0.000294
16798.803359999998,13.772,6.178304,-0.000154,-0.001059,-0.00204,-0.0003
16800.052296,13.772,5.731825,-0.000154,-0.001057,-0.00204,-0.000302
16802.56779,13.772,6.609963,-0.000153,-0.001054,-0.002043,-0.000302
16803.817936,13.772,6.302448,-0.000155,-0.001051,-0.002042,-0.000301
16806.333826,13.772,6.585262,-0.000155,-0.00105,-0.00204,-0.000301
16808.849753,13.772,6.432594,-0.000156,-0.001049,-0.002041,-0.000305
16810.114676,13.772,6.210919,-0.000158,-0.001049,-0.002035,-0.000305
16812.615845,13.772,6.410017,-0.000159,-0.001047,-0.002034,-0.000311
16813.880362,13.772,6.680348,-0.000158,-0.001045,-0.002035,-0.000312
16816.397158,13.772,6.723482,-0.000155,-0.001042,-0.002035,-0.000312
16818.911127,13.772,6.673761,-0.000156,-0.00104,-0.002043,-0.000317
16820.162668,13.772,6.703031,-0.00016,-0.001041,-0.002036,-0.000321
16822.677165,13.772,6.172992,-0.000162,-0.001042,-0.002038,-0.000326
16823.943167,13.772,6.715195,-0.000164,-0.001041,-0.002038,-0.000326
16826.473255,13.772,6.316525,-0.000159,-0.001035,-0.002047,-0.000328
16827.724667,13.772,7.206987,-0.000157,-0.001035,-0.002042,-0.00033
16830.240802,13.772,6.477587,-0.000156,-0.001032,-0.002042,-0.000332
16832.756156,13.772,6.893203,-0.000158,-0.001032,-0.002045,-0.000334
16834.020596,13.772,6.509459,-0.000161,-0.001031,-0.002042,-0.000337
16836.522302,13.772,6.784942,-0.000168,-0.001032,-0.002046,-0.000345
16837.77115,13.772,6.677639,-0.000169,-0.001034,-0.002045,-0.000345
16840.286415,13.772,6.541544,-0.000174,-0.001036,-0.00204,-0.000352
16842.786326,13.772,6.197639,-0.000176,-0.001034,-0.002037,-0.000355
16844.053433,13.772,6.97554,-0.000173,-0.00103,-0.002043,-0.000355
16846.567877,13.772,6.653575,-0.000176,-0.001033,-0.00204,-0.000363
16847.833915,13.772,6.726456,-0.000175,-0.00103,-0.002043,-0.000361
16850.364587,13.772,6.838701,-0.000171,-0.001026,-0.002037,-0.000359
16852.89605,13.772,6.609698,-0.000174,-0.001023,-0.002039,-0.000362
16854.14595,13.772,7.291873,-0.000178,-0.001025,-0.00203,-0.000368
16856.661152,13.772,7.568154,-0.000176,-0.001024,-0.002032,-0.000371
16857.92687,13.772,7.387597,-0.000175,-0.001019,-0.002032,-0.000372
16860.427864,13.772,7.230041,-0.00018,-0.001023,-0.002034,-0.000377
16861.6938,13.772,7.022498,-0.000184,-0.001026,-0.002041,-0.00038
16864.22402,13.772,7.449961,-0.000192,-0.001033,-0.002037,-0.000397
16866.756378,13.772,6.998913,-0.000201,-0.00104,-0.002042,-0.000404
16868.021221,13.772,7.618406,-0.000206,-0.001043,-0.002043,-0.000411
16870.520798999998,13.772,7.662815,-0.000214,-0.001045,-0.002041,-0.000417
16871.771321,13.772,7.571022,-0.00021,-0.00104,-0.002039,-0.000412
16874.285677,13.772,7.66988,-0.00021,-0.001039,-0.002038,-0.000415
16876.785654,13.772,7.609907,-0.000213,-0.001036,-0.002041,-0.00042
16878.035824,13.772,7.355459,-0.000213,-0.001033,-0.002048,-0.000418
16880.552796,13.772,7.387331,-0.000213,-0.001035,-0.002045,-0.000424
16881.802777,13.772,7.56502,-0.000215,-0.001035,-0.002048,-0.000426
16884.333232,13.772,7.717901,-0.000221,-0.001038,-0.002051,-0.000441
16886.834262,13.772,7.739415,-0.000228,-0.001044,-0.002049,-0.00045
16888.098333,13.772,7.540425,-0.000231,-0.001043,-0.002052,-0.00045
16890.615962,13.772,7.954129,-0.000223,-0.001037,-0.002048,-0.000443
16891.864526999998,13.772,7.886878,-0.000226,-0.00104,-0.002048,-0.00045
16894.365772999998,13.772,7.329164,-0.000238,-0.001044,-0.002047,-0.000457
16896.880521,13.772,7.870783,-0.000235,-0.00104,-0.00205,-0.000456
16898.146785,13.772,7.827701,-0.000239,-0.001041,-0.002048,-0.000463
16900.660754,13.772,7.514821,-0.000243,-0.001045,-0.002057,-0.00047
16901.927805,13.772,8.235987,-0.000243,-0.001042,-0.002059,-0.000469
16904.443354,13.772,7.917582,-0.000257,-0.001053,-0.002055,-0.000487
16905.693532999998,13.772,7.914288,-0.000259,-0.001054,-0.002047,-0.00049
16908.208791,13.772,8.686557,-0.000256,-0.001046,-0.002052,-0.000487
16910.739821,13.772,8.117635,-0.00026,-0.001056,-0.002048,-0.000496
16912.006311999998,13.772,7.482683,-0.000261,-0.001054,-0.002049,-0.000494
16914.517772,13.772,7.886029,-0.000246,-0.001045,-0.002056,-0.000478
16915.771277,13.772,7.99822,-0.000244,-0.001043,-0.002058,-0.000472
16918.271258,13.772,7.853996,-0.000247,-0.001051,-0.002061,-0.000485
16920.787203,13.772,7.9264,-0.000248,-0.001054,-0.002061,-0.000477
16922.053067,13.772,7.841194,-0.000241,-0.00105,-0.002061,-0.000468
16924.583874,13.772,8.446027,-0.000236,-0.001044,-0.002067,-0.000458
16925.850282,13.772,7.557211,-0.000239,-0.00105,-0.002068,-0.000461
16928.365644999998,13.772,7.733412,-0.000236,-0.00105,-0.002068,-0.000457
16930.896356999998,13.772,8.050808,-0.000234,-0.001056,-0.002057,-0.000459
16932.145766,13.772,7.754448,-0.00023,-0.001053,-0.002064,-0.000456
16934.647147,13.772,8.106851,-0.000225,-0.001048,-0.002072,-0.000445
16935.910800999998,13.772,7.432484,-0.00023,-0.001056,-0.002073,-0.00045
16938.410799,13.772,7.064092,-0.000232,-0.001062,-0.002071,-0.000449
16940.911989,13.772,7.305206,-0.000227,-0.001057,-0.002065,-0.000441
16942.176809,13.772,7.754501,-0.000222,-0.001052,-0.002065,-0.000435
16944.708792999998,13.772,7.307809,-0.00021,-0.001047,-0.002067,-0.000423
16945.973791,13.772,6.940958,-0.000215,-0.001052,-0.002065,-0.000426
16948.506038,13.772,7.602735,-0.000212,-0.001057,-0.002069,-0.000427
16949.771142999998,13.772,7.277637,-0.000213,-0.001057,-0.002068,-0.000425
16952.272046,13.772,6.738675,-0.000222,-0.001069,-0.002062,-0.000436
16954.787073,13.772,7.756254,-0.000221,-0.001074,-0.002063,-0.000434
16956.053163,13.772,6.980215,-0.00023,-0.001081,-0.002057,-0.000442
16958.569171,13.772,7.317052,-0.00023,-0.001082,-0.002062,-0.000437
16959.81716,13.772,6.864253,-0.000228,-0.00108,-0.002061,-0.000433
16962.318504,13.772,6.913229,-0.000227,-0.001086,-0.00207,-0.000439
16964.832746,13.772,7.104676,-0.000221,-0.001084,-0.002072,-0.000426
16966.096983,13.772,7.110254,-0.000214,-0.001078,-0.002079,-0.000417
16968.599575,13.772,6.730441,-0.0002,-0.001064,-0.00208,-0.000397
16969.849765,13.772,6.961357,-0.000205,-0.001069,-0.002078,-0.000401
16972.364967,13.772,6.944146,-0.000218,-0.001086,-0.002084,-0.000419
16974.86553,13.772,6.856284,-0.000224,-0.001095,-0.002085,-0.000419
16976.131638,13.772,6.621968,-0.000219,-0.001091,-0.002077,-0.000414
16978.646265,13.772,7.513546,-0.000204,-0.00108,-0.002075,-0.000401
16979.896163999998,13.772,6.854531,-0.000197,-0.001075,-0.002073,-0.00039
16982.409609,13.772,7.188872,-0.000212,-0.001097,-0.002075,-0.00041
16984.912128,13.772,6.527945,-0.000203,-0.001092,-0.002077,-0.000398
16986.161755,13.772,6.826218,-0.000193,-0.001082,-0.002089,-0.000387
16988.677415,13.772,7.014265,-0.000188,-0.001079,-0.002079,-0.000378
16989.927166,13.772,6.676576,-0.000192,-0.001081,-0.002075,-0.000383
16992.427676,13.772,6.60906,-0.000202,-0.001094,-0.002071,-0.000389
16993.676979,13.772,6.550309,-0.000197,-0.001092,-0.002083,-0.000382
16996.193638,13.772,6.320615,-0.000193,-0.00109,-0.002081,-0.000377
16998.70911,13.772,6.3144,-0.000193,-0.001097,-0.002083,-0.000381
16999.958577,13.772,6.567095,-0.000198,-0.001101,-0.002084,-0.000383
17002.473163,13.772,6.344891,-0.000192,-0.001098,-0.002084,-0.000373
17003.723774,13.772,6.515939,-0.00018,-0.00109,-0.002089,-0.000363
17006.240952,13.772,6.292302,-0.000176,-0.001087,-0.002092,-0.000355
17008.75608,13.772,6.167892,-0.000175,-0.001086,-0.002092,-0.000347
17010.021319,13.772,6.150628,-0.000167,-0.001083,-0.002092,-0.000339
17012.52151,13.772,6.102076,-0.000166,-0.001084,-0.002091,-0.00033
17013.771511,13.772,5.943458,-0.000167,-0.001086,-0.00208,-0.000328
17016.271389,13.772,6.003856,-0.000163,-0.001083,-0.002081,-0.000326
17018.771712,13.772,6.793919,-0.000171,-0.001093,-0.00209,-0.000335
17020.01528,13.772,5.852143,-0.000171,-0.001096,-0.002094,-0.000334
17022.521314999998,13.772,6.231105,-0.000164,-0.001092,-0.00209,-0.000325
17023.770709,13.772,5.839076,-0.000161,-0.00109,-0.002086,-0.000318
17026.2713,13.772,6.134001,-0.000151,-0.001083,-0.002082,-0.000307
17028.771747,13.772,5.970124,-0.000152,-0.001085,-0.002081,-0.000304
17030.036551999998,13.772,5.988504,-0.00015,-0.001085,-0.00208,-0.000304
17032.536589,13.772,5.910735,-0.000153,-0.001091,-0.002085,-0.000305
17033.786271,13.772,5.734215,-0.000154,-0.001092,-0.00208,-0.000302
17036.317233,13.772,5.887522,-0.000148,-0.001089,-0.002082,-0.000293
17038.83284,13.772,6.067759,-0.000145,-0.001092,-0.002078,-0.000289
17040.083119,13.772,5.547921,-0.000149,-0.001097,-0.00207,-0.000295
17042.600975,13.772,5.569435,-0.000148,-0.001096,-0.002075,-0.000291
17043.850061,13.772,5.682953,-0.000145,-0.001095,-0.002073,-0.000286
17046.380702,13.772,5.445823,-0.000137,-0.001091,-0.002067,-0.000275
17048.896023,13.772,5.452304,-0.000131,-0.00109,-0.002065,-0.000267
17050.161822,13.772,5.511639,-0.000127,-0.001089,-0.002066,-0.000264
17052.677834,13.772,5.375757,-0.000124,-0.001086,-0.002067,-0.000257
17053.94282,13.772,6.050549,-0.000116,-0.001082,-0.002068,-0.000251
17056.474872,13.772,5.608213,-0.000106,-0.001074,-0.002068,-0.00024
17057.741231,13.772,5.459767,-9.8e-05,-0.001067,-0.002066,-0.000232
17060.255607,13.772,5.014908,-8.9e-05,-0.001062,-0.002065,-0.000216
17062.771615999998,13.772,5.711267,-8.5e-05,-0.001062,-0.002067,-0.00021
17064.020905999998,13.772,5.367895,-8.5e-05,-0.001062,-0.002066,-0.000212
17066.520815,13.772,4.823047,-8.4e-05,-0.001065,-0.002067,-0.000212
17067.771202,13.772,5.335067,-8.4e-05,-0.001066,-0.002071,-0.000213
17070.271342,13.772,4.906827,-8.4e-05,-0.001069,-0.002072,-0.000215
17072.78619,13.772,5.146142,-8.5e-05,-0.00107,-0.002074,-0.000207
17074.053388,13.772,4.868147,-8.4e-05,-0.001069,-0.002069,-0.000206
17076.583768,13.772,5.207417,-8.4e-05,-0.001073,-0.00207,-0.000201
17077.833888,13.772,4.894583,-8.7e-05,-0.001077,-0.002061,-0.000203
17080.349694,13.772,5.203624,-9.1e-05,-0.001081,-0.002058,-0.000206
17082.865933,13.772,4.971153,-9.2e-05,-0.001083,-0.002054,-0.000201
17084.114981,13.772,4.965201,-9e-05,-0.001083,-0.002051,-0.000198
17086.645751,13.772,4.505565,-8.4e-05,-0.001079,-0.002058,-0.000189
17087.896255,13.772,4.867431,-8.5e-05,-0.001082,-0.002052,-0.000188
17090.395515,13.772,5.237641,-7.9e-05,-0.001079,-0.002057,-0.00018
17092.89623,13.772,5.149834,-7.8e-05,-0.001083,-0.002056,-0.000177
17094.161199,13.772,4.827944,-7.9e-05,-0.001084,-0.002059,-0.000178
17096.67636,13.772,4.643772,-7.7e-05,-0.001083,-0.002058,-0.000174
17097.943059,13.772,4.70883,-7.3e-05,-0.00108,-0.002058,-0.000171
17100.458758,13.772,4.364912,-6.7e-05,-0.001075,-0.002056,-0.000161
17101.723573,13.772,4.744529,-6.7e-05,-0.001078,-0.002058,-0.00016
17104.223685,13.772,4.455647,-6.7e-05,-0.00108,-0.002057,-0.000157
17106.740322999998,13.772,4.809683,-6.4e-05,-0.001078,-0.002056,-0.000152
17107.991288,13.772,4.867107,-6.4e-05,-0.00108,-0.002053,-0.000151
17110.505989,13.772,4.459266,-6.3e-05,-0.001084,-0.002051,-0.000147
17111.770932,13.772,4.368917,-6.2e-05,-0.001083,-0.002049,-0.000144
17114.270334,13.772,4.221792,-5.6e-05,-0.00108,-0.002053,-0.000137
17116.771299,13.772,4.630355,-5.2e-05,-0.001078,-0.002055,-0.000131
17118.02197,13.772,4.675635,-4.8e-05,-0.001078,-0.002059,-0.000129
17120.536342,13.772,4.280378,-4.9e-05,-0.001077,-0.002059,-0.000124
17121.785964,13.772,4.257364,-5.3e-05,-0.001083,-0.002052,-0.000124
17124.316955,13.772,3.888649,-5.2e-05,-0.001083,-0.002057,-0.000122
17126.818467,13.772,4.522467,-4.5e-05,-0.001079,-0.002057,-0.000114
17128.082623,13.772,4.362981,-4.2e-05,-0.00108,-0.002054,-0.000113
17130.583381,13.772,4.046363,-4.6e-05,-0.001082,-0.002053,-0.000112
17131.849692,13.772,4.127958,-4.3e-05,-0.001081,-0.002056,-0.000107
17134.365863,13.772,4.072667,-3.8e-05,-0.00108,-0.002052,-0.000102
17136.863959,13.772,4.325573,-3.7e-05,-0.001081,-0.002052,-9.9e-05
17138.115706,13.772,4.268558,-3.4e-05,-0.001079,-0.002052,-9.4e-05
17140.630877,13.772,3.532061,-3.4e-05,-0.001079,-0.002054,-9e-05
17141.895841999998,13.772,4.213622,-3.6e-05,-0.001082,-0.002048,-9e-05
17144.411226,13.772,3.747927,-3.4e-05,-0.001083,-0.002049,-8.8e-05
17146.912848,13.772,4.114764,-3.1e-05,-0.001084,-0.002045,-8.4e-05
17148.177507,13.772,4.154378,-3.2e-05,-0.001084,-0.002045,-8.2e-05
17150.692995,13.772,4.047939,-3.1e-05,-0.001082,-0.002048,-7.5e-05
17151.94387,13.772,4.240228,-2.7e-05,-0.00108,-0.002054,-7.2e-05
17154.458102,13.772,4.054979,-2.5e-05,-0.001081,-0.002048,-6.9e-05
17155.707866,13.772,3.513556,-2.3e-05,-0.001079,-0.002052,-6.4e-05
17158.22452,13.772,3.66474,-2.4e-05,-0.001082,-0.002052,-6.3e-05
17160.756555,13.772,3.681149,-2e-05,-0.001082,-0.002047,-5.8e-05
17162.022132,13.772,3.678125,-1.8e-05,-0.00108,-0.002051,-5.4e-05
17164.551204,13.772,5.190153,-1.9e-05,-0.001085,-0.002045,-5.8e-05
17165.802774,13.772,3.551733,-1.9e-05,-0.001085,-0.002051,-5.3e-05
17168.317059,13.772,3.982838,-1.9e-05,-0.001088,-0.002053,-5.1e-05
17170.833193,13.772,3.471157,-1.8e-05,-0.001089,-0.002047,-4.7e-05
17172.083196,13.772,3.55933,-1.6e-05,-0.00109,-0.002048,-4.3e-05
17174.583039,13.772,3.794735,-1.9e-05,-0.001091,-0.002052,-4.2e-05
17175.832952,13.772,3.517334,-1.5e-05,-0.001088,-0.002054,-3.8e-05
17178.349088,13.772,3.629158,-1.2e-05,-0.001088,-0.002049,-3.1e-05
17180.865337,13.772,3.504384,-1e-05,-0.001087,-0.002049,-2.9e-05
17182.130764,13.772,3.525069,-9e-06,-0.001091,-0.002053,-3e-05
17184.630803,13.772,3.408597,-7e-06,-0.00109,-0.002054,-2.2e-05
17185.879794,13.772,3.557489,-7e-06,-0.00109,-0.002052,-2e-05
17188.396704,13.772,3.317182,-6e-06,-0.00109,-0.002057,-1.6e-05
17190.912089,13.772,3.278979,-5e-06,-0.001089,-0.002057,-1.3e-05
17192.177016999998,13.772,3.428545,-4e-06,-0.001091,-0.002053,-1.1e-05
17194.709841,13.772,3.568609,-3e-06,-0.001093,-0.002056,-9e-06
17195.974221,13.772,3.593682,-2e-06,-0.001093,-0.002055,-8e-06
17198.488966,13.772,2.739515,1e-06,-0.00109,-0.002057,-0.0
17199.738638,13.772,3.232038,5e-06,-0.001089,-0.002054,-0.0
17202.240515,13.772,3.119551,1.1e-05,-0.001089,-0.002051,5e-06
17204.771459,13.772,3.231152,9e-06,-0.00109,-0.002057,8e-06
17206.020944,13.772,3.519955,9e-06,-0.001091,-0.002055,1.1e-05
17208.521466,13.772,3.102988,1.2e-05,-0.00109,-0.002053,1.7e-05
17209.770852999998,13.772,3.073995,1.5e-05,-0.001089,-0.002055,2.1e-05
17212.302843999998,13.772,3.068408,1.7e-05,-0.001088,-0.002054,2.3e-05
17214.818573,13.772,2.991148,2.1e-05,-0.001088,-0.002049,2.6e-05
17216.084013,13.772,2.653808,2.3e-05,-0.001088,-0.002054,3.2e-05
17218.598473,13.772,3.181209,2.3e-05,-0.001087,-0.002045,3.5e-05
17219.848602,13.772,2.888704,2.3e-05,-0.001087,-0.002048,3.6e-05
17222.365751999998,13.772,2.955221,2.3e-05,-0.001088,-0.002048,3.9e-05
17224.896464999998,13.772,2.855164,2.7e-05,-0.001087,-0.002043,4.1e-05
17226.162016,13.772,2.926901,2.8e-05,-0.001087,-0.002047,4.3e-05
17228.677161,13.772,2.707322,2.7e-05,-0.001091,-0.002041,4.4e-05
17229.9432,13.772,2.39357,2.7e-05,-0.00109,-0.002046,4.6e-05
17232.458785,13.772,2.603833,3e-05,-0.00109,-0.002043,5.2e-05
17233.723888,13.772,2.714452,3.4e-05,-0.001087,-0.002046,5.6e-05
17236.254704,13.772,2.817194,3.8e-05,-0.001088,-0.002043,6.2e-05
17238.770806,13.772,2.676557,3.6e-05,-0.001089,-0.002049,6.3e-05
17240.022117,13.772,2.700431,3.3e-05,-0.001092,-0.002042,5.9e-05
17242.520553,13.772,2.613796,3.8e-05,-0.001091,-0.002044,6.8e-05
17243.771183,13.772,2.606788,4e-05,-0.001088,-0.00205,7.1e-05
17246.286221,13.772,2.693635,3.5e-05,-0.001093,-0.002043,7.1e-05
17248.803557,13.772,2.669045,3.6e-05,-0.001093,-0.002041,7.4e-05
17250.066875,13.771,2.54435,4e-05,-0.001092,-0.002041,7.8e-05
17252.566864,13.771,2.59396,4.7e-05,-0.001088,-0.002042,8.5e-05
17253.816504,13.771,2.614151,4.6e-05,-0.001088,-0.002047,8.8e-05
17256.332368,13.771,2.519463,4.9e-05,-0.001085,-0.002046,9.5e-05
17258.849502,13.771,2.680085,4.9e-05,-0.001089,-0.002044,9.2e-05
17260.114485,13.771,2.491314,5e-05,-0.001088,-0.002048,9.6e-05
17262.631046,13.771,2.346581,5.1e-05,-0.00109,-0.002047,9.6e-05
17263.896097,13.771,2.469976,5.2e-05,-0.001089,-0.002051,0.000101
17266.427226,13.771,2.583461,5.5e-05,-0.001087,-0.002044,0.000107
17268.927996,13.771,2.370985,5.6e-05,-0.001087,-0.002043,0.00011
17270.192797,13.771,2.407687,5.9e-05,-0.001087,-0.002044,0.000112
17272.692943,13.771,3.023399,5.9e-05,-0.001089,-0.002048,0.000115
17273.943821,13.771,2.302882,6.2e-05,-0.001086,-0.002048,0.000118
17276.47488,13.771,2.250084,5.8e-05,-0.001092,-0.002047,0.000116
17277.740558999998,13.771,2.337207,5.9e-05,-0.001092,-0.002049,0.00012
17280.270465,13.771,2.314256,6e-05,-0.001094,-0.002041,0.000121
17282.771033,13.771,2.204697,6.1e-05,-0.001094,-0.002041,0.000122
17284.021144,13.771,2.156287,6.4e-05,-0.001093,-0.002046,0.000124
17286.518902,13.771,1.120463,6.4e-05,-0.001098,-0.002042,0.000127
17287.771519,13.771,2.097377,6.2e-05,-0.001099,-0.00204,0.000126
17290.285953,13.771,2.210385,6.2e-05,-0.0011,-0.002041,0.00013
17292.786071,13.771,1.821181,5.7e-05,-0.001106,-0.002043,0.000125
17294.052742,13.771,2.894417,4.8e-05,-0.001113,-0.002044,0.000117
17296.567096,13.771,2.079276,4.6e-05,-0.001118,-0.002058,0.000116
17297.817785,13.771,2.228237,4.5e-05,-0.001119,-0.002059,0.000113
17300.318915,13.771,2.005108,4.9e-05,-0.001119,-0.002062,0.000118
17302.817858,13.771,1.7295,4.8e-05,-0.00112,-0.002055,0.000121
17304.06719,13.771,1.916134,4.4e-05,-0.001124,-0.002059,0.000119
17306.5832,13.771,1.787482,3.6e-05,-0.001131,-0.002053,0.000112
17307.833534,13.771,1.879066,3.9e-05,-0.00113,-0.002062,0.000116
17310.34839,13.771,1.855262,4.1e-05,-0.001132,-0.002057,0.000116
17312.865514,13.771,1.835107,3.8e-05,-0.001137,-0.002063,0.000115
17314.130158,13.771,1.727304,4.6e-05,-0.001127,-0.00207,0.000122
17316.66114,13.771,1.758409,5.2e-05,-0.001121,-0.002072,0.000137
17317.910979,13.771,1.721474,6e-05,-0.001113,-0.002074,0.000146
17320.413177,13.771,1.659137,5.9e-05,-0.001118,-0.002075,0.000143
17322.928008,13.771,1.886122,6.7e-05,-0.001119,-0.002071,0.000153
17324.19272,13.771,1.63086,6.4e-05,-0.001123,-0.002076,0.000142
17326.693444,13.771,1.662548,3.9e-05,-0.001147,-0.002078,0.000117
17327.943828,13.771,1.333193,2.8e-05,-0.001153,-0.002068,0.000114
17330.458687,13.771,1.610488,2.2e-05,-0.001161,-0.002075,0.000113
17331.724506,13.771,1.689929,2.4e-05,-0.001159,-0.002071,0.000117
17334.239732,13.771,1.594461,4.7e-05,-0.001143,-0.002072,0.000138
17336.741047,13.771,1.652776,5.8e-05,-0.00113,-0.002077,0.000152
17338.005559,13.771,1.584174,4.8e-05,-0.001139,-0.002081,0.000148
17340.50592,13.771,1.505996,4.6e-05,-0.001138,-0.002081,0.000151
17341.771165,13.771,1.467241,4.7e-05,-0.001139,-0.002085,0.00015
17344.271168,13.771,1.492881,3.5e-05,-0.001157,-0.002089,0.00013
17346.771065,13.771,1.40874,4.4e-05,-0.001153,-0.002093,0.000141
17348.021288,13.771,1.350621,4.4e-05,-0.001149,-0.002089,0.000147
17350.536796,13.771,1.416963,5.2e-05,-0.001141,-0.002091,0.000157
17351.787718,13.771,1.314471,5.4e-05,-0.001145,-0.002082,0.000155
17354.302474,13.771,1.346201,5.5e-05,-0.001145,-0.002085,0.000158
17356.818412,13.771,1.21983,5.4e-05,-0.001145,-0.002094,0.000157
17358.083893,13.771,1.290496,5.3e-05,-0.001147,-0.002089,0.000158
17360.614456,13.771,1.21339,5.9e-05,-0.001143,-0.002092,0.000163
17361.880707,13.771,1.360716,5.9e-05,-0.001146,-0.002085,0.000159
17364.396139,13.771,1.299292,5.3e-05,-0.001154,-0.002092,0.00016
17366.927061,13.771,1.438391,4.2e-05,-0.001164,-0.002082,0.000145
17368.177043,13.771,1.214934,4.6e-05,-0.001162,-0.002092,0.00015
17370.693196,13.771,1.196243,5e-05,-0.001157,-0.002088,0.000165
17371.943258,13.771,-0.193339,5.3e-05,-0.001157,-0.002088,0.000167
17374.460188,13.771,1.018226,6.2e-05,-0.001142,-0.002084,0.00018
17375.70808,13.771,1.080854,6.3e-05,-0.001143,-0.002088,0.000184
17378.209138,13.771,0.832971,6e-05,-0.00115,-0.002086,0.000178
17380.724116999998,13.771,1.084732,6e-05,-0.001144,-0.002098,0.000186
17381.974666,13.771,1.074451,5.7e-05,-0.001146,-0.002094,0.000183
17384.489237,13.771,-0.447657,5.3e-05,-0.001154,-0.002084,0.000177
17385.740852,13.771,1.158475,5.4e-05,-0.001151,-0.002091,0.000176
17388.271413,13.771,1.272596,4.6e-05,-0.001153,-0.002085,0.000165
17390.771615999998,13.771,1.215077,5e-05,-0.001153,-0.002084,0.00017
17392.020702,13.771,1.502303,5.3e-05,-0.001148,-0.002091,0.000171
17394.521955,13.771,1.180869,6.5e-05,-0.001137,-0.002092,0.000172
17395.786309,13.771,1.341252,6.9e-05,-0.001134,-0.002086,0.00018
17398.287175,13.771,1.304805,6.5e-05,-0.001129,-0.002087,0.000182
17400.817959,13.771,1.417191,5.7e-05,-0.001133,-0.00209,0.000171
17402.083321,13.771,1.34549,5.4e-05,-0.001135,-0.002089,0.000167
17404.615628,13.771,1.305478,4.6e-05,-0.001143,-0.002086,0.00015
17405.864583,13.771,1.409557,4.2e-05,-0.001145,-0.002087,0.000146
17408.39578,13.771,1.558762,3.2e-05,-0.001153,-0.002084,0.000135
17410.911033,13.771,1.485273,2.9e-05,-0.001154,-0.002083,0.000132
17412.161546,13.771,1.578752,2.9e-05,-0.001155,-0.00209,0.000131
17414.661121,13.771,0.96043,2.9e-05,-0.001151,-0.002091,0.000135
17415.911106,13.771,1.616573,3.3e-05,-0.001147,-0.002083,0.000139
17418.427215,13.771,1.987824,3.9e-05,-0.001139,-0.002083,0.000141
17419.693565,13.771,1.628165,3.9e-05,-0.001139,-0.002077,0.000139
17422.209028999998,13.771,1.630324,4.3e-05,-0.001135,-0.002075,0.000139
17424.740994,13.771,1.660612,4.6e-05,-0.00113,-0.002073,0.000143
17426.00625,13.771,1.722407,4.6e-05,-0.001129,-0.002073,0.000141
17428.520919,13.771,1.750589,4.5e-05,-0.001126,-0.002071,0.00014
17429.771233,13.771,1.736557,4.5e-05,-0.001126,-0.002065,0.000139
17432.271911,13.771,1.307706,4.9e-05,-0.001119,-0.00206,0.000139
17434.771917,13.771,1.607734,5e-05,-0.001117,-0.002057,0.000138
17436.035567,13.771,1.638335,4.8e-05,-0.001116,-0.002059,0.000135
17438.551819,13.771,1.962857,4.1e-05,-0.001122,-0.002059,0.000126
17439.802582,13.771,2.795559,4.5e-05,-0.001119,-0.002065,0.000127
17442.31891,13.771,1.914187,4.4e-05,-0.001117,-0.002059,0.000126
17444.81891,13.771,1.708667,4e-05,-0.00112,-0.002062,0.000124
17446.068292,13.771,1.907025,3.9e-05,-0.00112,-0.002059,0.000124
17448.5689,13.771,0.332841,3.5e-05,-0.00112,-0.002054,0.00012
17449.816422,13.771,2.057057,3.3e-05,-0.00112,-0.002051,0.000118
17452.333834,13.771,2.255474,3.1e-05,-0.001121,-0.002056,0.000112
17454.832951,13.771,1.967553,3.1e-05,-0.001119,-0.002057,0.000109
17456.099694,13.771,2.732231,3e-05,-0.001117,-0.002062,0.000105
17458.614358,13.771,2.071668,2.9e-05,-0.001117,-0.00206,0.000106
17459.864673,13.771,2.066278,3.1e-05,-0.001116,-0.002066,0.000106
17462.396081,13.771,2.330453,3.3e-05,-0.001113,-0.002061,0.000102
17464.926647,13.771,2.164781,2.9e-05,-0.001109,-0.002066,0.000102
17466.192462,13.771,2.59362,2.8e-05,-0.001111,-0.002061,9.9e-05
17468.693658,13.771,2.294022,2.9e-05,-0.001111,-0.002058,9.6e-05
17469.959533,13.771,2.409087,3e-05,-0.00111,-0.00206,0.0001
17472.489519,13.771,2.330098,3.1e-05,-0.001106,-0.002064,0.000103
17473.740831,13.771,2.183269,3.3e-05,-0.001106,-0.002064,0.000103
17476.270866,13.772,2.377829,2.5e-05,-0.001109,-0.002064,9.4e-05
17478.771176,13.772,2.78696,1.9e-05,-0.00111,-0.002063,8.7e-05
17480.021274,13.772,2.41009,1.6e-05,-0.001111,-0.002061,8.5e-05
17482.520888,13.772,2.529374,1.7e-05,-0.001109,-0.002061,8.6e-05
17483.786693,13.772,2.431539,1.8e-05,-0.001108,-0.002063,8.7e-05
17486.303173,13.772,2.541008,1.7e-05,-0.001107,-0.002062,8.6e-05
17488.817174,13.772,2.506465,1.8e-05,-0.001106,-0.00205,8.2e-05
17490.067367,13.772,2.692611,1.8e-05,-0.001104,-0.002057,8.2e-05
17492.568816,13.772,1.563404,1.8e-05,-0.001101,-0.00205,8.2e-05
17493.817954,13.772,2.600963,1.9e-05,-0.0011,-0.002046,7.9e-05
17496.332991,13.772,2.660021,1.5e-05,-0.001101,-0.002051,7.3e-05
17498.833534999998,13.772,2.514577,1e-05,-0.001102,-0.002056,6.7e-05
17500.083468,13.772,3.017091,1e-05,-0.001101,-0.002049,6.6e-05
17502.583039999998,13.772,2.640174,8e-06,-0.001102,-0.002049,6.2e-05
17503.833409,13.772,2.561948,8e-06,-0.0011,-0.002057,6.4e-05
17506.349488,13.772,2.6734,9e-06,-0.001097,-0.002054,6.4e-05
17508.880931,13.772,2.729143,5e-06,-0.001097,-0.00205,6e-05
17510.146155,13.772,2.82747,8e-06,-0.001093,-0.002052,6.1e-05
17512.677093,13.772,3.146253,1.1e-05,-0.00109,-0.002052,6.2e-05
17513.927875,13.772,2.704028,6e-06,-0.001093,-0.00205,5.7e-05
17516.442183,13.772,2.602926,7e-06,-0.00109,-0.002047,5.6e-05
17518.943562,13.772,3.021356,4e-06,-0.001091,-0.002046,5.3e-05
17520.19354,13.772,2.856676,4e-06,-0.001088,-0.002049,5.5e-05
17522.707143,13.772,3.08077,-1e-06,-0.001091,-0.002045,4.4e-05
17523.958033,13.772,3.104776,-2e-06,-0.001091,-0.002051,4.4e-05
17526.474292,13.772,3.047739,-2e-06,-0.001092,-0.002053,3.8e-05
17527.740383,13.772,3.004523,-5e-06,-0.001093,-0.002052,3.3e-05
17530.271036,13.772,3.909864,-1.3e-05,-0.001097,-0.002046,2.3e-05
17532.771208,13.772,3.195655,-1.1e-05,-0.001093,-0.002045,2.6e-05
17534.021807,13.772,4.142367,-9e-06,-0.001091,-0.002051,2.7e-05
17536.553573999998,13.772,3.153563,-1.2e-05,-0.001091,-0.002047,2.6e-05
17537.81788,13.772,3.168699,-1.2e-05,-0.001088,-0.002052,2.7e-05
17540.317139,13.772,3.318201,-1.1e-05,-0.001086,-0.002052,2.6e-05
17542.81866,13.772,3.285908,-1.2e-05,-0.001085,-0.002053,2.3e-05
17544.068002,13.772,3.237195,-9e-06,-0.001083,-0.00205,2.3e-05
17546.583512999998,13.772,3.566577,-1e-05,-0.001084,-0.002051,1.9e-05
17547.833448999998,13.772,3.45175,-1.4e-05,-0.001083,-0.002043,1.6e-05
17550.350003,13.772,3.253159,-1.9e-05,-0.001088,-0.002043,9e-06
17552.865779,13.772,3.639837,-1.9e-05,-0.001087,-0.00205,4e-06
17554.114461999998,13.772,3.591517,-1.9e-05,-0.001085,-0.002046,1e-06
17556.614132,13.772,3.436079,-1.8e-05,-0.00108,-0.002045,2e-06
17557.865878,13.772,3.332859,-1.9e-05,-0.00108,-0.002046,1e-06
17560.381353,13.772,2.974585,-2.2e-05,-0.001081,-0.002046,-4e-06
17562.895809,13.772,3.501556,-2.4e-05,-0.001082,-0.002046,-1e-05
17564.161039,13.772,3.503365,-2.4e-05,-0.001083,-0.002048,-9e-06
17566.677132,13.772,3.471677,-2.6e-05,-0.001083,-0.002044,-1.4e-05
17567.927335,13.772,3.736329,-2.9e-05,-0.001081,-0.002048,-1.8e-05
17570.443744,13.772,3.540947,-3e-05,-0.001083,-0.00205,-2.4e-05
17571.707765,13.772,3.519997,-2.9e-05,-0.00108,-0.002049,-2.2e-05
17574.208547,13.772,3.50892,-3e-05,-0.001076,-0.002047,-2.3e-05
17576.709156,13.772,3.928576,-3.1e-05,-0.001077,-0.002042,-2.7e-05
17577.974363,13.772,3.903997,-3.2e-05,-0.001077,-0.002039,-2.9e-05
17580.490622999998,13.772,4.075091,-3.3e-05,-0.001077,-0.002038,-3.5e-05
17581.756128,13.772,3.60634,-3.6e-05,-0.001079,-0.002042,-3.8e-05
17584.271777,13.772,3.678953,-4e-05,-0.001078,-0.00204,-4e-05
17586.801635,13.772,3.771551,-4.4e-05,-0.001079,-0.002047,-4.7e-05
17588.052875,13.772,4.026389,-4.4e-05,-0.001077,-0.002041,-5.1e-05
17590.568781,13.772,4.013311,-4.2e-05,-0.001077,-0.00205,-5.4e-05
17591.817135,13.772,4.218312,-4.3e-05,-0.001076,-0.00205,-5.3e-05
17594.333011,13.772,3.947431,-4.7e-05,-0.001075,-0.002042,-5.6e-05
17596.848645,13.772,3.826948,-4.9e-05,-0.001077,-0.002036,-6.1e-05
17598.11511,13.772,4.083834,-5.1e-05,-0.001078,-0.002042,-6.4e-05
17600.614353,13.772,4.054814,-5e-05,-0.001073,-0.002047,-6.4e-05
17601.864251,13.772,3.901333,-5e-05,-0.001072,-0.00204,-6.6e-05
17604.39609,13.772,3.953298,-5.2e-05,-0.001072,-0.002047,-6.9e-05
17606.926386,13.772,3.947516,-5.3e-05,-0.001074,-0.00204,-7.3e-05
17608.178114,13.772,3.999252,-5.3e-05,-0.001072,-0.002046,-7.4e-05
17610.693357,13.772,3.973649,-5.3e-05,-0.00107,-0.002047,-7.7e-05
17611.943742,13.772,4.23549,-5.5e-05,-0.001071,-0.002041,-8e-05
17614.458513999998,13.772,4.418044,-5.9e-05,-0.001072,-0.002044,-8.6e-05
17615.708103,13.772,4.398069,-6e-05,-0.001072,-0.002047,-8.8e-05
17618.223735,13.772,4.501649,-5.9e-05,-0.001069,-0.002042,-9.1e-05
17620.724169,13.772,4.569275,-5.7e-05,-0.001067,-0.002042,-9.3e-05
17621.990547,13.772,4.545046,-5.5e-05,-0.001064,-0.002047,-9.1e-05
17624.506369,13.772,4.292214,-6.1e-05,-0.001064,-0.002042,-9.8e-05
17625.770741,13.772,4.411768,-6.3e-05,-0.001063,-0.002043,-9.8e-05
17628.286903,13.772,4.3442,-6.2e-05,-0.001063,-0.002042,-0.000103
17630.804097,13.772,4.436305,-6.6e-05,-0.001064,-0.002042,-0.000109
17632.053135,13.772,4.762583,-6.5e-05,-0.001063,-0.002044,-0.000109
17634.582717999998,13.772,4.526361,-7.2e-05,-0.001065,-0.00204,-0.000117
17635.833738,13.772,4.459271,-7.2e-05,-0.001065,-0.002037,-0.000118
17638.348764,13.772,4.555635,-6.8e-05,-0.00106,-0.002039,-0.000114
17640.865675,13.772,4.926908,-6.8e-05,-0.001058,-0.002032,-0.000118
17642.115874,13.772,4.739463,-6.4e-05,-0.001055,-0.002042,-0.000118
17644.615594,13.772,4.917655,-6.4e-05,-0.001055,-0.002037,-0.000126
17645.881512,13.772,4.819445,-6.6e-05,-0.001054,-0.00204,-0.000125
17648.380744,13.772,4.790016,-7.4e-05,-0.001055,-0.002041,-0.00013
17650.896295,13.772,5.235344,-7.7e-05,-0.001057,-0.002037,-0.000136
17652.161367,13.772,4.717902,-7.8e-05,-0.001055,-0.00204,-0.000135
17654.661479,13.772,5.085811,-7.6e-05,-0.001052,-0.002045,-0.000138
17655.912045,13.772,4.857764,-7.5e-05,-0.001051,-0.002042,-0.000138
17658.426869,13.772,4.915273,-7.5e-05,-0.001048,-0.002047,-0.00014
17660.943882,13.772,5.043699,-7.5e-05,-0.001048,-0.002049,-0.000145
17662.209457,13.772,4.904636,-7.6e-05,-0.001049,-0.002044,-0.000147
17664.723612,13.772,5.159396,-8e-05,-0.001048,-0.002049,-0.00015
17665.973466,13.772,5.302132,-8.5e-05,-0.001052,-0.002045,-0.000159
17668.474357,13.772,5.01018,-8.9e-05,-0.001053,-0.002044,-0.000166
17669.740973,13.772,5.610337,-8.7e-05,-0.001052,-0.002047,-0.000165
17672.271764,13.772,5.685556,-9e-05,-0.001054,-0.002042,-0.000168
17674.771114,13.772,5.276634,-0.0001,-0.001061,-0.002044,-0.000181
17676.020979,13.772,5.620643,-9.9e-05,-0.00106,-0.002047,-0.000182
17678.536907,13.772,5.569116,-0.000103,-0.00106,-0.002039,-0.000188
17679.785017,13.772,5.123486,-0.000105,-0.001058,-0.002039,-0.000189
17682.287853,13.772,5.402318,-0.000114,-0.001061,-0.002043,-0.000201
17684.801515,13.772,5.538253,-0.000125,-0.001075,-0.002055,-0.000214
17686.0522,13.772,5.441467,-0.000124,-0.001073,-0.00205,-0.000216
17688.552755,13.772,5.804122,-0.000128,-0.001074,-0.00205,-0.00023
17689.819013,13.772,5.658943,-0.00014,-0.001086,-0.002051,-0.000242
17692.333078,13.772,5.342398,-0.000144,-0.001085,-0.002052,-0.000245
17694.849976999998,13.772,5.299848,-0.000147,-0.001084,-0.002056,-0.00025
17696.115015,13.772,5.464841,-0.000142,-0.00108,-0.002057,-0.000245
17698.646112,13.772,5.310259,-0.000143,-0.001081,-0.002062,-0.000249
17699.895831,13.772,5.314456,-0.000143,-0.001079,-0.002058,-0.000249
17702.412889,13.772,5.8829,-0.000149,-0.001083,-0.002057,-0.000256
17704.927862,13.772,5.909992,-0.00015,-0.001081,-0.002074,-0.00026
17706.192708,13.772,6.372939,-0.000153,-0.001082,-0.002073,-0.000267
17708.70886,13.772,5.583937,-0.000153,-0.001083,-0.002072,-0.00028
17709.974353999998,13.772,5.828664,-0.00016,-0.001089,-0.002073,-0.000285
17712.491095999998,13.772,5.774215,-0.000165,-0.001088,-0.002068,-0.000288
17713.739605,13.772,6.266324,-0.000173,-0.001093,-0.002066,-0.000293
17716.270709,13.772,5.978305,-0.000168,-0.00109,-0.002066,-0.000296
17718.771069,13.772,5.694269,-0.000192,-0.001107,-0.002067,-0.000322
17720.022362,13.772,6.029938,-0.000198,-0.001112,-0.002083,-0.000325
17722.535614,13.772,5.800776,-0.000192,-0.001105,-0.002079,-0.000319
17723.787306,13.772,5.614906,-0.000199,-0.001106,-0.002072,-0.000327
17726.303197,13.772,6.142076,-0.000198,-0.001107,-0.002078,-0.000331
17728.833056,13.772,6.554771,-0.000201,-0.001107,-0.002084,-0.000338
17730.083883,13.772,5.845237,-0.0002,-0.001106,-0.002081,-0.000338
17732.614157,13.772,6.68736,-0.000186,-0.001091,-0.002076,-0.000329
17733.85006,13.772,5.818624,-0.000189,-0.001091,-0.002075,-0.000332
17736.364332999998,13.772,6.291558,-0.000193,-0.001095,-0.002072,-0.000345
17738.865976,13.772,6.223456,-0.000218,-0.001112,-0.002074,-0.000364
17740.113894,13.772,5.973312,-0.00022,-0.001114,-0.002079,-0.000367
17742.614985,13.772,6.131982,-0.000218,-0.001111,-0.002084,-0.000367
17743.865098,13.772,6.498675,-0.00022,-0.001111,-0.002086,-0.00037
17746.396206999998,13.772,6.199977,-0.000224,-0.001113,-0.002085,-0.000373
17748.911363,13.772,6.593336,-0.000231,-0.001115,-0.002091,-0.000387
17750.161704,13.772,6.682048,-0.000233,-0.001117,-0.002091,-0.000385
17752.677102,13.772,6.15169,-0.000228,-0.001111,-0.002088,-0.000379
17753.927559,13.772,6.658516,-0.000221,-0.001105,-0.002084,-0.000375
17756.442873,13.772,6.393391,-0.000231,-0.001113,-0.002082,-0.000392
17758.958229,13.772,6.461385,-0.000233,-0.001113,-0.002086,-0.000396
17760.208519,13.772,6.601995,-0.000247,-0.001123,-0.002079,-0.000412
17762.723568,13.772,6.491876,-0.000234,-0.001109,-0.00208,-0.000398
17763.989526,13.772,6.336764,-0.000222,-0.001099,-0.002089,-0.000391
17766.506564,13.772,6.722366,-0.000229,-0.001102,-0.002089,-0.0004
17767.770623,13.772,6.259366,-0.000236,-0.001108,-0.002091,-0.000405
17770.271872,13.772,7.341807,-0.000239,-0.001105,-0.002089,-0.000405
17772.785635,13.772,6.778674,-0.000232,-0.001095,-0.002089,-0.000401
17774.036447,13.772,6.60821,-0.000228,-0.001092,-0.002085,-0.000401
17776.553137,13.772,7.404436,-0.000216,-0.00108,-0.002087,-0.000394
17777.817763,13.772,7.011821,-0.000214,-0.001076,-0.002087,-0.000392
17780.33379,13.772,7.013787,-0.000214,-0.001074,-0.002087,-0.000397
17782.86423,13.772,7.14271,-0.000209,-0.001068,-0.002094,-0.000395
17784.130507,13.772,6.666005,-0.000211,-0.00107,-0.002087,-0.000399
17786.646327,13.772,7.008316,-0.000212,-0.001067,-0.002087,-0.000398
17787.911199,13.772,7.011397,-0.000215,-0.001071,-0.002089,-0.000406
17790.428024,13.772,6.975859,-0.00022,-0.001069,-0.002087,-0.000405
17792.943429,13.772,6.955142,-0.000224,-0.001071,-0.002086,-0.00041
17794.193321,13.772,7.751739,-0.000234,-0.001078,-0.002083,-0.000428
17796.692842,13.772,7.115406,-0.000251,-0.001094,-0.002087,-0.000449
17797.943001,13.772,7.14186,-0.000253,-0.001093,-0.002086,-0.00045
17800.457712,13.772,7.072326,-0.000256,-0.001091,-0.002089,-0.000452
17802.959599,13.772,7.328048,-0.000253,-0.001086,-0.002086,-0.000447
17804.208973,13.772,7.851659,-0.000252,-0.001084,-0.002083,-0.000448
17806.723211,13.772,7.090228,-0.000247,-0.001078,-0.00207,-0.000446
17807.97356,13.772,7.749507,-0.000248,-0.001075,-0.002074,-0.000449
17810.507098,13.772,7.250811,-0.000251,-0.001075,-0.002069,-0.000452
17811.756257,13.772,7.223401,-0.000246,-0.001072,-0.002068,-0.00045
17814.28619,13.772,7.546587,-0.000246,-0.001068,-0.00207,-0.000449
17816.81769,13.772,6.715885,-0.000247,-0.001065,-0.002061,-0.000452
17818.067469,13.772,7.85543,-0.000246,-0.001065,-0.002065,-0.000451
17820.582856,13.772,6.364227,-0.000245,-0.001062,-0.002062,-0.000455
17821.848969,13.772,7.572563,-0.000247,-0.001059,-0.002062,-0.00046
17824.365964,13.772,8.207355,-0.000246,-0.001058,-0.002057,-0.000461
17826.881462999998,13.772,7.24024,-0.000251,-0.001058,-0.002059,-0.000465
17828.131237,13.772,8.32199,-0.000253,-0.001061,-0.002055,-0.000469
17830.631642,13.772,7.88571,-0.000254,-0.00106,-0.002057,-0.000473
17831.89619,13.772,7.554024,-0.000258,-0.001059,-0.00206,-0.000472
17834.410839,13.772,7.639867,-0.000256,-0.001056,-0.002059,-0.000473
17836.926961999998,13.772,7.853411,-0.000256,-0.001053,-0.00206,-0.000476
17838.176816,13.772,7.620106,-0.000254,-0.001049,-0.002065,-0.000473
17840.692827,13.772,7.789667,-0.000251,-0.001045,-0.002065,-0.000474
17841.958324,13.772,7.711048,-0.000251,-0.001044,-0.002067,-0.000475
17844.458571,13.772,7.651712,-0.000254,-0.001045,-0.002066,-0.000481
17845.72509,13.772,8.061539,-0.000259,-0.001046,-0.002056,-0.000482
17848.256084,13.772,7.806931,-0.000264,-0.001048,-0.002062,-0.000486
17850.771324,13.772,8.192163,-0.000264,-0.001047,-0.002056,-0.000491
17852.021098,13.772,8.803368,-0.000264,-0.001047,-0.002058,-0.000492
17854.536297,13.772,8.019786,-0.000263,-0.001046,-0.00206,-0.000494
17855.80002,13.772,8.445761,-0.000262,-0.001045,-0.002059,-0.000494
17858.318428,13.772,8.950992,-0.000261,-0.001043,-0.002059,-0.000492
17860.833842,13.772,7.929268,-0.000261,-0.001042,-0.002056,-0.000489
17862.098464,13.772,8.317102,-0.000258,-0.001041,-0.002058,-0.000488
17864.614341,13.772,8.207621,-0.000256,-0.00104,-0.002059,-0.000488
17865.880759,13.772,7.68555,-0.000262,-0.001044,-0.002055,-0.000491
17868.396625,13.772,9.051284,-0.000263,-0.001045,-0.002058,-0.000491
17870.927869,13.772,7.95636,-0.000261,-0.001045,-0.002051,-0.00049
17872.193642,13.772,7.919601,-0.00026,-0.001045,-0.002057,-0.000488
17874.709621,13.772,7.275565,-0.000257,-0.001042,-0.002056,-0.000486
17875.973879999998,13.772,7.981008,-0.000257,-0.001039,-0.002058,-0.000486
17878.475065,13.772,7.898087,-0.000256,-0.001039,-0.002058,-0.000487
17879.73937,13.772,8.064142,-0.000256,-0.00104,-0.00205,-0.000488
17882.25446,13.772,7.900265,-0.000252,-0.001037,-0.002058,-0.000484
17884.756559,13.772,8.413835,-0.000252,-0.001036,-0.002054,-0.000482
17886.02102,13.772,8.044221,-0.000251,-0.001036,-0.002049,-0.000482
17888.536948,13.772,7.934315,-0.000252,-0.001036,-0.002051,-0.000481
17889.802841,13.772,8.139414,-0.000253,-0.001036,-0.002049,-0.000482
17892.318322,13.772,8.495482,-0.000253,-0.001036,-0.002045,-0.000482
17894.834218,13.772,8.066638,-0.000253,-0.001037,-0.002048,-0.000481
17896.099717999998,13.772,8.930275,-0.000253,-0.001039,-0.002046,-0.000482
17898.614438,13.772,8.225628,-0.000251,-0.001037,-0.00205,-0.000479
17899.864584,13.772,8.320077,-0.000254,-0.001038,-0.002051,-0.000481
17902.380635,13.772,7.518752,-0.000255,-0.001039,-0.002048,-0.000483
17904.911985,13.772,8.829982,-0.000255,-0.001039,-0.002055,-0.000483
17906.161692,13.772,8.213942,-0.000257,-0.00104,-0.002052,-0.000485
17908.677066,13.772,7.623028,-0.000255,-0.001038,-0.00205,-0.000483
17909.927318000002,13.772,8.087993,-0.000253,-0.001037,-0.002056,-0.000482
17912.442844,13.772,8.375004,-0.000252,-0.001036,-0.002055,-0.000477
17914.943544,13.772,8.206665,-0.00025,-0.001035,-0.002055,-0.000476
17916.192782,13.772,7.730225,-0.000253,-0.001035,-0.002055,-0.000477
17918.723926,13.772,8.093252,-0.000247,-0.001032,-0.002059,-0.000472
17919.988839999998,13.772,8.291126,-0.000248,-0.001033,-0.002062,-0.000474
17922.505718,13.772,8.431897,-0.000252,-0.001033,-0.002058,-0.000474
17923.7712,13.772,8.20268,-0.000252,-0.001034,-0.002056,-0.000474
17926.270916,13.772,8.223663,-0.000251,-0.001032,-0.002052,-0.000474
17928.77114,13.772,8.134899,-0.000249,-0.001034,-0.002048,-0.000473
17930.021197000002,13.772,8.034182,-0.000247,-0.00103,-0.002051,-0.000469
17932.521529999998,13.772,8.642254,-0.000246,-0.001031,-0.002057,-0.000471
17933.786551,13.772,7.91142,-0.000245,-0.001028,-0.002054,-0.000472
17936.302439,13.772,8.175801,-0.000247,-0.001029,-0.002055,-0.000473
17938.817851,13.772,8.299413,-0.000249,-0.001034,-0.00205,-0.000477
17940.066974,13.772,8.114872,-0.000248,-0.001031,-0.002056,-0.000476
17942.568911,13.772,7.88162,-0.000247,-0.001029,-0.002056,-0.000474
17943.833446,13.772,7.963531,-0.00025,-0.001033,-0.00205,-0.000476
17946.350019999998,13.772,8.067223,-0.000247,-0.001032,-0.002051,-0.000474
17948.864661,13.772,7.860796,-0.000245,-0.001032,-0.002052,-0.000472
17950.115906,13.772,8.241246,-0.000245,-0.00103,-0.002053,-0.000469
17952.63119,13.772,8.198377,-0.000245,-0.001029,-0.002051,-0.000472
17953.880904999998,13.772,7.527038,-0.000244,-0.001028,-0.002045,-0.000471
17956.381027,13.772,7.684648,-0.000246,-0.001033,-0.002044,-0.000477
17958.895846,13.772,8.323955,-0.000241,-0.001026,-0.002044,-0.000471
17960.16358,13.772,8.016068,-0.00024,-0.001025,-0.002041,-0.000466
17962.69282,13.772,8.098617,-0.000239,-0.001026,-0.002048,-0.000462
17963.942798,13.772,8.272215,-0.000237,-0.001024,-0.002042,-0.000464
17966.443714,13.772,7.713279,-0.000234,-0.001021,-0.002044,-0.000461
17968.957859000002,13.772,8.143079,-0.000233,-0.00102,-0.002054,-0.00046
17970.207632999998,13.772,7.892828,-0.000236,-0.00102,-0.002052,-0.000463
17972.719134,13.772,8.971337,-0.000236,-0.001022,-0.00205,-0.000465
17973.958695,13.772,7.871101,-0.000238,-0.001024,-0.002055,-0.000466
17976.473865,13.772,8.735587,-0.000245,-0.001026,-0.002055,-0.00047
17977.739353,13.772,7.853411,-0.000244,-0.001028,-0.002049,-0.000468
17980.255968999998,13.772,8.545946,-0.000244,-0.001026,-0.002051,-0.000467
17982.77189,13.772,9.130593,-0.000243,-0.001025,-0.002051,-0.000467
17984.037131,13.772,8.318749,-0.000244,-0.001026,-0.002053,-0.000469
17986.535315,13.772,8.355402,-0.000243,-0.001027,-0.002052,-0.000469
17987.786431,13.772,8.016174,-0.000246,-0.00103,-0.002045,-0.000471
17990.286508999998,13.772,8.000184,-0.000245,-0.001031,-0.002044,-0.00047
17992.816785,13.772,7.730968,-0.000248,-0.001029,-0.002052,-0.000471
17994.066864,13.772,7.724859,-0.000248,-0.001033,-0.002046,-0.000473
17996.564455,13.772,8.126878,-0.000248,-0.00103,-0.002049,-0.000473
17997.802727,13.772,7.816387,-0.00025,-0.001031,-0.002048,-0.000474
18000.317151,13.772,7.960663,-0.000248,-0.00103,-0.002044,-0.000472
18002.832824999998,13.772,8.231897,-0.000249,-0.001031,-0.002046,-0.000473
18004.083662,13.772,9.067645,-0.000249,-0.00103,-0.002042,-0.000471
18006.597948,13.772,8.237528,-0.000246,-0.001029,-0.002045,-0.00047
18007.848299999998,13.772,8.623449,-0.000244,-0.001029,-0.002041,-0.00047
18010.363026,13.772,9.028495,-0.000242,-0.001027,-0.002042,-0.000465
18012.88104,13.772,7.973837,-0.000242,-0.001026,-0.002045,-0.000465
18014.146682,13.772,8.360714,-0.00024,-0.001026,-0.002044,-0.000464
18016.645791,13.772,8.080716,-0.00024,-0.001024,-0.002047,-0.000465
18017.913016,13.772,8.097821,-0.000238,-0.001023,-0.002045,-0.000462
18020.411658999998,13.772,7.912111,-0.000239,-0.00102,-0.00205,-0.000459
18022.927008,13.772,8.711842,-0.000239,-0.001023,-0.002046,-0.000462
18024.176988,13.772,7.948977,-0.00024,-0.001025,-0.002044,-0.000465
18026.69367,13.772,7.943558,-0.000242,-0.001027,-0.002043,-0.000467
18027.959957,13.772,7.913333,-0.000241,-0.001027,-0.002047,-0.000466
18030.460424,13.772,7.810543,-0.000242,-0.001025,-0.002044,-0.000466
18032.972655999998,13.772,7.819733,-0.000239,-0.001023,-0.002045,-0.000461
18034.223885,13.772,7.823505,-0.000239,-0.001023,-0.002043,-0.000463
18036.739990000002,13.772,7.739946,-0.000238,-0.001023,-0.002042,-0.000463
18038.006078,13.772,8.732452,-0.000239,-0.001022,-0.002047,-0.000463
18040.520847,13.772,8.375482,-0.00024,-0.001026,-0.002038,-0.000466
18041.771334,13.772,8.000609,-0.000241,-0.001025,-0.002044,-0.000464
18044.271325,13.772,8.021751,-0.000238,-0.001023,-0.002047,-0.000465
18046.786145,13.772,8.267594,-0.000237,-0.001019,-0.002048,-0.000456
18048.052734999997,13.772,8.312587,-0.000235,-0.001018,-0.002041,-0.000456
18050.567635,13.772,8.756941,-0.000231,-0.001016,-0.002035,-0.000451
18051.817516,13.772,8.190622,-0.000231,-0.001013,-0.002032,-0.00045
18054.318627,13.772,8.239705,-0.000231,-0.001011,-0.002038,-0.000448
18056.833717,13.772,8.744245,-0.000228,-0.001013,-0.002035,-0.00045
18058.099297,13.772,8.318749,-0.000233,-0.001015,-0.002038,-0.000454
18060.614302,13.772,7.842681,-0.000239,-0.001021,-0.002036,-0.00046
18061.864984,13.772,8.015536,-0.000237,-0.001018,-0.002043,-0.000459
18064.39387,13.772,8.04709,-0.000244,-0.001028,-0.002044,-0.000466
18066.896138,13.772,7.709083,-0.000241,-0.001028,-0.002039,-0.000464
18068.162793,13.772,7.936068,-0.000241,-0.001026,-0.002041,-0.000463
18070.692757,13.772,8.285814,-0.000252,-0.001035,-0.002047,-0.000478
18071.957891,13.772,8.497659,-0.000262,-0.001044,-0.002058,-0.00049
18074.474237,13.772,8.254632,-0.000278,-0.00106,-0.002065,-0.000505
18076.990693,13.772,8.091127,-0.000276,-0.00106,-0.002063,-0.000504
18078.255428,13.772,8.889212,-0.000274,-0.001057,-0.002065,-0.000501
18080.771233,13.772,8.060477,-0.000274,-0.001057,-0.002055,-0.000502
18082.020694,13.772,8.041141,-0.000274,-0.001057,-0.002057,-0.000503
18084.520774,13.772,8.434446,-0.000282,-0.001064,-0.002057,-0.00051
18085.77077,13.772,8.017183,-0.000284,-0.001064,-0.002059,-0.000513
18088.270963,13.772,8.402945,-0.000288,-0.001068,-0.002065,-0.000516
18090.771205999998,13.772,8.254314,-0.00029,-0.00107,-0.002065,-0.000519
18092.021668,13.772,8.101061,-0.000292,-0.001072,-0.002066,-0.000522
18094.521188,13.772,8.428921,-0.000299,-0.00108,-0.002074,-0.000528
18095.770864,13.772,7.682682,-0.000304,-0.001084,-0.002076,-0.000534
18098.270668999998,13.772,7.97543,-0.000298,-0.001078,-0.00208,-0.000522
18100.771322,13.772,8.149082,-0.00029,-0.001074,-0.002078,-0.000517
18102.021388,13.772,8.423557,-0.000296,-0.00108,-0.002077,-0.000527
18104.520545,13.772,8.332294,-0.000291,-0.001073,-0.002085,-0.000524
18105.771178,13.772,7.848578,-0.000294,-0.001076,-0.002085,-0.000525
18108.270576,13.772,8.164805,-0.000287,-0.001072,-0.002082,-0.000516
18110.770727,13.772,8.113278,-0.00028,-0.001069,-0.002089,-0.000514
18112.020969,13.772,7.819786,-0.000281,-0.001068,-0.002088,-0.000517
18114.50257,13.772,8.274021,-0.000278,-0.001061,-0.002085,-0.000507
18115.740396,13.772,8.167461,-0.000274,-0.001059,-0.002079,-0.000505
18118.270913,13.772,8.873966,-0.000286,-0.001067,-0.002088,-0.000513
18120.771126,13.772,8.091977,-0.0003,-0.001081,-0.002088,-0.000531
18122.02102,13.772,7.5485,-0.000296,-0.001079,-0.002084,-0.000527
18124.551296999998,13.772,8.234924,-0.000292,-0.001078,-0.002091,-0.000526
18125.802876,13.772,8.344193,-0.000294,-0.001079,-0.002093,-0.000521
18128.316783,13.772,7.974793,-0.000284,-0.001072,-0.002084,-0.000514
18130.817871,13.772,8.013518,-0.000299,-0.001082,-0.002081,-0.000529
18132.067747,13.772,8.186001,-0.000306,-0.001087,-0.002077,-0.000535
18134.582851,13.772,8.160025,-0.000317,-0.001097,-0.002086,-0.000546
18135.833172,13.772,7.517211,-0.000313,-0.001096,-0.002084,-0.000543
18138.348757,13.772,8.424406,-0.000307,-0.001092,-0.002081,-0.000538
18140.865648,13.772,8.550515,-0.000303,-0.001085,-0.002088,-0.000529
18142.131889,13.772,7.570863,-0.000295,-0.00108,-0.002093,-0.000521
18144.630587,13.772,8.092189,-0.000303,-0.001088,-0.002088,-0.000542
18145.88075,13.772,7.990995,-0.0003,-0.001084,-0.002091,-0.000536
18148.395689,13.772,8.265788,-0.000294,-0.001075,-0.002098,-0.000523
18150.912072,13.772,8.150676,-0.000286,-0.001069,-0.002097,-0.000509
18152.161422999998,13.772,8.205284,-0.000281,-0.001067,-0.002091,-0.000507
18154.662938,13.772,8.353012,-0.000285,-0.001065,-0.002086,-0.000508
18155.92705,13.772,8.254632,-0.000286,-0.001067,-0.002087,-0.000512
18158.443494,13.772,8.184247,-0.000289,-0.001071,-0.002092,-0.000514
18160.943431,13.772,8.060371,-0.000286,-0.001064,-0.002094,-0.000509
18162.192313,13.772,8.064195,-0.000282,-0.001062,-0.002098,-0.000503
18164.691602,13.772,8.500953,-0.000289,-0.001065,-0.002095,-0.000508
18165.942529,13.772,8.30345,-0.000288,-0.001069,-0.002089,-0.000509
18168.459,13.772,8.240927,-0.000292,-0.001073,-0.002088,-0.000517
18170.958267,13.772,8.32252,-0.000289,-0.00107,-0.002087,-0.000515
18172.207934,13.772,8.304672,-0.000287,-0.001069,-0.002095,-0.000511
18174.70889,13.772,7.781062,-0.000284,-0.001068,-0.002092,-0.000515
18175.974018,13.772,8.202946,-0.00028,-0.001071,-0.002086,-0.000513
18178.474324,13.772,7.981114,-0.000295,-0.001081,-0.002085,-0.000529
18180.989395,13.772,8.361192,-0.000299,-0.001082,-0.002091,-0.000529
18182.239641,13.772,7.909083,-0.000296,-0.00108,-0.00209,-0.000526
18184.755822,13.772,8.02818,-0.000293,-0.001075,-0.00209,-0.00052
18186.020945,13.772,8.805972,-0.000292,-0.001076,-0.002091,-0.00052
18188.521,13.772,7.843265,-0.000299,-0.001081,-0.002091,-0.000529
18189.771871,13.772,8.386796,-0.000303,-0.001085,-0.002084,-0.000526
18192.271165,13.772,7.448314,-0.000292,-0.001079,-0.002081,-0.000519
18194.771289,13.772,7.850649,-0.000294,-0.001075,-0.002082,-0.00052
18196.037289,13.772,8.462813,-0.000294,-0.001077,-0.00209,-0.000522
18198.552982,13.772,8.850274,-0.000294,-0.001078,-0.002085,-0.000525
18199.8178,13.772,7.795829,-0.000298,-0.001078,-0.002086,-0.000523
18202.333178,13.772,8.245283,-0.000297,-0.00108,-0.002081,-0.000525
18204.832747,13.772,8.311099,-0.000293,-0.001079,-0.002083,-0.000525
18206.098778,13.772,7.848524,-0.000299,-0.001081,-0.002086,-0.000529
18208.614933,13.772,8.466106,-0.000304,-0.001086,-0.002094,-0.000531
18209.866165,13.772,8.053199,-0.000302,-0.001083,-0.002093,-0.000528
18212.364485,13.772,7.964381,-0.000301,-0.001083,-0.002088,-0.000529
18214.880516,13.772,8.188922,-0.000303,-0.001086,-0.002094,-0.000535
18216.146635,13.772,7.932721,-0.000308,-0.001089,-0.002093,-0.000537
18218.677495,13.772,7.974049,-0.000301,-0.001084,-0.002094,-0.000527
18219.927254000002,13.772,8.524114,-0.0003,-0.001081,-0.002093,-0.000528
18222.443424999998,13.772,8.324858,-0.000299,-0.001081,-0.002088,-0.000527
18224.942799,13.772,8.169055,-0.000299,-0.001081,-0.002086,-0.000528
18226.177022,13.772,7.86834,-0.000303,-0.001086,-0.002082,-0.00053
18228.67775,13.772,8.470356,-0.000302,-0.001081,-0.002084,-0.000527
18229.927641,13.772,7.953917,-0.000301,-0.001081,-0.002089,-0.000526
18232.442982,13.772,8.732134,-0.0003,-0.00108,-0.002087,-0.000529
18234.958768,13.772,8.308709,-0.000301,-0.001081,-0.002082,-0.000527
18236.20857,13.772,7.971021,-0.000301,-0.001081,-0.00209,-0.000527
18238.708267,13.772,7.891075,-0.000298,-0.001079,-0.002091,-0.000523
18239.958766,13.772,7.981168,-0.000296,-0.001075,-0.002088,-0.000521
18242.474674999998,13.772,7.963744,-0.000299,-0.001081,-0.002082,-0.000528
18244.97378,13.772,8.663289,-0.000296,-0.00108,-0.002082,-0.000524
18246.238894000002,13.772,7.803478,-0.000296,-0.001078,-0.002089,-0.000525
18248.740867,13.772,8.089852,-0.000289,-0.001073,-0.002087,-0.000512
18250.004864,13.772,8.350196,-0.000286,-0.001069,-0.002084,-0.000513
18252.5057,13.772,7.581168,-0.000287,-0.001069,-0.002079,-0.000514
18253.770488000002,13.772,8.674498,-0.000285,-0.001068,-0.00208,-0.000511
18256.271222,13.772,8.096864,-0.000287,-0.001069,-0.002076,-0.000512
18258.771027,13.772,8.284008,-0.00029,-0.001071,-0.002079,-0.000516
18260.021351,13.772,8.973091,-0.000287,-0.00107,-0.002075,-0.000515
18262.52184,13.772,8.55997,-0.000286,-0.001068,-0.002072,-0.000514
18263.786365,13.772,8.378828,-0.000285,-0.00107,-0.002075,-0.000511
18266.287876,13.772,8.701218,-0.000284,-0.001067,-0.002068,-0.000511
18268.801733,13.772,7.923319,-0.000284,-0.001065,-0.002067,-0.000505
18270.051523000002,13.772,8.03466,-0.000281,-0.001063,-0.002069,-0.000503
18272.553222,13.772,8.36916,-0.000279,-0.001061,-0.002067,-0.000502
18273.817657,13.772,7.863876,-0.00028,-0.001063,-0.002065,-0.000504
18276.333318999998,13.772,8.199015,-0.000279,-0.001064,-0.002064,-0.000504
18278.833666,13.772,8.725228,-0.00028,-0.001065,-0.002062,-0.000507
18280.098285,13.772,7.768472,-0.000281,-0.001064,-0.002063,-0.000505
18282.599995,13.772,8.538456,-0.000276,-0.00106,-0.002067,-0.000499
18283.864497,13.772,8.116838,-0.000274,-0.001058,-0.002072,-0.000496
18286.380516,13.772,7.954873,-0.000271,-0.001053,-0.002069,-0.0005
18288.895478,13.772,8.343557,-0.000274,-0.001057,-0.002067,-0.000501
18290.146004000002,13.772,8.684113,-0.000275,-0.001058,-0.002069,-0.000504
18292.645582999998,13.772,7.307065,-0.00028,-0.001061,-0.002069,-0.000507
18293.896148,13.772,8.584087,-0.000275,-0.00106,-0.002072,-0.000505
18296.396323,13.772,8.620155,-0.000275,-0.001057,-0.002067,-0.0005
18298.910648999998,13.772,7.944886,-0.000271,-0.001055,-0.002065,-0.000494
18300.160966,13.772,7.952058,-0.000268,-0.001051,-0.002064,-0.000491
18302.662079,13.772,8.75641,-0.000267,-0.001051,-0.00206,-0.000493
18303.926927,13.772,7.449855,-0.000265,-0.00105,-0.002061,-0.000489
18306.427945,13.772,9.006822,-0.000265,-0.00105,-0.002063,-0.000491
18308.943424,13.772,8.614843,-0.000265,-0.001045,-0.002058,-0.000489
18310.193523,13.772,8.011499,-0.000264,-0.001044,-0.002062,-0.000487
18312.693596999998,13.772,8.821111,-0.000266,-0.001049,-0.002057,-0.000491
18313.943459000002,13.772,7.746002,-0.000268,-0.00105,-0.002054,-0.000492
18316.459398,13.772,7.768844,-0.000264,-0.001046,-0.00206,-0.000485
18318.974394,13.772,8.958907,-0.000259,-0.001043,-0.002055,-0.000482
18320.224384,13.772,8.141113,-0.000256,-0.001042,-0.002052,-0.000482
18322.739748,13.772,8.336332,-0.000261,-0.001044,-0.002048,-0.000487
18324.006246,13.772,8.244061,-0.000262,-0.001045,-0.002055,-0.000487
18326.521876,13.772,8.136333,-0.000262,-0.001047,-0.00205,-0.000489
18327.771234,13.772,8.902226,-0.000259,-0.001044,-0.002056,-0.000484
18330.271122,13.772,7.953545,-0.000257,-0.001041,-0.002054,-0.000478
18332.787519999998,13.772,8.0447,-0.000256,-0.00104,-0.002055,-0.000477
18334.053127,13.772,8.044541,-0.000254,-0.001039,-0.002049,-0.000476
18336.582682,13.772,8.414951,-0.00025,-0.001033,-0.002052,-0.000473
18337.832732,13.772,8.540316,-0.00025,-0.001036,-0.002044,-0.000477
18340.317632,13.772,9.110354,-0.00025,-0.001036,-0.002045,-0.000472
18342.832734,13.772,7.947489,-0.000254,-0.001039,-0.00204,-0.000481
18344.082644000002,13.772,8.274287,-0.000256,-0.001038,-0.002047,-0.000481
18346.567968,13.772,7.889747,-0.000255,-0.00104,-0.002045,-0.000482
18347.818998,13.772,7.912908,-0.000254,-0.001041,-0.002041,-0.000479
18350.317413,13.772,7.883213,-0.00025,-0.001037,-0.002044,-0.000477
18352.848846,13.772,8.420528,-0.00025,-0.001036,-0.002039,-0.000476
18354.114261,13.772,7.981168,-0.00025,-0.001034,-0.00204,-0.000473
18356.616115,13.772,8.01559,-0.00025,-0.001032,-0.002042,-0.00047
18357.865633,13.772,8.088471,-0.000249,-0.001031,-0.002038,-0.00047
18360.381978999998,13.772,8.004062,-0.000248,-0.001029,-0.002041,-0.000469
18362.881117999998,13.772,7.750411,-0.000247,-0.001028,-0.002042,-0.000465
18364.146123,13.772,8.264088,-0.000246,-0.001029,-0.002038,-0.000466
18366.660223,13.772,7.9715,-0.000242,-0.001024,-0.002039,-0.000462
18367.91285,13.772,8.026745,-0.000241,-0.001023,-0.002043,-0.000462
18370.427584999998,13.772,7.909561,-0.000244,-0.001025,-0.002037,-0.000466
18372.943728,13.772,7.857555,-0.000245,-0.001027,-0.002034,-0.000469
18374.207682,13.772,8.053252,-0.000243,-0.001026,-0.002038,-0.000466
18376.70883,13.772,7.906745,-0.000242,-0.001025,-0.002042,-0.000465
18377.958528,13.772,8.258085,-0.000242,-0.001026,-0.002036,-0.000464
18380.457928,13.772,7.909827,-0.000234,-0.00102,-0.002035,-0.000461
18382.957962,13.772,8.108923,-0.000231,-0.001017,-0.002036,-0.000457
18384.207629,13.772,8.563636,-0.000227,-0.001013,-0.002042,-0.000452
18386.708842,13.772,7.940211,-0.000227,-0.001016,-0.002044,-0.000457
18387.959102,13.772,8.264779,-0.000231,-0.001018,-0.002036,-0.000458
18390.458856999998,13.772,8.683316,-0.000232,-0.001018,-0.002039,-0.000457
18392.974236000002,13.772,8.150516,-0.000235,-0.001019,-0.002039,-0.000459
18394.240729999998,13.772,7.865365,-0.000236,-0.001019,-0.002041,-0.00046
18396.740694,13.772,8.104885,-0.000238,-0.001023,-0.00204,-0.00046
18397.990539,13.772,8.199174,-0.000235,-0.001019,-0.002038,-0.000459
18400.506228,13.772,8.147222,-0.000233,-0.001019,-0.002044,-0.000454
18401.770844,13.772,8.693196,-0.000235,-0.001019,-0.002038,-0.000454
18404.270994,13.772,7.481992,-0.000228,-0.001015,-0.002043,-0.000448
18406.786701999998,13.772,7.780318,-0.000231,-0.001017,-0.002039,-0.000453
18408.036247,13.772,8.924273,-0.000228,-0.001018,-0.002036,-0.000448
18410.552839,13.772,7.897768,-0.000229,-0.001018,-0.002034,-0.00045
18411.816789,13.772,8.646556,-0.000231,-0.001017,-0.002035,-0.000451
18414.333338,13.772,7.873864,-0.000237,-0.001019,-0.002033,-0.000454
18416.833770999998,13.772,8.20608,-0.000237,-0.001018,-0.002035,-0.000455
18418.083548,13.772,8.334419,-0.000238,-0.00102,-0.002044,-0.000456
18420.582688,13.772,8.008047,-0.000244,-0.001027,-0.002044,-0.000468
18421.833608,13.772,7.574263,-0.000245,-0.001028,-0.00204,-0.000467
18424.349611999998,13.772,8.227594,-0.000247,-0.001032,-0.002043,-0.000471
18426.866073,13.772,8.166187,-0.000248,-0.001034,-0.002044,-0.000474
18428.11403,13.772,8.174686,-0.000248,-0.001031,-0.00204,-0.000468
18430.630466,13.772,7.82393,-0.000249,-0.001035,-0.002039,-0.000473
18431.895661,13.772,8.116253,-0.000249,-0.001032,-0.002048,-0.000472
18434.379364,13.772,8.034873,-0.00025,-0.001032,-0.002048,-0.000469
18436.8946,13.772,8.226744,-0.000254,-0.001037,-0.002044,-0.000477
18438.146247,13.772,7.850968,-0.000263,-0.001044,-0.002045,-0.000488
18440.645963,13.772,7.966028,-0.00026,-0.001044,-0.002045,-0.000481
18441.89584,13.772,8.072375,-0.00026,-0.001043,-0.00205,-0.000484
18444.410913,13.772,8.291285,-0.000254,-0.001037,-0.002042,-0.000475
18446.92697,13.772,8.144035,-0.000257,-0.001039,-0.002047,-0.000478
18448.177327999998,13.772,8.898932,-0.000246,-0.001033,-0.002053,-0.000475
18450.676772,13.772,8.051234,-0.00026,-0.001045,-0.002049,-0.00049
18451.942457,13.772,7.758166,-0.000271,-0.001054,-0.002049,-0.000498
18454.441742,13.772,8.504193,-0.000267,-0.001054,-0.002052,-0.000494
18456.943175,13.772,8.263451,-0.000263,-0.001048,-0.002049,-0.000486
18458.193381,13.772,8.494366,-0.000259,-0.001043,-0.002051,-0.000484
18460.693566,13.772,8.409852,-0.000263,-0.001045,-0.002049,-0.000485
18461.943207,13.772,7.998591,-0.000265,-0.001049,-0.002046,-0.000493
18464.443255,13.772,8.094421,-0.000271,-0.001057,-0.002048,-0.000499
18466.943216,13.772,8.009162,-0.000276,-0.001057,-0.002055,-0.0005
18468.193986,13.772,8.116094,-0.000271,-0.001054,-0.002055,-0.000492
18470.708351,13.772,7.934156,-0.000264,-0.001049,-0.002057,-0.000488
18471.958451,13.772,7.847143,-0.000259,-0.001044,-0.002054,-0.000485
18474.473649,13.772,7.653625,-0.000256,-0.001042,-0.002057,-0.000482
18476.990954,13.772,7.851818,-0.000266,-0.00105,-0.002065,-0.000491
18478.239478,13.772,8.909185,-0.000266,-0.001052,-0.002058,-0.000494
18480.756226999998,13.772,8.13288,-0.000267,-0.001054,-0.002054,-0.000496
18482.021488,13.772,7.843796,-0.000265,-0.001052,-0.002058,-0.000495
18484.521216,13.772,8.103876,-0.000265,-0.001052,-0.002054,-0.000493
18485.770722,13.772,8.671736,-0.000273,-0.001062,-0.002056,-0.000504
18488.270587,13.772,8.311578,-0.000283,-0.001066,-0.002062,-0.000512
18490.786393,13.772,8.554073,-0.000291,-0.001073,-0.002074,-0.000514
18492.051872,13.772,8.525654,-0.000289,-0.001073,-0.002069,-0.000516
18494.553052,13.772,8.450807,-0.000283,-0.001066,-0.002059,-0.000507
18495.818371,13.772,8.177608,-0.000279,-0.00106,-0.002062,-0.000501
18498.334591,13.772,7.982336,-0.000276,-0.00106,-0.002068,-0.000497
18500.834015,13.772,8.348178,-0.00027,-0.001056,-0.002068,-0.0005
18502.098422,13.772,8.261007,-0.00028,-0.001065,-0.002065,-0.000511
18504.598718,13.772,7.522045,-0.000284,-0.001069,-0.002061,-0.000511
18505.848989,13.772,7.930331,-0.000292,-0.001078,-0.00206,-0.000518
18508.348535999998,13.772,6.469831,-0.000297,-0.001079,-0.002068,-0.00052
18510.86474,13.772,8.240555,-0.000285,-0.001069,-0.002074,-0.000507
18512.116099,13.772,7.956307,-0.00028,-0.001064,-0.002067,-0.000504
18514.630613,13.772,8.063876,-0.000276,-0.001061,-0.002062,-0.000506
18515.880762,13.772,8.12794,-0.000278,-0.001062,-0.002067,-0.0005
18518.380348,13.772,8.333516,-0.000278,-0.001064,-0.002071,-0.000508
18520.878781,13.772,7.59498,-0.000281,-0.001062,-0.002068,-0.000503
18522.130341,13.772,8.103451,-0.00028,-0.001061,-0.002068,-0.000502
18524.645957,13.772,7.890491,-0.000271,-0.001058,-0.00208,-0.000496
18525.895977,13.772,8.119388,-0.000274,-0.001057,-0.00208,-0.000498
18528.395521,13.772,6.917213,-0.000273,-0.001054,-0.002084,-0.000493
18530.913311,13.772,8.559864,-0.000274,-0.001056,-0.00208,-0.000496
18532.177413999998,13.772,7.952483,-0.000274,-0.00106,-0.002085,-0.000497
18534.677403,13.772,8.756676,-0.000274,-0.001062,-0.002086,-0.000499
18535.943714,13.772,8.011287,-0.000272,-0.001055,-0.002085,-0.000492
18538.458163,13.772,8.417288,-0.000273,-0.001055,-0.002089,-0.000491
18540.973611,13.772,8.765759,-0.000279,-0.001058,-0.002086,-0.000498
18542.239059,13.772,8.170171,-0.000278,-0.001062,-0.002089,-0.000501
18544.756203,13.772,8.43928,-0.000281,-0.001068,-0.002086,-0.000514
18546.02094,13.772,7.984248,-0.000278,-0.001067,-0.002088,-0.00051
18548.519915,13.772,7.591368,-0.000282,-0.001068,-0.002084,-0.000513
18549.768958,13.772,8.007303,-0.00028,-0.001065,-0.002075,-0.00051
18552.286426,13.772,7.950464,-0.000279,-0.001062,-0.002078,-0.000506
18554.803272,13.772,8.091233,-0.000284,-0.001069,-0.002082,-0.000503
18556.052731,13.772,8.821483,-0.000281,-0.001068,-0.002084,-0.000503
18558.56845,13.772,8.657127,-0.000287,-0.001072,-0.002089,-0.000515
18559.832956,13.772,8.215642,-0.000292,-0.001079,-0.002096,-0.000518
18562.333353,13.772,9.194072,-0.0003,-0.001082,-0.002094,-0.000528
18564.83308,13.772,8.236625,-0.000317,-0.001097,-0.002083,-0.00054
18566.083368,13.772,8.48762,-0.000317,-0.001094,-0.002078,-0.000539
18568.598331,13.772,8.307381,-0.000309,-0.001093,-0.002083,-0.000537
18569.865566,13.772,8.33102,-0.000312,-0.001094,-0.002084,-0.000539
18572.36584,13.772,8.105469,-0.000316,-0.0011,-0.002085,-0.000541
18574.864373,13.772,7.86563,-0.000305,-0.001089,-0.002083,-0.000529
18576.114209,13.772,8.479651,-0.000296,-0.001079,-0.002081,-0.000519
18578.630941,13.772,8.215429,-0.000298,-0.001081,-0.002083,-0.00052
18579.896541000002,13.772,7.964222,-0.000292,-0.001077,-0.002083,-0.000522
18582.412013,13.772,8.169055,-0.000297,-0.001082,-0.002089,-0.000523
18584.910834,13.772,8.280449,-0.000291,-0.001077,-0.002094,-0.000512
18586.163241000002,13.772,8.029135,-0.000286,-0.001071,-0.002088,-0.000507
18588.676717,13.772,8.115669,-0.00029,-0.001074,-0.002086,-0.000517
18589.926445,13.772,8.754497,-0.000285,-0.001072,-0.002091,-0.000511
18592.442524,13.772,7.98632,-0.000285,-0.00107,-0.002084,-0.000507
18594.943895,13.772,7.878486,-0.000282,-0.001064,-0.002086,-0.000502
18596.193067,13.772,7.896015,-0.000277,-0.00106,-0.002086,-0.000498
18598.693674000002,13.772,8.294261,-0.000279,-0.00106,-0.002079,-0.000501
18599.958361999998,13.772,7.784726,-0.000281,-0.001062,-0.002078,-0.000502
18602.45941,13.772,8.626902,-0.000284,-0.001063,-0.002083,-0.000504
18604.973323,13.772,8.552905,-0.000281,-0.001062,-0.002081,-0.000499
18606.22443,13.772,8.061167,-0.000277,-0.001058,-0.002086,-0.000496
18608.755918,13.772,7.920875,-0.000289,-0.001071,-0.002081,-0.000515
18610.020715,13.772,7.841406,-0.000296,-0.001076,-0.002087,-0.000517
18612.521094,13.772,8.287355,-0.000291,-0.001072,-0.002086,-0.000511
18613.771850999998,13.772,7.800344,-0.000289,-0.001068,-0.002084,-0.000511
18616.271909,13.772,7.840132,-0.000287,-0.001067,-0.002082,-0.000506
18618.78643,13.772,8.452932,-0.000285,-0.001067,-0.00208,-0.000509
18620.036928,13.772,8.17458,-0.000284,-0.001068,-0.002073,-0.000508
18622.535526,13.772,8.139414,-0.00028,-0.001061,-0.002067,-0.000501
18623.786155,13.772,8.808362,-0.000274,-0.001056,-0.002072,-0.000497
18626.301957,13.772,7.980742,-0.000269,-0.001049,-0.002069,-0.000488
18628.802056,13.772,7.578885,-0.000263,-0.001047,-0.002066,-0.000486
18630.050374,13.772,8.537287,-0.000262,-0.001045,-0.002061,-0.000484
18632.552577,13.772,7.736015,-0.000273,-0.001056,-0.002059,-0.000493
18633.817208,13.772,8.097661,-0.000272,-0.001057,-0.002061,-0.000495
18636.317215,13.772,8.434074,-0.000271,-0.001055,-0.002065,-0.000492
18638.832863,13.772,7.886773,-0.00027,-0.001052,-0.002063,-0.000493
18640.099322000002,13.772,8.217395,-0.000272,-0.001054,-0.002066,-0.000494
18642.615664999998,13.772,8.308656,-0.000276,-0.001055,-0.002061,-0.000494
18643.865758,13.772,8.144301,-0.000272,-0.001057,-0.002063,-0.000494
18646.380972,13.772,8.104673,-0.000268,-0.001053,-0.002066,-0.000487
18648.896162,13.772,8.15689,-0.000267,-0.001054,-0.002063,-0.000491
18650.161881,13.772,7.862761,-0.000267,-0.001055,-0.002064,-0.000491
18652.677299,13.772,7.843319,-0.00027,-0.001055,-0.00206,-0.000493
18653.92747,13.772,8.105204,-0.000266,-0.001051,-0.002058,-0.00049
18656.44378,13.772,8.305947,-0.000263,-0.001044,-0.00206,-0.000484
18658.95787,13.772,7.946745,-0.00026,-0.001045,-0.002048,-0.000485
18660.208576,13.772,7.856439,-0.000261,-0.001044,-0.002051,-0.000485
18662.708334,13.772,8.219095,-0.000263,-0.001047,-0.002049,-0.000487
18663.959202,13.772,8.05628,-0.000259,-0.001046,-0.002053,-0.000486
18666.474471,13.772,7.801141,-0.00026,-0.001047,-0.002059,-0.000485
18669.006628,13.772,7.934846,-0.000258,-0.001044,-0.002057,-0.000481
18670.254708,13.772,8.087675,-0.000262,-0.001044,-0.002054,-0.000483
18672.756008,13.772,7.752854,-0.000262,-0.001046,-0.002054,-0.000487
18674.020945,13.772,8.623343,-0.000263,-0.001048,-0.002061,-0.000485
18676.536194,13.772,8.875559,-0.000257,-0.001043,-0.002057,-0.00048
18677.801972,13.772,8.024939,-0.000257,-0.001042,-0.002059,-0.00048
18680.316796,13.772,8.172083,-0.000256,-0.001043,-0.002052,-0.000478
18682.818293,13.772,8.509453,-0.000256,-0.00104,-0.002052,-0.00048
18684.066854,13.772,8.263663,-0.000252,-0.001036,-0.002055,-0.000476
18686.568904,13.772,7.989561,-0.000248,-0.001034,-0.002051,-0.000472
18687.818392,13.772,7.989667,-0.000248,-0.001033,-0.00205,-0.000471
18690.333556999998,13.772,8.213092,-0.000252,-0.00104,-0.002051,-0.000474
18692.833511,13.772,8.231047,-0.000254,-0.001041,-0.00205,-0.000476
18694.083404999998,13.772,8.225416,-0.000252,-0.001038,-0.002056,-0.000474
18696.582621,13.772,7.754182,-0.000251,-0.001034,-0.002059,-0.000471
18697.832913,13.772,8.064195,-0.000253,-0.001039,-0.002048,-0.000473
18700.346642,13.772,8.200237,-0.000256,-0.001042,-0.002048,-0.000476
18702.864708,13.772,7.754766,-0.000251,-0.001038,-0.002056,-0.000475
18704.114114,13.772,7.820795,-0.000249,-0.001037,-0.002049,-0.000472
18706.614974,13.772,8.501485,-0.000248,-0.001033,-0.002046,-0.000469
18707.865643,13.772,8.244965,-0.000248,-0.001032,-0.002055,-0.000466
18710.381276,13.772,8.249586,-0.00025,-0.001036,-0.002054,-0.000474
18712.911719,13.772,7.921991,-0.000252,-0.001036,-0.00205,-0.000473
18714.162544,13.772,8.072163,-0.000254,-0.001037,-0.002053,-0.000475
18716.677276,13.772,8.03567,-0.000254,-0.001037,-0.002047,-0.000475
18717.927437,13.772,7.682788,-0.000251,-0.001036,-0.002053,-0.000471
18720.444303,13.772,8.487248,-0.000251,-0.001035,-0.002048,-0.000473
18722.958915,13.772,7.777077,-0.000249,-0.001034,-0.002053,-0.000472
18724.209264999998,13.772,7.931553,-0.000249,-0.001033,-0.002057,-0.00047
18726.722155,13.772,8.072535,-0.000252,-0.001036,-0.002056,-0.000471
18727.974348,13.772,8.318696,-0.000255,-0.001037,-0.002053,-0.000474
18730.489806999998,13.772,7.136071,-0.000251,-0.001036,-0.002054,-0.000473
18733.006152,13.772,8.282839,-0.000248,-0.001031,-0.002054,-0.00047
18734.255426,13.772,7.973678,-0.000251,-0.001034,-0.002045,-0.000473
18736.771268,13.772,8.379519,-0.000254,-0.001037,-0.002051,-0.000475
18738.021398,13.772,8.159175,-0.000254,-0.001038,-0.002047,-0.000474
18740.520646999998,13.772,8.354233,-0.000253,-0.001038,-0.002047,-0.000475
18743.020995,13.772,8.105682,-0.000251,-0.001035,-0.002046,-0.000469
18744.270772,13.772,8.998907,-0.000252,-0.001036,-0.002049,-0.000472
18746.770895,13.772,7.901752,-0.000253,-0.001038,-0.002053,-0.000472
18748.020543,13.772,8.433383,-0.000254,-0.001035,-0.002056,-0.000471
18750.552869,13.772,7.860848,-0.000251,-0.001033,-0.002053,-0.00047
18751.803251999998,13.772,8.15434,-0.000251,-0.001033,-0.002056,-0.00047
18754.301522,13.772,8.369585,-0.000252,-0.001037,-0.002059,-0.000473
18756.802895,13.772,8.107435,-0.000248,-0.001033,-0.002061,-0.000468
18758.051544,13.772,8.081884,-0.00025,-0.001035,-0.002054,-0.000469
18760.567159,13.772,8.102389,-0.000252,-0.001035,-0.002055,-0.000469
18761.817759999998,13.772,7.922788,-0.000249,-0.001035,-0.002057,-0.000468
18764.33363,13.772,7.70308,-0.000245,-0.001032,-0.002055,-0.000466
18766.864478,13.772,7.833863,-0.000243,-0.001028,-0.002054,-0.000463
18768.115805,13.772,8.292454,-0.000246,-0.00103,-0.002054,-0.000466
18770.631753,13.772,8.045709,-0.000248,-0.001032,-0.002052,-0.000464
18771.881653,13.772,8.461485,-0.000248,-0.001032,-0.002048,-0.000468
18774.380962,13.772,8.185151,-0.000244,-0.001028,-0.002052,-0.000463
18776.880766,13.772,7.993279,-0.000244,-0.001029,-0.002049,-0.000464
18778.146468,13.772,8.060477,-0.000246,-0.00103,-0.002044,-0.000467
18780.661246,13.772,8.221113,-0.000245,-0.001028,-0.002046,-0.000463
18781.911379999998,13.772,7.841406,-0.000247,-0.00103,-0.002039,-0.000465
18784.410788,13.772,8.586849,-0.000251,-0.001033,-0.002039,-0.00047
18786.912837,13.772,8.35588,-0.000247,-0.001032,-0.002045,-0.000466
18788.176828,13.772,8.372029,-0.000245,-0.001029,-0.002052,-0.000464
18790.677171,13.772,7.937449,-0.000243,-0.001026,-0.002049,-0.000461
18791.926888,13.772,8.197793,-0.000242,-0.001024,-0.002044,-0.000462
18794.427485,13.772,7.890703,-0.000242,-0.001026,-0.002045,-0.000462
18796.942822,13.772,8.06223,-0.000241,-0.001023,-0.002048,-0.000459
18798.207897,13.772,7.903293,-0.000238,-0.001023,-0.002044,-0.000458
18800.708782,13.772,7.727622,-0.000241,-0.001025,-0.002044,-0.00046
18801.973329,13.772,8.053093,-0.00024,-0.001026,-0.002048,-0.000463
18804.489354999998,13.772,8.121725,-0.000243,-0.001026,-0.002043,-0.000464
18807.005718,13.772,7.705471,-0.000244,-0.001028,-0.002043,-0.000464
18808.255897,13.772,7.739946,-0.000242,-0.001024,-0.00205,-0.000461
18810.770672,13.772,8.316252,-0.000241,-0.001025,-0.002047,-0.000464
18812.021283000002,13.772,8.160821,-0.000241,-0.001023,-0.002048,-0.000462
18814.51849,13.772,7.85814,-0.000243,-0.001024,-0.002051,-0.00046
18817.02084,13.772,8.282042,-0.000241,-0.001023,-0.002048,-0.000458
18818.270904999998,13.772,8.594551,-0.000237,-0.001018,-0.002049,-0.000454
18820.771606,13.772,8.215801,-0.000236,-0.001019,-0.002049,-0.000453
18822.021815,13.772,7.641992,-0.000234,-0.001019,-0.002043,-0.000455
18824.552805,13.772,8.755242,-0.000231,-0.001017,-0.002055,-0.00045
18825.818809,13.772,8.266956,-0.000233,-0.001019,-0.002048,-0.000453
18828.33314,13.772,8.607566,-0.000238,-0.001023,-0.00205,-0.000456
18830.849158999998,13.772,8.496013,-0.000237,-0.001021,-0.00205,-0.000456
18832.099164,13.772,7.855855,-0.000239,-0.001022,-0.002043,-0.000459
18834.613585,13.772,7.937768,-0.000236,-0.001018,-0.002048,-0.000455
18835.864875,13.772,7.714926,-0.000236,-0.001017,-0.002048,-0.000454
18838.380525,13.772,8.138139,-0.000236,-0.00102,-0.002047,-0.000455
18840.880899,13.772,8.219891,-0.000235,-0.001019,-0.002046,-0.000454
18842.13112,13.772,8.055537,-0.000234,-0.001019,-0.002047,-0.000452
18844.645886,13.772,8.251233,-0.000232,-0.001018,-0.002049,-0.000449
18845.896777,13.772,8.110622,-0.000236,-0.00102,-0.002044,-0.000454
18848.412148,13.772,7.886241,-0.000237,-0.001021,-0.002041,-0.000454
18850.942933,13.772,7.543506,-0.000233,-0.001017,-0.002049,-0.000452
18852.20876,13.772,7.958591,-0.000236,-0.001019,-0.002043,-0.000456
18854.707896,13.772,8.274021,-0.000237,-0.001019,-0.002046,-0.000455
18855.957745,13.772,7.690172,-0.000235,-0.001018,-0.002048,-0.000451
18858.458897,13.772,8.10053,-0.000235,-0.001018,-0.00205,-0.000451
18860.99063,13.772,8.203902,-0.000236,-0.001019,-0.002047,-0.00045
18862.240676,13.772,7.908871,-0.000236,-0.00102,-0.002047,-0.000453
18864.756263,13.772,8.052243,-0.000237,-0.001019,-0.002049,-0.000456
18866.020579,13.772,8.240449,-0.000238,-0.001023,-0.002045,-0.000459
18868.521097,13.772,8.50345,-0.000241,-0.001023,-0.002039,-0.00046
18869.77092,13.772,7.685125,-0.00024,-0.001023,-0.002042,-0.000461
18872.286491,13.772,8.48507,-0.00024,-0.001024,-0.00204,-0.00046
18874.80286,13.772,7.836307,-0.000235,-0.00102,-0.002038,-0.000457
18876.067148000002,13.772,8.208365,-0.000231,-0.001017,-0.002041,-0.000454
18878.58232,13.772,7.90154,-0.000233,-0.001015,-0.002042,-0.000451
18879.833546,13.772,8.074394,-0.000233,-0.001019,-0.002047,-0.000452
18882.334402,13.772,8.357633,-0.000232,-0.001016,-0.002037,-0.000451
18884.832904,13.772,8.132933,-0.000232,-0.001016,-0.002039,-0.000451
18886.08381,13.772,8.330754,-0.000231,-0.001017,-0.002043,-0.000451
18888.583211,13.772,7.805178,-0.000232,-0.001016,-0.002045,-0.000452
18889.834005,13.772,8.264779,-0.000231,-0.001019,-0.002039,-0.000453
18892.36455,13.772,8.260104,-0.000233,-0.001018,-0.002045,-0.000451
18894.864517,13.772,7.985311,-0.000229,-0.001013,-0.002043,-0.000448
18896.114625000002,13.772,7.957635,-0.000231,-0.001015,-0.002042,-0.000452
18898.615593,13.772,7.587756,-0.000234,-0.001016,-0.002048,-0.000455
18899.880822,13.772,8.294951,-0.000234,-0.001018,-0.002046,-0.000455
18902.380738,13.772,8.369532,-0.000236,-0.001021,-0.002038,-0.000457
18904.896064,13.772,8.355614,-0.000239,-0.001024,-0.002038,-0.000457
18906.161289,13.772,8.358855,-0.000238,-0.001024,-0.002035,-0.00046
18908.677865999998,13.772,8.194978,-0.00024,-0.001024,-0.002036,-0.000461
18909.943752,13.772,8.174261,-0.000239,-0.001025,-0.002033,-0.000461
18912.458448999998,13.772,8.160397,-0.000243,-0.001027,-0.002032,-0.000464
18914.974489,13.772,8.571338,-0.000251,-0.001035,-0.002041,-0.000471
18916.239644,13.772,8.219732,-0.000251,-0.001038,-0.002048,-0.000473
18918.739824,13.772,8.295748,-0.000251,-0.001037,-0.002047,-0.000473
18919.989363,13.772,8.36746,-0.000252,-0.001037,-0.002048,-0.000475
18922.521142999998,13.772,8.035244,-0.000263,-0.001049,-0.002054,-0.000488
18925.02201,13.772,8.142017,-0.000269,-0.001052,-0.002056,-0.000491
18926.286277,13.772,8.407195,-0.000271,-0.001055,-0.002055,-0.000494
18928.803334,13.772,7.988817,-0.00027,-0.001053,-0.002062,-0.000489
18930.052755,13.772,8.303025,-0.000274,-0.001058,-0.00206,-0.000499
18932.567254,13.772,8.601351,-0.000276,-0.001059,-0.002059,-0.000496
18933.817785,13.772,7.924276,-0.000272,-0.001053,-0.002073,-0.000488
18936.348723,13.772,7.731394,-0.000284,-0.001062,-0.002069,-0.000503
18938.862892999998,13.772,8.529744,-0.000275,-0.001059,-0.002062,-0.000498
18940.114603,13.772,7.788658,-0.000267,-0.001054,-0.002068,-0.000495
18942.631161999998,13.772,7.886878,-0.000269,-0.001052,-0.002067,-0.000491
18943.896237,13.772,8.0413,-0.000267,-0.00105,-0.002062,-0.000485
18946.396251,13.772,7.894953,-0.000267,-0.001048,-0.002061,-0.000483
18948.893818,13.772,7.867702,-0.000262,-0.001048,-0.002075,-0.000484
18950.146183,13.772,7.863982,-0.000263,-0.001049,-0.00208,-0.000488
18952.661175,13.772,7.685232,-0.000273,-0.001059,-0.002073,-0.000499
18953.911112,13.772,8.596517,-0.00028,-0.001063,-0.002071,-0.000504
18956.427352,13.772,7.52486,-0.000283,-0.001065,-0.002085,-0.000505
18958.941432,13.772,8.168895,-0.000285,-0.00107,-0.002086,-0.000513
18960.192199,13.772,7.716467,-0.000299,-0.00108,-0.002081,-0.000528
18962.693746999998,13.772,7.776652,-0.000311,-0.001091,-0.00209,-0.000534
18963.942942,13.772,8.133358,-0.000302,-0.001082,-0.002098,-0.000522
18966.4431,13.772,8.145841,-0.000301,-0.001084,-0.002086,-0.000528
18968.958324,13.772,7.878538,-0.000305,-0.001089,-0.00209,-0.00053
18970.208599999998,13.772,8.509028,-0.000305,-0.001088,-0.002088,-0.000528
18972.72462,13.772,8.389134,-0.000308,-0.001087,-0.002083,-0.000527
18973.990697,13.772,7.696759,-0.000296,-0.001078,-0.002087,-0.000517
18976.521091,13.772,8.026957,-0.000283,-0.001064,-0.002092,-0.000499
18979.019792,13.772,8.000238,-0.000293,-0.001078,-0.002089,-0.000515
18980.270672,13.772,8.210383,-0.00029,-0.001073,-0.002089,-0.00051
18982.767245,13.772,8.742121,-0.000276,-0.00106,-0.002083,-0.000498
18984.005782,13.772,8.087515,-0.000279,-0.001067,-0.002081,-0.000504
18986.505881999998,13.772,7.926878,-0.000304,-0.001089,-0.002081,-0.000537
18989.020485,13.772,8.119547,-0.000309,-0.001091,-0.00209,-0.000533
18990.270775,13.772,8.028126,-0.000305,-0.001087,-0.002089,-0.00053
18992.770911,13.772,8.183663,-0.000312,-0.001096,-0.002083,-0.00054
18994.020524,13.772,8.024089,-0.000312,-0.001097,-0.002085,-0.00054
18996.536212,13.772,7.96539,-0.000317,-0.0011,-0.002094,-0.000544
18997.786344,13.772,7.821061,-0.000317,-0.001097,-0.002092,-0.00054
19000.287444,13.772,8.187701,-0.000304,-0.001087,-0.002093,-0.000527
19002.802949,13.772,7.729853,-0.000301,-0.001085,-0.002089,-0.000528
19004.067148000002,13.772,9.048787,-0.000307,-0.00109,-0.002097,-0.00053
19006.566858,13.772,7.935378,-0.000301,-0.001086,-0.002092,-0.000527
19007.8171,13.772,7.596148,-0.000295,-0.001081,-0.002081,-0.000523
19010.317438,13.772,8.447673,-0.000296,-0.001082,-0.00208,-0.00052
19012.83378,13.772,8.493463,-0.000294,-0.001076,-0.002081,-0.000515
19014.099477,13.772,8.025417,-0.000283,-0.001067,-0.002091,-0.000504
19016.629999,13.772,8.336757,-0.000283,-0.001067,-0.002082,-0.000505
19017.879966,13.772,7.828658,-0.000282,-0.001064,-0.002088,-0.0005
19020.380078000002,13.772,8.015218,-0.000284,-0.001064,-0.002088,-0.000504
19022.880552,13.772,8.690594,-0.000284,-0.001067,-0.002086,-0.000506
19024.146524,13.772,8.039654,-0.00029,-0.001072,-0.002085,-0.000511
19026.661479,13.772,7.455007,-0.000288,-0.001072,-0.002079,-0.000513
19027.91159,13.772,8.090011,-0.000283,-0.001069,-0.002083,-0.000511
19030.425206,13.772,7.789135,-0.000283,-0.001069,-0.002081,-0.000512
19032.927922,13.772,7.947967,-0.000283,-0.001068,-0.002084,-0.000507
19034.193508,13.772,7.990835,-0.000281,-0.001065,-0.002077,-0.000503
19036.707939,13.772,7.771712,-0.00028,-0.001065,-0.002078,-0.000499
19037.958826000002,13.772,8.198271,-0.00028,-0.001064,-0.00208,-0.0005
19040.458834999998,13.772,8.046665,-0.000277,-0.001063,-0.00208,-0.000497
19042.957612,13.772,7.216229,-0.000278,-0.00106,-0.002078,-0.000496
19044.208693,13.772,7.969959,-0.000277,-0.001059,-0.00207,-0.000496
19046.707745,13.772,8.143132,-0.000269,-0.001053,-0.002066,-0.000493
19047.958275999998,13.772,8.371816,-0.000267,-0.001051,-0.002072,-0.00049
19050.459101,13.772,8.039813,-0.000267,-0.00105,-0.002066,-0.00049
19052.974051,13.772,7.514449,-0.000262,-0.001046,-0.002067,-0.000489
19054.240407999998,13.772,8.294792,-0.000262,-0.001045,-0.002061,-0.000489
19056.753748,13.772,8.014793,-0.000261,-0.001045,-0.002068,-0.000483
19058.004705,13.772,8.215217,-0.000263,-0.001046,-0.002067,-0.000486
19060.520458,13.772,7.951261,-0.000263,-0.00105,-0.002064,-0.000488
19063.02132,13.772,8.654419,-0.000261,-0.001044,-0.002061,-0.000484
19064.285670999998,13.772,8.002841,-0.000262,-0.001046,-0.002063,-0.000485
19066.803521,13.772,8.412614,-0.000262,-0.001046,-0.002061,-0.000488
19068.052619000002,13.772,7.902602,-0.000263,-0.001047,-0.00206,-0.000488
19070.567301,13.772,7.974156,-0.00026,-0.001045,-0.002061,-0.000487
19071.83437,13.772,8.399705,-0.000262,-0.001046,-0.002057,-0.000489
19074.365565,13.772,7.847462,-0.000257,-0.001046,-0.002054,-0.000486
19076.881570999998,13.772,8.005816,-0.00026,-0.001044,-0.002052,-0.000486
19078.130179,13.772,8.157103,-0.000264,-0.001048,-0.002055,-0.000489
19080.646826,13.772,8.133305,-0.000267,-0.001049,-0.002059,-0.000488
19081.911503,13.772,8.699943,-0.00027,-0.001053,-0.002054,-0.000496
19084.427577,13.772,8.048737,-0.00027,-0.001052,-0.002057,-0.000493
19086.958724,13.772,8.070835,-0.000267,-0.00105,-0.00206,-0.00049
19088.208185,13.772,7.393706,-0.000265,-0.001049,-0.002057,-0.000488
19090.724667,13.772,8.534259,-0.000261,-0.001044,-0.002058,-0.000481
19091.989418,13.772,8.180211,-0.000262,-0.001046,-0.002055,-0.000485
19094.521705,13.772,8.035191,-0.000263,-0.001047,-0.002054,-0.000485
19097.021159,13.772,8.595508,-0.000262,-0.001047,-0.002059,-0.000485
19098.271264,13.772,8.281617,-0.000259,-0.001045,-0.002057,-0.000484
19100.771245,13.772,8.286186,-0.00026,-0.001044,-0.002057,-0.000481
19102.021332,13.772,7.894794,-0.000259,-0.001045,-0.002052,-0.000481
19104.536176,13.772,8.631471,-0.000257,-0.001042,-0.002053,-0.00048
19107.038555,13.772,8.012721,-0.000257,-0.00104,-0.002058,-0.000477
19108.286947,13.772,7.735803,-0.000254,-0.001038,-0.002056,-0.000473
19110.803087,13.772,7.519921,-0.000253,-0.001036,-0.002055,-0.000473
19112.053263,13.772,7.978406,-0.000253,-0.001036,-0.002053,-0.000473
19114.567307999998,13.772,8.522201,-0.000251,-0.001035,-0.002054,-0.000469
19115.817256,13.772,7.991101,-0.000252,-0.001035,-0.002049,-0.000471
19118.333439,13.772,8.025683,-0.000253,-0.001037,-0.002049,-0.000475
19120.833302,13.772,8.645494,-0.000255,-0.001039,-0.002051,-0.000474
19122.098465,13.772,8.466266,-0.000255,-0.001037,-0.002054,-0.000475
19124.598965,13.772,8.246133,-0.000257,-0.00104,-0.002053,-0.000479
19125.848668,13.772,7.661328,-0.000257,-0.00104,-0.002053,-0.000478
19128.347824,13.772,8.461006,-0.000255,-0.001038,-0.002053,-0.000472
19130.848882,13.772,8.085549,-0.000251,-0.001035,-0.00205,-0.00047
19132.098493999998,13.772,8.075509,-0.000252,-0.001035,-0.002053,-0.000469
19134.615575,13.772,7.890225,-0.000252,-0.001037,-0.00205,-0.000471
19135.880749,13.772,7.500691,-0.000252,-0.001037,-0.00205,-0.00047
19138.381206,13.772,7.656865,-0.000251,-0.001035,-0.002056,-0.000465
19140.880816,13.772,8.352693,-0.000246,-0.001028,-0.002057,-0.000463
19142.131277,13.772,8.023079,-0.000249,-0.001031,-0.00205,-0.000463
19144.66198,13.772,8.292454,-0.000245,-0.00103,-0.002057,-0.000461
19145.911678,13.772,8.419944,-0.000243,-0.001031,-0.002051,-0.000462
19148.411936,13.772,8.226372,-0.000245,-0.00103,-0.002054,-0.000465
19150.926979,13.772,7.204012,-0.000237,-0.001024,-0.002056,-0.00046
19152.177209,13.772,8.220316,-0.000238,-0.001023,-0.00206,-0.000459
19154.693588000002,13.772,8.169745,-0.000245,-0.001028,-0.00206,-0.000467
19155.943244000002,13.772,8.283158,-0.000245,-0.001028,-0.00206,-0.000464
19158.442601,13.772,9.013462,-0.000241,-0.001025,-0.00206,-0.000462
19160.942929,13.772,8.088365,-0.000244,-0.001029,-0.002061,-0.000466
19162.209358,13.772,7.784514,-0.000245,-0.001029,-0.002055,-0.000465
19164.708739,13.772,8.701005,-0.000248,-0.001032,-0.002056,-0.000469
19165.958566,13.772,7.84778,-0.00025,-0.001031,-0.002055,-0.000467
19168.488812,13.772,8.671577,-0.000246,-0.001029,-0.002056,-0.000461
19170.989572,13.772,7.884222,-0.000247,-0.001032,-0.002056,-0.000461
19172.240767,13.772,8.318005,-0.000248,-0.001032,-0.002054,-0.000462
19174.755832,13.772,8.264725,-0.000249,-0.001034,-0.00205,-0.000468
19176.006182999998,13.772,7.771446,-0.00025,-0.001035,-0.002057,-0.000467
19178.520872,13.772,8.147382,-0.000252,-0.001032,-0.002046,-0.000468
19181.020414,13.772,8.431152,-0.000248,-0.001031,-0.002046,-0.000465
19182.270735,13.772,8.099414,-0.000248,-0.00103,-0.002053,-0.000466
19184.770615,13.772,8.235084,-0.000247,-0.00103,-0.002055,-0.000465
19186.020707,13.772,8.130489,-0.000248,-0.00103,-0.002047,-0.000465
19188.521028,13.772,8.098351,-0.000246,-0.001031,-0.002049,-0.000465
19191.020815,13.772,8.314127,-0.000249,-0.001033,-0.002049,-0.000467
19192.286398,13.772,7.736599,-0.000249,-0.001031,-0.002053,-0.000465
19194.802753,13.772,7.894846,-0.000248,-0.001031,-0.002043,-0.000465
19196.052762,13.772,7.963159,-0.000248,-0.00103,-0.002049,-0.000464
19198.568332,13.772,9.142864,-0.000247,-0.00103,-0.002047,-0.000464
19199.834322,13.772,7.953598,-0.000252,-0.001032,-0.002048,-0.000467
19202.348805,13.772,8.262335,-0.000251,-0.001034,-0.002049,-0.000468
19204.848737,13.772,9.225307,-0.000249,-0.001032,-0.002051,-0.000466
19206.0988,13.772,8.151153,-0.000248,-0.00103,-0.002048,-0.000467
19208.614083,13.772,8.598164,-0.000251,-0.001033,-0.002053,-0.00047
19209.88104,13.772,8.021911,-0.000251,-0.001033,-0.002049,-0.000469
19212.396248,13.772,7.56895,-0.00025,-0.001034,-0.002054,-0.000468
19214.910891,13.772,8.116094,-0.00025,-0.001032,-0.002054,-0.000467
19216.162731,13.772,8.260582,-0.000248,-0.001031,-0.002049,-0.000466
19218.677627,13.772,7.656706,-0.000247,-0.001031,-0.002047,-0.000465
19219.927492,13.772,8.178138,-0.000249,-0.001031,-0.002046,-0.000466
19222.44244,13.772,8.122893,-0.000248,-0.001032,-0.00204,-0.000467
19224.959681,13.772,8.042522,-0.000248,-0.00103,-0.002038,-0.000464
19226.224152,13.772,8.097661,-0.000248,-0.001031,-0.002038,-0.000463
19228.739523,13.772,8.20029,-0.000245,-0.001029,-0.002035,-0.000464
19229.989435,13.772,8.412454,-0.000245,-0.001028,-0.002042,-0.000463
19232.505663,13.772,8.693196,-0.000245,-0.001029,-0.002038,-0.000463
19235.021394,13.772,7.969481,-0.000249,-0.001031,-0.002037,-0.000465
19236.271327,13.772,8.395987,-0.000245,-0.001029,-0.002046,-0.000463
19238.786287,13.772,7.782495,-0.000243,-0.001028,-0.002044,-0.000459
19240.053414,13.772,7.788604,-0.000244,-0.001027,-0.002043,-0.000461
19242.553033,13.772,8.260317,-0.000243,-0.001026,-0.002045,-0.000459
19245.05298,13.772,7.789082,-0.000242,-0.001025,-0.002045,-0.000458
19246.318702,13.772,7.531872,-0.000242,-0.001025,-0.002036,-0.00046
19248.848591,13.772,8.210223,-0.000241,-0.001026,-0.002045,-0.000459
19250.114525999998,13.772,8.10122,-0.000241,-0.001025,-0.002044,-0.000459
19252.614411,13.772,8.124487,-0.00024,-0.001023,-0.002044,-0.000457
19253.864714,13.772,8.261538,-0.00024,-0.001024,-0.002044,-0.000458
19256.38082,13.772,8.069348,-0.000243,-0.001026,-0.002039,-0.000457
19258.896205,13.772,8.031048,-0.000243,-0.001026,-0.002038,-0.000459
19260.16112,13.772,8.193544,-0.000242,-0.001025,-0.002039,-0.00046
19262.661702999998,13.772,8.270568,-0.000244,-0.001027,-0.002039,-0.00046
19263.911014999998,13.772,8.504141,-0.000244,-0.001027,-0.002045,-0.00046
19266.411441,13.772,9.048681,-0.000246,-0.00103,-0.002042,-0.000468
19268.913700999998,13.772,7.85527,-0.000254,-0.001038,-0.002041,-0.000478
19270.161557,13.772,8.798109,-0.000264,-0.001047,-0.00204,-0.000487
19272.663297,13.772,8.429931,-0.000272,-0.001056,-0.002049,-0.000495
19273.926888,13.772,8.175589,-0.000273,-0.001054,-0.002058,-0.000492
19276.443394,13.772,8.290648,-0.000273,-0.001053,-0.002059,-0.000493
19278.942869,13.772,8.416704,-0.000287,-0.001067,-0.002062,-0.000505
19280.19369,13.772,8.093889,-0.00028,-0.001062,-0.002068,-0.000502
19282.708951,13.772,8.791735,-0.000282,-0.001063,-0.002075,-0.000503
19283.958907,13.772,7.981274,-0.000282,-0.001066,-0.002065,-0.000503
19286.458631,13.772,7.992429,-0.000277,-0.001061,-0.00206,-0.000501
19288.958943999998,13.772,8.229188,-0.000282,-0.001066,-0.002067,-0.000507
19290.224324,13.772,8.273915,-0.00029,-0.001071,-0.00207,-0.000512
19292.739503,13.772,8.02802,-0.000288,-0.001069,-0.002067,-0.000509
19293.989294,13.772,7.882363,-0.000297,-0.001078,-0.002078,-0.000522
19296.506217000002,13.772,7.977768,-0.0003,-0.001081,-0.002084,-0.000521
19299.021298,13.772,7.998166,-0.000298,-0.00108,-0.002075,-0.000519
19300.270429,13.772,8.250808,-0.000296,-0.001078,-0.002076,-0.000517
19302.77206,13.772,7.685125,-0.000284,-0.001065,-0.00208,-0.000509
19304.021529999998,13.772,8.630567,-0.000283,-0.001066,-0.002076,-0.000509
19306.536241,13.772,7.934368,-0.000294,-0.001077,-0.002081,-0.000518
19309.036242000002,13.772,7.734368,-0.000286,-0.001073,-0.002085,-0.000509
19310.285429,13.772,7.947277,-0.000281,-0.001067,-0.002082,-0.000502
19312.803445999998,13.772,8.104567,-0.000276,-0.001056,-0.002088,-0.000492
19314.053186999998,13.772,7.823239,-0.000279,-0.001057,-0.002089,-0.000493
19316.567844999998,13.772,7.978034,-0.000282,-0.001061,-0.002091,-0.000497
19317.833563,13.772,8.482361,-0.000284,-0.001065,-0.00209,-0.000506
19320.333165,13.772,8.050171,-0.000299,-0.001083,-0.00209,-0.000527
19322.834212,13.772,8.408045,-0.000293,-0.001075,-0.002085,-0.000515
19324.084561,13.772,8.348656,-0.000289,-0.001071,-0.002081,-0.000516
19326.598482,13.772,7.92231,-0.000286,-0.001068,-0.002087,-0.000517
19327.865747,13.772,8.13304,-0.000279,-0.001064,-0.002094,-0.000506
19330.395656,13.772,8.171392,-0.000304,-0.001086,-0.00209,-0.000533
19332.910673,13.772,8.235722,-0.000305,-0.001091,-0.002099,-0.000532
19334.16287,13.772,8.19859,-0.000305,-0.001086,-0.002091,-0.000526
19336.678143,13.772,7.645657,-0.00029,-0.00107,-0.002085,-0.000515
19337.926221,13.772,8.235615,-0.000282,-0.001061,-0.002086,-0.000505
19340.426108,13.772,8.374897,-0.000282,-0.001062,-0.002087,-0.000501
19342.943102999998,13.772,8.140052,-0.000283,-0.001064,-0.002086,-0.000501
19344.193023,13.772,9.041297,-0.000284,-0.001064,-0.002092,-0.000503
19346.69346,13.772,8.629133,-0.000282,-0.001059,-0.002092,-0.000499
19347.943321,13.772,8.028126,-0.000288,-0.001068,-0.00209,-0.000504
19350.457887,13.772,7.895749,-0.000285,-0.001069,-0.002091,-0.00051
19352.959329999998,13.772,8.264088,-0.000285,-0.001069,-0.002097,-0.000506
19354.208573,13.772,7.914501,-0.000284,-0.001067,-0.002093,-0.000507
19356.723857,13.772,8.488682,-0.000291,-0.001076,-0.002077,-0.00052
19357.991665,13.772,8.1928,-0.000291,-0.001075,-0.002071,-0.000516
19360.506274,13.772,8.312587,-0.000284,-0.00107,-0.002081,-0.000503
19363.021158,13.772,7.792323,-0.000279,-0.001064,-0.002079,-0.000496
19364.27079,13.772,8.142017,-0.000283,-0.001062,-0.002089,-0.000494
19366.770922,13.772,7.999441,-0.000283,-0.001065,-0.002089,-0.000499
19368.021270999998,13.772,7.88502,-0.000282,-0.001065,-0.002083,-0.000502
19370.520816,13.772,8.125018,-0.00029,-0.001072,-0.002082,-0.000512
19373.021308,13.772,8.539625,-0.000294,-0.001075,-0.00208,-0.000514
19374.271796,13.772,8.123371,-0.000293,-0.001076,-0.002081,-0.000517
19376.803787,13.772,7.868499,-0.000291,-0.001075,-0.002078,-0.000515
19378.052734999997,13.772,7.708498,-0.000289,-0.001073,-0.002082,-0.000512
19380.567755,13.772,8.279227,-0.000282,-0.001063,-0.002084,-0.000502
19383.067930999998,13.772,7.941965,-0.000285,-0.00106,-0.00208,-0.000502
19384.318537,13.772,8.416066,-0.000285,-0.001063,-0.002068,-0.000505
19386.831464,13.772,7.837263,-0.000283,-0.001062,-0.002071,-0.000502
19388.083081,13.772,8.537978,-0.000281,-0.001062,-0.002071,-0.000501
19390.583663999998,13.772,7.803053,-0.000277,-0.00106,-0.002071,-0.000495
19391.848879,13.772,7.684276,-0.000276,-0.001058,-0.002067,-0.000493
19394.348894,13.772,8.350143,-0.000274,-0.001056,-0.002067,-0.000488
19396.847732000002,13.772,7.991314,-0.00027,-0.001052,-0.002062,-0.000488
19398.098637,13.772,7.836732,-0.000271,-0.001055,-0.002055,-0.000492
19400.598711,13.772,8.327673,-0.000273,-0.001057,-0.002054,-0.000497
19401.849591,13.772,7.729853,-0.000271,-0.001054,-0.002063,-0.000495
19404.348414,13.772,7.841565,-0.000269,-0.00105,-0.002063,-0.000491
19406.849699,13.772,7.936971,-0.000269,-0.001052,-0.002058,-0.000495
19408.098249,13.772,8.126081,-0.000269,-0.001052,-0.00206,-0.000495
19410.614985,13.772,8.136121,-0.000268,-0.00105,-0.002064,-0.000493
19411.865626,13.772,8.588442,-0.000268,-0.001051,-0.00206,-0.000494
19414.364643,13.772,7.80964,-0.000268,-0.001051,-0.002065,-0.000491
19416.879174,13.772,7.611872,-0.000269,-0.001053,-0.002058,-0.000492
19418.130761,13.772,8.499731,-0.000269,-0.001051,-0.002065,-0.000491
19420.660175999998,13.772,7.893147,-0.000269,-0.001051,-0.002055,-0.000492
19421.91291,13.772,8.091127,-0.000264,-0.001047,-0.00206,-0.000489
19424.427615,13.772,8.433278,-0.00026,-0.001045,-0.002062,-0.000484
19426.943369,13.772,7.877158,-0.000261,-0.001045,-0.002062,-0.000486
19428.206871,13.772,7.880611,-0.000258,-0.001043,-0.00206,-0.000485
19430.723418,13.772,8.612772,-0.000259,-0.001045,-0.002057,-0.000484
19431.97372,13.772,8.313277,-0.000257,-0.001042,-0.002056,-0.000482
19434.473727,13.772,8.510461,-0.000252,-0.001036,-0.002059,-0.000475
19436.974378,13.772,8.149772,-0.000248,-0.001034,-0.002059,-0.000472
19438.239587,13.772,7.611076,-0.000249,-0.001036,-0.002058,-0.000475
19440.755988,13.772,8.242627,-0.000247,-0.001034,-0.002061,-0.00047
19442.005627,13.772,8.016333,-0.000244,-0.001032,-0.002067,-0.000467
19444.520988,13.772,7.689269,-0.000244,-0.001029,-0.002066,-0.000465
19447.021279,13.772,8.039494,-0.000247,-0.001031,-0.002065,-0.000466
19448.265334,13.772,7.856811,-0.000249,-0.001033,-0.002054,-0.000472
19450.756006,13.772,7.380797,-0.000252,-0.001038,-0.002056,-0.000473
19452.006133,13.772,7.779362,-0.000252,-0.001038,-0.002052,-0.000474
19454.520511,13.772,7.957317,-0.000255,-0.001037,-0.002057,-0.000472
19457.021088,13.772,7.935165,-0.000255,-0.001037,-0.002058,-0.00047
19458.270612,13.772,8.855161,-0.000254,-0.001037,-0.002054,-0.00047
19460.77071,13.772,8.025311,-0.000253,-0.001036,-0.002055,-0.000471
19462.02113,13.772,8.353437,-0.000248,-0.00103,-0.002059,-0.000467
19464.521329,13.772,8.853833,-0.000245,-0.001029,-0.002061,-0.000462
19467.02161,13.772,8.108179,-0.000249,-0.00103,-0.002053,-0.000465
19468.286132,13.772,7.956254,-0.000246,-0.001028,-0.002051,-0.000464
19470.803153,13.772,8.442573,-0.000243,-0.001027,-0.002054,-0.000464
19472.053914,13.772,7.974102,-0.000248,-0.001032,-0.002048,-0.000467
19474.551284,13.772,8.459519,-0.000242,-0.001028,-0.002053,-0.000468
19477.052899,13.772,8.426637,-0.000246,-0.001029,-0.002058,-0.000467
19478.303524,13.772,7.631208,-0.000245,-0.001031,-0.002052,-0.000465
19480.817991,13.772,8.122893,-0.000246,-0.00103,-0.002049,-0.000464
19482.067801,13.772,7.797475,-0.000246,-0.001031,-0.002047,-0.000466
19484.583645,13.772,8.064195,-0.000252,-0.001038,-0.002045,-0.000474
19485.84889,13.772,8.708495,-0.000253,-0.001038,-0.002046,-0.000472
19488.361682,13.772,8.29357,-0.000253,-0.001035,-0.002046,-0.000469
19490.849283,13.772,7.978936,-0.000251,-0.001033,-0.002051,-0.000469
19492.09986,13.772,8.353224,-0.00025,-0.001031,-0.00205,-0.000465
19494.598526,13.772,8.224407,-0.000248,-0.001033,-0.00205,-0.000467
19495.844315,13.772,8.243902,-0.000245,-0.001031,-0.002052,-0.000465
19498.332748,13.772,8.100636,-0.00025,-0.001033,-0.002054,-0.000467
19500.833733,13.772,8.412029,-0.000247,-0.001031,-0.002053,-0.000468
19502.083596,13.772,8.223557,-0.000247,-0.001029,-0.002062,-0.000465
19504.599244999998,13.772,7.869508,-0.00025,-0.001031,-0.002059,-0.000466
19505.865625,13.772,8.14956,-0.000254,-0.001036,-0.002055,-0.000468
19508.364496000002,13.772,7.900053,-0.000249,-0.001036,-0.002055,-0.000468
19510.864607,13.772,8.608469,-0.00025,-0.001036,-0.002051,-0.000466
19512.11581,13.772,8.279015,-0.000245,-0.001031,-0.002051,-0.000464
19514.631196,13.772,7.968631,-0.000244,-0.001026,-0.002047,-0.000461
19515.880758,13.772,7.815271,-0.000242,-0.001027,-0.002053,-0.000458
19518.380682,13.772,7.498194,-0.000245,-0.001029,-0.002055,-0.00046
19520.895736,13.772,8.245921,-0.000244,-0.001027,-0.002052,-0.000461
19522.145831,13.772,7.494263,-0.000245,-0.001029,-0.002044,-0.000465
19524.647423,13.772,7.989401,-0.000245,-0.001029,-0.002047,-0.000465
19525.912724,13.772,8.05219,-0.000244,-0.001028,-0.00205,-0.000464
19528.443035,13.772,7.992589,-0.000242,-0.001027,-0.002047,-0.000463
19530.959594,13.772,8.383078,-0.000243,-0.001026,-0.002052,-0.000463
19532.208513999998,13.772,8.261166,-0.000247,-0.001028,-0.002048,-0.000465
19534.708184,13.772,7.828817,-0.000247,-0.001029,-0.002043,-0.000464
19535.974376,13.772,8.516571,-0.000245,-0.001028,-0.002045,-0.000462
19538.489747,13.772,8.752586,-0.000248,-0.001029,-0.002043,-0.000463
19540.991008999998,13.772,8.240981,-0.000246,-0.001027,-0.002047,-0.000462
19542.255103,13.772,8.171765,-0.000247,-0.001028,-0.002049,-0.000463
19544.771602,13.772,8.083531,-0.000252,-0.001032,-0.002051,-0.000465
19546.036127,13.772,7.994022,-0.000252,-0.001033,-0.00205,-0.000468
19548.537011,13.772,8.131233,-0.00025,-0.001032,-0.00205,-0.000466
19551.036189,13.772,8.889689,-0.000242,-0.001028,-0.002052,-0.000462
19552.286644,13.772,7.894846,-0.000245,-0.001028,-0.002048,-0.000465
19554.818381999998,13.772,7.476043,-0.000243,-0.001029,-0.002049,-0.000461
19556.068717000002,13.772,8.267594,-0.000244,-0.001029,-0.002049,-0.00046
19558.58334,13.772,7.682735,-0.000249,-0.001033,-0.002041,-0.000467
19559.833896,13.772,8.059839,-0.000247,-0.001029,-0.002045,-0.000463
19562.349753,13.772,8.118644,-0.000244,-0.001026,-0.002042,-0.000459
19564.8816,13.772,8.029401,-0.000247,-0.001031,-0.002034,-0.000463
19566.145518999998,13.772,7.879123,-0.000247,-0.001029,-0.002037,-0.000461
19568.661578,13.772,7.908764,-0.000246,-0.001029,-0.002038,-0.000462
19569.913786,13.772,8.430409,-0.000246,-0.001028,-0.002046,-0.000461
19572.427455,13.772,8.617659,-0.000248,-0.00103,-0.002043,-0.000465
19574.942877,13.772,8.406026,-0.000247,-0.001029,-0.002042,-0.000464
19576.193604,13.772,8.043266,-0.000243,-0.001027,-0.002048,-0.000461
19578.707784,13.772,8.415695,-0.00024,-0.001023,-0.002045,-0.000459
19579.957765,13.772,8.009799,-0.000243,-0.001025,-0.002045,-0.000457
19582.458601,13.772,7.831685,-0.000241,-0.001025,-0.002041,-0.000458
19584.973751999998,13.772,7.657237,-0.00024,-0.001023,-0.002048,-0.000454
19586.224746,13.772,8.226478,-0.000241,-0.001025,-0.002041,-0.000457
19588.740106999998,13.772,8.924963,-0.000247,-0.001031,-0.002035,-0.000464
19590.006239,13.772,8.215058,-0.000248,-0.001034,-0.002037,-0.000466
19592.52151,13.772,8.078325,-0.00025,-0.001034,-0.002039,-0.000467
19595.036216,13.772,8.491285,-0.000265,-0.001047,-0.002042,-0.000483
19596.301531,13.772,8.070251,-0.000264,-0.001049,-0.002044,-0.000484
19598.802079,13.772,7.749932,-0.00027,-0.001051,-0.00205,-0.00049
19600.051495,13.772,8.097555,-0.000274,-0.001054,-0.002058,-0.000493
19602.552186,13.772,7.800875,-0.000272,-0.001054,-0.002061,-0.000494
19605.068025,13.772,8.237315,-0.000269,-0.001054,-0.00206,-0.000491
19606.317949,13.772,8.131445,-0.000271,-0.001052,-0.002055,-0.000491
19608.817469,13.772,8.206399,-0.000276,-0.00106,-0.002059,-0.000501
19610.068177,13.772,8.414154,-0.000279,-0.001061,-0.002065,-0.0005
19612.58567,13.772,8.799862,-0.000295,-0.001076,-0.00207,-0.000517
19613.833863,13.772,8.240502,-0.000294,-0.001074,-0.002075,-0.000514
19616.348503,13.772,7.661062,-0.000284,-0.001066,-0.002078,-0.000503
19618.848732,13.772,8.065205,-0.000287,-0.001066,-0.002069,-0.000505
19620.098694,13.772,8.153597,-0.000286,-0.001068,-0.002068,-0.000504
19622.598483,13.772,8.959067,-0.000288,-0.00107,-0.00207,-0.000508
19623.848373,13.772,7.978086,-0.00029,-0.001072,-0.002063,-0.000508
19626.348383,13.772,8.169958,-0.000291,-0.001078,-0.002077,-0.000515
19628.848407999998,13.772,7.870942,-0.000288,-0.001077,-0.00208,-0.000513
19630.098877,13.772,8.024779,-0.000295,-0.001082,-0.002094,-0.000521
19632.598452,13.772,8.190941,-0.000295,-0.001076,-0.002088,-0.000518
19633.864623,13.772,8.059786,-0.000295,-0.001075,-0.002081,-0.000519
19636.365518,13.772,7.703665,-0.000296,-0.001076,-0.002079,-0.000513
19638.896148,13.772,7.932721,-0.000288,-0.001071,-0.002078,-0.000505
19640.146699,13.772,7.675298,-0.000289,-0.001074,-0.002072,-0.00051
19642.660877,13.772,7.914767,-0.0003,-0.001081,-0.002083,-0.000515
19643.91083,13.772,8.756729,-0.000293,-0.001075,-0.002081,-0.000509
19646.412501,13.772,9.210168,-0.000298,-0.001081,-0.002071,-0.000526
19648.926375,13.772,8.089799,-0.000308,-0.001089,-0.00208,-0.000531
19650.176943,13.772,8.241565,-0.000314,-0.001095,-0.002086,-0.000539
19652.677685,13.772,7.912801,-0.00031,-0.001091,-0.002089,-0.000529
19653.942772,13.772,8.119175,-0.000312,-0.001095,-0.002083,-0.000535
19656.459263,13.772,7.954341,-0.000304,-0.001085,-0.002083,-0.000523
19658.974231,13.772,7.911951,-0.000302,-0.001086,-0.002077,-0.000522
19660.224152,13.772,8.19705,-0.0003,-0.001086,-0.002076,-0.00052
19662.724094999998,13.772,8.885015,-0.000291,-0.001076,-0.002084,-0.000512
19663.989596,13.772,7.613147,-0.000289,-0.00107,-0.002089,-0.00051
19666.506154,13.772,8.187276,-0.000313,-0.001095,-0.002086,-0.000544
19669.020517,13.772,7.990941,-0.000306,-0.001089,-0.002087,-0.000531
19670.271135,13.772,7.632005,-0.0003,-0.00108,-0.002088,-0.000523
19672.786345,13.772,7.866958,-0.000299,-0.001077,-0.002082,-0.000524
19674.051805,13.772,8.218032,-0.000305,-0.001086,-0.00208,-0.000528
19676.566866,13.772,8.144726,-0.000298,-0.001084,-0.00209,-0.000525
19679.067862,13.772,8.309878,-0.000286,-0.001072,-0.002092,-0.000509
19680.317402,13.772,8.30361,-0.000286,-0.00107,-0.002082,-0.000509
19682.833458,13.772,7.703239,-0.000276,-0.001064,-0.00208,-0.000501
19684.097788,13.772,7.97968,-0.000281,-0.001068,-0.002082,-0.000509
19686.61566,13.772,8.031845,-0.00028,-0.001064,-0.002085,-0.000501
19687.880872,13.772,8.396465,-0.000276,-0.001059,-0.002089,-0.000498
19690.395966,13.772,7.482683,-0.00028,-0.001062,-0.002088,-0.000498
19692.895604999998,13.772,7.931871,-0.000283,-0.001063,-0.002093,-0.000501
19694.145705,13.772,8.385522,-0.000282,-0.001063,-0.002098,-0.000497
19696.645961000002,13.772,7.45915,-0.000288,-0.00107,-0.002095,-0.000505
19697.896166,13.772,8.109241,-0.000286,-0.001069,-0.002091,-0.000504
19700.427431,13.772,8.078644,-0.000285,-0.001066,-0.00209,-0.000502
19702.943318999998,13.772,8.473755,-0.000286,-0.001065,-0.002093,-0.000501
19704.193948,13.772,8.095377,-0.000285,-0.001067,-0.00209,-0.000501
19706.708794,13.772,7.880451,-0.000278,-0.001061,-0.002089,-0.000495
19707.958516,13.772,7.701539,-0.000276,-0.001056,-0.002093,-0.00049
19710.458478,13.772,8.078272,-0.000276,-0.001058,-0.002091,-0.000495
19712.957324,13.772,8.162787,-0.000279,-0.001064,-0.002091,-0.000499
19714.209575,13.772,7.770172,-0.000279,-0.001059,-0.002093,-0.000492
19716.707949,13.772,7.599708,-0.000275,-0.00106,-0.002082,-0.000495
19717.958333,13.772,8.675135,-0.000274,-0.001062,-0.002085,-0.0005
19720.458068,13.772,8.033067,-0.000283,-0.001067,-0.002079,-0.0005
19722.974772,13.772,8.00555,-0.000289,-0.001072,-0.002082,-0.000504
19724.239576,13.772,8.162362,-0.000288,-0.001073,-0.00208,-0.000505
19726.7413,13.772,8.446504,-0.000288,-0.001072,-0.002075,-0.000508
19728.005746,13.772,7.646241,-0.000287,-0.001069,-0.002072,-0.000508
19730.520639,13.772,8.348444,-0.000294,-0.001076,-0.002078,-0.000518
19733.020644,13.772,7.741912,-0.000299,-0.001082,-0.002082,-0.000517
19734.271288,13.772,8.170065,-0.000296,-0.001077,-0.002087,-0.000514
19736.787392,13.772,8.260953,-0.000298,-0.001078,-0.002084,-0.000518
19738.036581,13.772,8.117953,-0.000303,-0.001082,-0.002086,-0.000525
19740.568067,13.772,8.417872,-0.000303,-0.001084,-0.002098,-0.000524
19741.833678,13.772,7.726507,-0.000303,-0.001085,-0.002097,-0.000522
19744.333769,13.772,8.115934,-0.0003,-0.001082,-0.002089,-0.00052
19746.832873,13.772,8.50855,-0.000301,-0.00108,-0.002092,-0.000521
19748.083579,13.772,8.03466,-0.000301,-0.001085,-0.002091,-0.000522
19750.599581,13.772,7.734209,-0.000302,-0.001082,-0.002085,-0.000521
19751.864545,13.772,8.397421,-0.000301,-0.001081,-0.002089,-0.000521
19754.365698,13.772,8.183079,-0.000297,-0.001077,-0.002086,-0.000515
19756.895666,13.772,7.865684,-0.000297,-0.001076,-0.002077,-0.000518
19758.146311,13.772,8.18292,-0.000296,-0.001077,-0.002082,-0.000515
19760.661686,13.772,8.130437,-0.000301,-0.00108,-0.002078,-0.000521
19761.912504,13.772,7.906161,-0.000301,-0.001082,-0.002082,-0.000522
19764.395579,13.772,7.988923,-0.000304,-0.001084,-0.002081,-0.000523
19766.911304,13.772,8.415801,-0.000303,-0.001083,-0.002085,-0.000524
19768.162028,13.772,8.30106,-0.000298,-0.001079,-0.002087,-0.000517
19770.677431,13.772,8.877631,-0.000294,-0.001075,-0.002082,-0.000515
19771.92723,13.772,7.815537,-0.000293,-0.001073,-0.002086,-0.000513
19774.427001,13.772,8.585574,-0.000297,-0.001077,-0.002081,-0.000517
19776.92754,13.772,8.176279,-0.000298,-0.001079,-0.002083,-0.000518
19778.177074,13.772,7.996307,-0.000298,-0.001079,-0.002081,-0.000516
19780.678024,13.772,8.053996,-0.000296,-0.001078,-0.002077,-0.000517
19781.927403,13.772,8.339201,-0.000296,-0.001077,-0.002077,-0.000516
19784.427090999998,13.772,7.347863,-0.000292,-0.001073,-0.002078,-0.000512
19786.927623,13.772,8.244221,-0.000288,-0.001069,-0.002071,-0.000503
19788.176848,13.772,8.438749,-0.000285,-0.001067,-0.002074,-0.0005
19790.67724,13.772,7.693891,-0.00028,-0.00106,-0.002074,-0.000493
19791.94191,13.772,7.87567,-0.000281,-0.001062,-0.002071,-0.000498
19794.458337,13.772,8.00486,-0.000284,-0.001064,-0.002073,-0.000501
19796.958341999998,13.772,7.817608,-0.000284,-0.001066,-0.002074,-0.000505
19798.207818,13.772,7.677157,-0.000289,-0.001069,-0.00207,-0.000508
19800.707752,13.772,7.887569,-0.000285,-0.001066,-0.002069,-0.000505
19801.958595,13.772,8.1945,-0.000285,-0.001067,-0.002071,-0.000504
19804.458517,13.772,8.206452,-0.000285,-0.001067,-0.002071,-0.000504
19806.958709,13.772,8.425681,-0.000284,-0.001063,-0.002067,-0.000497
19808.208992,13.772,8.278802,-0.000277,-0.001059,-0.002071,-0.000492
19810.708396,13.772,8.599545,-0.000274,-0.001055,-0.002072,-0.000491
19811.974068,13.772,7.815058,-0.000273,-0.001054,-0.002067,-0.000491
19814.474836,13.772,8.158219,-0.000269,-0.001052,-0.002064,-0.000489
19816.988697,13.772,8.332826,-0.000268,-0.00105,-0.002065,-0.000485
19818.239611,13.772,7.700796,-0.000268,-0.001051,-0.00206,-0.000486
19820.740639,13.772,7.812775,-0.000266,-0.001049,-0.002061,-0.000484
19822.006031,13.772,8.301804,-0.000266,-0.001048,-0.002064,-0.000482
19824.506437,13.772,7.873067,-0.000263,-0.001048,-0.002064,-0.000481
19827.021322,13.772,7.887941,-0.000266,-0.001049,-0.002063,-0.00048
19828.271304,13.772,7.958644,-0.000267,-0.00105,-0.002057,-0.000483
19830.785909,13.772,8.364698,-0.000264,-0.001048,-0.002059,-0.000485
19832.052892,13.772,8.183504,-0.000263,-0.001048,-0.002057,-0.000486
19834.567977,13.772,7.990198,-0.000263,-0.001045,-0.002056,-0.000482
19837.083288,13.772,7.866374,-0.000262,-0.001045,-0.00206,-0.000481
19838.332746,13.772,8.465841,-0.000262,-0.001045,-0.002055,-0.000479
19840.817967,13.772,7.806028,-0.000264,-0.001046,-0.002059,-0.000478
19842.067895,13.772,7.953864,-0.000266,-0.001049,-0.002054,-0.000482
19844.567896,13.772,7.896175,-0.000265,-0.001047,-0.002052,-0.000482
19847.066801,13.772,7.974528,-0.000261,-0.001043,-0.002054,-0.000478
19848.31655,13.772,8.138935,-0.000261,-0.001043,-0.002057,-0.000475
19850.817599,13.772,7.995032,-0.000261,-0.001043,-0.002058,-0.000473
19852.06764,13.772,8.157475,-0.000262,-0.001043,-0.002053,-0.000476
19854.567919,13.772,8.144088,-0.000261,-0.001044,-0.002053,-0.000477
19857.067704,13.772,7.494157,-0.000259,-0.001043,-0.002051,-0.000476
19858.317753,13.772,7.723638,-0.000258,-0.001041,-0.002051,-0.000475
19860.817301,13.772,7.637105,-0.000258,-0.00104,-0.002046,-0.000474
19862.068264,13.772,8.074713,-0.000255,-0.001039,-0.002051,-0.000473
19864.582831,13.772,7.985311,-0.000256,-0.001039,-0.002048,-0.000472
19865.833666,13.772,8.987805,-0.000254,-0.001039,-0.002047,-0.000471
19868.348946,13.772,7.773731,-0.000249,-0.001035,-0.002047,-0.000465
19870.866907,13.772,8.099626,-0.000248,-0.001034,-0.002043,-0.000467
19872.114198,13.772,8.090383,-0.000251,-0.001038,-0.002043,-0.000473
19874.614396,13.772,8.342441,-0.000255,-0.001038,-0.002044,-0.000475
19875.864066000002,13.772,8.753063,-0.000256,-0.001037,-0.00205,-0.000474
19878.36496,13.772,8.056864,-0.000251,-0.001037,-0.002051,-0.00047
19880.880795999998,13.772,8.340582,-0.000247,-0.001033,-0.002049,-0.000466
19882.130578,13.772,8.599598,-0.000249,-0.001033,-0.002041,-0.000465
19884.645867,13.772,8.271949,-0.000248,-0.001031,-0.002039,-0.000465
19885.896090000002,13.772,8.086346,-0.00025,-0.001033,-0.002042,-0.000466
19888.413429,13.772,8.089906,-0.000246,-0.001031,-0.002037,-0.000463
19890.926796,13.772,8.481989,-0.000246,-0.00103,-0.002037,-0.000464
19892.1769,13.772,7.952908,-0.000245,-0.001029,-0.002043,-0.000462
19894.677365,13.772,8.454101,-0.000246,-0.001028,-0.00204,-0.000462
19895.92786,13.772,7.556521,-0.000243,-0.001027,-0.002039,-0.000462
19898.443701,13.772,8.061645,-0.000247,-0.00103,-0.002038,-0.000463
19900.926555,13.772,8.279918,-0.000243,-0.001027,-0.002043,-0.000459
19902.177516,13.772,7.94887,-0.000244,-0.001026,-0.002041,-0.000458
19904.692496,13.772,7.660796,-0.000244,-0.001027,-0.002043,-0.000456
19905.943316,13.772,8.118272,-0.000241,-0.001024,-0.002045,-0.000454
19908.458242,13.772,7.954182,-0.000239,-0.001021,-0.002037,-0.000455
19910.973887,13.772,7.90478,-0.000239,-0.001024,-0.002035,-0.000454
19912.224132,13.772,7.84385,-0.000238,-0.001021,-0.002041,-0.000451
19914.740582,13.772,8.033651,-0.000234,-0.001019,-0.002042,-0.000452
19915.991172000002,13.772,8.482839,-0.000235,-0.001019,-0.002036,-0.000453
19918.505756,13.772,8.472587,-0.000237,-0.001019,-0.002038,-0.000451
19921.021383,13.772,7.973147,-0.000235,-0.001019,-0.002038,-0.000455
19922.286529,13.772,8.659996,-0.000236,-0.001019,-0.002032,-0.000452
19924.803149,13.772,8.675879,-0.000232,-0.001015,-0.002032,-0.000445
19926.066183,13.772,7.956307,-0.000232,-0.001015,-0.002032,-0.000448
19928.567792,13.772,8.190941,-0.000235,-0.001018,-0.002036,-0.000449
19931.083788,13.772,7.783717,-0.000232,-0.001014,-0.002034,-0.000446
19932.333692,13.772,8.194553,-0.000228,-0.001013,-0.002036,-0.000443
19934.833439,13.772,7.949774,-0.000233,-0.001017,-0.002033,-0.000448
19936.083946,13.772,7.991791,-0.000239,-0.001023,-0.002026,-0.000456
19938.583437,13.772,8.117528,-0.000243,-0.001025,-0.002032,-0.000461
19941.083672,13.772,7.968844,-0.000241,-0.001023,-0.002032,-0.000457
19942.333401,13.772,8.017396,-0.000237,-0.001023,-0.002033,-0.000454
19944.833773,13.772,7.699893,-0.000238,-0.001022,-0.002034,-0.000459
19946.082991,13.772,7.988817,-0.000245,-0.001029,-0.002034,-0.000467
19948.598819,13.772,8.214633,-0.00025,-0.001031,-0.002039,-0.000468
19949.848398000002,13.772,8.506372,-0.000254,-0.001037,-0.002036,-0.000472
19952.34864,13.772,8.110463,-0.000248,-0.001033,-0.002037,-0.000466
19954.833272,13.772,8.037741,-0.00025,-0.001035,-0.002038,-0.00047
19956.08147,13.772,7.980211,-0.000247,-0.001034,-0.002046,-0.000467
19958.582836,13.772,8.422441,-0.00025,-0.001034,-0.002042,-0.000467
19961.083974,13.772,8.470515,-0.000249,-0.001035,-0.002045,-0.000463
19962.333165,13.772,8.491391,-0.000251,-0.001035,-0.00204,-0.000466
19964.832759999998,13.772,8.947646,-0.000243,-0.001029,-0.002045,-0.00046
19966.082728,13.772,8.162733,-0.000243,-0.001028,-0.002055,-0.000459
19968.582921,13.772,8.270941,-0.000241,-0.001025,-0.002054,-0.000454
19971.084196,13.772,8.091658,-0.000244,-0.001028,-0.002055,-0.00046
19972.348897,13.772,7.972084,-0.000245,-0.00103,-0.002054,-0.000462
19974.865801,13.772,8.156625,-0.00025,-0.001032,-0.002049,-0.000464
19976.11474,13.772,7.930915,-0.00025,-0.001034,-0.002051,-0.000464
19978.614681,13.772,7.944355,-0.000254,-0.001037,-0.002055,-0.000468
19979.88112,13.772,8.099361,-0.000257,-0.001037,-0.002061,-0.00047
19982.396887,13.772,8.310249,-0.000268,-0.001048,-0.002057,-0.000487
19984.926412,13.772,8.05219,-0.000267,-0.001049,-0.002063,-0.000482
19986.177379,13.772,8.280502,-0.000269,-0.001049,-0.002059,-0.000482
19988.693622,13.772,7.829029,-0.000268,-0.00105,-0.002062,-0.000487
19989.943564,13.772,8.50584,-0.000269,-0.00105,-0.002064,-0.000487
19992.442997,13.772,6.497666,-0.00027,-0.001053,-0.002061,-0.000486
19994.942236,13.772,7.976015,-0.000275,-0.001056,-0.002055,-0.00049
19996.192755,13.772,8.031048,-0.000272,-0.001055,-0.002059,-0.00049
19998.70865,13.772,8.465203,-0.000258,-0.001042,-0.002066,-0.00048
19999.958052,13.772,8.043266,-0.000251,-0.00104,-0.002063,-0.000471
20002.458274,13.772,7.771075,-0.00026,-0.001041,-0.002065,-0.000473
20004.958576,13.772,8.277634,-0.000263,-0.001048,-0.002067,-0.000476
20006.208935,13.772,7.774368,-0.000266,-0.001051,-0.002074,-0.000483
20008.70851,13.772,8.298032,-0.000256,-0.001041,-0.002064,-0.000475
20009.95869,13.772,7.813996,-0.000261,-0.001044,-0.002066,-0.000483
20012.474278,13.772,7.971871,-0.00027,-0.001054,-0.002073,-0.000494
20014.990486,13.772,8.136705,-0.000278,-0.001061,-0.002068,-0.000498
20016.257156,13.772,7.820689,-0.000279,-0.001063,-0.002066,-0.000499
20018.771481,13.772,7.432165,-0.000266,-0.001047,-0.00207,-0.000483
20020.036250999998,13.772,8.882306,-0.000266,-0.001046,-0.002071,-0.000479
20022.552947,13.772,8.414739,-0.000274,-0.001056,-0.002079,-0.000489
20025.067622,13.772,8.185363,-0.00029,-0.001072,-0.002073,-0.000513
20026.318616,13.772,8.092561,-0.000292,-0.001075,-0.002074,-0.000512
20028.833615,13.772,8.199281,-0.000276,-0.00106,-0.002077,-0.000493
20030.083861,13.772,8.212932,-0.000285,-0.00107,-0.002072,-0.000508
20032.598900999998,13.772,8.346053,-0.000294,-0.001075,-0.002078,-0.000513
20033.849671,13.772,7.847409,-0.000287,-0.00107,-0.002076,-0.000504
20036.364626,13.772,8.746689,-0.000288,-0.001071,-0.002072,-0.000508
20038.881275,13.772,8.019998,-0.000291,-0.00107,-0.002068,-0.00051
20040.146317,13.772,8.515189,-0.000292,-0.001071,-0.002063,-0.00051
20042.662352,13.772,7.926347,-0.000296,-0.001078,-0.002067,-0.000517
20043.912812,13.772,8.071419,-0.000294,-0.001074,-0.00207,-0.000509
20046.426281,13.772,8.137076,-0.000281,-0.001063,-0.00206,-0.000505
20048.927432,13.772,7.999972,-0.000292,-0.001073,-0.002064,-0.000513
20050.192701,13.772,8.262016,-0.000299,-0.001079,-0.002071,-0.000516
20052.708436,13.772,8.049534,-0.000295,-0.001076,-0.002069,-0.000512
20053.957779,13.772,8.337979,-0.000298,-0.001076,-0.002077,-0.000513
20056.45824,13.772,7.647356,-0.000295,-0.001076,-0.002088,-0.00051
20058.973957000002,13.772,7.700955,-0.000305,-0.00108,-0.002089,-0.000526
20060.240634,13.772,7.979574,-0.000311,-0.001089,-0.002091,-0.000531
20062.771129,13.772,8.166027,-0.000318,-0.001099,-0.002087,-0.00054
20064.020582,13.772,8.05458,-0.000318,-0.001098,-0.002093,-0.000538
20066.536224,13.772,9.236941,-0.000299,-0.001085,-0.002085,-0.000521
20069.067447,13.772,8.252932,-0.000299,-0.00108,-0.002078,-0.000519
20070.317488,13.772,7.633068,-0.000303,-0.001086,-0.002075,-0.000523
20072.817876,13.772,8.088843,-0.000311,-0.001093,-0.002073,-0.000528
20074.067728,13.772,8.205018,-0.000309,-0.001091,-0.002078,-0.000527
20076.567478,13.772,8.172508,-0.000298,-0.001081,-0.002079,-0.000515
20079.06771,13.772,8.58329,-0.000283,-0.001068,-0.002079,-0.000503
20080.317375,13.772,8.048896,-0.00028,-0.001063,-0.002075,-0.000504
20082.817435999998,13.772,8.006931,-0.000278,-0.001058,-0.002082,-0.000502
20084.067887999998,13.772,7.886931,-0.000283,-0.001067,-0.002088,-0.000508
20086.583677,13.772,7.870145,-0.000284,-0.001072,-0.002087,-0.00051
20089.084021,13.772,8.300369,-0.000283,-0.00107,-0.002091,-0.000504
20090.349005,13.772,7.967622,-0.00028,-0.001064,-0.002091,-0.0005
20092.850044,13.772,7.543187,-0.000295,-0.001082,-0.002089,-0.000524
20094.115944,13.772,8.27705,-0.000317,-0.001102,-0.002085,-0.000541
20096.630629,13.772,8.922041,-0.000306,-0.00109,-0.002095,-0.000528
20097.879783,13.772,8.418138,-0.0003,-0.001085,-0.002085,-0.000519
20100.381027,13.772,9.196462,-0.000291,-0.001073,-0.002091,-0.000505
20102.896304,13.772,8.54568,-0.000295,-0.001076,-0.0021,-0.000511
20104.146251,13.772,8.398324,-0.000304,-0.001083,-0.002105,-0.000521
20106.662999,13.772,8.089002,-0.00031,-0.001087,-0.002095,-0.000525
20107.927128,13.772,7.925975,-0.000307,-0.001089,-0.002097,-0.000526
20110.443258,13.772,7.913704,-0.000285,-0.001071,-0.002089,-0.000509
20112.959316,13.772,8.898508,-0.000288,-0.001074,-0.002093,-0.000512
20114.224641,13.772,7.235937,-0.000295,-0.001079,-0.002102,-0.000523
20116.756499,13.772,7.750889,-0.000293,-0.001076,-0.002098,-0.000514
20118.003254,13.772,8.210967,-0.000289,-0.001073,-0.002089,-0.000513
20120.506121,13.772,7.766931,-0.000279,-0.001065,-0.002086,-0.000497
20123.005602999998,13.772,8.442149,-0.000279,-0.001065,-0.002093,-0.000496
20124.256174000002,13.772,8.005656,-0.000286,-0.001067,-0.002101,-0.0005
20126.771343,13.772,7.87413,-0.000291,-0.00107,-0.002101,-0.0005
20128.021877,13.772,8.473649,-0.000287,-0.001064,-0.002094,-0.000494
20130.536121999998,13.772,7.123693,-0.000283,-0.001065,-0.0021,-0.000496
20133.052729,13.772,7.747861,-0.000283,-0.001062,-0.002096,-0.000494
20134.319531,13.772,7.878273,-0.000284,-0.001063,-0.002093,-0.000496
20136.817623,13.772,7.931712,-0.000287,-0.001067,-0.002094,-0.000502
20138.06751,13.772,8.090065,-0.00029,-0.001071,-0.002086,-0.000506
20140.582739999998,13.772,7.754554,-0.000289,-0.001073,-0.002086,-0.00051
20143.082882,13.772,7.867277,-0.000298,-0.001083,-0.002094,-0.000524
20144.333541,13.772,7.762575,-0.000305,-0.001087,-0.0021,-0.000525
20146.84685,13.772,7.978936,-0.000308,-0.001087,-0.002101,-0.000526
20148.098694,13.772,7.703505,-0.000304,-0.001086,-0.002099,-0.000523
20150.61466,13.772,8.161671,-0.000305,-0.001087,-0.002093,-0.000523
20151.864572,13.772,7.749879,-0.000306,-0.001089,-0.002089,-0.000526
20154.363755,13.772,8.276837,-0.000308,-0.00109,-0.002106,-0.000528
20156.881089,13.772,8.551949,-0.000303,-0.001085,-0.002104,-0.000523
20158.130458,13.772,7.775802,-0.000304,-0.001085,-0.002092,-0.000521
20160.644174,13.772,7.940158,-0.000311,-0.001092,-0.002094,-0.000527
20161.897208,13.772,8.179095,-0.000308,-0.001088,-0.002092,-0.000525
20164.395866,13.772,7.606879,-0.000306,-0.001087,-0.002086,-0.000526
20166.896056999998,13.772,7.735325,-0.000304,-0.001082,-0.002086,-0.00052
20168.161581,13.772,8.575162,-0.0003,-0.001079,-0.002085,-0.000517
20170.67702,13.772,8.096598,-0.0003,-0.001081,-0.00208,-0.00052
20171.927865999998,13.772,7.970703,-0.000302,-0.001084,-0.002083,-0.000521
20174.428256,13.772,8.633701,-0.000305,-0.001086,-0.002095,-0.000524
20176.927498,13.772,8.360395,-0.000302,-0.001085,-0.002093,-0.000521
20178.178067,13.772,8.007728,-0.000307,-0.001089,-0.002088,-0.000527
20180.692607999998,13.772,8.716304,-0.000304,-0.001087,-0.002093,-0.000522
20181.942871,13.772,7.950251,-0.0003,-0.001082,-0.002092,-0.000517
20184.442599,13.772,8.474765,-0.000296,-0.00108,-0.002088,-0.000514
20186.943671,13.772,8.149135,-0.000295,-0.001076,-0.002084,-0.000512
20188.208274,13.772,7.850383,-0.000297,-0.001077,-0.002082,-0.000515
20190.708975,13.772,9.187007,-0.000296,-0.001077,-0.002087,-0.000516
20191.958731,13.772,8.174261,-0.000299,-0.00108,-0.002082,-0.000518
20194.473851,13.772,8.266531,-0.000296,-0.001077,-0.00209,-0.000516
20197.006484999998,13.772,8.117316,-0.000297,-0.001079,-0.002085,-0.000513
20198.270864,13.772,7.961406,-0.000291,-0.001074,-0.002083,-0.000509
20200.770803,13.772,7.688897,-0.000286,-0.001069,-0.002072,-0.000503
20202.021496,13.772,8.672427,-0.000289,-0.001073,-0.002067,-0.000508
20204.538228999998,13.772,8.261113,-0.000287,-0.001072,-0.002073,-0.000507
20207.067251,13.772,7.663612,-0.000288,-0.001074,-0.002071,-0.000506
20208.318231,13.772,8.73394,-0.00029,-0.001071,-0.002078,-0.000504
20210.832792,13.772,8.153862,-0.000285,-0.001069,-0.00208,-0.000505
20212.082881,13.772,8.643635,-0.000286,-0.001069,-0.002075,-0.000504
20214.578562,13.772,8.409904,-0.00029,-0.001072,-0.002074,-0.000509
20217.067744,13.772,8.022443,-0.000284,-0.001068,-0.002072,-0.000505
20218.31809,13.772,8.994498,-0.000282,-0.001064,-0.002074,-0.000501
20220.817324,13.772,8.655959,-0.000282,-0.001064,-0.002073,-0.000501
20222.066974,13.772,8.458031,-0.000283,-0.001063,-0.002071,-0.000496
20224.567713,13.772,7.934421,-0.000285,-0.001067,-0.002068,-0.000501
20227.068146999998,13.772,8.667008,-0.000282,-0.001064,-0.002072,-0.000501
20228.333216,13.772,8.081671,-0.000281,-0.001064,-0.002071,-0.0005
20230.849489,13.772,8.726928,-0.000283,-0.001065,-0.002072,-0.000502
20232.099348,13.772,7.807196,-0.000284,-0.001067,-0.002069,-0.000507
20234.614856,13.772,8.116466,-0.000278,-0.001061,-0.002072,-0.000498
20235.866106,13.772,8.485708,-0.000278,-0.00106,-0.00207,-0.000496
20238.380971,13.772,7.886931,-0.000281,-0.00106,-0.002068,-0.000497
20240.895618,13.772,7.826585,-0.000277,-0.001059,-0.002072,-0.000494
20242.145943,13.772,8.120609,-0.000275,-0.001059,-0.002069,-0.000492
20244.677872,13.772,7.632802,-0.000269,-0.001055,-0.002062,-0.000488
20245.927437,13.772,7.735484,-0.000268,-0.001051,-0.002068,-0.000483
20248.442794,13.772,8.110091,-0.000264,-0.001049,-0.002059,-0.000481
20250.958797,13.772,8.241246,-0.000262,-0.001045,-0.002057,-0.000477
20252.208938,13.772,8.809531,-0.000264,-0.00105,-0.002061,-0.000484
20254.708328,13.772,7.604542,-0.000271,-0.001055,-0.002064,-0.00049
20255.958361999998,13.772,7.730331,-0.000272,-0.001054,-0.002062,-0.00049
20258.458553,13.772,8.01304,-0.000267,-0.00105,-0.002063,-0.000482
20260.942768,13.772,8.339413,-0.000264,-0.001049,-0.00206,-0.00048
20262.192916,13.772,8.379041,-0.000261,-0.001044,-0.002066,-0.000478
20264.693692,13.772,8.034554,-0.00026,-0.001043,-0.002065,-0.000476
20265.959596,13.772,8.099096,-0.000258,-0.001042,-0.00206,-0.000476
20268.490426,13.772,7.994607,-0.000259,-0.001044,-0.00206,-0.000474
20271.005055,13.772,7.354556,-0.00026,-0.001044,-0.002055,-0.000475
20272.271182,13.772,7.667065,-0.000259,-0.001043,-0.002061,-0.000472
20274.771837,13.772,8.222813,-0.000259,-0.001041,-0.00206,-0.000472
20276.036755,13.772,9.179836,-0.000259,-0.001041,-0.00206,-0.000475
20278.536228999998,13.772,7.983398,-0.000257,-0.00104,-0.002061,-0.000469
20281.052646,13.772,7.72895,-0.000253,-0.001037,-0.002058,-0.000468
20282.302952,13.772,7.850596,-0.000254,-0.00104,-0.00205,-0.000471
20284.802591,13.772,8.167143,-0.000259,-0.001042,-0.002051,-0.000471
20286.067865999998,13.772,8.447248,-0.000258,-0.001042,-0.00205,-0.000472
20288.56764,13.772,8.203158,-0.000258,-0.00104,-0.002053,-0.000471
20291.082845,13.772,7.678432,-0.000257,-0.001039,-0.002052,-0.000472
20292.332745,13.772,7.779202,-0.000255,-0.001037,-0.002057,-0.000468
20294.834583,13.772,7.859786,-0.000255,-0.001037,-0.002054,-0.000473
20296.083579,13.772,8.352958,-0.000253,-0.001039,-0.00205,-0.000471
20298.599496,13.772,7.909561,-0.000255,-0.001035,-0.002048,-0.000467
20299.849607,13.772,8.055324,-0.000254,-0.001036,-0.002053,-0.000464
20302.36463,13.772,7.621381,-0.000252,-0.001035,-0.002051,-0.000466
20304.880571,13.772,8.214314,-0.000254,-0.001033,-0.002047,-0.000468
20306.131002000002,13.772,8.122362,-0.000253,-0.001035,-0.002051,-0.000463
20308.631148,13.772,7.854155,-0.000249,-0.001032,-0.002049,-0.00046
20309.880715,13.772,8.035191,-0.000249,-0.001033,-0.002045,-0.000461
20312.379938,13.772,7.7647,-0.000244,-0.001029,-0.002043,-0.000459
20314.881668,13.772,7.340798,-0.000243,-0.001028,-0.002044,-0.000456
20316.14416,13.772,7.754607,-0.000241,-0.001023,-0.002045,-0.000454
20318.661830999998,13.772,7.917369,-0.000235,-0.001021,-0.002046,-0.000454
20319.910503,13.772,7.859202,-0.000235,-0.00102,-0.002046,-0.000451
20322.426334,13.772,8.7222,-0.000236,-0.001017,-0.002047,-0.000448
20324.927849,13.772,7.640716,-0.000232,-0.001016,-0.002048,-0.000449
20326.193316999997,13.772,8.19535,-0.000233,-0.001017,-0.002042,-0.000451
20328.724149,13.772,8.371816,-0.000235,-0.00102,-0.002049,-0.000452
20329.974481999998,13.772,8.040291,-0.000241,-0.001024,-0.002045,-0.000459
20332.489322,13.772,8.654791,-0.000244,-0.001023,-0.002046,-0.00046
20335.020474,13.772,8.124434,-0.000244,-0.001025,-0.002051,-0.000458
20336.270489,13.772,8.22037,-0.000242,-0.001025,-0.002042,-0.00046
20338.770913,13.772,7.944355,-0.000243,-0.001028,-0.002044,-0.000458
20340.021595,13.772,8.136386,-0.000242,-0.001027,-0.002049,-0.000455
20342.536103,13.772,8.369744,-0.00024,-0.001024,-0.002039,-0.000454
20345.036881,13.772,8.52236,-0.000238,-0.001021,-0.002037,-0.000452
20346.285727,13.772,8.316252,-0.000234,-0.001023,-0.002038,-0.000452
20348.802884,13.772,7.912217,-0.000238,-0.001023,-0.00204,-0.000456
20350.066124999998,13.772,8.301963,-0.00024,-0.001024,-0.002037,-0.000457
20352.567859,13.772,7.8413,-0.00024,-0.001025,-0.002037,-0.000456
20355.067911,13.772,7.712535,-0.000241,-0.001025,-0.002035,-0.000455
20356.333040999998,13.772,7.889109,-0.000239,-0.001024,-0.002038,-0.000454
20358.833343,13.772,7.673598,-0.000235,-0.001019,-0.002041,-0.000449
20360.083893,13.772,9.412876,-0.000239,-0.001023,-0.002038,-0.000452
20362.598639,13.772,7.942549,-0.000237,-0.001024,-0.002044,-0.000453
20365.098842,13.772,7.819892,-0.000234,-0.001017,-0.002042,-0.000447
20366.349619,13.772,8.518748,-0.000239,-0.001022,-0.002043,-0.000455
20368.848186,13.772,7.70138,-0.000251,-0.001035,-0.002046,-0.000465
20370.098983,13.772,8.14037,-0.000253,-0.001038,-0.002038,-0.000469
20372.598943,13.772,8.113544,-0.000258,-0.00104,-0.002041,-0.000474
20375.098868,13.772,8.685707,-0.000264,-0.001045,-0.002041,-0.000479
20376.348049,13.772,8.30515,-0.000261,-0.001042,-0.002049,-0.000474
20378.848412,13.772,9.124591,-0.000259,-0.00104,-0.002048,-0.00047
20380.098727,13.772,7.846187,-0.000258,-0.00104,-0.002044,-0.000469
20382.598991,13.772,8.372189,-0.000257,-0.001041,-0.002049,-0.000476
20385.099052999998,13.772,8.305788,-0.000257,-0.001039,-0.002052,-0.000472
20386.347487,13.772,7.624143,-0.000254,-0.001039,-0.002054,-0.000474
20388.848929,13.772,8.031738,-0.000262,-0.001043,-0.002048,-0.00048
20390.09866,13.772,8.213464,-0.00026,-0.001045,-0.002045,-0.00048
20392.600187,13.772,7.983186,-0.000263,-0.001048,-0.002053,-0.000483
20393.865806,13.772,8.670355,-0.000265,-0.001051,-0.002058,-0.000485
20396.364583,13.772,7.976918,-0.000264,-0.001048,-0.002059,-0.000479
20398.880727,13.772,7.899415,-0.000255,-0.001038,-0.002053,-0.00047
20400.146321,13.772,8.590249,-0.00025,-0.001036,-0.002047,-0.000466
20402.662951,13.772,7.7613,-0.000246,-0.001031,-0.002053,-0.000462
20403.91173,13.772,8.464565,-0.000263,-0.001044,-0.002049,-0.000484
20406.427249,13.772,8.378988,-0.000269,-0.001052,-0.002056,-0.000488
20408.927732,13.772,8.695428,-0.000277,-0.00106,-0.002054,-0.000497
20410.176944,13.772,7.914076,-0.000274,-0.001054,-0.002062,-0.000488
20412.708069,13.772,8.940952,-0.000265,-0.001051,-0.00205,-0.000484
20413.958778,13.772,8.074606,-0.000264,-0.001048,-0.002053,-0.000483
20416.458426999998,13.772,7.851765,-0.000262,-0.001047,-0.002055,-0.000483
20418.95854,13.772,8.633064,-0.000261,-0.001046,-0.002062,-0.000481
20420.20787,13.772,7.896599,-0.000263,-0.001047,-0.002065,-0.000487
20422.707923,13.772,8.024089,-0.00027,-0.001056,-0.00206,-0.000492
20423.958361,13.772,7.833332,-0.000279,-0.001063,-0.002061,-0.000504
20426.457888,13.772,7.850915,-0.000288,-0.001071,-0.002069,-0.000508
20428.958189999998,13.772,8.351631,-0.000288,-0.00107,-0.002067,-0.000504
20430.207715,13.772,7.722098,-0.000284,-0.001065,-0.00207,-0.000497
20432.710138,13.772,8.04385,-0.000289,-0.001072,-0.002064,-0.000506
20433.974681,13.772,8.795454,-0.000294,-0.001075,-0.00207,-0.000513
20436.490905,13.772,7.797848,-0.000286,-0.00107,-0.002069,-0.000503
20439.00582,13.772,7.753385,-0.000286,-0.001068,-0.00207,-0.000502
20440.25549,13.772,8.047249,-0.000286,-0.001067,-0.002062,-0.000504
20442.755951,13.772,8.086453,-0.000281,-0.001064,-0.002065,-0.000498
20444.021583,13.772,8.298085,-0.000281,-0.001064,-0.002065,-0.000499
20446.52146,13.772,7.726028,-0.00028,-0.001067,-0.002068,-0.000501
20449.037007,13.772,8.680554,-0.000272,-0.001056,-0.002074,-0.000495
20450.287063,13.772,7.921194,-0.000279,-0.001066,-0.002071,-0.000504
20452.80388,13.772,8.579412,-0.000276,-0.00106,-0.002075,-0.000494
20454.067951999998,13.772,8.249374,-0.000271,-0.001056,-0.002071,-0.000487
20456.582711,13.772,8.026957,-0.000272,-0.001058,-0.002079,-0.000487
20459.083887,13.772,9.241137,-0.000271,-0.001056,-0.002076,-0.000487
20460.33348,13.772,7.684169,-0.000278,-0.001063,-0.002077,-0.000503
20462.849694,13.772,8.033279,-0.000296,-0.001077,-0.002075,-0.000519
20464.115239,13.772,7.774315,-0.000298,-0.001081,-0.002086,-0.000518
20466.64571,13.772,8.095908,-0.0003,-0.001081,-0.002083,-0.000517
20467.895966,13.772,8.158378,-0.000295,-0.001076,-0.002077,-0.000511
20470.426927,13.772,8.081193,-0.000295,-0.001076,-0.002071,-0.000513
20472.928294999998,13.772,7.884116,-0.000299,-0.001083,-0.002074,-0.000518
20474.192721,13.772,8.293463,-0.0003,-0.001085,-0.002079,-0.000524
20476.708913,13.772,7.940265,-0.000308,-0.001088,-0.002081,-0.000526
20477.958956,13.772,8.289001,-0.000301,-0.001085,-0.002074,-0.00052
20480.458971,13.772,9.200394,-0.000284,-0.001068,-0.002074,-0.000505
20482.973404,13.772,8.043,-0.000284,-0.001068,-0.002078,-0.000505
20484.223563,13.772,7.599601,-0.000282,-0.001063,-0.002086,-0.000501
20486.740355,13.772,8.881934,-0.000283,-0.001065,-0.002091,-0.000504
20488.006965,13.772,8.095536,-0.000289,-0.001071,-0.002084,-0.000512
20490.504549999998,13.772,8.219148,-0.000295,-0.001081,-0.002078,-0.000517
20493.004935999998,13.772,9.334841,-0.000298,-0.001083,-0.002077,-0.000516
20494.253555,13.772,7.932775,-0.000284,-0.001072,-0.002074,-0.000504
20496.770296,13.772,8.431152,-0.000273,-0.001058,-0.00208,-0.000491
20498.020840999998,13.772,8.161352,-0.000272,-0.001056,-0.002081,-0.000486
20500.521026,13.772,8.019095,-0.000271,-0.001059,-0.002079,-0.000495
20503.036522,13.772,8.346531,-0.000298,-0.001083,-0.002083,-0.000526
20504.302165,13.772,7.77458,-0.000294,-0.001082,-0.002084,-0.00052
20506.802867,13.772,7.741062,-0.00029,-0.001074,-0.00208,-0.000515
20508.053348,13.772,8.86876,-0.00029,-0.001073,-0.002085,-0.000511
20510.567923,13.772,8.417554,-0.000303,-0.001088,-0.002098,-0.000528
20513.068386,13.772,8.270781,-0.000313,-0.001095,-0.002101,-0.000531
20514.333526,13.772,8.53766,-0.000317,-0.001099,-0.002101,-0.000537
20516.834296,13.772,8.25256,-0.000323,-0.001102,-0.0021,-0.000541
20518.08272,13.772,7.736546,-0.000322,-0.001103,-0.002101,-0.000542
20520.58381,13.772,7.433015,-0.000323,-0.001105,-0.00211,-0.000543
20523.084146,13.772,8.064567,-0.000315,-0.001099,-0.002108,-0.000534
20524.349326,13.772,8.248736,-0.000323,-0.001104,-0.0021,-0.000543
20526.864307,13.772,8.006293,-0.000321,-0.001102,-0.002107,-0.000542
20528.115985,13.772,8.274234,-0.000321,-0.001103,-0.002103,-0.000537
20530.631161999998,13.772,7.697875,-0.000315,-0.001098,-0.002085,-0.000536
20531.896795,13.772,7.831472,-0.000315,-0.0011,-0.002087,-0.000534
20534.395925,13.772,8.125125,-0.000303,-0.001089,-0.002093,-0.000529
20536.896273,13.772,7.944302,-0.000297,-0.00108,-0.002089,-0.000515
20538.146138,13.772,8.21867,-0.000301,-0.001084,-0.002081,-0.000518
20540.66102,13.772,7.633811,-0.000307,-0.001089,-0.002091,-0.000528
20541.911511,13.772,8.023079,-0.000309,-0.001092,-0.002096,-0.000535
20544.411159,13.772,7.575591,-0.000308,-0.001092,-0.002099,-0.00053
20546.911615,13.772,8.077262,-0.000313,-0.001095,-0.002098,-0.000534
20548.161525,13.772,8.388284,-0.000312,-0.001096,-0.002099,-0.000529
20550.677795,13.772,7.643797,-0.000309,-0.001091,-0.0021,-0.000523
20551.942807,13.772,8.812612,-0.000309,-0.00109,-0.002096,-0.000528
20554.443154,13.772,7.579044,-0.000305,-0.001091,-0.002085,-0.000523
20556.95489,13.772,8.773143,-0.000296,-0.001082,-0.002078,-0.000512
20558.192859,13.772,7.786957,-0.000292,-0.001074,-0.002087,-0.000506
20560.692766,13.772,8.5758,-0.000286,-0.001071,-0.002092,-0.000501
20561.942835,13.772,8.300954,-0.000293,-0.001076,-0.002091,-0.000511
20564.442489,13.772,7.559602,-0.000301,-0.001083,-0.002097,-0.000517
20566.942669,13.772,8.459359,-0.000293,-0.001079,-0.002091,-0.000511
20568.192724,13.772,7.483002,-0.000292,-0.001076,-0.002095,-0.00051
20570.692931999998,13.772,8.029029,-0.000291,-0.001078,-0.002097,-0.000508
20571.959414999998,13.772,8.054208,-0.000292,-0.001078,-0.002095,-0.000516
20574.473108,13.772,8.008949,-0.000298,-0.001083,-0.002096,-0.00052
20576.991144,13.772,8.026108,-0.000311,-0.001095,-0.0021,-0.000529
20578.255688999998,13.772,8.06292,-0.000306,-0.001089,-0.0021,-0.000521
20580.771269,13.772,7.796413,-0.000296,-0.001076,-0.002092,-0.000509
20582.035933,13.772,7.703505,-0.000294,-0.001078,-0.002086,-0.000512
20584.537296,13.772,8.401936,-0.000303,-0.001086,-0.002082,-0.000527
20587.067861,13.772,7.821114,-0.000307,-0.001089,-0.002095,-0.000524
20588.317285999998,13.772,8.032588,-0.000305,-0.001087,-0.002098,-0.000523
20590.818067,13.772,8.401193,-0.0003,-0.001081,-0.002089,-0.000518
20592.067375,13.772,8.539306,-0.000298,-0.00108,-0.002098,-0.000516
20594.566837,13.772,7.916733,-0.000301,-0.001082,-0.002103,-0.00052
20597.068294,13.772,8.082575,-0.000298,-0.00108,-0.002098,-0.000515
20598.333397,13.772,7.987808,-0.0003,-0.001084,-0.002096,-0.00052
20600.833125999998,13.772,8.200449,-0.000308,-0.001089,-0.002095,-0.000524
20602.084626,13.772,8.190144,-0.000306,-0.001086,-0.002095,-0.000525
20604.583071,13.772,7.989985,-0.000302,-0.001084,-0.002089,-0.000521
20607.083136,13.772,8.582387,-0.000301,-0.001082,-0.002086,-0.000514
20608.332832,13.772,8.401989,-0.000299,-0.001081,-0.002086,-0.000514
20610.833211999998,13.772,7.997582,-0.000307,-0.001089,-0.002083,-0.000525
20612.083642999998,13.772,8.005444,-0.000308,-0.001087,-0.002084,-0.000524
20614.598345,13.772,8.233172,-0.000306,-0.001085,-0.002081,-0.000521
20615.849785,13.772,8.691019,-0.000304,-0.001084,-0.002091,-0.000519
20618.364067,13.772,8.122309,-0.000302,-0.001085,-0.00209,-0.000519
20620.849789,13.772,8.475136,-0.0003,-0.001081,-0.002095,-0.000518
20622.114507,13.772,8.265788,-0.000301,-0.001081,-0.002089,-0.000516
20624.615799,13.772,8.112322,-0.000295,-0.001075,-0.002085,-0.000512
20625.864555,13.772,8.687194,-0.000295,-0.001076,-0.002089,-0.000513
20628.396049,13.772,8.48167,-0.000295,-0.001077,-0.002083,-0.00051
20630.912918,13.772,8.199599,-0.000296,-0.001076,-0.002081,-0.000511
20632.176156,13.772,8.548071,-0.000291,-0.001073,-0.002078,-0.000509
20634.692845999998,13.772,8.029348,-0.000295,-0.001076,-0.002077,-0.000512
20635.943411,13.772,8.219891,-0.000295,-0.001076,-0.002084,-0.000513
20638.443548,13.772,7.843425,-0.000293,-0.001072,-0.00208,-0.000505
20640.958743,13.772,8.609585,-0.000285,-0.001069,-0.002074,-0.000499
20642.208809,13.772,8.196571,-0.000283,-0.001067,-0.002078,-0.000499
20644.708189999998,13.772,8.348444,-0.000281,-0.001069,-0.002076,-0.000501
20645.958373,13.772,8.247408,-0.000288,-0.00107,-0.002069,-0.000506
20648.458386,13.772,8.066798,-0.000287,-0.001069,-0.002071,-0.000506
20650.958573,13.772,8.060477,-0.000286,-0.001067,-0.002068,-0.000501
20652.208518,13.772,8.032694,-0.000283,-0.001065,-0.002074,-0.000498
20654.709007999998,13.772,7.914714,-0.00028,-0.001062,-0.002077,-0.000497
20655.958878999998,13.772,8.491445,-0.000282,-0.001063,-0.002071,-0.000499
20658.473661,13.772,8.363317,-0.000285,-0.001068,-0.002069,-0.000503
20660.973744,13.772,8.300581,-0.000284,-0.001065,-0.002064,-0.000498
20662.224905,13.772,8.753011,-0.000281,-0.001062,-0.002068,-0.000491
20664.723904,13.772,8.271365,-0.000276,-0.001059,-0.002065,-0.000488
20665.972945,13.772,7.772722,-0.000272,-0.001056,-0.002063,-0.000485
20668.473753,13.772,8.715773,-0.00027,-0.001053,-0.002065,-0.000484
20670.97378,13.772,7.798113,-0.000274,-0.001059,-0.002063,-0.000494
20672.223897,13.772,8.446132,-0.000272,-0.001059,-0.002067,-0.000493
20674.724417999998,13.772,8.280131,-0.000275,-0.001058,-0.002067,-0.000492
20675.974017,13.772,7.853411,-0.000278,-0.001059,-0.002062,-0.000494
20678.473721,13.772,8.205389,-0.000277,-0.00106,-0.002059,-0.000495
20680.958967,13.772,8.14207,-0.000279,-0.00106,-0.002061,-0.000495
20682.208082,13.772,7.560239,-0.000278,-0.001059,-0.002064,-0.000493
20684.708632,13.772,7.948074,-0.000274,-0.001057,-0.002064,-0.000488
20685.95797,13.772,7.773093,-0.000273,-0.001054,-0.002057,-0.000485
20688.458053,13.772,7.86053,-0.000267,-0.00105,-0.002057,-0.00048
20690.959029999998,13.772,7.782177,-0.000265,-0.001047,-0.002057,-0.000478
20692.224534,13.772,7.853199,-0.000263,-0.001047,-0.002062,-0.000477
20694.723763,13.772,7.459682,-0.000267,-0.001051,-0.00206,-0.000485
20695.974093,13.772,7.956254,-0.00027,-0.001054,-0.002055,-0.000487
20698.489626,13.772,8.494525,-0.000268,-0.001052,-0.002053,-0.000483
20700.989431,13.772,7.499204,-0.00027,-0.001054,-0.002052,-0.000486
20702.240738,13.772,8.368576,-0.000272,-0.001053,-0.002057,-0.000486
20704.756016,13.772,8.379254,-0.000267,-0.001048,-0.002056,-0.000481
20706.006547,13.772,8.342228,-0.000264,-0.001047,-0.002059,-0.000477
20708.521505,13.772,7.866055,-0.000264,-0.001044,-0.00206,-0.000477
20711.019031,13.772,9.014737,-0.000266,-0.001046,-0.00206,-0.000477
20712.270259999998,13.772,7.610544,-0.000267,-0.001047,-0.00205,-0.000478
20714.77048,13.772,8.361671,-0.000262,-0.001047,-0.002048,-0.000478
20716.021399999998,13.772,7.754076,-0.000259,-0.001043,-0.002052,-0.000473
20718.536035999998,13.772,8.361139,-0.000256,-0.00104,-0.002051,-0.000471
20721.053858,13.772,7.954235,-0.000259,-0.001044,-0.002045,-0.000474
20722.302904,13.772,8.468922,-0.000258,-0.00104,-0.00205,-0.000472
20724.802487,13.772,7.922948,-0.000258,-0.001041,-0.002051,-0.000475
20726.05364,13.772,8.30106,-0.00026,-0.001041,-0.00205,-0.000472
20728.55307,13.772,7.95142,-0.000258,-0.001039,-0.002053,-0.000469
20731.067471,13.772,7.980742,-0.000255,-0.001037,-0.002043,-0.00047
20732.318501,13.772,8.303132,-0.000254,-0.001036,-0.002049,-0.000467
20734.833639,13.772,7.791101,-0.000251,-0.001036,-0.002047,-0.000468
20736.082898,13.772,8.118644,-0.000252,-0.001037,-0.002043,-0.000468
20738.583146,13.772,7.736918,-0.000252,-0.001036,-0.002042,-0.000466
20741.083541,13.772,7.987011,-0.000251,-0.001034,-0.002042,-0.000466
20742.33279,13.772,8.074129,-0.000247,-0.001031,-0.002049,-0.000462
20744.833883,13.772,7.789455,-0.000244,-0.001029,-0.002045,-0.000457
20746.082163,13.772,7.993067,-0.000245,-0.001031,-0.002038,-0.000458
20748.59995,13.772,7.999653,-0.000246,-0.001029,-0.002036,-0.000455
20751.114118999998,13.772,8.513011,-0.000243,-0.001026,-0.002041,-0.000453
20752.364401,13.772,8.311153,-0.000241,-0.001025,-0.002038,-0.000452
20754.880783,13.772,8.084699,-0.000239,-0.001026,-0.002035,-0.000451
20756.130963,13.772,7.659522,-0.000237,-0.001023,-0.002041,-0.000451
20758.630662,13.772,8.00316,-0.000238,-0.001022,-0.002041,-0.000455
20759.881359,13.772,8.053783,-0.000236,-0.001021,-0.002038,-0.000453
20762.395738,13.772,8.06393,-0.000235,-0.001019,-0.002036,-0.00045
20764.911831999998,13.772,7.520983,-0.000233,-0.001018,-0.002037,-0.000448
20766.162252000002,13.772,8.4311,-0.000232,-0.001016,-0.002043,-0.000445
20768.676843,13.772,7.799441,-0.000234,-0.001019,-0.00204,-0.000449
20769.943808,13.772,8.172296,-0.000235,-0.001019,-0.002046,-0.000448
20772.457863,13.772,7.899468,-0.000237,-0.001021,-0.002041,-0.000452
20774.974158,13.772,8.352428,-0.000238,-0.001022,-0.002039,-0.00045
20776.223493999998,13.772,8.268178,-0.000236,-0.001022,-0.002045,-0.000452
20778.723649,13.772,8.228391,-0.000236,-0.00102,-0.002042,-0.000451
20779.973677,13.772,8.162309,-0.000236,-0.001021,-0.002034,-0.000449
20782.490382,13.772,8.25256,-0.000235,-0.00102,-0.002033,-0.000448
20785.020708,13.772,8.064939,-0.000231,-0.001016,-0.002039,-0.000445
20786.270427,13.772,8.296067,-0.000229,-0.001014,-0.002031,-0.000441
20788.770937,13.772,8.039654,-0.000232,-0.001015,-0.002038,-0.00044
20790.020735,13.772,7.974952,-0.000228,-0.001011,-0.002045,-0.000438
20792.520758,13.772,7.537716,-0.000231,-0.001014,-0.002045,-0.00044
20795.021001,13.772,8.712001,-0.000235,-0.001019,-0.002041,-0.000448
20796.270105,13.772,7.36024,-0.000239,-0.001022,-0.002033,-0.000452
20798.772013,13.772,7.878432,-0.000241,-0.001024,-0.002036,-0.000455
20800.019543,13.772,7.755669,-0.000238,-0.001024,-0.002046,-0.000454
20802.520689,13.772,7.860742,-0.000241,-0.001021,-0.002047,-0.000452
20805.021117,13.772,8.042416,-0.000251,-0.001031,-0.002046,-0.000464
20806.271356,13.772,8.045071,-0.00025,-0.001033,-0.002046,-0.000467
20808.786154,13.772,7.602683,-0.000254,-0.001037,-0.002041,-0.000469
20810.036113000002,13.772,8.370701,-0.000253,-0.001034,-0.002046,-0.000467
20812.552273,13.772,7.847143,-0.000253,-0.001036,-0.002042,-0.000466
20815.067241,13.772,7.780212,-0.000262,-0.001044,-0.002042,-0.000477
20816.318325,13.772,8.157262,-0.000261,-0.001042,-0.002047,-0.000475
20818.83354,13.772,7.920663,-0.000259,-0.00104,-0.002051,-0.000474
20820.083845,13.772,6.302766,-0.000259,-0.001041,-0.002043,-0.000471
20822.583689,13.772,8.511471,-0.000253,-0.001036,-0.002041,-0.000465
20825.099214,13.772,8.011818,-0.000258,-0.00104,-0.002045,-0.000472
20826.349735,13.772,8.263822,-0.000257,-0.001039,-0.002054,-0.000467
20828.865849,13.772,8.510781,-0.000256,-0.001037,-0.002053,-0.000467
20830.130789,13.772,7.468075,-0.000257,-0.001037,-0.002059,-0.00047
20832.646486999998,13.772,8.334101,-0.000254,-0.001035,-0.002057,-0.000466
20833.896911,13.772,7.947914,-0.000256,-0.001036,-0.002049,-0.00047
20836.411762,13.772,8.026745,-0.000256,-0.001037,-0.002052,-0.000466
20838.927443,13.772,8.039972,-0.000257,-0.001038,-0.00206,-0.000468
20840.1941,13.772,8.628602,-0.000261,-0.001042,-0.002054,-0.000474
20842.708828,13.772,8.150676,-0.000267,-0.001046,-0.002063,-0.000482
20843.957760999998,13.772,8.516198,-0.000264,-0.001046,-0.002059,-0.000481
20846.458016,13.772,8.276253,-0.000267,-0.001051,-0.002057,-0.000484
20848.958702,13.772,8.009534,-0.000267,-0.00105,-0.002055,-0.000481
20850.20959,13.772,8.899358,-0.000264,-0.001047,-0.002053,-0.000477
20852.739299,13.772,8.298669,-0.000261,-0.001044,-0.002061,-0.000474
20853.987688,13.772,7.793067,-0.000269,-0.001051,-0.002062,-0.000487
20856.490211,13.772,9.218454,-0.000278,-0.001061,-0.002065,-0.000497
20859.006139999998,13.772,7.866268,-0.000278,-0.001059,-0.002066,-0.000494
20860.270305,13.772,7.972137,-0.000276,-0.00106,-0.002064,-0.000494
20862.770573,13.772,7.847037,-0.000274,-0.001059,-0.00206,-0.000492
20864.020260999998,13.772,7.787702,-0.000275,-0.001057,-0.002058,-0.000492
20866.520956,13.772,8.29766,-0.000276,-0.001061,-0.002062,-0.000495
20869.034966,13.772,8.345575,-0.000285,-0.001068,-0.002062,-0.000503
20870.286215,13.772,7.873598,-0.000292,-0.001072,-0.00207,-0.000508
20872.803078999998,13.772,7.754076,-0.000286,-0.001068,-0.002074,-0.000503
20874.067242999998,13.772,8.427541,-0.000292,-0.001072,-0.002071,-0.00051
20876.58348,13.772,8.000078,-0.000292,-0.001072,-0.002078,-0.00051
20879.084384,13.772,7.753438,-0.000291,-0.001074,-0.002068,-0.000508
20880.333802,13.772,7.595671,-0.0003,-0.00108,-0.002066,-0.000517
20882.849368,13.772,7.599442,-0.000283,-0.001066,-0.002074,-0.000496
20884.097652,13.772,8.850487,-0.000277,-0.001062,-0.002072,-0.000493
20886.599808,13.772,8.232588,-0.000282,-0.001063,-0.00207,-0.000499
20889.099103,13.772,8.178617,-0.000276,-0.00106,-0.002074,-0.000494
20890.365979000002,13.772,8.679704,-0.000273,-0.001056,-0.002082,-0.000488
20892.881104,13.772,8.579837,-0.000265,-0.00105,-0.002074,-0.000478
20894.14513,13.772,8.035563,-0.000261,-0.001048,-0.002076,-0.000477
20896.631104,13.772,8.620262,-0.000277,-0.001062,-0.002074,-0.000495
20899.130809,13.772,7.884222,-0.000282,-0.001069,-0.002068,-0.000498
20900.381369,13.772,7.953864,-0.000282,-0.001065,-0.00206,-0.000494
20902.89568,13.772,7.898405,-0.00029,-0.001074,-0.002064,-0.000506
20904.144318,13.772,8.367355,-0.00029,-0.001071,-0.002072,-0.000502
20906.63031,13.772,7.640292,-0.000301,-0.001083,-0.00208,-0.000517
20909.130765,13.772,8.098458,-0.000295,-0.001077,-0.002083,-0.000512
20910.380691,13.772,7.58,-0.000305,-0.001085,-0.002074,-0.000522
20912.881422,13.772,8.234606,-0.000299,-0.00108,-0.002069,-0.000512
20914.146257,13.772,7.390465,-0.000294,-0.001076,-0.002062,-0.000507
20916.64586,13.772,7.851659,-0.000305,-0.001086,-0.00207,-0.000521
20917.895747,13.772,7.916361,-0.000303,-0.001085,-0.00207,-0.00052
20920.411009,13.772,8.309718,-0.000296,-0.001077,-0.002079,-0.000509
20922.911173,13.772,7.845178,-0.000293,-0.001077,-0.002077,-0.000511
20924.163163,13.772,8.720713,-0.000302,-0.001082,-0.002071,-0.000527
20926.661462,13.772,8.29187,-0.000313,-0.001096,-0.00209,-0.000531
20927.91169,13.772,8.284327,-0.000308,-0.001091,-0.002089,-0.000523
20930.427764,13.772,7.812243,-0.000308,-0.001088,-0.00209,-0.000523
20932.942593,13.772,8.372932,-0.000308,-0.001089,-0.002089,-0.000519
20934.192900000002,13.772,8.09968,-0.000301,-0.001086,-0.002079,-0.000517
20936.708701,13.772,8.582334,-0.000289,-0.001077,-0.00208,-0.000507
20937.958462,13.772,7.482152,-0.000284,-0.001071,-0.002085,-0.000502
20940.473847,13.772,8.08709,-0.000289,-0.001076,-0.002087,-0.000509
20942.990503,13.772,8.460209,-0.000304,-0.00109,-0.002086,-0.000525
20944.256352,13.772,7.679069,-0.000303,-0.001089,-0.002094,-0.000522
20946.771368,13.772,7.912111,-0.000307,-0.001088,-0.002072,-0.000523
20948.020961000002,13.772,8.18292,-0.000304,-0.001084,-0.002077,-0.000519
20950.521179,13.772,8.187328,-0.000306,-0.00109,-0.00208,-0.000531
20953.035611,13.772,8.013358,-0.000305,-0.001085,-0.002086,-0.000521
20954.286453,13.772,8.413092,-0.000299,-0.001083,-0.002079,-0.000523
20956.80374,13.772,8.149029,-0.000308,-0.001095,-0.002082,-0.000532
20958.067292,13.772,8.85633,-0.00031,-0.001095,-0.002085,-0.000533
20960.567431,13.772,7.865258,-0.000308,-0.001093,-0.002084,-0.000524
20963.06788,13.772,7.839494,-0.000295,-0.00108,-0.002078,-0.000512
20964.317458999998,13.772,8.039547,-0.000296,-0.001083,-0.002085,-0.000518
20966.81785,13.772,8.298616,-0.000291,-0.001077,-0.002088,-0.000504
20968.067758,13.772,8.295641,-0.000289,-0.001073,-0.002086,-0.000499
20970.568042,13.772,8.026798,-0.00028,-0.001067,-0.002091,-0.000496
20973.082851,13.772,7.90749,-0.000278,-0.001063,-0.002085,-0.000493
20974.332021000002,13.772,8.400609,-0.000274,-0.001058,-0.002088,-0.000489
20976.834328,13.772,8.35025,-0.000273,-0.001058,-0.002088,-0.000485
20978.082997999998,13.772,8.175695,-0.000276,-0.001059,-0.002086,-0.000489
20980.598572,13.772,8.103186,-0.000277,-0.001062,-0.002087,-0.000494
20983.099386,13.772,7.353175,-0.000277,-0.001063,-0.002088,-0.000495
20984.348691,13.772,7.746108,-0.000271,-0.001058,-0.002093,-0.00049
20986.848845,13.772,8.221698,-0.000268,-0.001055,-0.002087,-0.000487
20988.099435,13.772,8.189134,-0.000267,-0.001056,-0.002085,-0.000487
20990.615555,13.772,7.923425,-0.00027,-0.001058,-0.002078,-0.000493
20993.131177,13.772,8.278855,-0.000276,-0.001061,-0.00208,-0.000494
20994.39616,13.772,7.895112,-0.000282,-0.001064,-0.002085,-0.000499
20996.911745999998,13.772,7.878061,-0.000286,-0.001072,-0.002084,-0.000506
20998.178437,13.772,8.61394,-0.00029,-0.001073,-0.002089,-0.000508
21000.677216,13.772,7.809215,-0.00029,-0.001073,-0.002088,-0.000508
21001.927824,13.772,7.847196,-0.000291,-0.001072,-0.002082,-0.000507
21004.457778,13.772,8.160662,-0.000286,-0.00107,-0.002086,-0.000502
21006.958761,13.772,7.840132,-0.000281,-0.001065,-0.002083,-0.000494
21008.208854,13.772,8.082788,-0.00028,-0.001063,-0.002076,-0.000491
21010.70869,13.772,7.832269,-0.000274,-0.001055,-0.002071,-0.000487
21011.958587,13.772,6.95493,-0.000268,-0.001049,-0.002075,-0.00048
21014.458359,13.772,7.783186,-0.000262,-0.001045,-0.002071,-0.000477
21016.960131,13.772,8.154022,-0.000263,-0.001046,-0.002067,-0.000479
21018.207757,13.772,7.651075,-0.000266,-0.001051,-0.002063,-0.000484
21020.708539,13.772,8.141592,-0.00027,-0.00105,-0.002059,-0.000486
21021.959342000002,13.772,8.065735,-0.000268,-0.001049,-0.002062,-0.000484
21024.456703,13.772,8.322574,-0.000263,-0.001045,-0.002066,-0.000481
21026.959414999998,13.772,8.172136,-0.000268,-0.001051,-0.002059,-0.000488
21028.223454,13.772,7.896015,-0.000268,-0.001052,-0.002059,-0.000485
21030.738742,13.772,8.238908,-0.000269,-0.001052,-0.002061,-0.000486
21031.989378,13.772,7.972349,-0.000268,-0.001049,-0.002063,-0.00048
21034.504307,13.772,7.963107,-0.000265,-0.001046,-0.002057,-0.000479
21037.005788,13.772,7.897662,-0.000257,-0.00104,-0.00206,-0.000472
21038.255596,13.772,8.335004,-0.000257,-0.00104,-0.002062,-0.000471
21040.756082,13.772,8.246718,-0.000258,-0.001043,-0.002061,-0.000472
21042.021193,13.772,7.968471,-0.000257,-0.001043,-0.002056,-0.000473
21044.518965,13.772,8.490435,-0.000256,-0.001043,-0.002057,-0.000471
21047.021312,13.772,7.981858,-0.000257,-0.001042,-0.002053,-0.000473
21048.271092,13.772,8.292348,-0.000256,-0.00104,-0.002059,-0.000472
21050.786057999998,13.772,8.370914,-0.000257,-0.001041,-0.002061,-0.000471
21052.037085,13.772,8.216014,-0.000258,-0.001042,-0.002054,-0.000474
21054.551492,13.772,8.084328,-0.000259,-0.001046,-0.002061,-0.000478
21057.053508,13.772,8.925335,-0.000259,-0.001045,-0.002053,-0.000477
21058.317973,13.772,8.260582,-0.000261,-0.001047,-0.002055,-0.000477
21060.833273,13.772,7.843796,-0.000265,-0.001047,-0.002054,-0.000478
21062.083805,13.772,7.671952,-0.00026,-0.001044,-0.002059,-0.000475
21064.598137,13.772,8.005178,-0.00026,-0.001045,-0.002059,-0.000475
21067.099235,13.772,8.21697,-0.000255,-0.001039,-0.00206,-0.000467
21068.350426999998,13.772,7.585578,-0.000253,-0.001038,-0.00206,-0.000464
21070.848415,13.772,8.085284,-0.000254,-0.00104,-0.002054,-0.000468
21072.098669,13.772,8.178085,-0.000251,-0.001039,-0.002056,-0.000468
21074.598573,13.772,8.750832,-0.000255,-0.00104,-0.002056,-0.00047
21077.099286,13.772,7.72826,-0.000254,-0.001039,-0.002058,-0.000469
21078.349057,13.772,8.47673,-0.000255,-0.00104,-0.002054,-0.000472
21080.865842,13.772,8.02733,-0.000255,-0.001041,-0.002053,-0.00047
21082.130824,13.772,8.020955,-0.000256,-0.001041,-0.002048,-0.000474
21084.630813,13.772,7.835935,-0.000255,-0.001039,-0.00205,-0.00047
21087.130985,13.772,8.565388,-0.000255,-0.001039,-0.002053,-0.00047
21088.380678,13.772,8.569373,-0.000252,-0.001035,-0.00206,-0.000467
21090.881099,13.772,8.074766,-0.000252,-0.001035,-0.002053,-0.000465
21092.131675,13.772,7.817077,-0.000252,-0.001036,-0.002055,-0.000464
21094.660826,13.772,8.727512,-0.000255,-0.001037,-0.002054,-0.000466
21095.912816,13.772,7.833225,-0.000257,-0.001039,-0.002057,-0.000469
21098.442755,13.772,7.978511,-0.000255,-0.00104,-0.002054,-0.000468
21100.928051,13.772,8.175695,-0.000251,-0.001035,-0.002052,-0.000464
21102.177653,13.772,8.514074,-0.000251,-0.001033,-0.002055,-0.000462
21104.675748,13.772,7.658246,-0.000249,-0.001033,-0.002055,-0.000461
21105.927727,13.772,7.982071,-0.000246,-0.001032,-0.002053,-0.00046
21108.428098,13.772,8.091871,-0.000249,-0.001033,-0.002056,-0.000461
21110.942285,13.772,8.167834,-0.000251,-0.001034,-0.00205,-0.000461
21112.193203,13.772,8.820526,-0.000251,-0.001034,-0.002058,-0.000461
21114.692361,13.772,8.338404,-0.000249,-0.001033,-0.002059,-0.000462
21115.942930999998,13.772,7.979149,-0.000251,-0.001033,-0.002052,-0.000462
21118.457854,13.772,8.055324,-0.000249,-0.001033,-0.002052,-0.000463
21120.958423,13.772,7.705577,-0.000253,-0.001036,-0.00205,-0.000465
21122.207718999998,13.772,7.755244,-0.000252,-0.001035,-0.002057,-0.000464
21124.708569,13.772,8.412985,-0.000252,-0.001035,-0.002056,-0.000464
21125.97452,13.772,7.622762,-0.000253,-0.001038,-0.002051,-0.000466
21128.490163,13.772,7.658565,-0.000249,-0.001033,-0.002059,-0.000462
21131.004481,13.772,7.929268,-0.000248,-0.001032,-0.002056,-0.000461
21132.25589,13.772,7.806134,-0.000251,-0.001035,-0.002048,-0.000464
21134.771223,13.772,8.248842,-0.00025,-0.001034,-0.002053,-0.000463
21136.020751,13.772,7.75721,-0.000255,-0.001038,-0.002055,-0.000465
21138.520851,13.772,8.009747,-0.000254,-0.001036,-0.002054,-0.000466
21141.021319,13.772,7.469987,-0.000251,-0.001034,-0.002056,-0.000461
21142.270908,13.772,7.526242,-0.000247,-0.001033,-0.002051,-0.000462
21144.770821,13.772,7.775005,-0.000248,-0.00103,-0.002047,-0.00046
21146.020426,13.772,8.209268,-0.000247,-0.00103,-0.002051,-0.000457
21148.521032,13.772,8.314393,-0.000248,-0.001031,-0.002051,-0.00046
21151.020774,13.772,7.520505,-0.000247,-0.001031,-0.002051,-0.00046
21152.271541000002,13.772,8.147807,-0.000249,-0.001034,-0.002051,-0.000464
21154.770472,13.772,8.194181,-0.000252,-0.001035,-0.00205,-0.000464
21156.020813,13.772,8.301113,-0.00025,-0.001033,-0.002052,-0.000463
21158.520633,13.772,7.847675,-0.00025,-0.001033,-0.002049,-0.000463
21161.022709,13.772,8.136067,-0.000251,-0.001036,-0.002051,-0.000465
21162.287011,13.772,8.56167,-0.00025,-0.001036,-0.002051,-0.000462
21164.818293,13.772,8.244487,-0.000251,-0.001036,-0.002051,-0.00046
21166.083416,13.772,7.55583,-0.000251,-0.001035,-0.002048,-0.000459
21168.583343,13.772,8.269188,-0.000254,-0.001035,-0.002049,-0.000463
21171.082937,13.772,8.970753,-0.000254,-0.001036,-0.002051,-0.000466
21172.333817,13.772,8.087408,-0.000252,-0.001036,-0.002053,-0.000462
21174.833078,13.772,8.233438,-0.000248,-0.001032,-0.002054,-0.000458
21176.083162,13.772,8.221645,-0.000245,-0.00103,-0.002048,-0.000459
21178.583408,13.772,8.340422,-0.000247,-0.001031,-0.002049,-0.00046
21181.082864,13.772,7.959229,-0.000246,-0.001029,-0.002044,-0.000458
21182.333907,13.772,8.204805,-0.000246,-0.00103,-0.002044,-0.000457
21184.833721,13.772,7.827755,-0.000244,-0.001028,-0.002043,-0.000457
21186.084651999998,13.772,8.235934,-0.000245,-0.001029,-0.002042,-0.000458
21188.583396,13.772,8.073491,-0.000245,-0.001027,-0.002048,-0.000456
21191.099346,13.772,7.928312,-0.000247,-0.001028,-0.00204,-0.000458
21192.349025,13.772,7.924116,-0.000245,-0.00103,-0.002043,-0.000458
21194.864967,13.772,8.037369,-0.000241,-0.001027,-0.002044,-0.000455
21196.13073,13.772,8.060158,-0.000245,-0.001028,-0.00204,-0.000455
21198.615418,13.772,8.027755,-0.000246,-0.001031,-0.00204,-0.000459
21201.145832000002,13.772,8.064195,-0.000243,-0.001027,-0.00205,-0.000456
21202.39591,13.772,8.153332,-0.000241,-0.001024,-0.002042,-0.000455
21204.896161,13.772,8.106957,-0.000241,-0.001026,-0.002039,-0.000454
21206.145939,13.772,8.773037,-0.000242,-0.001027,-0.002042,-0.000453
21208.661137,13.772,8.222813,-0.000245,-0.001029,-0.002048,-0.000456
21209.911967,13.772,8.378882,-0.000246,-0.001029,-0.002042,-0.000456
21212.412375,13.772,7.839016,-0.000243,-0.001027,-0.002042,-0.000456
21214.911744999998,13.772,7.802204,-0.000241,-0.001025,-0.00204,-0.000454
21216.160997,13.772,8.241193,-0.000241,-0.001025,-0.002046,-0.000451
21218.66264,13.772,7.903771,-0.00024,-0.001022,-0.002048,-0.00045
21219.912306,13.772,8.703555,-0.000238,-0.001022,-0.002046,-0.000446
21222.426371,13.772,8.040715,-0.000241,-0.001023,-0.002042,-0.000446
21224.927325,13.772,8.114128,-0.000239,-0.001021,-0.002042,-0.000445
21226.177768,13.772,8.388549,-0.000235,-0.001018,-0.002048,-0.000439
21228.693322,13.772,7.882788,-0.000234,-0.001018,-0.00205,-0.000442
21229.943774,13.772,8.200821,-0.000236,-0.001019,-0.002043,-0.000445
21232.458702,13.772,8.55418,-0.000233,-0.001016,-0.002044,-0.000443
21234.95912,13.772,8.63078,-0.00023,-0.001014,-0.002041,-0.000443
21236.22367,13.772,8.538562,-0.00023,-0.001015,-0.002044,-0.000446
21238.723358,13.772,8.091977,-0.000236,-0.00102,-0.002046,-0.000453
21239.974944,13.772,7.966188,-0.00024,-0.001025,-0.002041,-0.000459
21242.505726,13.772,8.133517,-0.000241,-0.001028,-0.002043,-0.000458
21245.01988,13.772,8.395987,-0.000245,-0.001029,-0.002039,-0.000458
21246.270772,13.772,7.855749,-0.000248,-0.001031,-0.002038,-0.000461
21248.770685,13.772,7.824514,-0.000264,-0.001049,-0.002048,-0.00048
21250.020028,13.772,8.166664,-0.000269,-0.001053,-0.002056,-0.000485
21252.521413,13.772,8.139732,-0.000271,-0.001052,-0.002061,-0.000483
21255.037131999998,13.772,8.163531,-0.000275,-0.001058,-0.002059,-0.000491
21256.302921,13.772,8.123902,-0.00028,-0.001058,-0.002057,-0.000492
21258.817650999998,13.772,7.880557,-0.000277,-0.001058,-0.002067,-0.000492
21260.083169999998,13.772,8.359545,-0.000275,-0.001059,-0.002062,-0.000492
21262.583687,13.772,7.944195,-0.000281,-0.001062,-0.002068,-0.000495
21265.082871,13.772,7.87413,-0.000276,-0.001059,-0.002064,-0.00049
21266.33331,13.772,8.782333,-0.00028,-0.001062,-0.002067,-0.000496
21268.833635,13.772,7.85798,-0.000282,-0.001061,-0.00207,-0.000496
21270.084796,13.772,8.44013,-0.000288,-0.001068,-0.002068,-0.000504
21272.5989,13.772,8.002522,-0.00028,-0.001059,-0.002071,-0.000495
21275.099109,13.772,8.406664,-0.000266,-0.001048,-0.002072,-0.000478
21276.365029,13.772,7.420691,-0.000264,-0.001047,-0.002076,-0.000476
21278.880545,13.772,8.652878,-0.000269,-0.00105,-0.002072,-0.000483
21280.130282,13.772,7.982814,-0.000266,-0.001049,-0.002079,-0.000482
21282.63075,13.772,7.870305,-0.000281,-0.001064,-0.002076,-0.000498
21285.143824,13.772,7.8915,-0.000279,-0.001063,-0.002077,-0.000493
21286.396417,13.772,8.173517,-0.000274,-0.001059,-0.002076,-0.000489
21288.911173,13.772,8.213783,-0.000265,-0.001048,-0.00208,-0.000479
21290.161771,13.772,7.819999,-0.000264,-0.001049,-0.00208,-0.000477
21292.662892,13.772,8.341909,-0.000279,-0.001057,-0.002087,-0.000489
21293.912862,13.772,8.032482,-0.000283,-0.001061,-0.00208,-0.000496
21296.427303,13.772,8.055058,-0.000292,-0.001075,-0.002086,-0.000517
21298.943543,13.772,8.388231,-0.00029,-0.001069,-0.002086,-0.000509
21300.193123,13.772,8.351631,-0.000287,-0.001066,-0.002082,-0.000504
21302.69344,13.772,7.935112,-0.000282,-0.001066,-0.002083,-0.000499
21303.959506,13.772,8.349028,-0.000284,-0.001065,-0.002085,-0.000498
21306.474051999998,13.772,8.101485,-0.000282,-0.001062,-0.002092,-0.000491
21308.97436,13.772,8.108232,-0.000278,-0.001059,-0.002098,-0.000493
21310.223863,13.772,8.2626,-0.000286,-0.00107,-0.002088,-0.00051
21312.724767,13.772,8.656862,-0.0003,-0.001083,-0.002081,-0.00052
21313.988808000002,13.772,8.055537,-0.000298,-0.00108,-0.002084,-0.000512
21316.489138,13.772,8.203371,-0.000293,-0.00108,-0.002085,-0.000515
21319.004732,13.772,8.445389,-0.000291,-0.001071,-0.002084,-0.000508
21320.25501,13.772,7.757475,-0.000293,-0.001076,-0.002089,-0.000514
21322.770774,13.772,8.179679,-0.000285,-0.00107,-0.002094,-0.000504
21324.020534,13.772,8.065842,-0.000288,-0.001071,-0.002087,-0.000504
21326.52149,13.772,7.846772,-0.000289,-0.001069,-0.002092,-0.000503
21329.03642,13.772,7.926825,-0.00028,-0.00106,-0.002086,-0.000492
21330.286137,13.772,8.655162,-0.000276,-0.001058,-0.00209,-0.00049
21332.786998,13.772,8.158962,-0.000283,-0.001065,-0.002095,-0.000495
21334.05254,13.772,8.264831,-0.000285,-0.001065,-0.00209,-0.000496
21336.567852,13.772,8.187328,-0.000286,-0.001063,-0.002092,-0.000493
21339.067187,13.772,7.858989,-0.00028,-0.001062,-0.002092,-0.000491
21340.317711,13.772,7.950677,-0.000282,-0.001064,-0.002093,-0.000492
21342.8178,13.772,8.139892,-0.000285,-0.001064,-0.002096,-0.000489
21344.067220999998,13.772,8.755029,-0.000283,-0.001064,-0.002092,-0.000492
21346.569035,13.772,8.278908,-0.000276,-0.001059,-0.002092,-0.000483
21349.082716999998,13.772,8.339201,-0.00028,-0.001062,-0.00209,-0.00049
21350.3328,13.772,8.542759,-0.000281,-0.001063,-0.002091,-0.000488
21352.834483,13.772,7.987702,-0.000281,-0.001062,-0.002091,-0.00049
21354.098557999998,13.772,8.062601,-0.00028,-0.001062,-0.002088,-0.000491
21356.599035,13.772,7.940689,-0.000273,-0.00106,-0.002089,-0.000485
21359.115518,13.772,8.186213,-0.000281,-0.001061,-0.00209,-0.00049
21360.365349,13.772,8.142335,-0.000285,-0.001066,-0.002081,-0.000499
21362.880830000002,13.772,7.525764,-0.000289,-0.001075,-0.00208,-0.000508
21364.146033,13.772,7.909136,-0.000297,-0.001079,-0.002079,-0.000511
21366.66172,13.772,7.87413,-0.000291,-0.001074,-0.00208,-0.000505
21369.16276,13.772,7.889162,-0.00029,-0.00107,-0.002087,-0.000505
21370.412734999998,13.772,7.774952,-0.000293,-0.001074,-0.002084,-0.000504
21372.926488999998,13.772,8.003903,-0.000287,-0.001069,-0.00208,-0.000496
21374.176525,13.772,8.90637,-0.000285,-0.001066,-0.002074,-0.000494
21376.677262999998,13.772,7.880876,-0.000281,-0.001062,-0.002071,-0.00049
21377.928028,13.772,8.048684,-0.000279,-0.001061,-0.002073,-0.000491
21380.442547,13.772,7.956679,-0.000281,-0.001062,-0.002062,-0.000491
21382.958318999998,13.772,8.03705,-0.000276,-0.001059,-0.002061,-0.000487
21384.208871,13.772,7.957954,-0.000276,-0.001059,-0.002065,-0.000484
21386.708375000002,13.772,8.603901,-0.000273,-0.001054,-0.002063,-0.000483
21387.958779,13.772,8.265788,-0.000271,-0.00105,-0.00206,-0.000481
21390.474889999998,13.772,8.325655,-0.000267,-0.001048,-0.002066,-0.000479
21392.989446,13.772,8.622918,-0.000264,-0.001047,-0.002071,-0.000479
21394.240796,13.772,8.040715,-0.000263,-0.001049,-0.002069,-0.000478
21396.740734,13.772,8.193225,-0.00027,-0.001053,-0.002059,-0.000483
21398.006117999998,13.772,7.867277,-0.000276,-0.001056,-0.002061,-0.000488
21400.521607,13.772,7.782283,-0.000277,-0.001057,-0.002061,-0.00049
21403.021751,13.772,7.460532,-0.000268,-0.001056,-0.002062,-0.000487
21404.271286,13.772,8.264991,-0.000266,-0.001051,-0.002069,-0.000483
21406.771173,13.772,7.861645,-0.000264,-0.001053,-0.00207,-0.00048
21408.021173,13.772,8.099361,-0.000268,-0.001057,-0.002059,-0.000483
21410.536799,13.772,7.980317,-0.000269,-0.001055,-0.002057,-0.000483
21413.052099,13.772,7.790623,-0.000267,-0.001052,-0.002059,-0.000476
21414.302853,13.772,8.642732,-0.000269,-0.001053,-0.00205,-0.000479
21416.802039000002,13.772,8.128099,-0.000266,-0.001049,-0.002051,-0.000476
21418.052759,13.772,8.219413,-0.000266,-0.001048,-0.002058,-0.000471
21420.552421,13.772,8.539572,-0.00026,-0.001044,-0.002053,-0.00047
21423.053194,13.772,7.276309,-0.000259,-0.001043,-0.00205,-0.000471
21424.31777,13.772,7.754342,-0.00026,-0.001044,-0.002047,-0.000472
21426.817774,13.772,8.051234,-0.000255,-0.001038,-0.002045,-0.000469
21428.06788,13.772,7.724913,-0.000252,-0.001039,-0.00205,-0.000469
21430.583658,13.772,8.275775,-0.000249,-0.001035,-0.002055,-0.000464
21433.098657,13.772,8.944565,-0.000246,-0.001032,-0.002053,-0.000462
21434.347972,13.772,7.851446,-0.000245,-0.001034,-0.002056,-0.000462
21436.864268999998,13.772,8.162097,-0.000251,-0.001037,-0.002057,-0.000464
21438.114554,13.772,8.045284,-0.000253,-0.00104,-0.00205,-0.000468
21440.614672,13.772,7.90478,-0.000256,-0.001041,-0.002053,-0.000467
21443.131582,13.772,8.155668,-0.000256,-0.001041,-0.002047,-0.00047
21444.396333,13.772,8.036094,-0.000253,-0.001038,-0.00205,-0.000465
21446.91222,13.772,7.798856,-0.000255,-0.001037,-0.002054,-0.000464
21448.162344,13.772,7.563373,-0.000256,-0.001039,-0.002052,-0.000465
21450.661447,13.772,7.999919,-0.000254,-0.001039,-0.002052,-0.000466
21451.912009,13.772,7.805019,-0.000253,-0.001035,-0.002058,-0.000465
21454.427087,13.772,9.074232,-0.000252,-0.001036,-0.002056,-0.000462
21456.943277,13.772,7.852615,-0.000254,-0.001038,-0.00205,-0.000462
21458.19375,13.772,8.346106,-0.000254,-0.001036,-0.002055,-0.000463
21460.693664,13.772,8.590408,-0.000251,-0.001032,-0.002058,-0.000457
21461.943517,13.772,8.280821,-0.000248,-0.001034,-0.002054,-0.000458
21464.443311,13.772,8.183397,-0.000255,-0.001035,-0.002055,-0.000463
21466.943012,13.772,8.019946,-0.000255,-0.001036,-0.002054,-0.000463
21468.192886,13.772,7.769215,-0.000253,-0.001034,-0.00205,-0.000461
21470.692754,13.772,8.181698,-0.000251,-0.001033,-0.002056,-0.00046
21471.943376,13.772,7.840875,-0.000249,-0.001032,-0.002057,-0.000461
21474.458556999998,13.772,8.278431,-0.000251,-0.001032,-0.00205,-0.000465
21476.959617,13.772,7.91312,-0.000251,-0.00103,-0.002051,-0.000461
21478.208925,13.772,7.88417,-0.00025,-0.001031,-0.002051,-0.000461
21480.724352,13.772,7.74547,-0.000248,-0.001032,-0.002055,-0.000459
21481.990302,13.772,8.132561,-0.000248,-0.001034,-0.00205,-0.00046
21484.505634,13.772,8.096652,-0.000243,-0.001029,-0.002053,-0.000456
21487.006359,13.772,8.224991,-0.000243,-0.001029,-0.002051,-0.000452
21488.271231,13.772,7.977078,-0.000244,-0.00103,-0.00205,-0.000457
21490.771961,13.772,8.219201,-0.000244,-0.001031,-0.002049,-0.000459
21492.036603,13.772,8.547912,-0.000246,-0.00103,-0.002054,-0.000459
21494.536498,13.772,8.896542,-0.00024,-0.001024,-0.002054,-0.000456
21497.036038,13.772,8.20183,-0.00024,-0.001026,-0.002053,-0.000452
21498.286787,13.772,7.842575,-0.000243,-0.001028,-0.002047,-0.000455
21500.802208,13.772,7.872058,-0.000248,-0.001033,-0.002057,-0.000461
21502.05273,13.772,7.826055,-0.000248,-0.00103,-0.002055,-0.000458
21504.568709,13.772,8.314605,-0.000242,-0.001029,-0.002051,-0.000456
21507.083323,13.772,8.672108,-0.000251,-0.001037,-0.002048,-0.000463
21508.333735,13.772,7.170227,-0.000256,-0.001038,-0.002053,-0.000464
21510.833328,13.772,8.530541,-0.000257,-0.001039,-0.002051,-0.000468
21512.083762,13.772,7.415751,-0.000257,-0.00104,-0.002045,-0.000467
21514.582957,13.772,7.913651,-0.000257,-0.00104,-0.002045,-0.000467
21517.099026,13.772,8.528522,-0.000256,-0.00104,-0.002045,-0.000465
21518.34835,13.772,8.153544,-0.000251,-0.001036,-0.00205,-0.000463
21520.834715,13.772,8.018883,-0.000252,-0.001038,-0.002044,-0.00046
21522.098353,13.772,8.250914,-0.000255,-0.001038,-0.002042,-0.000462
21524.598693,13.772,7.786107,-0.000252,-0.001037,-0.002044,-0.000461
21527.098454,13.772,8.011128,-0.000249,-0.001036,-0.002042,-0.000462
21528.347884,13.772,8.223132,-0.000249,-0.001034,-0.002048,-0.00046
21530.848808,13.772,8.631576,-0.000256,-0.001038,-0.002045,-0.000462
21532.097709,13.772,8.406186,-0.000256,-0.001039,-0.002044,-0.000463
21534.598385999998,13.772,7.99875,-0.000257,-0.001043,-0.002047,-0.000467
21537.114726,13.772,8.231153,-0.000258,-0.001041,-0.002046,-0.000464
21538.364868,13.772,8.525282,-0.000253,-0.001038,-0.002054,-0.000463
21540.865574,13.772,8.318164,-0.000252,-0.001036,-0.002053,-0.000459
21542.13108,13.772,8.001991,-0.00025,-0.001035,-0.002048,-0.000458
21544.631214,13.772,8.250383,-0.000248,-0.001032,-0.002047,-0.000457
21547.161565,13.772,8.874125,-0.00025,-0.001032,-0.002053,-0.000456
21548.411406,13.772,7.587862,-0.000252,-0.001033,-0.002047,-0.000459
21550.912851,13.772,8.371498,-0.000249,-0.001031,-0.002049,-0.000457
21552.161104,13.772,7.540797,-0.000244,-0.001028,-0.002049,-0.000455
21554.661212,13.772,7.31769,-0.000244,-0.001027,-0.002048,-0.000451
21557.161114,13.772,7.717316,-0.000245,-0.001029,-0.002051,-0.000454
21558.41159,13.772,7.768418,-0.000245,-0.001032,-0.002043,-0.000456
21560.911864,13.772,8.033226,-0.000245,-0.001029,-0.002043,-0.000454
21562.161723999998,13.772,8.954445,-0.000244,-0.001028,-0.002049,-0.000454
21564.662236,13.772,8.162362,-0.000246,-0.001029,-0.00205,-0.000453
21567.176227,13.772,7.674714,-0.000241,-0.001026,-0.002051,-0.000449
21568.426438,13.772,8.234659,-0.000241,-0.001028,-0.002044,-0.000452
21570.927734,13.772,7.716626,-0.000241,-0.001026,-0.002045,-0.000451
21572.177637,13.772,8.540368,-0.00024,-0.001024,-0.002052,-0.00045
21574.69382,13.772,9.009903,-0.000243,-0.001025,-0.002047,-0.000452
21575.943256,13.772,8.298245,-0.000244,-0.001026,-0.002042,-0.000451
21578.443345,13.772,8.299413,-0.00024,-0.001025,-0.002045,-0.000448
21580.92717,13.772,8.259519,-0.000239,-0.001022,-0.002045,-0.000443
21582.192743,13.772,7.673227,-0.00024,-0.001022,-0.00205,-0.000443
21584.692708,13.772,8.248895,-0.000236,-0.001022,-0.002055,-0.000443
21585.942064,13.772,7.669986,-0.000237,-0.001023,-0.002048,-0.000445
21588.443209999998,13.772,7.766985,-0.000234,-0.001021,-0.002046,-0.000447
21590.942985,13.772,8.161034,-0.000231,-0.001016,-0.002041,-0.000441
21592.192815,13.772,7.783771,-0.000228,-0.001017,-0.002047,-0.000441
21594.708824,13.772,7.851552,-0.000236,-0.001024,-0.002048,-0.000452
21595.958211999998,13.772,8.728362,-0.000243,-0.001032,-0.002041,-0.000461
21598.458454,13.772,8.11296,-0.00025,-0.001036,-0.002035,-0.000464
21600.958499,13.772,8.060795,-0.000246,-0.001033,-0.002036,-0.000459
21602.208642999998,13.772,8.410913,-0.000248,-0.001033,-0.002043,-0.000455
21604.708946,13.772,8.520874,-0.000256,-0.001038,-0.002046,-0.000464
21605.958687,13.772,7.829135,-0.000263,-0.001047,-0.002046,-0.000472
21608.45837,13.772,8.231312,-0.000275,-0.001058,-0.002052,-0.000489
21610.95854,13.772,7.903877,-0.000275,-0.001054,-0.002055,-0.000482
21612.208494,13.772,8.273225,-0.000272,-0.001055,-0.002061,-0.000482
21614.72396,13.772,8.83046,-0.000269,-0.001052,-0.002063,-0.000483
21615.973609,13.772,8.126771,-0.00027,-0.001055,-0.002058,-0.000486
21618.473699000002,13.772,7.994501,-0.000282,-0.001065,-0.002065,-0.000494
21620.98982,13.772,8.191047,-0.000288,-0.001071,-0.002066,-0.000501
21622.255104,13.772,8.158219,-0.000285,-0.001066,-0.002063,-0.000495
21624.771189,13.772,8.273012,-0.000277,-0.001059,-0.002068,-0.000488
21626.021655,13.772,7.914873,-0.000274,-0.001057,-0.002076,-0.000483
21628.520946,13.772,8.081618,-0.000287,-0.00107,-0.00208,-0.000505
21631.037080000002,13.772,7.820265,-0.000296,-0.001078,-0.002081,-0.000508
21632.30362,13.772,7.688632,-0.000296,-0.001081,-0.002079,-0.00051
21634.814157,13.772,7.52518,-0.000295,-0.001075,-0.002076,-0.000505
21636.05131,13.772,7.858936,-0.00029,-0.001072,-0.00207,-0.000501
21638.551649,13.772,8.116572,-0.000294,-0.001081,-0.00207,-0.000509
21641.052003,13.772,8.542387,-0.000294,-0.001077,-0.00207,-0.000508
21642.30232,13.772,8.397899,-0.000295,-0.001078,-0.002075,-0.000507
21644.802098,13.772,8.833063,-0.000303,-0.001087,-0.002076,-0.00052
21646.052597,13.772,7.960398,-0.000305,-0.001089,-0.00208,-0.000522
21648.552668,13.772,7.91498,-0.000307,-0.001088,-0.002076,-0.000519
21651.06795,13.772,8.280449,-0.000303,-0.00109,-0.002073,-0.000519
21652.318182,13.772,8.543928,-0.000316,-0.001097,-0.002086,-0.000531
21654.849708,13.772,8.779092,-0.000325,-0.001107,-0.002093,-0.000545
21656.099218,13.772,7.852774,-0.000319,-0.001102,-0.002097,-0.000534
21658.615137,13.772,7.797157,-0.000303,-0.001087,-0.002092,-0.000518
21661.11591,13.772,8.586956,-0.000305,-0.001089,-0.002072,-0.000521
21662.366076,13.772,7.057665,-0.000305,-0.001087,-0.002081,-0.000521
21664.862945,13.772,7.981699,-0.00031,-0.001093,-0.002088,-0.000527
21666.114711000002,13.772,7.513493,-0.000308,-0.001093,-0.002092,-0.000526
21668.614308,13.772,8.501962,-0.000311,-0.001095,-0.0021,-0.000528
21671.130881,13.772,8.405708,-0.000316,-0.001096,-0.002096,-0.000531
21672.380958,13.772,8.034076,-0.000321,-0.001097,-0.002093,-0.000531
21674.895783,13.772,8.030729,-0.000315,-0.001097,-0.002094,-0.000532
21676.145697,13.772,7.929163,-0.000306,-0.001093,-0.002088,-0.000526
21678.663348000002,13.772,8.057289,-0.000313,-0.001099,-0.002084,-0.000536
21681.177684,13.772,8.113013,-0.000316,-0.001101,-0.002091,-0.000534
21682.427262,13.772,7.832004,-0.000315,-0.0011,-0.002089,-0.000527
21684.927215,13.772,7.933041,-0.000301,-0.001084,-0.002092,-0.000514
21686.176939999998,13.772,8.121512,-0.000302,-0.001086,-0.002084,-0.000516
21688.694052,13.772,8.448098,-0.000288,-0.001077,-0.002095,-0.000501
21689.957751,13.772,7.808153,-0.00028,-0.001075,-0.002093,-0.000496
21692.45853,13.772,8.144301,-0.000277,-0.001067,-0.00209,-0.000491
21694.958681,13.772,7.89984,-0.000285,-0.001071,-0.00209,-0.000496
21696.20833,13.772,8.078485,-0.000284,-0.001074,-0.002099,-0.000497
21698.708894,13.772,7.825417,-0.000285,-0.00107,-0.002098,-0.000497
21699.974255,13.772,8.296226,-0.000288,-0.001073,-0.002092,-0.000498
21702.50619,13.772,8.007196,-0.000287,-0.001073,-0.002098,-0.000501
21705.021661,13.772,8.082309,-0.000287,-0.001069,-0.002095,-0.000496
21706.268573,13.772,8.205177,-0.000286,-0.001071,-0.002093,-0.0005
21708.771122,13.772,8.023239,-0.000284,-0.001068,-0.002084,-0.000496
21710.021819,13.772,9.421216,-0.000286,-0.001069,-0.002089,-0.000499
21712.521899,13.772,7.877742,-0.000286,-0.00107,-0.002085,-0.000501
21715.036482,13.772,7.868605,-0.000293,-0.001076,-0.002078,-0.000506
21716.287059,13.772,8.135058,-0.000297,-0.001084,-0.002076,-0.000512
21718.802691999997,13.772,7.813412,-0.000306,-0.00109,-0.002084,-0.000516
21720.052276,13.772,7.901646,-0.000307,-0.001091,-0.002088,-0.000518
21722.552176999998,13.772,8.395243,-0.000305,-0.001087,-0.00209,-0.000518
21725.068927,13.772,7.800556,-0.000301,-0.001085,-0.002085,-0.000517
21726.316158,13.772,8.326611,-0.000304,-0.001085,-0.00209,-0.000511
21728.833091,13.772,7.803053,-0.0003,-0.001082,-0.002088,-0.000508
21730.082876,13.772,8.156147,-0.000297,-0.001081,-0.002082,-0.000512
21732.583732,13.772,8.274871,-0.000303,-0.001087,-0.002085,-0.000518
21735.097813,13.772,8.205602,-0.000303,-0.001087,-0.00209,-0.000517
21736.347951,13.772,7.14186,-0.000296,-0.001083,-0.002092,-0.000509
21738.849282,13.772,7.796679,-0.0003,-0.001087,-0.002091,-0.000518
21740.114864,13.772,7.672217,-0.000301,-0.001087,-0.002091,-0.000518
21742.615766,13.772,8.01883,-0.000302,-0.001088,-0.002084,-0.000521
21745.113717,13.772,8.420476,-0.000295,-0.001082,-0.002078,-0.000512
21746.36605,13.772,8.392215,-0.0003,-0.001085,-0.002078,-0.000517
21748.866174,13.772,7.860955,-0.000305,-0.001087,-0.002095,-0.000519
21750.130443000002,13.772,7.891925,-0.000303,-0.001086,-0.002092,-0.000518
21752.64617,13.772,8.14956,-0.000301,-0.001083,-0.00209,-0.000515
21755.146151,13.772,6.502341,-0.000308,-0.001089,-0.002089,-0.000523
21756.396587,13.772,8.118325,-0.000313,-0.001094,-0.002083,-0.000521
21758.896094,13.772,8.249692,-0.000299,-0.001083,-0.002086,-0.000511
21760.161432,13.772,8.061008,-0.000299,-0.001081,-0.002089,-0.000514
21762.662723,13.772,8.707221,-0.000307,-0.001088,-0.002089,-0.000517
21765.162168,13.772,7.751367,-0.000305,-0.001088,-0.002094,-0.000516
21766.411883,13.772,8.171392,-0.000303,-0.001087,-0.002088,-0.000516
21768.911766,13.772,8.924538,-0.000299,-0.001083,-0.002085,-0.000512
21770.162049,13.772,8.059255,-0.0003,-0.001082,-0.002084,-0.000514
21772.678846,13.772,7.945364,-0.0003,-0.001083,-0.00209,-0.000514
21775.177193,13.772,8.336172,-0.000296,-0.001078,-0.002085,-0.000508
21776.427154999998,13.772,8.107807,-0.000293,-0.001071,-0.002085,-0.000504
21778.94357,13.772,7.384888,-0.000292,-0.001074,-0.002086,-0.000505
21780.208941999997,13.772,8.023345,-0.000294,-0.001076,-0.002089,-0.000506
21782.740668,13.772,7.484701,-0.000297,-0.001077,-0.002079,-0.000507
21783.989407,13.772,7.869986,-0.000292,-0.001072,-0.002085,-0.000503
21786.505074,13.772,7.897077,-0.000287,-0.001073,-0.002083,-0.000504
21789.005869,13.772,7.913385,-0.000289,-0.001075,-0.002077,-0.000503
21790.25665,13.772,8.183026,-0.000293,-0.001077,-0.002069,-0.000508
21792.785936,13.772,8.231631,-0.00029,-0.001072,-0.002071,-0.0005
21794.036299,13.772,8.720182,-0.000288,-0.001073,-0.002069,-0.000498
21796.552659,13.772,8.14802,-0.000286,-0.001072,-0.002065,-0.0005
21799.052832,13.772,8.038431,-0.00028,-0.001066,-0.00207,-0.000494
21800.301543,13.772,7.670996,-0.00028,-0.001063,-0.002075,-0.000492
21802.817293,13.772,8.012721,-0.000285,-0.00107,-0.002078,-0.000498
21804.067405,13.772,8.342547,-0.000287,-0.00107,-0.002072,-0.000502
21806.566352,13.772,8.518536,-0.000285,-0.001069,-0.002072,-0.000498
21809.08318,13.772,8.092614,-0.000283,-0.001067,-0.002066,-0.000495
21810.33387,13.772,8.146054,-0.000282,-0.001066,-0.002071,-0.000493
21812.850028,13.772,8.415376,-0.000282,-0.001066,-0.002068,-0.000494
21814.098004,13.772,7.949082,-0.000281,-0.001067,-0.002068,-0.000494
21816.598585,13.772,7.546587,-0.000282,-0.001065,-0.002069,-0.000495
21819.098907,13.772,7.895112,-0.000278,-0.001062,-0.002071,-0.000492
21820.348320999998,13.772,7.806878,-0.000278,-0.001061,-0.002076,-0.000489
21822.864961,13.772,7.875935,-0.000275,-0.001063,-0.002072,-0.00049
21824.114599,13.772,8.436571,-0.00028,-0.001066,-0.002065,-0.000491
21826.598933,13.772,8.000504,-0.000281,-0.001064,-0.00207,-0.000493
21829.129583,13.772,7.763585,-0.000279,-0.001064,-0.002066,-0.00049
21830.380798,13.772,7.838538,-0.000275,-0.00106,-0.002073,-0.000486
21832.911654,13.772,8.064992,-0.00027,-0.001055,-0.002063,-0.000482
21834.160913,13.772,8.338297,-0.00027,-0.001053,-0.002068,-0.000479
21836.661797,13.772,8.211977,-0.000271,-0.001053,-0.002065,-0.000483
21839.160820999998,13.772,8.004753,-0.000267,-0.001052,-0.00206,-0.000483
21840.412803,13.772,8.519864,-0.000264,-0.001051,-0.00206,-0.000478
21842.942691,13.772,8.953064,-0.000262,-0.001048,-0.002054,-0.000477
21844.194004999998,13.772,8.167302,-0.000259,-0.001046,-0.002062,-0.000473
21846.708691,13.772,8.320555,-0.000259,-0.001044,-0.00206,-0.00047
21847.973526,13.772,7.777449,-0.000259,-0.001045,-0.002059,-0.000469
21850.474575,13.772,7.622231,-0.000258,-0.001046,-0.002054,-0.000471
21852.990916,13.772,8.117793,-0.000257,-0.001045,-0.00206,-0.000472
21854.256364,13.772,8.136067,-0.000259,-0.001049,-0.002052,-0.000476
21856.770291,13.772,8.268815,-0.000262,-0.001048,-0.002053,-0.000474
21858.02081,13.772,8.446079,-0.00026,-0.001048,-0.002055,-0.000473
21860.536085,13.772,8.059839,-0.00026,-0.001048,-0.002054,-0.000473
21863.052903,13.772,8.070729,-0.00026,-0.001045,-0.002058,-0.000474
21864.303285,13.772,8.359227,-0.000262,-0.001049,-0.002057,-0.000477
21866.833908,13.772,7.733678,-0.000261,-0.001044,-0.002054,-0.000474
21868.083755,13.772,7.885975,-0.000258,-0.001043,-0.002051,-0.000468
21870.582846999998,13.772,7.662655,-0.000246,-0.001032,-0.002053,-0.000458
21873.083002,13.772,7.861858,-0.000243,-0.001028,-0.002051,-0.000457
21874.330572,13.772,8.532773,-0.000245,-0.001031,-0.002054,-0.000459
21876.832744,13.772,7.585631,-0.000249,-0.001033,-0.002052,-0.000461
21878.083665,13.772,8.110145,-0.000249,-0.001036,-0.002043,-0.000463
21880.583422,13.772,7.766028,-0.000246,-0.001034,-0.002042,-0.000459
21883.098905,13.772,8.355455,-0.000241,-0.001027,-0.002042,-0.000453
21884.349767,13.772,8.221591,-0.000241,-0.001024,-0.002046,-0.00045
21886.864459,13.772,7.267756,-0.000238,-0.001024,-0.002046,-0.000446
21888.130274,13.772,8.134208,-0.000237,-0.001021,-0.002044,-0.000448
21890.629548999997,13.772,8.121194,-0.000229,-0.001018,-0.002047,-0.000443
21893.13089,13.772,8.666158,-0.000227,-0.001017,-0.002042,-0.000442
21894.395661,13.772,7.977555,-0.000227,-0.001018,-0.002045,-0.000441
21896.895879,13.772,8.201565,-0.000225,-0.001017,-0.002049,-0.000443
21898.163162,13.772,8.220051,-0.000224,-0.001019,-0.002048,-0.000446
21900.661924,13.772,8.024195,-0.000233,-0.001025,-0.002049,-0.00045
21903.160941000002,13.772,7.787489,-0.000232,-0.001022,-0.002051,-0.00045
21904.411248,13.772,8.347699,-0.000229,-0.001018,-0.002049,-0.000447
21906.911134,13.772,8.332401,-0.000231,-0.001022,-0.00205,-0.00045
21908.162003999998,13.772,8.881987,-0.000236,-0.001028,-0.002044,-0.000452
21910.662183,13.772,8.741483,-0.000242,-0.00103,-0.002042,-0.000454
21913.160953,13.772,7.734156,-0.000237,-0.001025,-0.002042,-0.000447
21914.411535,13.772,8.172455,-0.000234,-0.001021,-0.002045,-0.000444
21916.92717,13.772,8.027914,-0.000233,-0.001019,-0.002044,-0.000444
21918.177133999998,13.772,7.778139,-0.000234,-0.001021,-0.002037,-0.000447
21920.676112,13.772,8.85888,-0.000239,-0.001022,-0.00204,-0.000444
21923.17796,13.772,8.480873,-0.000236,-0.001024,-0.002038,-0.000449
21924.427861,13.772,7.549296,-0.000232,-0.001019,-0.002042,-0.000444
21926.927557,13.772,8.385044,-0.000226,-0.001015,-0.00204,-0.00044
21928.177024,13.772,7.677211,-0.000226,-0.001014,-0.002037,-0.000438
21930.678107,13.772,7.650172,-0.000223,-0.001012,-0.002039,-0.000432
21933.177365,13.772,8.435508,-0.000223,-0.001012,-0.002041,-0.000433
21934.427388,13.772,7.540212,-0.000225,-0.001014,-0.002038,-0.000437
21936.927996,13.772,7.8949,-0.000226,-0.001013,-0.002037,-0.000437
21938.192878,13.772,8.111579,-0.000231,-0.001017,-0.002039,-0.000439
21940.693632,13.772,8.321405,-0.000236,-0.001019,-0.002045,-0.000444
21941.958900999998,13.772,7.972721,-0.000237,-0.001019,-0.002046,-0.000447
21944.474024,13.772,8.050437,-0.000233,-0.00102,-0.002046,-0.000448
21947.006378,13.772,7.970225,-0.000239,-0.001025,-0.002044,-0.000452
21948.271125,13.772,8.370648,-0.000241,-0.001028,-0.002049,-0.000454
21950.786947,13.772,8.151419,-0.000246,-0.001033,-0.002045,-0.000462
21952.035618,13.772,7.844488,-0.000242,-0.001027,-0.002049,-0.000457
21954.567074,13.772,8.750939,-0.000248,-0.001032,-0.002054,-0.00046
21957.067750000002,13.772,7.938618,-0.000248,-0.001031,-0.002053,-0.000463
21958.317808,13.772,8.245549,-0.00025,-0.001034,-0.002042,-0.000464
21960.833744,13.772,8.362414,-0.000256,-0.001039,-0.002051,-0.000466
21962.079157,13.772,7.353122,-0.000256,-0.001037,-0.002053,-0.000466
21964.567769,13.772,8.053411,-0.000251,-0.001034,-0.002054,-0.000463
21967.083632,13.772,8.806609,-0.000246,-0.00103,-0.002063,-0.000455
21968.33265,13.772,7.764435,-0.000253,-0.001035,-0.002059,-0.00046
21970.849494000002,13.772,7.985789,-0.000258,-0.001042,-0.00206,-0.000473
21972.115247,13.772,8.339678,-0.000258,-0.001041,-0.002063,-0.000471
21974.646409,13.772,7.924063,-0.00025,-0.001038,-0.002058,-0.000465
21977.146058,13.772,7.931659,-0.000252,-0.001035,-0.002057,-0.000463
21978.41248,13.772,7.588286,-0.000255,-0.001039,-0.002085,-0.000468
21980.926513,13.772,8.218139,-0.000262,-0.001047,-0.002014,-0.000478
21982.177183,13.772,8.614843,-0.000275,-0.001057,-0.002021,-0.000488
21984.693863,13.772,8.111898,-0.000276,-0.001057,-0.00203,-0.000487
21987.207839000002,13.772,8.231791,-0.000274,-0.001054,-0.002026,-0.000484
21988.458919,13.772,7.519124,-0.000272,-0.001054,-0.00203,-0.000487
21990.989006,13.772,8.879065,-0.000273,-0.001054,-0.002031,-0.000486
21992.255393,13.772,7.644329,-0.000278,-0.00106,-0.002033,-0.000491
21994.77086,13.772,8.162415,-0.000275,-0.001055,-0.002031,-0.000484
21996.021115,13.772,8.410011,-0.000267,-0.001049,-0.002026,-0.000481
21998.52147,13.772,7.910783,-0.000258,-0.001043,-0.002032,-0.000472
22001.020361,13.772,8.155563,-0.000248,-0.001033,-0.002035,-0.000461
22002.271632,13.772,7.37862,-0.000245,-0.00103,-0.002037,-0.000456
22004.771259,13.772,8.026745,-0.000247,-0.001031,-0.002037,-0.000455
22006.021329,13.772,8.29766,-0.000245,-0.001032,-0.002041,-0.000454
22008.505563,13.772,8.492135,-0.000251,-0.001037,-0.002037,-0.000465
22011.005505,13.772,8.355668,-0.000256,-0.001039,-0.002041,-0.000464
22012.256163,13.772,7.840132,-0.000256,-0.001037,-0.002036,-0.000465
22014.771421999998,13.772,8.542653,-0.00026,-0.001041,-0.002035,-0.000468
22016.022177,13.772,9.1154,-0.000264,-0.001042,-0.002045,-0.000471
22018.521149,13.772,7.900318,-0.000272,-0.001046,-0.00205,-0.000483
22021.03674,13.772,7.991579,-0.000276,-0.001049,-0.00205,-0.000493
22022.286696,13.772,8.316996,-0.000274,-0.001048,-0.002046,-0.000496
22024.786108,13.772,8.278484,-0.00028,-0.001049,-0.002046,-0.000497
22026.052851,13.772,8.223823,-0.000279,-0.001047,-0.002047,-0.000496
22028.567833,13.772,8.378138,-0.000296,-0.001062,-0.002043,-0.000522
22031.067901000002,13.772,9.084006,-0.000294,-0.001055,-0.002043,-0.000518
22032.333940999997,13.772,7.896599,-0.000287,-0.001048,-0.002046,-0.000509
22034.849408000002,13.772,8.912159,-0.000294,-0.001049,-0.002045,-0.000519
22036.09839,13.772,8.228125,-0.000297,-0.001051,-0.002048,-0.000526
22038.599732000002,13.772,8.514127,-0.00029,-0.001045,-0.002047,-0.000522
22041.115763,13.772,8.900048,-0.000292,-0.001042,-0.002049,-0.000518
22042.363823,13.772,8.313225,-0.000294,-0.001042,-0.00205,-0.000519
22044.866236,13.772,8.453941,-0.000326,-0.001072,-0.002051,-0.000565
22046.114693,13.772,8.97479,-0.000326,-0.001069,-0.002052,-0.000557
22048.630713,13.772,8.870672,-0.000313,-0.001054,-0.002053,-0.000549
22051.144394,13.772,8.434393,-0.000313,-0.001048,-0.002053,-0.000551
22052.396039,13.772,9.579356,-0.000318,-0.001056,-0.002055,-0.000563
22054.913854,13.772,9.109876,-0.000322,-0.001057,-0.002046,-0.000566
22056.161607000002,13.772,8.832054,-0.000318,-0.001054,-0.002047,-0.000566
22058.662951,13.772,9.30961,-0.00033,-0.001063,-0.002051,-0.00058
22061.177254000002,13.772,9.416063,-0.000338,-0.001069,-0.00205,-0.00059
22062.427136,13.772,9.237631,-0.000346,-0.001072,-0.002043,-0.000596
22064.927131999997,13.772,9.357684,-0.00034,-0.001069,-0.002049,-0.000595
22066.176948,13.772,9.453036,-0.00033,-0.001059,-0.00206,-0.000592
22068.677067,13.772,9.709661,-0.000331,-0.001057,-0.002062,-0.000592
22071.193818,13.772,8.790673,-0.000335,-0.001054,-0.002061,-0.000594
22072.459504,13.772,9.429077,-0.000335,-0.001052,-0.002064,-0.000595
22074.989695,13.772,9.232691,-0.000339,-0.001054,-0.002057,-0.000601
22076.255877,13.772,9.022493,-0.000343,-0.001057,-0.002057,-0.000609
22078.771064,13.772,9.37771,-0.000344,-0.001059,-0.002056,-0.000609
22080.021202,13.772,9.140899,-0.000345,-0.001054,-0.002063,-0.000608
22082.521236,13.772,9.17208,-0.000343,-0.001055,-0.002062,-0.000612
22085.048832,13.772,9.608892,-0.000344,-0.001052,-0.002064,-0.000614
22086.286502,13.772,9.332133,-0.000353,-0.001058,-0.002064,-0.000622
22088.803834,13.772,10.009476,-0.000355,-0.001057,-0.002065,-0.000625
22090.053193,13.772,9.165493,-0.000353,-0.001052,-0.00206,-0.000622
22092.568180000002,13.772,9.650538,-0.000352,-0.00105,-0.002053,-0.000626
22095.067732,13.772,9.556674,-0.000379,-0.001074,-0.002057,-0.000658
22096.318563,13.772,9.678426,-0.000381,-0.001075,-0.002063,-0.000663
22098.833713,13.772,9.475558,-0.000382,-0.001073,-0.002065,-0.000662
22100.083057,13.772,10.050909,-0.000379,-0.001065,-0.002068,-0.000656
22102.583593,13.772,10.641664,-0.000374,-0.001061,-0.002058,-0.000655
22105.115872000002,13.772,10.522462,-0.000386,-0.001073,-0.002055,-0.000669
22106.365984,13.772,9.498082,-0.000385,-0.001069,-0.00205,-0.000663
22108.865706999997,13.772,9.407511,-0.000379,-0.00106,-0.002045,-0.000662
22110.114672,13.772,9.896433,-0.000374,-0.001054,-0.002047,-0.000654
22112.615641999997,13.772,10.223445,-0.000368,-0.001044,-0.002049,-0.000648
22115.130138,13.772,10.050643,-0.000366,-0.001038,-0.002054,-0.000645
22116.377821000002,13.772,9.470353,-0.000368,-0.001036,-0.002057,-0.00065
22118.896147,13.772,9.956938,-0.00037,-0.00104,-0.002045,-0.000659
22120.146129,13.772,9.376701,-0.000369,-0.00104,-0.002053,-0.000662
22122.676525,13.772,10.241772,-0.000375,-0.001041,-0.002041,-0.000669
22125.176858,13.772,10.174521,-0.000376,-0.001041,-0.002044,-0.000668
22126.42697,13.772,10.024031,-0.000376,-0.001038,-0.002054,-0.000672
22128.943715,13.772,10.640708,-0.000387,-0.001042,-0.002057,-0.000676
22130.208953,13.772,10.074388,-0.000386,-0.001041,-0.002059,-0.000678
22132.708940999997,13.772,9.832848,-0.000387,-0.00104,-0.002059,-0.000682
22135.208724,13.772,10.211812,-0.000392,-0.001041,-0.00205,-0.000686
22136.473823,13.772,10.158638,-0.000394,-0.001044,-0.002045,-0.000691
22138.991097,13.772,11.083045,-0.000391,-0.00104,-0.002047,-0.000688
22140.255755,13.772,10.30132,-0.000392,-0.001038,-0.002042,-0.000689
22142.771282,13.772,10.158585,-0.000391,-0.001033,-0.002041,-0.000685
22144.037059000002,13.772,9.60767,-0.00039,-0.001032,-0.002036,-0.000686
22146.553159,13.772,10.417122,-0.000391,-0.001031,-0.002041,-0.000691
22149.068737,13.772,10.718795,-0.000392,-0.00103,-0.002039,-0.00069
22150.334515000002,13.772,10.510721,-0.000392,-0.001029,-0.002036,-0.000695
22152.849982,13.772,10.156088,-0.000396,-0.00103,-0.002034,-0.000699
22154.100114,13.772,10.410058,-0.000397,-0.001031,-0.002033,-0.0007
22156.614959,13.772,10.381266,-0.000397,-0.001026,-0.002034,-0.000702
22159.131187,13.772,10.67412,-0.000395,-0.001021,-0.002039,-0.0007
22160.395917,13.772,10.932765,-0.000397,-0.001019,-0.002036,-0.000702
22162.927110999997,13.772,10.594546,-0.000395,-0.001015,-0.002034,-0.000702
22164.193753,13.772,10.549128,-0.000396,-0.001013,-0.002039,-0.000704
22166.723877999997,13.772,10.510244,-0.000401,-0.001017,-0.00203,-0.000708
22167.990101,13.772,10.611545,-0.000399,-0.001016,-0.002033,-0.00071
22170.520817999997,13.772,10.330058,-0.000403,-0.001017,-0.002032,-0.000713
22173.036113000002,13.772,10.24294,-0.000405,-0.001016,-0.002034,-0.000715
22174.286712,13.772,10.852075,-0.00041,-0.001018,-0.002029,-0.000719
22176.801678,13.772,10.712527,-0.000411,-0.001018,-0.002026,-0.00072
22178.051991,13.772,10.569632,-0.00041,-0.001014,-0.002028,-0.000718
22180.567193,13.772,10.873429,-0.000413,-0.001015,-0.00202,-0.000722
22183.067784,13.772,11.16517,-0.000414,-0.001011,-0.002023,-0.000722
22184.331736,13.772,10.551572,-0.000413,-0.001008,-0.002027,-0.000722
22186.833432,13.772,11.027056,-0.000414,-0.001007,-0.002021,-0.000724
22188.084797,13.772,11.093404,-0.000414,-0.001007,-0.002022,-0.000722
22190.583709,13.772,10.834651,-0.000417,-0.001006,-0.002018,-0.000725
22193.09897,13.772,10.699991,-0.000417,-0.001003,-0.002019,-0.000724
22194.364455,13.772,10.292661,-0.000417,-0.001001,-0.002017,-0.000728
22196.881186,13.772,10.983973,-0.000418,-0.000997,-0.002023,-0.000726
22198.14674,13.772,10.98971,-0.000416,-0.000997,-0.00202,-0.000726
22200.676347,13.772,11.163789,-0.000423,-0.000997,-0.002025,-0.000732
22203.192881,13.772,11.575633,-0.000424,-0.000994,-0.002026,-0.000735
22204.458318999998,13.772,10.517627,-0.000425,-0.000993,-0.002021,-0.000733
22206.989272,13.772,10.951464,-0.000424,-0.000992,-0.002022,-0.000731
22208.240089,13.772,10.813244,-0.000425,-0.000989,-0.002019,-0.000733
22210.756073999997,13.772,10.977492,-0.000425,-0.00099,-0.002025,-0.000737
22212.020559,13.772,10.805966,-0.000428,-0.000991,-0.002021,-0.000738
22214.521283000002,13.772,11.202885,-0.000431,-0.000992,-0.002022,-0.00074
22217.020246,13.772,11.006762,-0.000431,-0.000989,-0.002021,-0.000742
22218.271063,13.772,10.756405,-0.000432,-0.000988,-0.002029,-0.000739
22220.771572999998,13.772,11.283629,-0.000432,-0.000984,-0.002029,-0.00074
22222.036185999998,13.772,11.106258,-0.000436,-0.000986,-0.002024,-0.000746
22224.53652,13.772,11.114652,-0.000447,-0.000992,-0.00202,-0.000756
22227.067047999997,13.772,11.26339,-0.000448,-0.000991,-0.002026,-0.000756
22228.318186,13.772,11.581689,-0.000448,-0.000994,-0.00202,-0.000762
22230.833317,13.772,11.074918,-0.000451,-0.00099,-0.002023,-0.000762
22232.084188,13.772,11.618076,-0.000451,-0.000989,-0.002023,-0.000763
22234.599536,13.772,11.247825,-0.000457,-0.000992,-0.002018,-0.00077
22237.130149999997,13.772,11.881076,-0.000455,-0.000987,-0.00202,-0.000768
22238.396739,13.772,10.965328,-0.000454,-0.000988,-0.002016,-0.000768
22240.911855,13.772,11.262009,-0.000457,-0.000988,-0.00202,-0.000768
22242.175275,13.772,11.390082,-0.000457,-0.00099,-0.002014,-0.000768
22244.693444999997,13.772,11.369259,-0.000457,-0.000991,-0.002018,-0.000768
22245.959209,13.772,11.115236,-0.000457,-0.00099,-0.002021,-0.000767
22248.490915000002,13.772,11.609948,-0.000455,-0.000987,-0.002023,-0.000765
22251.020660000002,13.772,11.112739,-0.000453,-0.000983,-0.002026,-0.000759
22252.270829,13.772,11.841342,-0.000453,-0.000985,-0.002017,-0.000759
22254.771657999998,13.772,10.786895,-0.000453,-0.000984,-0.002016,-0.000758
22256.037083,13.772,11.005434,-0.000453,-0.000984,-0.002015,-0.000758
22258.552422,13.772,11.559697,-0.000453,-0.000985,-0.00201,-0.000754
22261.068466999997,13.772,12.06838,-0.000455,-0.000988,-0.002011,-0.000758
22262.333839,13.772,11.327028,-0.000456,-0.000988,-0.002012,-0.000761
22264.865745,13.772,11.361557,-0.000459,-0.00099,-0.00202,-0.000761
22266.114599,13.772,11.302327,-0.00046,-0.000988,-0.002017,-0.00076
22268.615546,13.772,11.417226,-0.000456,-0.000982,-0.00202,-0.000753
22271.130894,13.772,11.297705,-0.000453,-0.000984,-0.002018,-0.000757
22272.396133000002,13.772,10.876457,-0.000451,-0.000982,-0.002023,-0.000755
22274.912841999998,13.772,11.371065,-0.000455,-0.000982,-0.00202,-0.000753
22276.177329,13.772,11.431569,-0.000458,-0.000983,-0.002024,-0.000751
22278.692745,13.772,11.619085,-0.000454,-0.000983,-0.002023,-0.000749
22281.208681,13.772,11.199273,-0.000455,-0.000982,-0.00202,-0.000748
22282.47469,13.772,11.421158,-0.000453,-0.000983,-0.002026,-0.000747
22285.005878,13.772,11.285594,-0.000458,-0.000985,-0.002017,-0.000748
22286.270623,13.772,11.364053,-0.000458,-0.000983,-0.002018,-0.000745
22288.772732999998,13.772,11.332658,-0.000456,-0.000981,-0.002017,-0.000741
22290.021149,13.772,11.368621,-0.000454,-0.00098,-0.002017,-0.000739
22292.536662,13.772,11.247029,-0.000454,-0.000981,-0.00202,-0.000739
22295.036754,13.772,11.300574,-0.000455,-0.000981,-0.002022,-0.00074
22296.301853999998,13.772,11.232579,-0.000453,-0.000979,-0.00202,-0.00074
22298.801901,13.772,10.932606,-0.000454,-0.00098,-0.002021,-0.000738
22300.051717000002,13.772,11.092129,-0.000454,-0.000979,-0.002022,-0.000737
22302.568701,13.772,11.379989,-0.000455,-0.000981,-0.00202,-0.000739
22305.083243,13.772,11.564903,-0.000458,-0.000985,-0.002018,-0.00074
22306.333606,13.772,10.73999,-0.000459,-0.000984,-0.002024,-0.000736
22308.849087000002,13.772,11.359378,-0.000456,-0.000981,-0.002022,-0.000735
22310.115911,13.772,11.432313,-0.000459,-0.000982,-0.002017,-0.000737
22312.614148,13.772,10.858184,-0.00046,-0.000983,-0.002021,-0.000737
22315.130886,13.772,11.659989,-0.00046,-0.000981,-0.002021,-0.000736
22316.396085,13.772,11.105833,-0.000459,-0.000981,-0.002019,-0.000734
22318.926053,13.772,11.006072,-0.000457,-0.000979,-0.002018,-0.000733
22320.176961999998,13.772,11.374465,-0.000456,-0.000977,-0.002014,-0.000733
22322.677148,13.772,11.136484,-0.000452,-0.000974,-0.002016,-0.000727
22325.192070999998,13.772,11.553429,-0.00045,-0.00097,-0.002019,-0.000724
22326.441624,13.772,10.862539,-0.000451,-0.000974,-0.002014,-0.000728
22328.958774,13.772,11.206231,-0.000456,-0.000978,-0.002012,-0.000731
22330.224176,13.772,11.584451,-0.000457,-0.00098,-0.002015,-0.00073
22332.740706,13.772,11.254997,-0.000456,-0.000979,-0.002013,-0.00073
22334.00545,13.772,11.472206,-0.000456,-0.000976,-0.002015,-0.000729
22336.521413000002,13.772,11.499935,-0.000453,-0.000974,-0.002018,-0.000727
22339.022138,13.772,11.535633,-0.000454,-0.000975,-0.002012,-0.000727
22340.286806,13.772,11.213403,-0.000456,-0.000974,-0.002015,-0.000726
22342.81865,13.772,11.128144,-0.000453,-0.000973,-0.002014,-0.00072
22344.083475,13.772,11.264505,-0.000453,-0.000973,-0.002008,-0.000724
22346.599069,13.772,11.224558,-0.000451,-0.000969,-0.002009,-0.00072
22349.131234,13.772,11.348754,-0.000446,-0.000965,-0.002014,-0.000715
22350.381804999997,13.772,11.61643,-0.000445,-0.000967,-0.002014,-0.000714
22352.895866,13.772,11.579085,-0.000447,-0.000967,-0.002012,-0.000714
22354.144979,13.772,11.278263,-0.000449,-0.000968,-0.002008,-0.000718
22356.660811,13.772,11.505194,-0.00045,-0.000971,-0.002009,-0.000721
22359.176128,13.772,11.38886,-0.000457,-0.000978,-0.002011,-0.000729
22360.426461,13.772,11.269339,-0.000461,-0.000985,-0.002011,-0.000736
22362.927504,13.772,11.124532,-0.000464,-0.000987,-0.00201,-0.000734
22364.177075,13.772,11.418767,-0.000462,-0.000982,-0.002019,-0.000728
22366.709729000002,13.772,11.257812,-0.000469,-0.000988,-0.002014,-0.000739
22369.224881000002,13.772,11.262858,-0.000479,-0.000999,-0.002026,-0.000751
22370.489727,13.772,10.749977,-0.000484,-0.001003,-0.002024,-0.000756
22373.006429,13.772,10.962141,-0.000487,-0.001006,-0.002029,-0.000759
22374.271108,13.772,11.600599,-0.000485,-0.001004,-0.002026,-0.000759
22376.770715,13.772,11.388011,-0.00049,-0.001007,-0.002019,-0.00076
22378.036284,13.772,11.446283,-0.000488,-0.001006,-0.00202,-0.000758
22380.567362,13.772,11.514225,-0.000486,-0.001005,-0.002025,-0.000758
22383.082893,13.772,10.683682,-0.000502,-0.001019,-0.00203,-0.000772
22384.333807,13.772,10.943176,-0.000503,-0.001019,-0.00203,-0.00077
22386.864288999997,13.772,11.098344,-0.0005,-0.001018,-0.002035,-0.00077
22388.130755,13.772,11.694198,-0.000501,-0.001019,-0.002032,-0.000773
22390.661261,13.772,11.073802,-0.000494,-0.001013,-0.002042,-0.000767
22393.163514,13.772,11.307214,-0.000493,-0.001012,-0.00205,-0.000762
22394.427977,13.772,11.447452,-0.000497,-0.001019,-0.002048,-0.000771
22396.958324,13.772,11.104028,-0.000498,-0.001017,-0.002033,-0.000772
22398.208446,13.772,11.524902,-0.000495,-0.001009,-0.002042,-0.000763
22400.723964999997,13.772,11.178821,-0.000492,-0.001006,-0.002046,-0.000758
22403.224067,13.772,11.523999,-0.000499,-0.001015,-0.002054,-0.000764
22404.489746,13.772,11.026365,-0.000505,-0.001021,-0.002055,-0.000773
22407.004734000002,13.772,11.529683,-0.000493,-0.00101,-0.002055,-0.000757
22408.25617,13.772,11.349126,-0.00049,-0.001008,-0.002046,-0.000752
22410.786637999998,13.772,11.151677,-0.000494,-0.001008,-0.002053,-0.000755
22412.036981999998,13.772,11.098184,-0.000508,-0.001022,-0.002048,-0.000779
22414.548822999997,13.772,11.396191,-0.000529,-0.001045,-0.002048,-0.000799
22417.053534,13.772,11.37048,-0.000525,-0.00104,-0.002054,-0.000791
22418.317827,13.772,11.407134,-0.000525,-0.00104,-0.002047,-0.000794
22420.817676,13.772,11.202407,-0.000524,-0.00104,-0.002051,-0.000791
22422.077528,13.772,10.951304,-0.000514,-0.001034,-0.00205,-0.000784
22424.582657,13.772,10.804479,-0.000512,-0.001032,-0.00205,-0.000788
22427.083443,13.772,11.773135,-0.00051,-0.001027,-0.002049,-0.000777
22428.333541,13.772,11.651117,-0.000503,-0.001019,-0.002055,-0.000765
22430.849006,13.772,11.795074,-0.000501,-0.001016,-0.002046,-0.000767
22432.115011,13.772,11.074015,-0.000507,-0.001023,-0.002049,-0.000775
22434.646693000002,13.772,11.0593,-0.000503,-0.001018,-0.002047,-0.000768
22437.162936,13.772,11.287772,-0.000499,-0.001015,-0.002051,-0.000765
22438.427116,13.772,10.719379,-0.000496,-0.001009,-0.002054,-0.000754
22440.927151,13.772,11.313376,-0.000489,-0.001004,-0.002052,-0.000749
22442.177553,13.772,11.57032,-0.000492,-0.001006,-0.002052,-0.000752
22444.692783,13.772,11.286922,-0.000501,-0.001013,-0.002058,-0.000758
22447.20811,13.772,11.539458,-0.000498,-0.001012,-0.002052,-0.000759
22448.474678,13.772,11.222593,-0.000497,-0.001017,-0.002055,-0.000762
22451.005901,13.772,11.400334,-0.000498,-0.001015,-0.002053,-0.000765
22452.254794,13.772,11.388754,-0.000504,-0.001023,-0.002054,-0.000774
22454.756171,13.772,11.27651,-0.000511,-0.00103,-0.00206,-0.000779
22456.0212,13.772,11.527027,-0.000506,-0.001023,-0.002057,-0.000768
22458.536199000002,13.772,11.588753,-0.000496,-0.001012,-0.002057,-0.000759
22461.066927,13.772,11.885272,-0.000519,-0.001032,-0.002045,-0.000785
22462.31777,13.772,10.739619,-0.000524,-0.001039,-0.002055,-0.00079
22464.81816,13.772,11.508223,-0.000526,-0.001044,-0.002064,-0.000793
22466.082832,13.772,11.589604,-0.000528,-0.001045,-0.00206,-0.000793
22468.583490999998,13.772,11.307161,-0.000539,-0.001053,-0.002065,-0.000803
22471.084439,13.772,11.326391,-0.000528,-0.001045,-0.002066,-0.000789
22472.347526999998,13.772,11.054466,-0.000532,-0.001045,-0.002063,-0.000793
22474.864765,13.772,11.159858,-0.000529,-0.00104,-0.002063,-0.000783
22476.115908,13.772,11.724689,-0.000525,-0.00104,-0.002058,-0.000782
22478.615682,13.772,11.037574,-0.000515,-0.001031,-0.002057,-0.000772
22481.114201,13.772,11.289897,-0.000507,-0.001022,-0.002067,-0.00076
22482.366351,13.772,11.23582,-0.000511,-0.001025,-0.00207,-0.000767
22484.864112,13.772,11.335793,-0.000521,-0.001035,-0.002067,-0.000782
22486.114491,13.772,11.356616,-0.000528,-0.001043,-0.00207,-0.000789
22488.630924999998,13.772,10.897705,-0.000533,-0.001044,-0.002063,-0.000785
22491.161292999997,13.772,11.153324,-0.000524,-0.001037,-0.00206,-0.000777
22492.409467999998,13.772,11.177547,-0.000521,-0.001033,-0.002051,-0.000772
22494.912054,13.772,11.188914,-0.000518,-0.00103,-0.002055,-0.000771
22496.177039000002,13.772,11.815897,-0.000515,-0.00103,-0.00206,-0.000771
22498.709509,13.772,11.095263,-0.000514,-0.001029,-0.002054,-0.000774
22501.240034000002,13.772,10.99056,-0.000511,-0.001023,-0.002054,-0.000768
22502.505401000002,13.772,11.405062,-0.00051,-0.001024,-0.002049,-0.000769
22505.036647,13.772,11.201132,-0.000505,-0.00102,-0.002051,-0.000764
22506.303816,13.772,11.074545,-0.000508,-0.001023,-0.002044,-0.000762
22508.817757999997,13.772,11.692711,-0.000507,-0.001019,-0.002045,-0.000759
22510.082649,13.772,11.307532,-0.000506,-0.001018,-0.002038,-0.000759
22512.568924,13.772,11.285753,-0.000503,-0.001017,-0.002037,-0.000759
22515.082964,13.772,11.279751,-0.000502,-0.001014,-0.002038,-0.000757
22516.33366,13.772,10.967399,-0.000502,-0.00101,-0.002041,-0.000755
22518.848026,13.772,11.273642,-0.000496,-0.001008,-0.002038,-0.000752
22520.098574,13.772,11.057175,-0.000495,-0.001007,-0.002031,-0.00075
22522.598420000002,13.772,11.299724,-0.000485,-0.000999,-0.002031,-0.000739
22525.114709,13.772,11.160866,-0.000481,-0.000996,-0.002034,-0.000738
22526.365605,13.772,11.580838,-0.000482,-0.001,-0.002032,-0.000743
22528.866157,13.772,11.378343,-0.000485,-0.001,-0.002032,-0.000746
22530.114769,13.772,11.490745,-0.000487,-0.001001,-0.002034,-0.000744
22532.630931,13.772,11.315182,-0.000489,-0.001004,-0.002036,-0.000747
22535.130990999998,13.772,10.849525,-0.000491,-0.001002,-0.002036,-0.000746
22536.396071,13.772,10.928197,-0.000488,-0.001002,-0.002033,-0.000745
22538.91318,13.772,11.241663,-0.000487,-0.001005,-0.002023,-0.000744
22540.163052,13.772,11.133031,-0.000489,-0.001005,-0.002025,-0.000744
22542.693457,13.772,10.881132,-0.000491,-0.001002,-0.002031,-0.000742
22545.209765,13.772,11.342168,-0.00049,-0.001003,-0.002033,-0.000741
22546.458952,13.772,11.239804,-0.000492,-0.001004,-0.002037,-0.000744
22548.989627,13.772,11.288409,-0.000491,-0.001002,-0.002031,-0.000742
22550.241015,13.772,11.247666,-0.000485,-0.001,-0.002033,-0.000739
22552.770651,13.772,11.122779,-0.000478,-0.000993,-0.002027,-0.00073
22554.021503,13.772,11.417758,-0.000478,-0.000992,-0.002033,-0.000727
22556.536126,13.772,11.545036,-0.00048,-0.000992,-0.002033,-0.000729
22559.067305,13.772,11.366444,-0.000484,-0.000998,-0.002031,-0.000732
22560.31714,13.772,11.790931,-0.000484,-0.000999,-0.002034,-0.00073
22562.818044,13.772,11.156883,-0.000483,-0.000996,-0.002036,-0.000727
22564.083896,13.772,11.085489,-0.000481,-0.000994,-0.002032,-0.000727
22566.583177,13.772,10.917679,-0.00048,-0.000992,-0.00203,-0.000726
22569.098751999998,13.772,11.395235,-0.000479,-0.000989,-0.002028,-0.00072
22570.349414,13.772,11.183974,-0.000477,-0.000987,-0.002023,-0.000719
22572.866138999998,13.772,11.351942,-0.000479,-0.000989,-0.002026,-0.000717
22574.114155,13.772,11.599803,-0.000484,-0.000995,-0.002025,-0.000724
22576.629138,13.772,11.265461,-0.000486,-0.000998,-0.002024,-0.000725
22579.14607,13.772,10.821424,-0.000486,-0.000994,-0.002028,-0.000718
22580.411929,13.772,10.867108,-0.000483,-0.000995,-0.002025,-0.000716
22582.927002,13.772,10.746205,-0.000486,-0.000994,-0.002032,-0.000713
22584.19337,13.772,11.124798,-0.000485,-0.000998,-0.002026,-0.000715
22586.707737999997,13.772,11.450109,-0.000486,-0.000998,-0.002027,-0.000714
22589.223869,13.772,11.336059,-0.000483,-0.000994,-0.002032,-0.000706
22590.474326,13.772,11.008408,-0.000485,-0.000996,-0.002026,-0.000708
22592.989662,13.772,11.241557,-0.000483,-0.000991,-0.002026,-0.000703
22594.256761999997,13.772,11.463866,-0.000484,-0.000994,-0.002024,-0.000705
22596.786747,13.772,10.685861,-0.000483,-0.000993,-0.002029,-0.000697
22598.052901,13.772,11.413243,-0.000482,-0.000993,-0.002026,-0.000698
22600.553468,13.772,11.28671,-0.000485,-0.000994,-0.002025,-0.000697
22603.069295,13.772,11.15667,-0.000479,-0.000989,-0.002027,-0.000691
22604.333052,13.772,10.839379,-0.000481,-0.000989,-0.002022,-0.000692
22606.864567999997,13.772,11.425089,-0.000481,-0.000989,-0.002024,-0.000692
22608.130388999998,13.772,11.03784,-0.000482,-0.00099,-0.002026,-0.000692
22610.661068,13.772,11.052925,-0.000481,-0.00099,-0.002022,-0.000693
22613.163027000002,13.772,10.720123,-0.00048,-0.000988,-0.00202,-0.000684
22614.426491,13.772,10.833376,-0.000478,-0.000988,-0.002023,-0.000683
22616.927402,13.772,11.253137,-0.000484,-0.000995,-0.002018,-0.000691
22618.176277,13.772,11.276404,-0.000486,-0.000998,-0.00202,-0.000693
22620.678185999997,13.772,10.750136,-0.000484,-0.000994,-0.002015,-0.000691
22623.209412,13.772,11.361131,-0.000482,-0.000992,-0.002015,-0.000688
22624.458047,13.772,11.681927,-0.000483,-0.000995,-0.002017,-0.000689
22626.973634,13.772,10.688888,-0.000485,-0.000996,-0.00202,-0.000691
22628.239885,13.772,10.93659,-0.000486,-0.000996,-0.002015,-0.000691
22630.770771,13.772,10.797998,-0.000485,-0.000994,-0.002023,-0.000689
22632.021745,13.772,11.351038,-0.000486,-0.000997,-0.00202,-0.00069
22634.537496999998,13.772,11.347373,-0.000484,-0.000994,-0.002017,-0.000686
22637.053493,13.772,10.990294,-0.000482,-0.000992,-0.002015,-0.000684
22638.317733,13.772,10.955713,-0.000481,-0.000991,-0.002017,-0.000683
22640.848404,13.772,11.344505,-0.000481,-0.00099,-0.002019,-0.000685
22642.098671,13.772,11.434119,-0.000479,-0.000989,-0.002021,-0.000682
22644.631137,13.772,11.148171,-0.000482,-0.000993,-0.00202,-0.000686
22647.129521,13.772,10.900999,-0.000483,-0.000992,-0.002021,-0.000683
22648.380903999998,13.772,11.195607,-0.000483,-0.000989,-0.002025,-0.000681
22650.896144,13.772,11.372074,-0.000481,-0.000992,-0.002022,-0.000682
22652.146656999998,13.772,10.700787,-0.000481,-0.000991,-0.002018,-0.000684
22654.642406,13.772,11.092182,-0.000479,-0.000986,-0.002015,-0.000678
22657.130505,13.772,11.298821,-0.00048,-0.000988,-0.002016,-0.000679
22658.381135,13.772,10.927931,-0.00048,-0.000989,-0.002021,-0.000679
22660.879590999997,13.772,10.987001,-0.000478,-0.000987,-0.002024,-0.000679
22662.131610999997,13.772,11.252394,-0.000476,-0.000986,-0.002022,-0.000677
22664.661475,13.772,11.095847,-0.000475,-0.000983,-0.002021,-0.000673
22667.161173,13.772,11.505778,-0.000477,-0.000982,-0.002013,-0.000672
22668.411496,13.772,11.58376,-0.000478,-0.000983,-0.002014,-0.00067
22670.912996,13.772,11.353429,-0.000476,-0.000983,-0.002018,-0.00067
22672.177261999997,13.772,11.374146,-0.000475,-0.000982,-0.002017,-0.000671
22674.678607,13.772,11.643521,-0.000476,-0.000984,-0.002021,-0.00067
22677.193041,13.772,11.077945,-0.00048,-0.000985,-0.002021,-0.000675
22678.458362999998,13.772,11.112739,-0.000479,-0.000986,-0.002017,-0.000675
22680.958522,13.772,10.971012,-0.000479,-0.000986,-0.002015,-0.000674
22682.225519,13.772,10.92894,-0.000476,-0.000983,-0.002018,-0.000672
22684.756481999997,13.772,10.9623,-0.000476,-0.000984,-0.002013,-0.000675
22686.021578,13.772,11.163257,-0.00048,-0.000987,-0.002018,-0.000674
22688.520875000002,13.772,11.075343,-0.000479,-0.000985,-0.00202,-0.000672
22691.036583,13.772,11.377652,-0.000478,-0.000985,-0.002015,-0.000673
22692.301831999997,13.772,11.316563,-0.000477,-0.000984,-0.002016,-0.000671
22694.802764,13.772,11.402034,-0.000473,-0.000979,-0.002019,-0.000667
22696.067012,13.772,11.187799,-0.000473,-0.000981,-0.002016,-0.000668
22698.567245,13.772,11.069233,-0.000477,-0.000984,-0.002015,-0.000672
22701.082929,13.772,10.954332,-0.000476,-0.000981,-0.002017,-0.000669
22702.333771999998,13.772,11.018557,-0.000476,-0.000981,-0.002016,-0.000669
22704.817074,13.772,10.763469,-0.000474,-0.000981,-0.002022,-0.00067
22706.067200999998,13.772,11.211066,-0.000476,-0.000983,-0.002015,-0.000671
22708.583632,13.772,11.267798,-0.000478,-0.000984,-0.002016,-0.000671
22711.114619,13.772,10.720389,-0.000475,-0.00098,-0.00202,-0.000668
22712.365085999998,13.772,11.307108,-0.000476,-0.000981,-0.002011,-0.000668
22714.89512,13.772,10.829233,-0.000473,-0.000978,-0.002019,-0.000665
22716.146128,13.772,11.013139,-0.000476,-0.000981,-0.002012,-0.000667
22718.661539,13.772,11.067268,-0.000473,-0.000977,-0.002009,-0.000664
22721.163148,13.772,10.954385,-0.000466,-0.000973,-0.002009,-0.000659
22722.427374,13.772,11.214518,-0.000465,-0.000972,-0.002012,-0.000657
22724.927464,13.772,10.982964,-0.000464,-0.000971,-0.002011,-0.000659
22726.177669999997,13.772,10.547587,-0.000463,-0.000969,-0.002013,-0.000657
22728.677726,13.772,11.056697,-0.000464,-0.00097,-0.002015,-0.000659
22731.192827,13.772,10.766922,-0.000465,-0.000972,-0.002015,-0.000659
22732.458237,13.772,11.893666,-0.000463,-0.00097,-0.002014,-0.000658
22734.958887,13.772,11.040389,-0.000471,-0.000979,-0.002013,-0.000667
22736.224473000002,13.772,11.390454,-0.000472,-0.000978,-0.002012,-0.000669
22738.740352,13.772,11.079114,-0.000468,-0.000977,-0.002016,-0.000665
22741.254971000002,13.772,11.48878,-0.000463,-0.000968,-0.002021,-0.000656
22742.505236999998,13.772,11.240972,-0.000462,-0.000968,-0.002019,-0.000654
22745.020840999998,13.772,11.309392,-0.000463,-0.000971,-0.002015,-0.000657
22746.271595,13.772,11.421636,-0.000461,-0.00097,-0.002019,-0.000653
22748.802882,13.772,11.275979,-0.000462,-0.000968,-0.002013,-0.000653
22750.052733999997,13.772,10.959272,-0.000462,-0.000969,-0.002013,-0.000654
22752.567458999998,13.772,11.373721,-0.000462,-0.000966,-0.002015,-0.000657
22755.083051,13.772,11.120017,-0.000463,-0.000969,-0.002014,-0.000655
22756.332936,13.772,11.0644,-0.000465,-0.000968,-0.00201,-0.000657
22758.833739,13.772,11.261584,-0.000462,-0.000966,-0.002011,-0.000652
22760.099186,13.772,11.314704,-0.00046,-0.000965,-0.002012,-0.000651
22762.597965,13.772,11.207878,-0.000461,-0.000967,-0.002016,-0.000654
22765.115420000002,13.772,10.828223,-0.000463,-0.000969,-0.002013,-0.00066
22766.366049,13.772,11.334146,-0.000466,-0.000972,-0.002011,-0.000662
22768.896239,13.772,11.193855,-0.000474,-0.000979,-0.002017,-0.000669
22770.160958,13.772,11.469444,-0.000487,-0.000991,-0.002022,-0.000686
22772.66113,13.772,11.001928,-0.000499,-0.001,-0.002032,-0.000697
22775.177072,13.772,11.575208,-0.000495,-0.000998,-0.002031,-0.000693
22776.427183,13.772,11.028065,-0.000498,-0.001,-0.002022,-0.000696
22778.927987,13.772,11.083735,-0.000497,-0.001002,-0.002031,-0.000697
22780.193458,13.772,11.106524,-0.000493,-0.000997,-0.002031,-0.000691
22782.708696,13.772,10.839113,-0.000495,-0.000999,-0.002026,-0.000695
22785.237911,13.772,11.104878,-0.000497,-0.001,-0.00203,-0.000698
22786.487942,13.772,11.626894,-0.000492,-0.000997,-0.002029,-0.000695
22789.006513,13.772,10.873216,-0.000483,-0.000988,-0.00203,-0.000688
22790.270849,13.772,10.981689,-0.000483,-0.000987,-0.002037,-0.000683
22792.770789000002,13.772,11.206285,-0.000508,-0.001007,-0.002049,-0.000711
22794.021748,13.772,11.086339,-0.000514,-0.001012,-0.002044,-0.000718
22796.536132,13.772,11.660572,-0.000523,-0.001023,-0.002039,-0.000727
22799.052385,13.772,11.191571,-0.000517,-0.00102,-0.002044,-0.000725
22800.30273,13.772,11.113271,-0.000529,-0.001028,-0.002036,-0.000738
22802.803366,13.772,11.090163,-0.000528,-0.001029,-0.002042,-0.000738
22804.068161,13.772,10.785727,-0.000525,-0.001024,-0.002041,-0.000733
22806.56798,13.772,11.39311,-0.000518,-0.001018,-0.002041,-0.000733
22809.068901,13.772,11.489895,-0.000537,-0.001035,-0.002044,-0.00075
22810.318704999998,13.772,11.362512,-0.000539,-0.001036,-0.002045,-0.000751
22812.817498999997,13.772,11.442831,-0.000518,-0.001015,-0.002044,-0.000729
22814.083313,13.772,10.908276,-0.00051,-0.001008,-0.002047,-0.000725
22816.598363999998,13.772,11.016113,-0.000514,-0.001013,-0.002057,-0.000735
22819.115539,13.772,11.179459,-0.000514,-0.001009,-0.002055,-0.000733
22820.366077,13.772,11.448355,-0.000516,-0.001013,-0.002059,-0.000741
22822.864839,13.772,10.930055,-0.000526,-0.001023,-0.002059,-0.000758
22824.115808000002,13.772,11.345514,-0.000521,-0.001018,-0.002053,-0.000752
22826.615827,13.772,10.776059,-0.000518,-0.001016,-0.002053,-0.000749
22829.13006,13.772,11.415049,-0.000525,-0.001018,-0.002055,-0.000758
22830.381093,13.772,10.987798,-0.000524,-0.00102,-0.002054,-0.000764
22832.896457,13.772,11.705353,-0.000531,-0.001024,-0.00206,-0.000774
22834.161082,13.772,11.173563,-0.000527,-0.001022,-0.002057,-0.000771
22836.663141999998,13.772,11.549923,-0.000513,-0.00101,-0.002049,-0.000758
22839.177769,13.772,10.993429,-0.000514,-0.001008,-0.002054,-0.000757
22840.443832999998,13.772,11.277998,-0.00051,-0.001005,-0.00206,-0.000754
22842.958683999997,13.772,11.856535,-0.000513,-0.001003,-0.002061,-0.000761
22844.221528000002,13.772,11.241557,-0.000511,-0.001001,-0.002068,-0.000763
22846.72434,13.772,11.086498,-0.000513,-0.001002,-0.002068,-0.000773
22849.256081,13.772,11.506788,-0.000524,-0.001011,-0.002059,-0.000795
22850.521844,13.772,10.615794,-0.000527,-0.00102,-0.002062,-0.000816
22853.021844,13.772,11.806017,-0.00053,-0.001023,-0.002069,-0.000818
22854.28646,13.772,11.52469,-0.000531,-0.001021,-0.002072,-0.000825
22856.802219999998,13.772,10.988329,-0.000524,-0.001013,-0.002069,-0.000825
22858.067862,13.772,11.443521,-0.000532,-0.001021,-0.00206,-0.000847
22860.568434,13.772,11.072846,-0.000542,-0.001035,-0.002056,-0.000856
22863.084565999998,13.772,11.319644,-0.000529,-0.00102,-0.002053,-0.000852
22864.349604,13.772,11.35311,-0.000522,-0.001013,-0.002055,-0.00085
22866.863921,13.772,11.126126,-0.000508,-0.001,-0.002056,-0.000846
22868.131519000002,13.772,11.341636,-0.000509,-0.001001,-0.002057,-0.000853
22870.646698999997,13.772,11.041026,-0.00051,-0.000998,-0.002062,-0.000854
22873.161459,13.772,11.199857,-0.000508,-0.000993,-0.002062,-0.000858
22874.412188000002,13.772,11.522937,-0.000512,-0.000994,-0.002068,-0.000867
22876.926959999997,13.772,11.098025,-0.000512,-0.000995,-0.002063,-0.000872
22878.193587,13.772,11.513269,-0.000512,-0.000996,-0.002068,-0.000874
22880.709404,13.772,10.670561,-0.000511,-0.000993,-0.002067,-0.000876
22883.24016,13.772,11.079964,-0.00051,-0.001,-0.002059,-0.000887
22884.505708,13.772,10.895793,-0.000512,-0.000999,-0.002067,-0.00089
22887.021693000002,13.772,11.032528,-0.000521,-0.001005,-0.002067,-0.000903
22888.286843,13.772,10.966921,-0.000521,-0.001006,-0.002069,-0.000905
22890.817328999998,13.772,11.348701,-0.000524,-0.001007,-0.002062,-0.000911
22892.067144,13.772,10.764266,-0.000521,-0.001005,-0.002067,-0.000913
22894.568621,13.772,11.069287,-0.000522,-0.001005,-0.002062,-0.000918
22897.099571,13.772,11.076405,-0.000518,-0.001,-0.002063,-0.000921
22898.364278,13.772,11.375155,-0.000514,-0.000999,-0.002059,-0.000922
22900.849551,13.772,10.985248,-0.000511,-0.000995,-0.002053,-0.000923
22902.114775000002,13.772,11.644052,-0.000506,-0.000991,-0.002059,-0.00092
22904.630581999998,13.772,10.890003,-0.000503,-0.00099,-0.002056,-0.000921
22907.145963,13.772,11.24501,-0.000503,-0.000991,-0.002052,-0.000927
22908.394930000002,13.772,11.141478,-0.000504,-0.000995,-0.002059,-0.000927
22910.913304,13.772,11.497864,-0.000503,-0.000993,-0.002055,-0.000927
22912.177255000002,13.772,11.146577,-0.000503,-0.000994,-0.002048,-0.000929
22914.689487,13.772,11.01521,-0.000501,-0.000994,-0.002046,-0.000926
22917.193485,13.772,11.11598,-0.000498,-0.000992,-0.002044,-0.000919
22918.458496,13.772,11.253881,-0.000501,-0.000992,-0.002043,-0.000916
22920.973942,13.772,11.15513,-0.000499,-0.000989,-0.002042,-0.000909
22922.240219,13.772,11.360335,-0.000492,-0.000987,-0.002045,-0.000903
22924.756319,13.772,11.351038,-0.000489,-0.000987,-0.002039,-0.00089
22926.021171,13.772,10.895368,-0.000485,-0.000986,-0.002042,-0.000881
22928.537364,13.772,11.085064,-0.000479,-0.000983,-0.002044,-0.000863
22931.067013,13.772,11.522831,-0.000474,-0.000983,-0.002038,-0.000833
22932.317767,13.772,11.585779,-0.000471,-0.000983,-0.002045,-0.000809
22934.849731000002,13.772,11.20995,-0.000469,-0.000991,-0.002044,-0.000783
22936.114327,13.772,11.523999,-0.000462,-0.000992,-0.002048,-0.00076
22938.630874000002,13.772,10.777493,-0.000399,-0.000991,-0.002048,-0.000452
22941.14643,13.772,11.06201,-0.000388,-0.000988,-0.00204,-0.000396
22942.396139999997,13.772,10.922087,-0.000384,-0.000987,-0.002041,-0.000386
22944.910601,13.772,11.338183,-0.000383,-0.000986,-0.002042,-0.000366
22946.163507999998,13.772,11.077468,-0.000385,-0.000985,-0.002037,-0.000365
22948.692805,13.772,10.950507,-0.000381,-0.000984,-0.002039,-0.000356
22951.207723,13.772,10.817493,-0.000373,-0.00098,-0.002043,-0.000346
22952.458914,13.772,11.306577,-0.000375,-0.000983,-0.002036,-0.000345
22954.958687,13.772,10.121241,-0.000376,-0.000979,-0.002035,-0.000334
22956.20891,13.772,10.658663,-0.000371,-0.000977,-0.002038,-0.000334
22958.723434,13.772,11.079273,-0.000365,-0.000971,-0.002037,-0.000326
22961.239768,13.772,10.757732,-0.00036,-0.000967,-0.002035,-0.000317
22962.506453,13.772,10.656963,-0.00036,-0.000968,-0.00203,-0.000318
22965.03644,13.772,11.010376,-0.000357,-0.000964,-0.002027,-0.000309
22966.303565000002,13.772,10.567455,-0.000355,-0.000964,-0.002026,-0.000308
22968.817389,13.772,10.769791,-0.000354,-0.000959,-0.002029,-0.000303
22970.083109,13.772,10.979192,-0.000359,-0.000962,-0.002029,-0.000307
22972.614553,13.772,11.050695,-0.000358,-0.000965,-0.002037,-0.000301
22975.13076,13.772,11.186789,-0.000357,-0.000963,-0.002037,-0.000297
22976.380362,13.772,10.944876,-0.000355,-0.000964,-0.002035,-0.000296
22978.912503,13.772,10.963521,-0.000354,-0.000959,-0.00204,-0.000291
22980.177048999998,13.772,10.761292,-0.000352,-0.000959,-0.002035,-0.00029
22982.677872,13.772,10.972446,-0.000349,-0.000955,-0.002033,-0.000286
22985.193447999998,13.772,10.251492,-0.000355,-0.000964,-0.002034,-0.000295
22986.458926,13.772,10.727029,-0.000358,-0.000966,-0.00203,-0.000294
22988.974444,13.772,11.216324,-0.000356,-0.000963,-0.002026,-0.00029
22990.240416,13.772,10.541106,-0.000357,-0.000963,-0.002021,-0.000291
22992.755076,13.772,10.841928,-0.000356,-0.000961,-0.002014,-0.000289
22995.271151,13.772,10.839007,-0.000361,-0.000967,-0.002021,-0.000294
22996.522639,13.772,11.445858,-0.000364,-0.000971,-0.002017,-0.0003
22999.020779,13.772,10.360603,-0.000363,-0.000968,-0.002021,-0.000297
23000.271279,13.772,11.096484,-0.000359,-0.000967,-0.002022,-0.000296
23002.770698,13.772,10.806763,-0.000362,-0.00097,-0.002022,-0.000294
23005.27217,13.772,10.573085,-0.000362,-0.000971,-0.002019,-0.000291
23006.523669000002,13.772,11.433641,-0.000362,-0.000969,-0.002017,-0.000289
23009.036644,13.772,11.158477,-0.000359,-0.000963,-0.002018,-0.000284
23010.303283,13.772,11.338183,-0.000359,-0.000964,-0.002022,-0.000284
23012.818264,13.772,11.124161,-0.000356,-0.000963,-0.00202,-0.000285
23014.083693,13.772,11.199804,-0.000353,-0.00096,-0.002021,-0.000283
23016.597219,13.772,10.699193,-0.000356,-0.000964,-0.002024,-0.000286
23019.09836,13.772,10.876032,-0.000359,-0.000964,-0.002024,-0.000287
23020.348695,13.772,10.885275,-0.000361,-0.000966,-0.002016,-0.000287
23022.864883000002,13.772,11.063656,-0.000364,-0.000969,-0.002018,-0.000289
23024.13005,13.772,10.816909,-0.00036,-0.000965,-0.002018,-0.000288
23026.663529999998,13.772,11.208941,-0.00036,-0.000963,-0.00202,-0.000285
23029.176925,13.772,11.071836,-0.000362,-0.000967,-0.002021,-0.000288
23030.44286,13.772,10.910879,-0.000363,-0.000966,-0.002016,-0.000288
23032.973659,13.772,10.891649,-0.000362,-0.000966,-0.002018,-0.000286
23034.223947,13.772,10.930852,-0.000364,-0.000968,-0.002016,-0.000288
23036.75507,13.772,10.737281,-0.000364,-0.000971,-0.002024,-0.000289
23039.270813,13.772,10.954757,-0.000366,-0.000969,-0.002023,-0.000288
23040.523035,13.772,10.592527,-0.000367,-0.00097,-0.002025,-0.000288
23043.021927,13.772,10.884266,-0.000365,-0.000966,-0.002024,-0.000285
23044.27106,13.772,10.573989,-0.000362,-0.000963,-0.002018,-0.000282
23046.771024,13.772,10.949073,-0.000365,-0.000967,-0.002016,-0.000287
23049.270674,13.772,11.17011,-0.000365,-0.000967,-0.00202,-0.000288
23050.521404,13.772,10.805701,-0.000362,-0.000966,-0.002021,-0.000284
23053.035888,13.772,11.154173,-0.000358,-0.00096,-0.002024,-0.000281
23054.303804,13.772,10.941954,-0.000358,-0.00096,-0.002021,-0.000282
23056.818524000002,13.772,11.063444,-0.000353,-0.000956,-0.002016,-0.000276
23058.067197,13.772,11.181531,-0.000352,-0.000954,-0.002015,-0.000274
23060.582999,13.772,11.089047,-0.000355,-0.000955,-0.002024,-0.000275
23063.099649,13.772,10.807506,-0.000356,-0.000955,-0.002026,-0.000272
23064.365429999998,13.772,10.781212,-0.000358,-0.000956,-0.002023,-0.000277
23066.896171,13.772,11.079645,-0.000358,-0.000956,-0.002021,-0.000281
23068.146686,13.772,10.727932,-0.000358,-0.000957,-0.002016,-0.000283
23070.676785,13.772,10.692288,-0.000357,-0.000954,-0.002021,-0.000281
23073.193908,13.772,11.327506,-0.000356,-0.000951,-0.00202,-0.00028
23074.459181,13.772,11.00384,-0.000353,-0.000951,-0.002023,-0.000279
23076.97411,13.772,10.789445,-0.000352,-0.000954,-0.002023,-0.00028
23078.240913,13.772,10.671677,-0.000354,-0.000953,-0.002023,-0.000283
23080.771482,13.772,11.075237,-0.00036,-0.000958,-0.002019,-0.000283
23082.036029,13.772,10.826842,-0.000359,-0.000953,-0.002025,-0.000281
23084.552845,13.772,11.006602,-0.000354,-0.000951,-0.002014,-0.000277
23087.067859,13.772,11.156617,-0.000357,-0.000951,-0.002014,-0.000279
23088.319078,13.772,10.688623,-0.000357,-0.000951,-0.002014,-0.00028
23090.833554999997,13.772,10.703868,-0.000358,-0.000953,-0.002016,-0.000279
23092.083792999998,13.772,11.013351,-0.000358,-0.000952,-0.002022,-0.000279
23094.614529,13.772,11.362087,-0.000359,-0.000951,-0.002013,-0.000282
23097.115677,13.772,10.759751,-0.000356,-0.000951,-0.002017,-0.000282
23098.364964,13.772,10.853031,-0.000356,-0.00095,-0.002019,-0.000283
23100.895939,13.772,10.731491,-0.000358,-0.000951,-0.002016,-0.000287
23102.145942,13.772,10.765328,-0.000357,-0.000949,-0.002023,-0.000283
23104.661281,13.772,11.076511,-0.000362,-0.000953,-0.002019,-0.00029
23107.176903,13.772,10.73574,-0.000365,-0.000952,-0.002018,-0.000291
23108.427620000002,13.772,10.728623,-0.000361,-0.00095,-0.002024,-0.000288
23110.958461000002,13.772,10.745621,-0.000359,-0.00095,-0.002017,-0.000287
23112.223645,13.772,10.723098,-0.000361,-0.000949,-0.002024,-0.000284
23114.740936000002,13.772,10.975739,-0.000364,-0.000952,-0.002022,-0.000288
23117.256197000002,13.772,11.109127,-0.000364,-0.000951,-0.002015,-0.000287
23118.521517,13.772,10.325968,-0.000366,-0.000954,-0.002015,-0.000289
23121.036904,13.772,10.306685,-0.00037,-0.000958,-0.002009,-0.000293
23122.303061,13.772,10.748649,-0.000372,-0.000959,-0.00201,-0.000294
23124.803477,13.772,10.288784,-0.000374,-0.000963,-0.00201,-0.000295
23126.051848,13.772,10.971171,-0.000376,-0.000962,-0.002009,-0.000294
23128.552028,13.772,10.363418,-0.000377,-0.00096,-0.002012,-0.000296
23131.052926,13.772,10.957041,-0.000386,-0.000971,-0.002025,-0.000311
23132.303651000002,13.772,10.855687,-0.000389,-0.000974,-0.002023,-0.000315
23134.803254,13.772,10.833376,-0.000395,-0.000978,-0.002022,-0.000319
23136.053635,13.772,11.201451,-0.000392,-0.000976,-0.002022,-0.000317
23138.583479,13.772,10.759273,-0.00039,-0.000973,-0.002023,-0.000313
23141.068914,13.772,10.776165,-0.000393,-0.000975,-0.002028,-0.000318
23142.333198,13.772,11.22169,-0.000399,-0.00098,-0.002031,-0.000328
23144.849722,13.772,10.79003,-0.000408,-0.000993,-0.002038,-0.00034
23146.114739,13.772,11.273217,-0.00041,-0.000993,-0.002035,-0.00034
23148.646943,13.772,10.905727,-0.000409,-0.000988,-0.002044,-0.000332
23151.177363,13.772,10.632155,-0.000407,-0.000988,-0.002042,-0.000332
23152.427254000002,13.772,11.085754,-0.000404,-0.000986,-0.002045,-0.00033
23154.942864999997,13.772,10.891331,-0.000418,-0.000999,-0.002043,-0.000348
23156.208788,13.772,10.953853,-0.000418,-0.000996,-0.002044,-0.000346
23158.707859000002,13.772,10.983017,-0.000417,-0.001,-0.002033,-0.00035
23161.223742000002,13.772,10.594174,-0.00042,-0.001004,-0.002033,-0.000356
23162.491104,13.772,10.44873,-0.000424,-0.001003,-0.002042,-0.000362
23165.021053999997,13.772,11.111837,-0.000417,-0.000995,-0.002045,-0.000351
23166.269086,13.772,11.074758,-0.00041,-0.000992,-0.002044,-0.000345
23168.785647999997,13.772,10.624878,-0.000407,-0.000987,-0.002051,-0.000346
23170.053835,13.772,10.86392,-0.000413,-0.000995,-0.002053,-0.000351
23172.567086,13.772,10.480336,-0.00041,-0.00099,-0.002053,-0.000343
23175.067127000002,13.772,10.808782,-0.000407,-0.000986,-0.002053,-0.000341
23176.317955,13.772,11.153324,-0.000408,-0.000986,-0.002055,-0.000342
23178.848903,13.772,10.862752,-0.000404,-0.000981,-0.002052,-0.000336
23180.114599,13.772,10.617016,-0.000401,-0.000978,-0.002057,-0.000333
23182.615504,13.772,10.928144,-0.000406,-0.000984,-0.002057,-0.000337
23185.130812,13.772,10.747108,-0.000416,-0.000993,-0.002054,-0.000343
23186.380774999998,13.772,10.736963,-0.000418,-0.000995,-0.002062,-0.00035
23188.912726000002,13.772,10.518318,-0.00041,-0.000989,-0.002064,-0.000343
23190.177089999997,13.772,10.886285,-0.000407,-0.000987,-0.002065,-0.000339
23192.676875999998,13.772,10.910666,-0.000402,-0.000986,-0.002057,-0.000334
23195.193454,13.772,12.169628,-0.000398,-0.000979,-0.002054,-0.000332
23196.458958,13.772,11.008143,-0.0004,-0.000977,-0.002061,-0.000329
23198.959027999997,13.772,11.123683,-0.00041,-0.000986,-0.002059,-0.000341
23200.20831,13.772,10.788595,-0.000412,-0.000989,-0.002052,-0.000342
23202.740787000002,13.772,10.321452,-0.000405,-0.000983,-0.002056,-0.000338
23205.25404,13.772,10.655263,-0.000417,-0.000995,-0.002052,-0.000354
23206.505534,13.772,10.895103,-0.00042,-0.000998,-0.002048,-0.000361
23209.005889,13.772,10.653616,-0.00042,-0.000996,-0.002053,-0.00036
23210.271253,13.772,10.566924,-0.000416,-0.000997,-0.002056,-0.000354
23212.771174,13.772,10.593803,-0.000415,-0.000995,-0.002058,-0.000357
23215.271511,13.772,11.159273,-0.000416,-0.000998,-0.002059,-0.000359
23216.52123,13.772,11.057441,-0.000426,-0.001005,-0.002063,-0.000368
23219.02179,13.772,11.172394,-0.000429,-0.001012,-0.00206,-0.000372
23220.286163999997,13.772,10.872951,-0.000445,-0.001026,-0.002061,-0.000392
23222.803543,13.772,10.861902,-0.000445,-0.001026,-0.002061,-0.000378
23224.068386,13.772,11.002353,-0.000436,-0.001015,-0.002052,-0.000363
23226.597154,13.772,10.771757,-0.000426,-0.001005,-0.002063,-0.000358
23229.115464000002,13.772,10.861477,-0.000421,-0.001001,-0.002062,-0.000359
23230.382084999997,13.772,10.498079,-0.000439,-0.001017,-0.002059,-0.000379
23232.911034999997,13.772,10.956138,-0.000454,-0.001031,-0.002059,-0.00039
23234.162076,13.772,10.797413,-0.000451,-0.001029,-0.00207,-0.000384
23236.661667,13.772,11.385195,-0.000439,-0.001019,-0.002069,-0.000373
23239.163207999998,13.772,10.707746,-0.000431,-0.001012,-0.002065,-0.000365
23240.427759,13.772,10.553802,-0.000428,-0.001007,-0.002065,-0.00036
23242.927764,13.772,10.590987,-0.000421,-0.001003,-0.002053,-0.000361
23244.192189,13.772,10.897068,-0.00042,-0.001002,-0.002051,-0.00036
23246.709005,13.772,11.357147,-0.000411,-0.000994,-0.002058,-0.000351
23249.208512999998,13.772,10.661425,-0.000408,-0.00099,-0.00206,-0.000341
23250.472658,13.772,10.324905,-0.000409,-0.000989,-0.002062,-0.000345
23252.990742,13.772,10.763416,-0.000408,-0.00099,-0.002063,-0.000354
23254.255758,13.772,10.336432,-0.000421,-0.000996,-0.00206,-0.000367
23256.771066,13.772,10.687666,-0.00043,-0.001008,-0.002067,-0.000367
23259.287007,13.772,10.7376,-0.000425,-0.001006,-0.002063,-0.000365
23260.553702999998,13.772,10.667003,-0.000427,-0.001005,-0.002059,-0.000363
23263.067593,13.772,10.89404,-0.000426,-0.001005,-0.00206,-0.000363
23264.333743,13.772,10.662221,-0.000426,-0.001004,-0.002058,-0.000365
23266.864888,13.772,10.846815,-0.000422,-0.001001,-0.002045,-0.00036
23268.131501,13.772,10.282356,-0.000419,-0.001,-0.00204,-0.000357
23270.631009,13.772,10.92894,-0.000419,-0.000999,-0.002039,-0.000355
23273.145478,13.772,10.830295,-0.00042,-0.000998,-0.002037,-0.000355
23274.412421,13.772,10.734838,-0.000418,-0.000994,-0.002044,-0.000352
23276.943289,13.772,11.148064,-0.000411,-0.000985,-0.00204,-0.000347
23278.193771,13.772,10.341372,-0.000408,-0.000984,-0.002045,-0.000344
23280.724883,13.772,10.503869,-0.000409,-0.000984,-0.002039,-0.000349
23283.255196,13.772,10.755767,-0.000408,-0.000987,-0.002044,-0.000349
23284.506113,13.772,10.77505,-0.000407,-0.000985,-0.002039,-0.000348
23287.005471,13.772,10.888356,-0.000407,-0.000984,-0.002037,-0.000344
23288.255742,13.772,10.789073,-0.000407,-0.000985,-0.002041,-0.000346
23290.786674,13.772,10.884425,-0.000411,-0.000991,-0.002038,-0.00035
23292.05354,13.772,10.863549,-0.00041,-0.000987,-0.002038,-0.000346
23294.567886999997,13.772,10.696803,-0.000405,-0.000982,-0.002036,-0.000341
23297.099862,13.772,10.369473,-0.0004,-0.000977,-0.002043,-0.000333
23298.364653999997,13.772,10.779512,-0.0004,-0.000977,-0.002039,-0.000333
23300.881127,13.772,10.794598,-0.000399,-0.000974,-0.002045,-0.000335
23302.144850999997,13.772,10.308916,-0.0004,-0.000978,-0.00204,-0.000332
23304.662338000002,13.772,11.198104,-0.000401,-0.000979,-0.002041,-0.000336
23307.177265,13.772,10.44857,-0.000398,-0.000976,-0.002039,-0.000331
23308.44326,13.772,10.679911,-0.0004,-0.000976,-0.002038,-0.000332
23310.973985,13.772,10.441452,-0.0004,-0.00098,-0.002035,-0.000335
23312.224993,13.772,10.954119,-0.000398,-0.000978,-0.002036,-0.000336
23314.739374999997,13.772,10.326021,-0.000397,-0.000976,-0.002037,-0.000332
23317.255842,13.772,10.771332,-0.000395,-0.000975,-0.002037,-0.000328
23318.521741999997,13.772,10.946311,-0.000396,-0.000976,-0.00204,-0.000328
23321.020781,13.772,10.998582,-0.000394,-0.000976,-0.002039,-0.000329
23322.271006,13.772,10.929312,-0.000392,-0.000974,-0.002032,-0.00033
23324.786348,13.772,10.506259,-0.000389,-0.000971,-0.002036,-0.00032
23326.052863999997,13.772,10.81675,-0.000389,-0.000972,-0.00203,-0.000321
23328.58373,13.772,10.524373,-0.000383,-0.000965,-0.002035,-0.000313
23331.114577,13.772,10.293086,-0.000383,-0.000968,-0.002034,-0.000315
23332.381016,13.772,10.883044,-0.000384,-0.000966,-0.002039,-0.000315
23334.896045,13.772,11.203895,-0.000385,-0.000967,-0.00203,-0.000315
23336.146274,13.772,10.611545,-0.000386,-0.00097,-0.00203,-0.000319
23338.661616999998,13.772,11.085011,-0.000387,-0.000969,-0.002035,-0.000319
23341.162226,13.772,10.961875,-0.000384,-0.000967,-0.002035,-0.000318
23342.426572,13.772,10.845222,-0.000387,-0.000969,-0.002032,-0.00032
23344.92864,13.772,10.758158,-0.000388,-0.000968,-0.002026,-0.000318
23346.192948,13.772,10.84246,-0.000386,-0.000967,-0.002029,-0.000315
23348.707873,13.772,10.626631,-0.00038,-0.000963,-0.002029,-0.000308
23351.208351,13.772,10.573829,-0.000379,-0.000963,-0.002029,-0.000309
23352.474496,13.772,10.778556,-0.000379,-0.000964,-0.002029,-0.000309
23355.004984,13.772,10.794598,-0.000377,-0.000959,-0.002031,-0.000305
23356.256354999998,13.772,10.854731,-0.000374,-0.000956,-0.002027,-0.0003
23358.784403999998,13.772,10.616272,-0.000375,-0.000955,-0.002031,-0.000302
23360.036159,13.772,10.635874,-0.000376,-0.000958,-0.002024,-0.000305
23362.567569,13.772,10.778503,-0.000384,-0.000964,-0.002023,-0.000311
23365.084245,13.772,10.67258,-0.000383,-0.000964,-0.002023,-0.000308
23366.34811,13.772,10.88554,-0.000382,-0.000962,-0.002023,-0.000307
23368.864548999998,13.772,10.617919,-0.000383,-0.000962,-0.002021,-0.000306
23370.115858999998,13.772,10.911357,-0.00038,-0.000962,-0.002022,-0.000304
23372.630707,13.772,10.582116,-0.000382,-0.000962,-0.002025,-0.000304
23375.160839,13.772,10.870348,-0.000385,-0.000967,-0.002019,-0.00031
23376.413618,13.772,10.88501,-0.000385,-0.000965,-0.00202,-0.000309
23378.91172,13.772,10.800441,-0.00038,-0.000962,-0.002022,-0.000303
23380.161246,13.772,10.66748,-0.000381,-0.000961,-0.002017,-0.000304
23382.66386,13.772,10.574254,-0.000373,-0.000955,-0.002027,-0.000293
23385.160671999998,13.772,10.605277,-0.000379,-0.000959,-0.002023,-0.000301
23386.411208999998,13.772,10.779512,-0.000374,-0.000957,-0.002026,-0.000297
23388.912772,13.772,10.597999,-0.000372,-0.000955,-0.002026,-0.000292
23390.178584,13.772,10.544772,-0.000378,-0.00096,-0.002026,-0.000302
23392.693587,13.772,10.705833,-0.000377,-0.00096,-0.002027,-0.000304
23395.208727999998,13.772,10.794014,-0.000376,-0.000959,-0.002019,-0.000304
23396.459766,13.772,10.462063,-0.000371,-0.000956,-0.002027,-0.000299
23398.989955999998,13.772,10.499938,-0.000374,-0.000955,-0.002016,-0.000298
23400.255629,13.772,10.903708,-0.000373,-0.000955,-0.00202,-0.000292
23402.770674,13.772,10.562143,-0.000374,-0.000954,-0.002013,-0.000292
23405.286179000002,13.772,10.943814,-0.000369,-0.000954,-0.002018,-0.000293
23406.536776,13.772,10.621797,-0.000369,-0.000954,-0.002016,-0.000294
23409.053318,13.772,10.772394,-0.000371,-0.000956,-0.002011,-0.000297
23410.317961,13.772,10.171599,-0.000371,-0.000956,-0.00202,-0.000294
23412.802355,13.772,9.918584,-0.000369,-0.000952,-0.002023,-0.000291
23414.05285,13.772,10.475131,-0.000371,-0.000955,-0.002019,-0.000293
23416.568006,13.772,10.680867,-0.000369,-0.000951,-0.002022,-0.000288
23419.083412,13.772,10.485862,-0.000369,-0.000953,-0.00202,-0.00029
23420.333339999997,13.772,10.95481,-0.000371,-0.000955,-0.002011,-0.00029
23422.849965,13.772,11.113536,-0.00037,-0.000954,-0.002013,-0.000287
23424.115721000002,13.772,10.447029,-0.000367,-0.000952,-0.00202,-0.000284
23426.630693,13.772,10.759113,-0.000365,-0.00095,-0.002016,-0.00028
23429.145967999997,13.772,10.670934,-0.000365,-0.000947,-0.00202,-0.000282
23430.411851999997,13.772,10.737919,-0.000366,-0.000952,-0.002018,-0.000285
23432.92743,13.772,11.049314,-0.00037,-0.000952,-0.002021,-0.000285
23434.193578,13.772,10.517521,-0.000367,-0.000949,-0.002016,-0.000284
23436.709968,13.772,10.88554,-0.000365,-0.000953,-0.002019,-0.000288
23439.239694,13.772,10.467215,-0.000368,-0.000951,-0.002014,-0.000286
23440.505429999997,13.772,10.701797,-0.000363,-0.000947,-0.002022,-0.000281
23443.020113,13.772,10.994916,-0.000357,-0.000942,-0.002018,-0.000278
23444.271462999997,13.772,10.692023,-0.000353,-0.00094,-0.002023,-0.000277
23446.786788999998,13.772,10.501585,-0.000357,-0.000942,-0.002025,-0.000278
23448.052621,13.772,10.825992,-0.00036,-0.000945,-0.002022,-0.000279
23450.568209999998,13.772,10.554387,-0.00036,-0.000946,-0.002023,-0.000281
23453.099705,13.772,10.593856,-0.000367,-0.000951,-0.002017,-0.00029
23454.36464,13.772,10.295955,-0.000369,-0.000952,-0.00202,-0.000293
23456.864634999998,13.772,10.504613,-0.000373,-0.000955,-0.002021,-0.000293
23458.115612,13.772,10.899777,-0.000371,-0.000952,-0.002024,-0.000287
23460.615857999997,13.772,11.069393,-0.000372,-0.000951,-0.00202,-0.000287
23463.130813,13.772,10.508968,-0.000366,-0.000948,-0.002021,-0.000285
23464.381587,13.772,10.854412,-0.000365,-0.000948,-0.002016,-0.000286
23466.911009,13.772,10.998741,-0.000363,-0.000949,-0.002023,-0.00028
23468.160868,13.772,10.202993,-0.000364,-0.000947,-0.002019,-0.00028
23470.662092,13.772,10.546738,-0.000362,-0.000948,-0.002018,-0.000279
23473.162970999998,13.772,10.57521,-0.000361,-0.000945,-0.002019,-0.000273
23474.428205,13.772,10.845647,-0.000362,-0.000944,-0.002023,-0.000271
23476.943443,13.772,11.002991,-0.00036,-0.000942,-0.002019,-0.000273
23478.208831,13.772,10.90153,-0.000359,-0.000942,-0.002022,-0.000273
23480.739572,13.772,10.883097,-0.00036,-0.000941,-0.002012,-0.000275
23483.270935,13.772,10.839538,-0.00036,-0.000943,-0.002017,-0.000273
23484.521605,13.772,10.22233,-0.00036,-0.000944,-0.002017,-0.000273
23487.051853999998,13.772,11.009684,-0.000358,-0.00094,-0.002016,-0.000269
23488.303232,13.772,10.652607,-0.000355,-0.000939,-0.002015,-0.000268
23490.818936,13.772,10.446658,-0.000353,-0.000937,-0.002018,-0.000267
23492.067836000002,13.772,10.363524,-0.000353,-0.000936,-0.00202,-0.000268
23494.598969,13.772,10.814837,-0.000358,-0.000943,-0.002015,-0.000274
23497.114284,13.772,10.755661,-0.000367,-0.000951,-0.002011,-0.00028
23498.380253,13.772,10.654306,-0.000369,-0.00095,-0.002012,-0.000281
23500.880728,13.772,11.023125,-0.00037,-0.000952,-0.002016,-0.000285
23502.146069000002,13.772,10.174361,-0.000373,-0.000956,-0.002019,-0.000288
23504.658793000002,13.772,10.977811,-0.000383,-0.000966,-0.00202,-0.000301
23507.161468,13.772,10.867745,-0.000388,-0.000972,-0.00203,-0.000306
23508.42675,13.772,10.648251,-0.000388,-0.000972,-0.002024,-0.000302
23510.958568000002,13.772,11.117679,-0.000395,-0.000978,-0.002024,-0.000314
23512.209333,13.772,10.774838,-0.000406,-0.000991,-0.002027,-0.000325
23514.721992,13.772,10.477521,-0.000399,-0.000983,-0.002037,-0.000314
23517.224753000002,13.772,10.864186,-0.000398,-0.000979,-0.002031,-0.000311
23518.473618,13.772,10.416219,-0.000396,-0.000976,-0.002033,-0.000309
23520.990833,13.772,10.809685,-0.0004,-0.000983,-0.002037,-0.000318
23522.256408,13.772,10.896961,-0.000404,-0.000991,-0.00204,-0.000323
23524.786259,13.772,10.815793,-0.000412,-0.000995,-0.002043,-0.000326
23526.053288,13.772,10.891119,-0.000415,-0.000998,-0.002045,-0.000328
23528.582718999998,13.772,10.52942,-0.000419,-0.001002,-0.002038,-0.000332
23531.099664,13.772,10.558637,-0.000426,-0.001008,-0.00204,-0.000345
23532.364842,13.772,10.799326,-0.000421,-0.001004,-0.002049,-0.000337
23534.896220000002,13.772,10.155822,-0.00041,-0.000993,-0.002041,-0.000322
23536.146227999998,13.772,10.458079,-0.000399,-0.000984,-0.002044,-0.000317
23538.645452999997,13.772,10.646551,-0.000395,-0.000979,-0.002047,-0.000312
23541.177317,13.772,10.611916,-0.000402,-0.000987,-0.002056,-0.000321
23542.427413999998,13.772,10.433696,-0.000399,-0.000982,-0.002049,-0.000316
23544.943510999998,13.772,10.683045,-0.000404,-0.000991,-0.002044,-0.000323
23546.19344,13.772,10.785992,-0.000405,-0.000991,-0.002046,-0.000319
23548.724477,13.772,10.534785,-0.0004,-0.000983,-0.002051,-0.000314
23551.255075,13.772,11.069658,-0.0004,-0.000983,-0.00206,-0.000309
23552.505832,13.772,10.474121,-0.000402,-0.000985,-0.002055,-0.000314
23555.022746000002,13.772,10.830614,-0.000399,-0.000981,-0.002057,-0.00031
23556.271435000002,13.772,10.58541,-0.000403,-0.000984,-0.002057,-0.000313
23558.803184,13.772,10.321825,-0.000406,-0.000991,-0.00205,-0.000325
23560.068521,13.772,10.466312,-0.000414,-0.000997,-0.002045,-0.000335
23562.568831999997,13.772,10.71513,-0.000432,-0.001015,-0.002055,-0.000348
23565.068818,13.772,10.358849,-0.000417,-0.001002,-0.002051,-0.000322
23566.317187,13.772,10.400284,-0.00041,-0.000994,-0.00205,-0.000319
23568.818101999997,13.772,10.877892,-0.000405,-0.000992,-0.002053,-0.000314
23570.067747,13.772,10.616166,-0.000397,-0.000982,-0.002059,-0.000303
23572.568057999997,13.772,10.906151,-0.000398,-0.000982,-0.002056,-0.000305
23575.098889,13.772,10.566817,-0.000401,-0.000985,-0.00206,-0.000307
23576.365609,13.772,10.960759,-0.000407,-0.000986,-0.002063,-0.000313
23578.865584,13.772,10.879219,-0.000408,-0.00099,-0.00206,-0.000321
23580.131197000002,13.772,10.868382,-0.00041,-0.000995,-0.002058,-0.000324
23582.645819999998,13.772,10.637839,-0.000407,-0.00099,-0.002056,-0.00032
23585.163146,13.772,10.139886,-0.000396,-0.000979,-0.00206,-0.00031
23586.427831,13.772,10.71853,-0.000394,-0.000976,-0.002064,-0.000306
23588.943809999997,13.772,10.526552,-0.000398,-0.000986,-0.002063,-0.000309
23590.207794,13.772,10.293671,-0.000408,-0.000997,-0.002068,-0.00032
23592.708654000002,13.772,10.420948,-0.000421,-0.001006,-0.002067,-0.000325
23595.223842,13.772,10.525171,-0.000407,-0.000997,-0.00206,-0.000321
23596.474735,13.772,10.873323,-0.000403,-0.000992,-0.002067,-0.000311
23598.989692,13.772,10.761398,-0.000405,-0.000987,-0.00207,-0.000308
23600.241296,13.772,10.495476,-0.000406,-0.000989,-0.002064,-0.000312
23602.755838999998,13.772,10.214892,-0.000404,-0.000989,-0.00206,-0.000312
23605.271448,13.772,10.603099,-0.000404,-0.000988,-0.00206,-0.000308
23606.521326000002,13.772,10.603099,-0.000401,-0.000985,-0.002064,-0.000304
23609.036917999998,13.772,10.679911,-0.000396,-0.000982,-0.002064,-0.000301
23610.28699,13.772,10.779352,-0.0004,-0.000983,-0.002064,-0.000303
23612.787789,13.772,10.943601,-0.000404,-0.000985,-0.002065,-0.000304
23615.28704,13.772,10.67258,-0.000402,-0.000985,-0.00206,-0.000304
23616.552325,13.772,10.661744,-0.000406,-0.000987,-0.00206,-0.000306
23619.052692999998,13.772,10.881929,-0.000405,-0.000986,-0.002059,-0.000306
23620.302807,13.772,10.625621,-0.000402,-0.000986,-0.002057,-0.000306
23622.817755,13.772,10.409739,-0.000392,-0.00098,-0.00206,-0.000304
23624.084649,13.772,10.755607,-0.000389,-0.000979,-0.00206,-0.000297
23626.599821,13.772,10.772394,-0.00039,-0.00098,-0.002049,-0.000294
23629.130852000002,13.772,10.708649,-0.000393,-0.000981,-0.002049,-0.000292
23630.380669,13.772,10.214786,-0.000397,-0.000985,-0.002042,-0.000299
23632.895435,13.772,10.502063,-0.000399,-0.000986,-0.00204,-0.000303
23634.145392,13.772,10.366817,-0.000403,-0.000994,-0.002051,-0.000315
23636.660734999998,13.772,10.76756,-0.000415,-0.001005,-0.002047,-0.000324
23639.176545000002,13.772,10.678211,-0.000414,-0.001002,-0.002056,-0.00032
23640.427563999998,13.772,10.594918,-0.000413,-0.000999,-0.002059,-0.000313
23642.958920999998,13.772,10.876935,-0.000411,-0.000995,-0.002051,-0.000307
23644.208797,13.772,10.451811,-0.00041,-0.000996,-0.00205,-0.000304
23646.724663,13.772,10.560124,-0.000407,-0.000991,-0.002058,-0.0003
23649.256201,13.772,10.459619,-0.000415,-0.001002,-0.002059,-0.000314
23650.520932,13.772,10.878741,-0.000421,-0.001004,-0.002065,-0.000319
23653.03643,13.772,10.864664,-0.000426,-0.001013,-0.002071,-0.000324
23654.301551999997,13.772,10.826099,-0.000427,-0.001012,-0.002066,-0.000322
23656.803009,13.772,10.655157,-0.000423,-0.001007,-0.002061,-0.000318
23658.06824,13.772,10.66934,-0.000426,-0.001012,-0.002066,-0.000324
23660.59969,13.772,10.589872,-0.000436,-0.001018,-0.00207,-0.000332
23663.115111,13.772,10.244799,-0.000433,-0.001015,-0.002068,-0.000326
23664.381078,13.772,10.682992,-0.000432,-0.001015,-0.002065,-0.000324
23666.910916,13.772,10.901583,-0.000424,-0.001008,-0.00207,-0.000314
23668.163013999998,13.772,10.63598,-0.000424,-0.001012,-0.002066,-0.000321
23670.677519999997,13.772,10.738078,-0.000428,-0.001013,-0.002062,-0.000321
23673.191953,13.772,10.816059,-0.000424,-0.001008,-0.002063,-0.000315
23674.44287,13.772,10.54371,-0.00042,-0.001007,-0.002065,-0.000312
23676.958632,13.772,10.957679,-0.000422,-0.001007,-0.002061,-0.000312
23678.208281,13.772,10.162622,-0.000423,-0.001008,-0.00206,-0.000313
23680.708808,13.772,10.295424,-0.000418,-0.001002,-0.002051,-0.000309
23683.208431,13.772,10.850906,-0.000422,-0.001007,-0.002048,-0.000315
23684.458856999998,13.772,11.145727,-0.000421,-0.001007,-0.002055,-0.00031
23686.973518,13.772,10.707215,-0.000426,-0.001009,-0.002056,-0.000314
23688.239378,13.772,10.898449,-0.000423,-0.001009,-0.002058,-0.000314
23690.755614,13.772,10.560655,-0.000417,-0.001003,-0.002059,-0.000301
23693.2709,13.772,10.856855,-0.000409,-0.000996,-0.002049,-0.000297
23694.521022,13.772,10.808782,-0.000409,-0.000995,-0.002047,-0.000292
23697.02102,13.772,10.711465,-0.000406,-0.000993,-0.002043,-0.000289
23698.270428,13.772,11.042089,-0.000403,-0.000989,-0.002049,-0.000288
23700.771154000002,13.772,10.240868,-0.000405,-0.000989,-0.002049,-0.000286
23703.271404,13.772,10.629978,-0.000402,-0.000988,-0.002044,-0.000288
23704.536431,13.772,10.72671,-0.000405,-0.000993,-0.002035,-0.000296
23707.053184999997,13.772,10.611226,-0.000403,-0.000988,-0.002039,-0.00029
23708.317381,13.772,10.919909,-0.000404,-0.000989,-0.002037,-0.00029
23710.833809,13.772,10.65011,-0.0004,-0.000984,-0.002037,-0.000283
23712.099799,13.772,10.926178,-0.000398,-0.000982,-0.002043,-0.000283
23714.631411000002,13.772,11.104824,-0.000402,-0.000987,-0.002035,-0.000288
23717.162736,13.772,10.953375,-0.000405,-0.000991,-0.002038,-0.00029
23718.411347,13.772,10.514706,-0.000406,-0.000991,-0.002037,-0.000292
23720.927366,13.772,10.688304,-0.000406,-0.000994,-0.002037,-0.000294
23722.193157,13.772,10.623072,-0.000406,-0.000992,-0.002041,-0.000291
23724.691938,13.772,10.150192,-0.0004,-0.000989,-0.00204,-0.000287
23727.209762,13.772,9.980737,-0.000398,-0.000986,-0.002034,-0.000285
23728.458357,13.772,10.407243,-0.000398,-0.000984,-0.002037,-0.000284
23730.974087000002,13.772,10.203631,-0.000393,-0.000982,-0.002041,-0.000276
23732.223914000002,13.772,10.337867,-0.000395,-0.000983,-0.002038,-0.000279
23734.739391,13.772,10.516618,-0.000397,-0.000985,-0.002034,-0.000282
23737.240973,13.772,10.572394,-0.000396,-0.000984,-0.002034,-0.00028
23738.505842,13.772,10.510721,-0.000394,-0.000982,-0.002038,-0.000276
23741.006138,13.772,10.301532,-0.000394,-0.000979,-0.00204,-0.000275
23742.271543,13.772,10.375158,-0.000391,-0.000982,-0.002034,-0.000275
23744.800822999998,13.772,10.552899,-0.00039,-0.000975,-0.002033,-0.000266
23747.303072000002,13.772,9.808359,-0.000382,-0.00097,-0.002032,-0.000259
23748.567386000002,13.772,10.577282,-0.000382,-0.000969,-0.002029,-0.00026
23751.066633000002,13.772,10.604745,-0.000383,-0.000972,-0.002028,-0.000265
23752.317398,13.772,10.319965,-0.000385,-0.000974,-0.00203,-0.000264
23754.819158,13.772,10.798635,-0.000385,-0.000972,-0.002032,-0.000261
23756.084587999998,13.772,10.527508,-0.000385,-0.000971,-0.002029,-0.000258
23758.61551,13.772,10.687454,-0.000381,-0.000968,-0.002027,-0.000258
23761.131171,13.772,10.855049,-0.000378,-0.000968,-0.002023,-0.000255
23762.380887,13.772,10.596299,-0.000379,-0.000968,-0.002028,-0.000258
23764.910852,13.772,10.81999,-0.000385,-0.000973,-0.002026,-0.000266
23766.162794,13.772,10.630986,-0.000386,-0.000973,-0.002027,-0.000264
23768.678427,13.772,10.740469,-0.000382,-0.000969,-0.002029,-0.000259
23771.208387,13.772,10.767188,-0.000379,-0.000969,-0.002027,-0.000257
23772.473916,13.772,10.374095,-0.00038,-0.000968,-0.002025,-0.000256
23775.005903999998,13.772,10.674439,-0.000377,-0.000966,-0.00202,-0.000252
23776.270144000002,13.772,10.627746,-0.000375,-0.000964,-0.002024,-0.000248
23778.77162,13.772,10.227642,-0.000372,-0.000961,-0.002026,-0.000247
23781.285851,13.772,10.365649,-0.000373,-0.00096,-0.002022,-0.000248
23782.537264,13.772,10.981317,-0.000372,-0.000962,-0.00202,-0.000247
23785.05339,13.772,10.285756,-0.000372,-0.000961,-0.002021,-0.000247
23786.317959,13.772,10.839379,-0.000372,-0.000961,-0.002014,-0.000247
23788.818392,13.772,10.894996,-0.000373,-0.000959,-0.002015,-0.000245
23790.08339,13.772,10.411014,-0.00037,-0.000958,-0.002021,-0.000243
23792.614615,13.772,10.612448,-0.000367,-0.000957,-0.002016,-0.000245
23795.144866000002,13.772,10.696166,-0.000368,-0.000956,-0.00202,-0.000242
23796.395641,13.772,10.701744,-0.000369,-0.000955,-0.002014,-0.000242
23798.911246,13.772,10.414785,-0.000364,-0.000953,-0.002014,-0.000237
23800.177085,13.772,10.615528,-0.000365,-0.000952,-0.002014,-0.000236
23802.676589000002,13.772,10.554068,-0.000363,-0.000952,-0.002016,-0.000234
23805.193245000002,13.772,10.851491,-0.000362,-0.000952,-0.002012,-0.000234
23806.458925,13.772,10.464135,-0.000361,-0.000951,-0.002017,-0.000234
23808.973688,13.772,10.676724,-0.000361,-0.000954,-0.002012,-0.000237
23810.223383,13.772,10.326765,-0.000362,-0.000952,-0.002016,-0.000235
23812.723999,13.772,10.138239,-0.000361,-0.00095,-0.002015,-0.000234
23815.254556,13.772,11.202991,-0.000357,-0.000947,-0.002011,-0.000233
23816.505777,13.772,10.881557,-0.000358,-0.000949,-0.002012,-0.000233
23819.021825,13.772,10.355821,-0.000357,-0.000946,-0.002018,-0.000233
23820.286394000002,13.772,10.022012,-0.000356,-0.000948,-0.002015,-0.000234
23822.817883,13.772,10.870401,-0.00036,-0.00095,-0.002017,-0.000234
23825.318515,13.772,10.88655,-0.000361,-0.00095,-0.002018,-0.000232
23826.583528,13.772,10.45877,-0.000357,-0.000948,-0.002017,-0.000229
23829.083753,13.772,10.559965,-0.000357,-0.000946,-0.00201,-0.000226
23830.349752000002,13.772,10.518584,-0.000357,-0.000946,-0.002006,-0.000231
23832.864496000002,13.772,10.606605,-0.000358,-0.000947,-0.002011,-0.000231
23834.131251,13.772,10.798104,-0.000357,-0.000947,-0.002006,-0.000229
23836.644802,13.772,10.040126,-0.000354,-0.000945,-0.002008,-0.000229
23839.146842000002,13.772,10.406924,-0.000357,-0.000947,-0.002007,-0.000228
23840.411346,13.772,10.484799,-0.000354,-0.000945,-0.002003,-0.000226
23842.911425,13.772,10.219833,-0.000357,-0.000947,-0.002003,-0.000228
23844.162856,13.772,10.631359,-0.000356,-0.000948,-0.002009,-0.000229
23846.692969,13.772,10.800123,-0.000363,-0.000954,-0.002004,-0.000239
23849.20824,13.772,10.436884,-0.000368,-0.000957,-0.002009,-0.000238
23850.4583,13.772,10.77829,-0.000368,-0.000956,-0.002012,-0.000236
23852.974259000002,13.772,10.364586,-0.000373,-0.000963,-0.002007,-0.000245
23854.240785,13.772,10.628649,-0.000374,-0.000965,-0.002015,-0.000246
23856.770867,13.772,10.654466,-0.000373,-0.000963,-0.002013,-0.000242
23859.270915,13.772,10.590137,-0.000368,-0.000959,-0.002006,-0.000237
23860.521418,13.772,10.943549,-0.000365,-0.000955,-0.002009,-0.000233
23863.020790000002,13.772,10.518956,-0.000367,-0.000957,-0.002013,-0.000239
23864.286513,13.772,10.914438,-0.000373,-0.000964,-0.002014,-0.000247
23866.817598,13.772,10.297973,-0.000376,-0.000967,-0.002018,-0.000247
23868.067872,13.772,10.714226,-0.000376,-0.000967,-0.002017,-0.000248
23870.584155999997,13.772,10.593218,-0.000384,-0.000973,-0.002014,-0.000253
23873.114840000002,13.772,10.889472,-0.00039,-0.000979,-0.002028,-0.000258
23874.366198,13.772,10.55428,-0.000391,-0.000978,-0.00203,-0.000258
23876.881164,13.772,10.491598,-0.000387,-0.000976,-0.002028,-0.000254
23878.131222,13.772,10.298664,-0.000386,-0.000976,-0.002022,-0.000254
23880.660661,13.772,10.061056,-0.000383,-0.000973,-0.00202,-0.000249
23883.177423,13.772,10.526286,-0.000377,-0.000967,-0.002019,-0.000239
23884.443545000002,13.772,10.398105,-0.000378,-0.000967,-0.002017,-0.000242
23886.958868,13.772,10.356619,-0.000388,-0.000979,-0.002021,-0.000258
23888.222602,13.772,10.402833,-0.000395,-0.000983,-0.002021,-0.000261
23890.724739999998,13.772,10.550244,-0.000389,-0.000981,-0.002027,-0.000259
23893.25647,13.772,10.244959,-0.00039,-0.00098,-0.002033,-0.000256
23894.520816,13.772,10.777652,-0.000398,-0.000987,-0.002034,-0.000266
23897.03643,13.772,10.576325,-0.000395,-0.000984,-0.002039,-0.000257
23898.286606,13.772,10.56278,-0.000397,-0.000986,-0.002032,-0.00026
23900.80276,13.772,10.825195,-0.000396,-0.000987,-0.002032,-0.000262
23903.317646,13.772,10.052238,-0.000398,-0.000988,-0.002036,-0.000261
23904.567397,13.772,10.212556,-0.000395,-0.000986,-0.002031,-0.000257
23907.083497,13.772,10.496645,-0.000392,-0.000984,-0.002032,-0.000255
23908.333773,13.772,10.50116,-0.000395,-0.000986,-0.002037,-0.000256
23910.865845,13.772,10.349553,-0.000394,-0.000985,-0.002032,-0.000254
23912.115722000002,13.772,10.419247,-0.000389,-0.000981,-0.002028,-0.000247
23914.631053999998,13.772,10.096274,-0.000393,-0.000984,-0.002034,-0.000254
23917.146049,13.772,10.328252,-0.000398,-0.000989,-0.002034,-0.000258
23918.395622,13.772,10.342701,-0.000393,-0.000984,-0.002035,-0.000257
23920.897323999998,13.772,10.543922,-0.00039,-0.000982,-0.002031,-0.000246
23922.146339,13.772,10.565011,-0.00039,-0.000985,-0.002034,-0.000251
23924.676369,13.772,10.534095,-0.00039,-0.000981,-0.002035,-0.000239
23927.176821,13.772,10.533085,-0.000383,-0.000973,-0.002033,-0.000228
23928.427138,13.772,10.161454,-0.000386,-0.000974,-0.002025,-0.000235
23930.943713,13.772,10.456007,-0.000396,-0.000987,-0.002039,-0.000244
23932.192737999998,13.772,10.251599,-0.000395,-0.000987,-0.002032,-0.000243
23934.707642,13.772,10.531173,-0.0004,-0.000992,-0.00203,-0.00025
23937.224758,13.772,10.427853,-0.00039,-0.000987,-0.002037,-0.00024
23938.48956,13.772,10.673271,-0.000393,-0.000985,-0.002032,-0.000242
23941.004756000002,13.772,10.667533,-0.000394,-0.000988,-0.002033,-0.000248
23942.256383,13.772,10.511678,-0.000404,-0.000997,-0.002036,-0.000259
23944.771299,13.772,10.391146,-0.000415,-0.001007,-0.002043,-0.000263
23947.271945,13.772,10.157841,-0.000402,-0.000994,-0.00204,-0.000249
23948.535924,13.772,10.041082,-0.000399,-0.00099,-0.002044,-0.000245
23951.035645,13.772,9.870404,-0.000392,-0.000984,-0.002045,-0.000239
23952.287351,13.772,10.778556,-0.000391,-0.000985,-0.002042,-0.000238
23954.803326,13.772,10.623285,-0.00039,-0.000983,-0.00205,-0.000235
23956.067632,13.772,10.625303,-0.000395,-0.00099,-0.002051,-0.000243
23958.599262,13.772,10.380841,-0.000402,-0.000997,-0.002061,-0.000251
23961.115784,13.772,10.544719,-0.000405,-0.001,-0.002056,-0.000255
23962.364934999998,13.772,10.225676,-0.000396,-0.000992,-0.002059,-0.000244
23964.881249,13.772,10.70764,-0.000393,-0.000988,-0.002049,-0.000242
23966.146527999997,13.772,10.313432,-0.000394,-0.000989,-0.002049,-0.000243
23968.677783,13.772,10.375742,-0.000393,-0.000989,-0.002048,-0.000244
23971.208752,13.772,10.138984,-0.000399,-0.000993,-0.002052,-0.000249
23972.457522,13.772,10.485224,-0.000401,-0.000996,-0.002048,-0.000253
23974.973503,13.772,10.189819,-0.000398,-0.000992,-0.002052,-0.000246
23976.223865,13.772,10.653245,-0.000398,-0.000993,-0.002055,-0.000244
23978.739720999998,13.772,10.358212,-0.000412,-0.001004,-0.002054,-0.000266
23981.27016,13.772,10.422488,-0.000423,-0.001014,-0.002058,-0.000274
23982.521437,13.772,10.414041,-0.000423,-0.001013,-0.002055,-0.000268
23985.021731,13.772,10.508119,-0.000422,-0.001013,-0.002055,-0.000265
23986.271562,13.772,10.437999,-0.00042,-0.001008,-0.002063,-0.00026
23988.802712999997,13.772,8.854152,-0.000406,-0.000997,-0.002058,-0.000249
23991.317455999997,13.772,10.602726,-0.000395,-0.000991,-0.002052,-0.00024
23992.5663,13.772,10.19901,-0.000396,-0.000994,-0.002053,-0.000247
23995.082744,13.772,10.679911,-0.000395,-0.00099,-0.002054,-0.000242
23996.333891000002,13.772,10.338983,-0.000389,-0.000983,-0.002059,-0.000234
23998.848659,13.772,10.44857,-0.000385,-0.000976,-0.002066,-0.00022
24000.115847,13.772,10.299939,-0.000385,-0.00098,-0.002068,-0.000224
24002.614587,13.772,10.235291,-0.000396,-0.000987,-0.002068,-0.000232
24005.14589,13.772,10.365808,-0.000401,-0.000994,-0.002068,-0.00024
24006.395615,13.772,10.631943,-0.000397,-0.000992,-0.002064,-0.000237
24008.911397,13.772,10.528145,-0.000404,-0.000994,-0.002064,-0.000247
24010.162795,13.772,10.809685,-0.000404,-0.000994,-0.002056,-0.000247
24012.677244,13.772,10.405489,-0.000397,-0.000989,-0.002063,-0.000235
24015.177495,13.772,10.300895,-0.000402,-0.000994,-0.00206,-0.00024
24016.443348,13.772,10.062542,-0.000402,-0.000992,-0.002059,-0.00024
24018.95946,13.772,9.740578,-0.000414,-0.001009,-0.002064,-0.000264
24020.207963,13.772,10.644054,-0.00042,-0.001016,-0.002064,-0.000265
24022.708415,13.772,10.651969,-0.000414,-0.001005,-0.00206,-0.000252
24025.208323,13.772,10.545994,-0.000413,-0.001003,-0.002057,-0.000251
24026.4594,13.772,10.369526,-0.000417,-0.001007,-0.002059,-0.000257
24028.974083,13.772,9.609848,-0.000419,-0.001009,-0.002065,-0.000258
24030.224519,13.772,10.609685,-0.000418,-0.001011,-0.00206,-0.000259
24032.740489,13.772,10.64432,-0.000418,-0.001008,-0.002057,-0.000253
24035.255212,13.772,10.653616,-0.000413,-0.001003,-0.002061,-0.000249
24036.520141,13.772,10.358052,-0.000413,-0.001004,-0.002059,-0.000249
24039.021499000002,13.772,10.396034,-0.000413,-0.001004,-0.002056,-0.00025
24040.285982,13.772,10.369845,-0.000414,-0.001002,-0.002056,-0.000249
24042.802926,13.772,10.729579,-0.00041,-0.001001,-0.002054,-0.000244
24045.333008,13.772,10.402727,-0.000403,-0.000992,-0.002059,-0.000234
24046.583914,13.772,10.448199,-0.000403,-0.000991,-0.002053,-0.000235
24049.098159,13.772,10.534945,-0.000396,-0.000988,-0.002053,-0.000229
24050.348978,13.772,10.326605,-0.000396,-0.000987,-0.002049,-0.000229
24052.865088,13.772,10.439859,-0.0004,-0.000989,-0.002047,-0.00023
24054.130779,13.772,10.664984,-0.000396,-0.000989,-0.002049,-0.000226
24056.630779,13.772,10.519752,-0.000395,-0.000987,-0.002046,-0.000225
24059.130805,13.772,10.764904,-0.000393,-0.000986,-0.00204,-0.000221
24060.381029,13.772,10.366924,-0.000392,-0.000984,-0.002036,-0.00022
24062.895909,13.772,10.634865,-0.000389,-0.000981,-0.002038,-0.00022
24064.146240000002,13.772,10.41946,-0.000391,-0.000982,-0.002031,-0.000221
24066.675344,13.772,10.519433,-0.000389,-0.000979,-0.002032,-0.000218
24069.177604999997,13.772,10.139939,-0.000384,-0.000975,-0.00203,-0.000216
24070.443636,13.772,9.946048,-0.000383,-0.000979,-0.002026,-0.000218
24072.958443,13.772,10.535794,-0.000383,-0.000977,-0.00203,-0.000218
24074.224544,13.772,10.915129,-0.000384,-0.000979,-0.002027,-0.000217
24076.753961000002,13.772,9.685651,-0.00038,-0.000972,-0.002033,-0.000211
24079.270986,13.772,10.308491,-0.000376,-0.000971,-0.002031,-0.000209
24080.521032999997,13.772,10.810588,-0.000376,-0.000967,-0.00203,-0.000207
24083.05288,13.772,10.442833,-0.000376,-0.000969,-0.00203,-0.000207
24084.317784,13.772,10.273113,-0.000379,-0.000972,-0.002033,-0.00021
24086.833825,13.772,10.092981,-0.00038,-0.000973,-0.002025,-0.000211
24088.098682,13.772,10.606445,-0.000379,-0.000968,-0.00203,-0.000208
24090.631576,13.772,10.628172,-0.000379,-0.000973,-0.002022,-0.000209
24093.162725000002,13.772,10.330217,-0.000378,-0.000971,-0.002027,-0.000206
24094.428842,13.772,10.255848,-0.000378,-0.000972,-0.002021,-0.000207
24096.942874,13.772,10.601611,-0.000377,-0.00097,-0.002025,-0.000207
24098.193573,13.772,10.113008,-0.000377,-0.000971,-0.002025,-0.000205
24100.709731,13.772,10.175052,-0.000376,-0.00097,-0.002023,-0.000205
24103.209704,13.772,10.170431,-0.000378,-0.000974,-0.002023,-0.000207
24104.459563999997,13.772,10.664931,-0.00038,-0.000976,-0.002021,-0.000209
24106.990749999997,13.772,10.199063,-0.00038,-0.000973,-0.002023,-0.000206
24108.256195,13.772,9.955662,-0.000377,-0.000972,-0.002019,-0.000203
24110.771204,13.772,10.958103,-0.000371,-0.000968,-0.002024,-0.000199
24113.301327,13.772,10.240975,-0.000372,-0.000964,-0.002025,-0.000194
24114.552841999997,13.772,10.517786,-0.00037,-0.000963,-0.002026,-0.000194
24117.083552,13.772,10.422966,-0.000372,-0.000965,-0.002028,-0.000193
24118.333985999998,13.772,10.463232,-0.000374,-0.000966,-0.002028,-0.000193
24120.848508,13.772,10.480177,-0.000375,-0.000966,-0.002032,-0.000194
24122.099456,13.772,9.870351,-0.000372,-0.000965,-0.002024,-0.000193
24124.630579,13.772,10.60432,-0.000371,-0.000963,-0.002029,-0.00019
24127.131432000002,13.772,10.097603,-0.000372,-0.000965,-0.002026,-0.000192
24128.395805,13.772,10.162515,-0.000369,-0.000963,-0.002024,-0.00019
24130.911846,13.772,10.076301,-0.000369,-0.000962,-0.00202,-0.000189
24132.176698,13.772,10.326712,-0.000369,-0.000964,-0.002016,-0.000189
24134.693591,13.772,10.423869,-0.000373,-0.000964,-0.00202,-0.000191
24137.22488,13.772,10.309925,-0.000374,-0.000966,-0.002018,-0.000191
24138.490609,13.772,10.65436,-0.000371,-0.000962,-0.002021,-0.000189
24141.020411999998,13.772,10.205756,-0.000368,-0.000962,-0.002014,-0.000185
24142.270551,13.772,10.296379,-0.000366,-0.000959,-0.002016,-0.000183
24144.770795,13.772,10.236247,-0.000365,-0.000957,-0.002017,-0.000182
24147.271678999998,13.772,10.678477,-0.000363,-0.000955,-0.002017,-0.000177
24148.536706,13.772,10.577654,-0.000358,-0.000952,-0.002018,-0.000174
24151.067116,13.772,10.011919,-0.000363,-0.000958,-0.002013,-0.000184
24152.316752,13.772,10.683098,-0.000365,-0.000958,-0.002019,-0.000184
24154.83315,13.772,10.684001,-0.000365,-0.000957,-0.002018,-0.000184
24156.098113,13.772,10.610907,-0.000366,-0.000959,-0.002018,-0.000184
24158.615845,13.772,10.813403,-0.000368,-0.00096,-0.002018,-0.000185
24161.129290999997,13.772,10.590297,-0.000368,-0.00096,-0.002017,-0.000183
24162.381302,13.772,10.299089,-0.000368,-0.000959,-0.002016,-0.000182
24164.895824,13.772,10.25213,-0.000362,-0.000956,-0.002018,-0.000178
24166.146216,13.772,10.138399,-0.000362,-0.000954,-0.002012,-0.000176
24168.661051,13.772,10.708118,-0.000359,-0.000952,-0.002016,-0.000175
24171.176843,13.772,10.469287,-0.000359,-0.000951,-0.002016,-0.000173
24172.42772,13.772,10.142648,-0.000361,-0.000954,-0.002011,-0.000175
24174.943713,13.772,10.143073,-0.000357,-0.000954,-0.002008,-0.000173
24176.208533999998,13.772,10.617494,-0.000358,-0.000955,-0.002007,-0.000172
24178.723669,13.772,10.55104,-0.000361,-0.000954,-0.002007,-0.000174
24181.239504999998,13.772,10.313325,-0.00036,-0.000955,-0.00201,-0.000175
24182.48992,13.772,10.397255,-0.000356,-0.000952,-0.002011,-0.000174
24184.991028,13.772,10.674705,-0.000355,-0.000948,-0.002015,-0.000171
24186.255206,13.772,10.57505,-0.000353,-0.000946,-0.002015,-0.000168
24188.771719,13.772,10.529792,-0.000353,-0.000945,-0.002012,-0.000166
24191.271664,13.772,10.596989,-0.000346,-0.000939,-0.002019,-0.00016
24192.536893,13.772,10.158691,-0.000348,-0.000942,-0.002017,-0.000163
24195.052839,13.772,10.616166,-0.000351,-0.000944,-0.00202,-0.000165
24196.317082,13.772,10.747374,-0.000354,-0.000948,-0.002016,-0.00017
24198.833584,13.772,10.728994,-0.000352,-0.000948,-0.00202,-0.000167
24201.334175,13.772,9.609263,-0.000354,-0.000949,-0.002017,-0.000166
24202.598313000002,13.772,10.489473,-0.000354,-0.000948,-0.002013,-0.000165
24205.097072,13.772,10.25213,-0.000357,-0.000952,-0.002018,-0.000167
24206.348741,13.772,10.245065,-0.000356,-0.000949,-0.002022,-0.000165
24208.880084999997,13.772,10.25553,-0.000356,-0.00095,-0.002017,-0.000164
24210.130993,13.772,10.304772,-0.000354,-0.000949,-0.002023,-0.000161
24212.661352,13.772,10.521399,-0.000359,-0.000953,-0.002016,-0.000168
24215.16127,13.772,10.282356,-0.000357,-0.000951,-0.002016,-0.000164
24216.413237,13.772,10.630721,-0.000355,-0.00095,-0.002016,-0.00016
24218.912393,13.772,10.926338,-0.000355,-0.000948,-0.002008,-0.000159
24220.176815,13.772,10.091865,-0.000354,-0.000949,-0.002006,-0.000159
24222.677469000002,13.772,10.196566,-0.000361,-0.000953,-0.002006,-0.00016
24225.192787,13.772,10.512846,-0.000359,-0.000952,-0.002005,-0.000162
24226.443724999997,13.772,10.354015,-0.000356,-0.000949,-0.002011,-0.000158
24228.958817,13.772,10.673537,-0.000353,-0.000947,-0.002003,-0.000156
24230.208892000002,13.772,10.314706,-0.00035,-0.000945,-0.002009,-0.000154
24232.724523999997,13.772,10.477521,-0.000351,-0.000942,-0.002008,-0.000149
24235.256275,13.772,9.843312,-0.000349,-0.000944,-0.002003,-0.000149
24236.521454,13.772,10.405596,-0.000349,-0.000944,-0.002006,-0.000147
24239.053193,13.772,10.384985,-0.000355,-0.00095,-0.002005,-0.000155
24240.317868,13.772,10.436884,-0.000358,-0.000955,-0.002007,-0.000158
24242.849313,13.772,10.666418,-0.000362,-0.000958,-0.002012,-0.000161
24244.114048,13.772,10.629287,-0.000361,-0.000955,-0.002009,-0.00016
24246.614719999998,13.772,10.126128,-0.000378,-0.000972,-0.002009,-0.000181
24249.14663,13.772,10.068545,-0.000384,-0.000974,-0.00203,-0.000181
24250.412385,13.772,10.698663,-0.000385,-0.000975,-0.002026,-0.000185
24252.928566000002,13.772,10.462859,-0.000389,-0.000979,-0.002032,-0.000188
24254.193423,13.772,10.117895,-0.000391,-0.000982,-0.002037,-0.000188
24256.693816,13.772,10.476193,-0.000394,-0.000988,-0.002036,-0.000192
24259.207746,13.772,10.090006,-0.000399,-0.000993,-0.002045,-0.000199
24260.458436,13.772,10.191838,-0.000403,-0.000996,-0.002046,-0.000199
24262.990615000002,13.772,10.64687,-0.000398,-0.000991,-0.00204,-0.000191
24264.256822,13.772,10.553962,-0.000395,-0.000987,-0.002037,-0.000186
24266.770619,13.772,10.466419,-0.000387,-0.00098,-0.002025,-0.000182
24269.270034,13.772,10.41266,-0.000379,-0.000976,-0.002036,-0.000176
24270.521292999998,13.772,10.154654,-0.000373,-0.000971,-0.002041,-0.00017
24273.02106,13.772,10.533883,-0.000375,-0.000971,-0.00204,-0.00017
24274.271174,13.772,10.199329,-0.000375,-0.00097,-0.002039,-0.000171
24276.787658,13.772,10.237044,-0.000383,-0.000982,-0.002039,-0.000183
24279.303313,13.772,10.22488,-0.000393,-0.00099,-0.002045,-0.000192
24280.567301,13.772,10.135955,-0.000397,-0.000991,-0.002046,-0.000193
24283.067241,13.772,10.571545,-0.000393,-0.000989,-0.002048,-0.00019
24284.317450000002,13.772,10.216645,-0.000395,-0.000992,-0.002046,-0.000192
24286.833548000002,13.772,10.692925,-0.000399,-0.000996,-0.002048,-0.00019
24289.333684999998,13.772,10.576166,-0.000393,-0.000987,-0.002043,-0.000186
24290.598823,13.772,10.741478,-0.000395,-0.000988,-0.002043,-0.000187
24293.130415,13.772,10.420203,-0.000401,-0.000996,-0.002053,-0.000195
24294.364794,13.772,10.400974,-0.000411,-0.001004,-0.002057,-0.000206
24296.895787,13.772,10.060896,-0.000422,-0.001014,-0.002051,-0.000214
24298.145816,13.772,9.713486,-0.000424,-0.001015,-0.002059,-0.000216
24300.661717,13.772,10.707905,-0.000414,-0.001005,-0.002062,-0.0002
24303.177155999998,13.772,10.214467,-0.000401,-0.000996,-0.002053,-0.000193
24304.428331,13.772,10.658981,-0.000389,-0.000985,-0.002059,-0.000181
24306.958095,13.772,10.344772,-0.000382,-0.000981,-0.002057,-0.000177
24308.208931,13.772,10.244481,-0.00038,-0.000977,-0.002062,-0.000167
24310.707942,13.772,10.685648,-0.00039,-0.000984,-0.002109,-0.000174
24313.20782,13.772,10.373883,-0.000388,-0.00098,-0.002086,-0.000172
24314.456387,13.772,10.48177,-0.000386,-0.00098,-0.002084,-0.000171
24316.943173,13.772,10.399486,-0.000383,-0.000978,-0.002072,-0.00017
24318.190780999998,13.772,10.557574,-0.000383,-0.000977,-0.002077,-0.000167
24320.692687,13.772,10.887825,-0.000395,-0.000987,-0.002074,-0.000177
24323.191909,13.772,9.967297,-0.000417,-0.001009,-0.002072,-0.000211
24324.442218,13.772,10.488411,-0.000426,-0.001017,-0.002066,-0.000215
24326.958802,13.772,10.109236,-0.000407,-0.001005,-0.002067,-0.000196
24328.208467,13.772,9.805757,-0.000403,-0.001001,-0.002067,-0.000188
24330.708384999998,13.772,10.046341,-0.000393,-0.000993,-0.002065,-0.000195
24333.223851000002,13.772,10.460894,-0.000406,-0.001003,-0.002054,-0.00021
24333.491542000003,13.772,10.293033,-0.000424,-0.001015,-0.002064,-0.00021
24334.733849000004,13.772,10.399168,-0.000417,-0.001011,-0.002058,-0.000203
24335.983444,13.772,10.638371,-0.000406,-0.001001,-0.002067,-0.000193
24338.483592000004,13.772,10.587587,-0.000396,-0.000995,-0.002068,-0.00018
24339.733251,13.772,11.19072,-0.000397,-0.000994,-0.002062,-0.000184
24342.247987000002,13.772,9.904986,-0.0004,-0.001001,-0.002064,-0.00019
24344.766366000003,13.772,9.887987,-0.000405,-0.001009,-0.002068,-0.0002
24346.015796000003,13.772,10.440071,-0.000399,-0.001005,-0.002066,-0.000192
24348.545721000002,13.772,10.45691,-0.000385,-0.000998,-0.002059,-0.000178
24349.810904,13.772,10.497866,-0.000385,-0.000999,-0.002059,-0.000175
24352.326917000002,13.772,10.266419,-0.00038,-0.000999,-0.002065,-0.000169
24354.858602000004,13.772,10.168252,-0.000368,-0.000987,-0.002071,-0.000149
24356.108475,13.772,9.807191,-0.000367,-0.00099,-0.002066,-0.000152
24358.625021000003,13.772,10.021375,-0.000359,-0.000989,-0.002061,-0.000141
24359.889343000003,13.772,10.581957,-0.000356,-0.000989,-0.002059,-0.000141
24362.421596000004,13.772,9.920497,-0.000355,-0.000986,-0.002063,-0.00013
24363.671389000003,13.772,9.80565,-0.00036,-0.000991,-0.002061,-0.000135
24366.202672000003,13.772,9.85739,-0.000357,-0.000996,-0.002059,-0.000137
24368.733832,13.772,9.732715,-0.000348,-0.000993,-0.002067,-0.000126
24369.983865000002,13.772,10.123312,-0.00035,-0.000993,-0.002061,-0.000124
24372.514997000002,13.772,9.614629,-0.000347,-0.000995,-0.002063,-0.000119
24373.780214000002,13.772,9.910457,-0.000346,-0.000997,-0.002058,-0.000124
24376.295469000004,13.772,9.893246,-0.000336,-0.000995,-0.002059,-0.000109
24378.794031,13.772,9.473487,-0.000336,-0.000996,-0.002054,-0.000104
24380.045986,13.772,9.708333,-0.000337,-0.001001,-0.002045,-0.000105
24382.546107000002,13.772,9.927828,-0.000335,-0.000999,-0.002039,-9.9e-05
24383.795863000003,13.772,9.348175,-0.000337,-0.001001,-0.002038,-9.9e-05
24386.310917000003,13.772,9.494841,-0.000336,-0.001008,-0.002042,-0.000105
24388.826848000004,13.772,9.312425,-0.000341,-0.001016,-0.002058,-0.00011
24390.093612000004,13.772,9.728254,-0.000342,-0.001017,-0.002057,-0.000104
24392.607583,13.772,9.667483,-0.00033,-0.001007,-0.00205,-8.2e-05
24393.858774000004,13.772,9.014843,-0.000323,-0.001001,-0.002044,-7.9e-05
24396.372192000003,13.772,9.464244,-0.000306,-0.000992,-0.002046,-6e-05
24398.857635000004,13.772,9.749927,-0.000304,-0.000992,-0.002047,-5.9e-05
24400.109494000004,13.772,9.745677,-0.000307,-0.001,-0.002043,-6.5e-05
24402.607994,13.772,9.481668,-0.00031,-0.001005,-0.002047,-6.1e-05
24403.858115000003,13.772,10.504188,-0.000309,-0.001007,-0.002045,-6.2e-05
24406.358469000003,13.772,9.216701,-0.00031,-0.00101,-0.002044,-6.1e-05
24408.873934000003,13.772,9.776433,-0.000314,-0.001016,-0.002052,-6.2e-05
24410.124053000003,13.772,9.166502,-0.000313,-0.001017,-0.00205,-6.1e-05
24412.655576,13.772,9.250008,-0.000309,-0.001019,-0.002054,-5.6e-05
24413.905939000004,13.772,8.966397,-0.000308,-0.001018,-0.002052,-5.3e-05
24416.421110000003,13.772,9.235878,-0.000307,-0.001021,-0.002049,-5.1e-05
24418.921092000004,13.772,8.651709,-0.000305,-0.001024,-0.002051,-4.7e-05
24420.188113000004,13.772,8.562838,-0.000298,-0.001018,-0.002055,-3.6e-05
24422.703131000002,13.772,8.741589,-0.000289,-0.001012,-0.00205,-2.2e-05
24423.952204,13.772,9.030673,-0.000284,-0.001008,-0.002053,-1.7e-05
24426.468016000003,13.772,9.055055,-0.00028,-0.001009,-0.002048,-1e-05
24427.718585000002,13.772,8.530541,-0.000276,-0.001008,-0.002043,-1.1e-05
24430.217804000004,13.772,8.701536,-0.000268,-0.001006,-0.002044,-4e-06
24432.718422,13.772,9.377657,-0.000269,-0.001009,-0.00204,-3e-06
24433.968744,13.772,8.777074,-0.000265,-0.00101,-0.002042,2e-06
24436.484140000004,13.772,8.814471,-0.000261,-0.001008,-0.002042,1.3e-05
24437.733836000003,13.772,9.947748,-0.000255,-0.001004,-0.002038,1.9e-05
24440.233846000003,13.772,9.375744,-0.000255,-0.001009,-0.00204,1.6e-05
24442.765306,13.772,8.591258,-0.000251,-0.001006,-0.002047,2.6e-05
24444.028807000002,13.772,8.655428,-0.000248,-0.001004,-0.002047,2.9e-05
24446.530229000004,13.772,7.51668,-0.000249,-0.001009,-0.002044,3e-05
24447.780304000004,13.772,8.440821,-0.000248,-0.001009,-0.002042,3.2e-05
24450.295836,13.772,8.517421,-0.000241,-0.001007,-0.002038,4.2e-05
24452.811728000004,13.772,9.011391,-0.000243,-0.001013,-0.002035,3.7e-05
24454.077137000004,13.772,8.177501,-0.000238,-0.001012,-0.002036,4.2e-05
24456.608371000002,13.772,8.098192,-0.000239,-0.001014,-0.00203,4.6e-05
24457.873614000004,13.772,8.498616,-0.000237,-0.001013,-0.00203,4.9e-05
24460.373550000004,13.772,8.556252,-0.000229,-0.001011,-0.002028,5.6e-05
24462.889988000003,13.772,8.003957,-0.000226,-0.00101,-0.002037,6.2e-05
24464.155357000003,13.772,7.695962,-0.000222,-0.001009,-0.002036,6.5e-05
24466.671047000003,13.772,7.734209,-0.000218,-0.001011,-0.002035,7.2e-05
24467.936722000002,13.772,8.322255,-0.000213,-0.00101,-0.002036,7.8e-05
24470.466993000002,13.772,7.953545,-0.000209,-0.001009,-0.002036,8.3e-05
24471.71771,13.772,8.254207,-0.000208,-0.001008,-0.002034,8.3e-05
24474.248717000002,13.772,8.090065,-0.000205,-0.00101,-0.00203,8.4e-05
24476.749174000004,13.772,8.189719,-0.000204,-0.00101,-0.002028,8.8e-05
24477.999738000002,13.772,7.771659,-0.0002,-0.001009,-0.002035,9.4e-05
24480.515953000002,13.772,7.522576,-0.000197,-0.001007,-0.002036,9.9e-05
24481.764271000004,13.772,7.700158,-0.000193,-0.001005,-0.002039,0.000106
24484.280263000004,13.772,8.018352,-0.000185,-0.001005,-0.002038,0.000112
24486.779915000003,13.772,8.170808,-0.00018,-0.001004,-0.002039,0.000121
24488.030300000002,13.772,7.759653,-0.00018,-0.001002,-0.002037,0.000124
24490.529768000004,13.772,7.207146,-0.000177,-0.001002,-0.002032,0.000124
24491.781083,13.772,7.676042,-0.00018,-0.001008,-0.002029,0.000122
24494.293949000003,13.772,7.419417,-0.000183,-0.001013,-0.002025,0.00012
24496.796219000003,13.772,7.901965,-0.000177,-0.001012,-0.00203,0.000126
24498.062176000003,13.772,7.564117,-0.000174,-0.001009,-0.002035,0.000132
24500.594211000003,13.772,7.544568,-0.000165,-0.001005,-0.002029,0.00014
24501.859456000002,13.772,7.326029,-0.000163,-0.001007,-0.002027,0.000144
24504.389317,13.772,6.933681,-0.00016,-0.001005,-0.002025,0.000148
24506.901127,13.772,7.595245,-0.000152,-0.001001,-0.002026,0.000159
24508.139688000003,13.772,7.394184,-0.000147,-0.000999,-0.00202,0.000162
24510.655563000004,13.772,7.206296,-0.000138,-0.000994,-0.002021,0.00017
24511.906337000004,13.772,7.334211,-0.000131,-0.00099,-0.002024,0.000178
24514.437075,13.772,7.262604,-0.00013,-0.000991,-0.002023,0.00018
24515.686853000003,13.772,7.233122,-0.000129,-0.000988,-0.002028,0.000184
24518.186497000002,13.772,7.410227,-0.000123,-0.000986,-0.002027,0.000193
24520.718711,13.772,7.326879,-0.000117,-0.000987,-0.00202,0.000198
24521.983328000002,13.772,7.199656,-0.000115,-0.000989,-0.002022,0.000198
24524.498095000003,13.772,7.225845,-0.000117,-0.000993,-0.00202,0.000195
24525.748283,13.772,6.876258,-0.000117,-0.000993,-0.002024,0.000194
24528.24938,13.772,7.071051,-0.000116,-0.000997,-0.002023,0.000196
24530.749334000004,13.772,7.189244,-0.000116,-0.001,-0.002022,0.000198
24531.999457,13.772,6.804012,-0.000117,-0.001002,-0.00202,0.000198
24534.529772,13.772,6.900215,-0.000115,-0.001004,-0.002021,0.000202
24535.795215000002,13.772,7.11886,-0.000116,-0.001005,-0.002019,0.000203
24538.310885000003,13.772,7.337345,-0.000113,-0.001004,-0.002023,0.000207
24540.810176000003,13.772,7.011981,-0.000106,-0.001003,-0.002021,0.00021
24542.061360000003,13.772,6.749723,-0.000105,-0.001003,-0.002021,0.000209
24544.577713000002,13.772,7.570172,-0.000107,-0.00101,-0.002016,0.000209
24545.843716000003,13.772,6.466803,-0.000105,-0.001008,-0.002022,0.000214
24548.358413,13.772,6.428715,-0.000104,-0.001004,-0.002019,0.000217
24550.873404,13.772,6.772512,-0.000103,-0.001008,-0.002016,0.00021
24552.124092000002,13.772,6.655275,-0.000107,-0.001008,-0.002024,0.000208
24554.639086000003,13.772,7.069458,-0.000108,-0.001009,-0.002024,0.000208
24555.890693,13.772,6.947015,-0.000115,-0.001015,-0.002017,0.000196
24558.421565000004,13.772,6.506963,-0.000122,-0.001017,-0.002015,0.000192
24559.671104,13.772,6.674717,-0.000125,-0.001019,-0.002016,0.000187
24562.202603,13.772,7.220426,-0.000129,-0.001019,-0.002026,0.000182
24564.718881,13.772,6.851131,-0.000128,-0.001015,-0.002025,0.000187
24565.983568000003,13.772,6.931131,-0.000127,-0.001014,-0.002029,0.000184
24568.483804000003,13.772,7.212245,-0.000126,-0.00101,-0.002035,0.000181
24569.734083000003,13.772,7.13522,-0.000135,-0.001016,-0.002029,0.00017
24572.250506000004,13.772,7.316628,-0.00015,-0.001026,-0.002038,0.000156
24574.765358000004,13.772,7.182551,-0.000158,-0.001031,-0.002042,0.000149
24576.030285,13.772,7.372139,-0.000155,-0.001026,-0.002033,0.00015
24578.529590000002,13.772,7.570013,-0.000155,-0.001025,-0.002033,0.000149
24579.779807000003,13.772,7.512324,-0.000158,-0.001026,-0.002035,0.000142
24582.280002000003,13.772,7.834872,-0.000156,-0.001021,-0.00203,0.000148
24584.796074,13.772,7.602523,-0.00015,-0.001012,-0.00203,0.000151
24586.060807,13.772,6.69315,-0.00015,-0.001006,-0.002031,0.000156
24588.56218,13.772,7.362524,-0.000147,-0.001002,-0.002037,0.000158
24589.828083000004,13.772,7.35445,-0.000147,-0.001003,-0.00204,0.000157
24592.342290000004,13.772,7.070838,-0.000161,-0.001011,-0.002039,0.000138
24594.828176000003,13.772,7.055327,-0.000163,-0.001012,-0.002037,0.000134
24596.076822000003,13.772,7.059045,-0.000159,-0.001006,-0.002041,0.000137
24598.576719000004,13.772,7.627489,-0.000161,-0.001002,-0.00204,0.000135
24599.826963000003,13.772,7.340585,-0.000164,-0.001003,-0.002042,0.000132
24602.343123000002,13.772,7.628286,-0.000175,-0.001013,-0.002038,0.000119
24604.844123000003,13.772,8.345734,-0.000177,-0.001013,-0.00204,0.000112
24606.092476,13.772,7.572138,-0.000181,-0.001015,-0.002038,0.000106
24608.593793000004,13.772,7.791208,-0.000188,-0.001019,-0.002039,9.5e-05
24609.842092000003,13.772,7.393918,-0.000195,-0.001023,-0.002035,8.9e-05
24612.344171000004,13.772,7.969799,-0.000192,-0.001017,-0.002036,8.8e-05
24614.859238,13.772,8.047994,-0.000203,-0.001024,-0.002038,7.6e-05
24616.108522000002,13.772,7.743983,-0.000209,-0.001028,-0.002037,7.5e-05
24618.608025,13.772,8.390941,-0.0002,-0.001016,-0.002037,8.7e-05
24619.858869000003,13.772,8.769372,-0.000199,-0.001014,-0.002036,8.3e-05
24622.390047,13.772,8.135324,-0.000207,-0.00102,-0.002036,7e-05
24624.906041000002,13.772,8.143345,-0.000206,-0.001014,-0.002042,7e-05
24626.170982000003,13.772,8.5358,-0.000208,-0.001013,-0.002044,6.3e-05
24628.701748000003,13.772,8.204486,-0.000226,-0.001027,-0.002054,4.5e-05
24629.951146000003,13.772,8.196678,-0.000222,-0.001022,-0.002055,5.1e-05
24632.468796,13.772,8.152216,-0.00022,-0.001015,-0.002047,4.8e-05
24633.733119000004,13.772,8.610116,-0.000218,-0.001012,-0.002052,5.2e-05
24636.233694000002,13.772,8.315296,-0.000212,-0.001001,-0.002052,5.7e-05
24638.748078000004,13.772,8.278484,-0.000239,-0.001027,-0.002052,2.6e-05
24639.999312000004,13.772,8.381219,-0.000235,-0.001023,-0.002048,3e-05
24642.529751000002,13.772,8.875294,-0.000249,-0.001037,-0.002055,7e-06
24643.780199,13.772,8.520077,-0.000254,-0.001039,-0.002052,2e-06
24646.311119,13.772,8.498829,-0.00025,-0.001031,-0.002058,7e-06
24648.811223000004,13.772,8.459625,-0.000247,-0.001026,-0.002051,8e-06
24650.061071000004,13.772,8.576172,-0.000247,-0.001023,-0.002044,8e-06
24652.561288,13.772,8.466956,-0.000255,-0.001029,-0.002046,-2e-06
24653.812301,13.772,8.392321,-0.000262,-0.001034,-0.002051,-1e-05
24656.343429000004,13.772,7.667862,-0.000266,-0.001034,-0.002049,-1.4e-05
24658.872970000004,13.772,8.628495,-0.000251,-0.001014,-0.002053,0.0
24660.124478,13.772,9.15795,-0.000246,-0.001012,-0.002046,-2e-06
24662.623652000002,13.772,8.812558,-0.000257,-0.001019,-0.002051,-1.8e-05
24663.874415000002,13.772,8.905892,-0.000271,-0.00103,-0.002059,-2.5e-05
24666.389813,13.772,8.816489,-0.000286,-0.00104,-0.002062,-4.5e-05
24668.920213,13.772,9.831891,-0.000278,-0.001031,-0.002061,-3.6e-05
24670.171077000003,13.772,8.956782,-0.000279,-0.001029,-0.00205,-3.8e-05
24672.686413000003,13.772,8.766716,-0.000295,-0.00104,-0.002055,-5.7e-05
24673.95198,13.772,8.995507,-0.000296,-0.001039,-0.002062,-5.7e-05
24676.468778000002,13.772,9.339623,-0.000286,-0.001026,-0.002063,-4.6e-05
24677.718434000002,13.772,8.975321,-0.000281,-0.001019,-0.002062,-4.1e-05
24680.233165,13.772,9.201562,-0.000283,-0.001018,-0.002052,-4.8e-05
24682.765192000003,13.772,9.86557,-0.000287,-0.00102,-0.002044,-5.3e-05
24684.029671000004,13.772,9.221376,-0.000288,-0.001022,-0.002041,-5.3e-05
24686.545768000004,13.772,9.305997,-0.000284,-0.001014,-0.002058,-5e-05
24687.812108000002,13.772,9.272372,-0.000283,-0.001015,-0.00206,-5.2e-05
24690.327924,13.772,8.894524,-0.000285,-0.001013,-0.002056,-6e-05
24692.844066,13.772,9.407882,-0.000285,-0.00101,-0.002064,-6e-05
24694.108115000003,13.772,9.527883,-0.000284,-0.001009,-0.002058,-6.1e-05
24696.623517000004,13.772,10.791092,-0.000287,-0.001004,-0.002069,-6e-05
24697.873838000003,13.772,9.194019,-0.000294,-0.001007,-0.002064,-6.8e-05
24700.374603000004,13.772,9.299516,-0.000293,-0.001003,-0.002061,-6.8e-05
24702.873931000002,13.772,9.453513,-0.000295,-0.001006,-0.002061,-8e-05
24704.125258000004,13.772,10.03832,-0.0003,-0.00101,-0.002067,-8.8e-05
24706.639751000002,13.772,9.330911,-0.000307,-0.001014,-0.00207,-9.2e-05
24707.906056000003,13.772,9.148017,-0.000306,-0.001009,-0.002068,-9.5e-05
24710.437061000004,13.772,9.363739,-0.000307,-0.001011,-0.002064,-0.0001
24711.686793,13.772,9.622118,-0.000324,-0.001025,-0.002066,-0.000112
24714.202417000004,13.772,9.083794,-0.000328,-0.001021,-0.002066,-0.000112
24716.702098,13.772,9.470459,-0.00033,-0.001021,-0.002061,-0.000113
24717.953669000002,13.772,8.406451,-0.000326,-0.001015,-0.002057,-0.000109
24720.467627,13.772,10.225304,-0.000325,-0.001012,-0.002065,-0.000112
24721.718101000002,13.772,9.679861,-0.000324,-0.001011,-0.002072,-0.000117
24724.234107000004,13.772,9.848784,-0.000327,-0.001011,-0.002068,-0.000112
24726.748588000002,13.772,9.419781,-0.000327,-0.001005,-0.002063,-0.000111
24727.998548000003,13.772,9.698824,-0.000321,-0.000999,-0.002066,-0.000104
24730.516249000004,13.772,9.774521,-0.00032,-0.000997,-0.002065,-0.000102
24731.778410000003,13.772,10.007988,-0.000318,-0.000992,-0.002065,-0.0001
24734.296156000004,13.772,9.750564,-0.000317,-0.000988,-0.002062,-9.9e-05
24736.81102,13.772,9.751095,-0.000318,-0.000986,-0.002062,-0.000103
24738.061792000004,13.772,10.401027,-0.000322,-0.000986,-0.002058,-0.000102
24740.593416000003,13.772,9.460632,-0.000328,-0.000986,-0.002062,-0.000111
24741.843194,13.772,9.965332,-0.000335,-0.000995,-0.002054,-0.000123
24744.358523000003,13.772,10.680283,-0.000345,-0.001,-0.002059,-0.000126
24746.874016,13.772,10.682513,-0.000358,-0.001009,-0.002065,-0.000145
24748.124164,13.772,10.172237,-0.000367,-0.001018,-0.002062,-0.000154
24750.639876,13.772,9.981959,-0.000368,-0.001015,-0.00207,-0.000151
24751.890284,13.772,10.149767,-0.000367,-0.001012,-0.002068,-0.000149
24754.390499,13.772,9.801028,-0.000362,-0.001002,-0.002067,-0.000139
24756.883962000004,13.772,10.192794,-0.000362,-0.001001,-0.002062,-0.00014
24758.12464,13.772,11.752524,-0.000362,-0.001,-0.002057,-0.00014
24760.639902000003,13.772,10.212768,-0.000369,-0.001005,-0.002059,-0.000144
24761.905697000002,13.772,10.392209,-0.000375,-0.001011,-0.002058,-0.000144
24764.421013000003,13.772,10.413032,-0.000371,-0.001008,-0.002074,-0.000135
24765.686027000003,13.772,10.316672,-0.000369,-0.001007,-0.002066,-0.000133
24768.217952000003,13.772,9.690166,-0.000364,-0.001003,-0.002064,-0.000119
24770.718914,13.772,10.028705,-0.000363,-0.001001,-0.002065,-0.000113
24771.969274000003,13.772,10.361665,-0.000363,-0.001003,-0.002066,-0.000116
24774.483265000003,13.772,10.232157,-0.000368,-0.001009,-0.002065,-0.000115
24775.733236000004,13.772,10.373511,-0.000366,-0.00101,-0.002061,-0.000112
24778.233269000004,13.772,10.336858,-0.000361,-0.001008,-0.002061,-9.9e-05
24780.733307000002,13.772,10.414095,-0.000352,-0.001005,-0.002061,-9.2e-05
24781.998464000004,13.772,10.204321,-0.00035,-0.001006,-0.002065,-8.8e-05
24784.515631000002,13.772,10.397733,-0.000348,-0.001004,-0.00206,-7.9e-05
24785.779764000003,13.772,9.999648,-0.000344,-0.001001,-0.002064,-7.5e-05
24788.295280000002,13.772,9.798001,-0.000343,-0.001004,-0.002051,-7.4e-05
24790.796240000003,13.772,10.010485,-0.000338,-0.001003,-0.002049,-6.6e-05
24792.061587000004,13.772,10.546738,-0.000336,-0.001003,-0.002053,-6e-05
24794.578628000003,13.772,9.525598,-0.000333,-0.001004,-0.002054,-5.5e-05
24795.827049000003,13.772,9.356515,-0.000331,-0.001003,-0.00206,-5.2e-05
24798.343926,13.772,10.01909,-0.000329,-0.001006,-0.00206,-4.8e-05
24800.874410000004,13.772,9.931121,-0.000328,-0.001007,-0.002055,-4.3e-05
24802.139589000002,13.772,10.07986,-0.000322,-0.001004,-0.002058,-3.8e-05
24804.639769,13.772,9.421588,-0.000319,-0.001005,-0.002058,-3.2e-05
24805.906266,13.772,9.698984,-0.000318,-0.001005,-0.002056,-3.1e-05
24808.420397,13.772,8.667221,-0.000315,-0.001005,-0.002058,-2.3e-05
24810.937054,13.772,9.517099,-0.000309,-0.001002,-0.002052,-1.7e-05
24812.202081000003,13.772,9.442358,-0.000305,-0.001004,-0.002049,-1.2e-05
24814.718087,13.772,8.762997,-0.000306,-0.001006,-0.002053,-1e-05
24815.968032000004,13.772,10.36448,-0.000303,-0.001005,-0.002049,-6e-06
24818.483618000002,13.772,9.266581,-0.000299,-0.001005,-0.00205,2e-06
24819.735305000002,13.772,9.268813,-0.000298,-0.001004,-0.002046,4e-06
24822.248876,13.772,9.938611,-0.000291,-0.001002,-0.002041,1.1e-05
24824.780899,13.772,9.414841,-0.000286,-0.000999,-0.002041,2.3e-05
24826.04591,13.772,8.691391,-0.000282,-0.000999,-0.002033,2.5e-05
24828.576875000002,13.772,9.11641,-0.000284,-0.001002,-0.002041,2.4e-05
24829.828284000003,13.772,9.429555,-0.000282,-0.001004,-0.002038,2.4e-05
24832.359108000004,13.772,9.286449,-0.000276,-0.001,-0.002042,3.7e-05
24834.873988000003,13.772,9.335957,-0.000273,-0.001002,-0.002044,3.9e-05
24836.123749000002,13.772,8.918164,-0.000272,-0.001004,-0.002038,3.8e-05
24838.608358,13.772,9.595823,-0.000269,-0.001002,-0.002037,4.9e-05
24839.857872000004,13.772,8.866901,-0.000265,-0.001,-0.00204,5.5e-05
24842.358256000003,13.772,8.734525,-0.000258,-0.001,-0.002041,6e-05
24844.858667000004,13.772,8.849265,-0.000254,-0.000999,-0.002041,6.7e-05
24846.123763000003,13.772,9.095534,-0.000252,-0.000999,-0.002037,7.1e-05
24848.656052000002,13.772,8.840925,-0.000251,-0.001,-0.002045,7e-05
24849.906764000003,13.772,8.843315,-0.000251,-0.001002,-0.002039,7.2e-05
24852.421360000004,13.772,8.760979,-0.000246,-0.001001,-0.002038,7.9e-05
24854.921895000003,13.772,9.197737,-0.000242,-0.001,-0.002039,8.5e-05
24856.16886,13.772,8.975746,-0.000242,-0.000999,-0.002036,9e-05
24858.671389000003,13.772,9.386847,-0.000233,-0.000996,-0.002035,0.0001
24859.919925000002,13.772,8.318749,-0.000231,-0.000997,-0.002031,9.9e-05
24862.436894000002,13.772,8.91588,-0.000228,-0.000998,-0.002037,0.000104
24864.935874000003,13.772,9.070514,-0.000218,-0.000993,-0.002036,0.000117
24866.201816,13.772,8.868548,-0.000216,-0.000994,-0.002032,0.000121
24868.717669,13.772,8.492401,-0.00021,-0.000993,-0.002034,0.000124
24869.983261,13.772,8.354924,-0.00021,-0.000994,-0.002034,0.000122
24872.498506000004,13.772,8.355721,-0.000213,-0.000998,-0.002032,0.000123
24873.749227000004,13.772,8.400661,-0.000212,-0.000997,-0.002034,0.000125
24876.279873000003,13.772,9.119916,-0.000209,-0.000996,-0.002031,0.000133
24878.780720000002,13.772,8.446983,-0.000201,-0.000994,-0.002031,0.000138
24880.030061,13.772,8.347434,-0.0002,-0.000995,-0.002031,0.000141
24882.530025000004,13.772,8.540953,-0.000192,-0.000992,-0.002033,0.000151
24883.779542000004,13.772,8.320342,-0.000191,-0.000993,-0.002034,0.000151
24886.296182000002,13.772,8.164699,-0.00019,-0.000994,-0.002036,0.000152
24888.810863000002,13.772,7.984514,-0.000188,-0.000995,-0.002031,0.000158
24890.061616000003,13.772,8.012615,-0.000188,-0.000996,-0.002025,0.000161
24892.576880000004,13.772,8.088418,-0.000178,-0.000992,-0.002025,0.00017
24893.844143000002,13.772,8.094527,-0.000177,-0.000993,-0.002018,0.000173
24896.343813000003,13.772,7.730065,-0.000173,-0.000992,-0.002021,0.000177
24898.857886,13.772,7.571819,-0.00017,-0.00099,-0.002022,0.000186
24900.108205000004,13.772,7.447942,-0.000168,-0.000992,-0.00202,0.000183
24902.639750000002,13.772,7.364596,-0.000167,-0.000994,-0.002026,0.000186
24903.890356000004,13.772,7.947171,-0.000165,-0.000994,-0.002022,0.000187
24906.405846,13.772,7.750252,-0.000162,-0.000995,-0.00202,0.000191
24908.920227000002,13.772,7.777396,-0.000153,-0.000993,-0.002024,0.000199
24910.171099000003,13.772,7.938034,-0.000153,-0.000994,-0.002017,0.000201
24912.702839,13.772,7.720132,-0.000149,-0.00099,-0.002019,0.000209
24913.964096000003,13.772,8.144301,-0.000145,-0.000991,-0.002013,0.000211
24916.468542000002,13.772,7.272006,-0.000143,-0.00099,-0.002014,0.00022
24917.733661000002,13.772,7.92555,-0.00014,-0.00099,-0.002016,0.000224
24920.234000000004,13.772,7.334688,-0.000134,-0.000987,-0.002017,0.000228
24922.764046000004,13.772,7.270519,-0.000129,-0.000985,-0.002021,0.000234
24924.014861000003,13.772,7.806081,-0.000125,-0.000983,-0.002018,0.000238
24926.530206000003,13.772,7.586958,-0.00012,-0.000981,-0.002017,0.000241
24927.780503,13.772,7.582018,-0.000119,-0.000979,-0.002023,0.000242
24930.295877000004,13.772,7.437212,-0.000117,-0.000983,-0.002025,0.000245
24932.811173000002,13.772,7.425525,-0.000118,-0.00099,-0.002019,0.000244
24934.060711000002,13.772,7.629615,-0.000117,-0.000988,-0.002022,0.000245
24936.578509000003,13.772,7.627542,-0.000117,-0.000991,-0.002024,0.000245
24937.842888000003,13.772,7.391422,-0.000117,-0.000994,-0.002023,0.000246
24940.343089,13.772,7.043907,-0.000116,-0.000996,-0.002019,0.000252
24942.858246000003,13.772,6.907439,-0.00011,-0.000994,-0.002018,0.000252
24944.124384000002,13.772,7.821274,-0.000109,-0.000994,-0.002014,0.000256
24946.639347000004,13.772,6.942181,-0.000103,-0.00099,-0.002014,0.000266
24947.905313000003,13.772,7.153919,-0.0001,-0.00099,-0.002012,0.000266
24950.405854000004,13.772,6.921517,-9.2e-05,-0.00099,-0.002008,0.000271
24952.920843000004,13.772,7.108129,-8.7e-05,-0.000987,-0.002014,0.000275
24954.170912,13.772,6.839977,-8.7e-05,-0.000989,-0.002009,0.000272
24956.671363,13.772,7.130865,-8.3e-05,-0.000986,-0.002011,0.000281
24957.936869,13.772,7.55838,-8.1e-05,-0.000985,-0.002016,0.000284
24960.453749000004,13.772,6.921304,-7.1e-05,-0.000982,-0.002016,0.000292
24961.718162,13.772,7.376017,-6.8e-05,-0.00098,-0.002021,0.000295
24964.249893000004,13.772,7.396043,-7.2e-05,-0.000986,-0.002024,0.000293
24966.749067000004,13.772,6.840561,-7.2e-05,-0.000985,-0.002014,0.000293
24968.015375000003,13.772,5.520723,-7.6e-05,-0.000984,-0.002017,0.00029
24970.529749,13.772,6.683642,-8.5e-05,-0.000993,-0.002016,0.000273
24971.780684,13.772,6.916151,-9.6e-05,-0.001003,-0.002023,0.00026
24974.296733000003,13.772,6.845288,-0.000109,-0.001013,-0.00202,0.00025
24976.82687,13.772,6.674717,-0.000113,-0.001013,-0.00202,0.000246
24978.077365,13.772,6.998276,-0.000116,-0.001015,-0.002018,0.00024
24980.575455000002,13.772,6.992432,-0.000118,-0.001014,-0.002021,0.000239
24981.827405000004,13.772,7.43429,-0.000122,-0.001019,-0.002022,0.000232
24984.358083000003,13.772,7.233493,-0.000132,-0.001021,-0.002033,0.000225
24986.873987000003,13.772,7.140905,-0.000126,-0.001016,-0.002025,0.000228
24988.123633000003,13.772,6.985155,-0.000125,-0.001011,-0.002026,0.00023
24990.639724000004,13.772,7.001941,-0.000127,-0.001011,-0.00202,0.000228
24991.890325000004,13.772,7.432962,-0.000131,-0.001014,-0.002022,0.000218
24994.422033000003,13.772,7.460691,-0.000139,-0.001016,-0.00203,0.000213
24996.935751,13.772,7.474662,-0.000138,-0.001015,-0.002027,0.000213
24998.186985000004,13.772,7.280081,-0.000138,-0.001014,-0.002034,0.000209
25000.702184,13.772,7.198646,-0.000154,-0.001025,-0.002035,0.000194
25001.951779000003,13.772,7.566401,-0.000154,-0.001022,-0.002037,0.000193
25004.483993,13.772,7.325552,-0.000155,-0.001019,-0.002036,0.000195
25005.733735,13.772,7.447782,-0.000153,-0.001017,-0.002032,0.000197
25008.264242,13.772,7.497875,-0.000157,-0.001019,-0.002035,0.000184
25010.779973000004,13.772,7.48093,-0.000168,-0.001024,-0.002038,0.000177
25012.030177000004,13.772,7.410864,-0.000168,-0.001021,-0.002043,0.000176
25014.546100000003,13.772,7.704302,-0.000166,-0.001015,-0.002043,0.000179
25015.811328000003,13.772,8.901854,-0.000163,-0.00101,-0.002043,0.000184
25018.310878000004,13.772,7.899096,-0.000163,-0.00101,-0.002038,0.000177
25020.827434000003,13.772,7.409908,-0.00018,-0.001024,-0.002042,0.000154
25022.093530000002,13.772,7.681035,-0.000186,-0.001027,-0.002044,0.000153
25024.608988000004,13.772,7.699468,-0.000191,-0.001027,-0.002045,0.000148
25025.875170000003,13.772,8.314605,-0.000192,-0.001027,-0.002043,0.000141
25028.389727,13.772,8.002629,-0.000193,-0.001023,-0.002047,0.000142
25030.922032000002,13.772,7.380745,-0.000196,-0.001023,-0.002046,0.000135
25032.186849,13.772,7.963107,-0.000199,-0.001027,-0.002046,0.000131
25034.703286000004,13.772,7.750889,-0.000203,-0.00103,-0.002048,0.000126
25035.969101000002,13.772,7.988498,-0.000209,-0.001032,-0.002045,0.000121
25038.499592000004,13.772,8.379625,-0.000203,-0.001022,-0.002049,0.000127
25039.763964,13.772,7.906374,-0.000203,-0.001024,-0.002048,0.000123
25042.280402000004,13.772,8.561617,-0.00021,-0.001026,-0.002051,0.000118
25044.779625000003,13.772,8.628974,-0.000215,-0.001025,-0.002056,0.000111
25046.029846,13.772,8.077103,-0.000215,-0.001025,-0.002047,0.000109
25048.530096000002,13.772,8.086559,-0.00022,-0.001025,-0.002046,0.000105
25049.779128000002,13.772,8.404858,-0.000217,-0.001021,-0.002052,0.000108
25052.280352,13.772,8.195244,-0.000224,-0.001027,-0.002052,9.1e-05
25054.796012000003,13.772,8.077687,-0.000213,-0.001014,-0.002058,0.000101
25056.045206000003,13.772,8.478111,-0.000209,-0.001011,-0.002053,0.000104
25058.545966,13.772,8.72305,-0.000211,-0.001008,-0.002045,9.8e-05
25059.812040000004,13.772,8.981218,-0.000221,-0.001015,-0.002044,9e-05
25062.328338000003,13.772,9.595983,-0.000229,-0.001018,-0.002042,8.3e-05
25064.843964000003,13.772,7.580478,-0.000229,-0.001017,-0.002042,7.7e-05
25066.108710000004,13.772,8.572666,-0.000242,-0.001025,-0.002053,6.4e-05
25068.625191000003,13.772,9.377125,-0.000255,-0.001034,-0.00206,5.6e-05
25069.874229,13.772,8.009428,-0.000258,-0.001034,-0.00206,5e-05
25072.375335000004,13.772,8.970382,-0.000251,-0.001027,-0.002057,5.4e-05
25074.905956000002,13.772,8.879118,-0.000243,-0.001015,-0.002055,6.3e-05
25076.170407,13.772,8.780048,-0.000245,-0.001014,-0.002049,5.7e-05
25078.686327000003,13.772,8.244327,-0.000246,-0.001015,-0.002057,5.8e-05
25079.953246,13.772,9.221588,-0.000248,-0.001012,-0.002052,5.3e-05
25082.468349000002,13.772,8.62074,-0.000252,-0.001012,-0.002046,5.5e-05
25083.733592000004,13.772,8.604273,-0.000248,-0.001006,-0.00205,5.8e-05
25086.264338,13.772,9.661853,-0.000236,-0.000995,-0.002063,6e-05
25088.765845,13.772,8.880712,-0.000252,-0.001006,-0.00205,4.7e-05
25090.030294000004,13.772,8.494844,-0.000247,-0.001002,-0.002047,5.1e-05
25092.530695,13.772,9.251549,-0.000244,-0.000993,-0.00205,5e-05
25093.780942,13.772,9.0056,-0.000251,-0.000999,-0.002055,4.3e-05
25096.294616000003,13.772,9.249583,-0.000264,-0.001008,-0.002064,2e-05
25098.795885000003,13.772,8.463344,-0.000263,-0.001007,-0.002062,2.1e-05
25100.061033,13.772,8.645282,-0.000264,-0.001007,-0.00206,1.6e-05
25102.561602,13.772,9.262439,-0.000267,-0.001005,-0.002058,2e-05
25103.826991,13.772,9.660259,-0.000265,-0.001002,-0.002063,2.3e-05
25106.326332000004,13.772,8.62908,-0.000278,-0.001007,-0.002069,1.5e-05
25108.828025000003,13.772,9.483102,-0.00028,-0.001006,-0.00207,9e-06
25110.090684000003,13.772,9.411919,-0.000281,-0.001006,-0.002071,9e-06
25112.593176000002,13.772,9.181961,-0.000278,-0.001002,-0.002068,5e-06
25113.843620000003,13.772,9.105308,-0.000284,-0.001009,-0.002063,1e-06
25116.343863000002,13.772,8.905679,-0.000285,-0.001007,-0.002066,-1e-05
25118.872638,13.772,9.230831,-0.000295,-0.001012,-0.002069,-1.8e-05
25120.12523,13.772,9.126184,-0.00029,-0.001006,-0.002064,-1.7e-05
25122.655187000004,13.772,10.769259,-0.000286,-0.001,-0.002067,-7e-06
25123.905542000004,13.772,9.640605,-0.000289,-0.000999,-0.002066,-1e-05
25126.420209000004,13.772,9.949341,-0.000283,-0.000994,-0.002057,-3e-06
25128.953365,13.772,9.863499,-0.000288,-0.000992,-0.002065,-5e-06
25130.218524000004,13.772,8.98584,-0.000292,-0.000996,-0.002059,-1e-05
25132.733222000003,13.772,9.573353,-0.000291,-0.000986,-0.002065,-2e-06
25133.983180000003,13.772,9.50605,-0.000295,-0.000985,-0.002062,-1e-06
25136.483593,13.772,9.972397,-0.00029,-0.000976,-0.002057,1e-06
25137.733214000003,13.772,9.786686,-0.000293,-0.00098,-0.002056,-2e-06
25140.233479000002,13.772,10.004694,-0.000294,-0.000982,-0.002058,-4e-06
25142.733965000003,13.772,9.347856,-0.000307,-0.000992,-0.002059,-1.7e-05
25143.981177,13.772,9.986049,-0.000308,-0.000989,-0.002061,-1.4e-05
25146.499038,13.772,9.661003,-0.000307,-0.000986,-0.002059,-1.3e-05
25147.765593000004,13.772,9.661162,-0.000311,-0.000988,-0.002058,-1.8e-05
25150.249059,13.772,9.617444,-0.000312,-0.000987,-0.002053,-2e-05
25152.765118000003,13.772,9.71816,-0.000308,-0.000977,-0.002055,-1.8e-05
25154.015286,13.772,10.262701,-0.000311,-0.00098,-0.00205,-1.7e-05
25156.530156,13.772,9.541269,-0.000318,-0.000983,-0.002042,-1.1e-05
25157.780685,13.772,9.819833,-0.000319,-0.000983,-0.002042,-1.3e-05
25160.296237000002,13.772,10.28464,-0.000328,-0.000988,-0.002046,-1.7e-05
25162.811148,13.772,9.938771,-0.00033,-0.000985,-0.002044,-1.5e-05
25164.076950000002,13.772,9.848094,-0.000333,-0.000986,-0.002045,-1.4e-05
25166.593132,13.772,10.088093,-0.000334,-0.000985,-0.002043,-1.3e-05
25167.84312,13.772,10.029555,-0.000341,-0.000992,-0.002038,-2.6e-05
25170.358409000004,13.772,10.098186,-0.000353,-0.000999,-0.002045,-3.7e-05
25172.87036,13.772,10.112476,-0.000359,-0.000996,-0.002052,-3.5e-05
25174.108205000004,13.772,10.471678,-0.00036,-0.000995,-0.002052,-3.2e-05
25176.623710000003,13.772,10.262063,-0.000358,-0.000988,-0.002053,-2.3e-05
25177.874065000004,13.772,10.02573,-0.000358,-0.000987,-0.002053,-2.1e-05
25180.374309000003,13.772,10.639858,-0.000356,-0.000982,-0.002051,-1.7e-05
25182.874021000003,13.772,10.432474,-0.000375,-0.000994,-0.002048,-2.8e-05
25184.125575000002,13.772,10.138239,-0.000377,-0.000995,-0.002051,-2.7e-05
25186.625687000003,13.772,10.205756,-0.00038,-0.000994,-0.002061,-2.1e-05
25187.888727,13.772,10.79497,-0.000381,-0.000994,-0.00206,-1.6e-05
25190.389695,13.772,10.582062,-0.00038,-0.000992,-0.002054,-5e-06
25192.889964,13.772,10.500523,-0.000384,-0.000989,-0.002054,0.0
25194.155782,13.772,10.803416,-0.000384,-0.000988,-0.002054,4e-06
25196.655290000002,13.772,10.359912,-0.000389,-0.000988,-0.00205,1.1e-05
25197.905082,13.772,10.219514,-0.000389,-0.000986,-0.002049,1.7e-05
25200.422081000004,13.772,10.615953,-0.000389,-0.000979,-0.002048,3.3e-05
25202.951686000004,13.772,10.940043,-0.000391,-0.000975,-0.002052,3.9e-05
25204.217571,13.772,10.332183,-0.000392,-0.000975,-0.002053,4.4e-05
25206.718492000004,13.772,10.742168,-0.000399,-0.000979,-0.002051,4.8e-05
25207.982720000004,13.772,10.845806,-0.000405,-0.000979,-0.002048,6.1e-05
25210.468405000003,13.772,10.726657,-0.00041,-0.000977,-0.002049,8.9e-05
25211.732870000003,13.772,10.510085,-0.000412,-0.000977,-0.002054,9.8e-05
25214.233681,13.772,10.690216,-0.00042,-0.000977,-0.002052,0.000136
25216.735030000003,13.772,10.513749,-0.000426,-0.000967,-0.002047,0.000235
25217.982620000002,13.772,10.369633,-0.000434,-0.000967,-0.002046,0.000227
25220.483074000003,13.772,10.211546,-0.000443,-0.000966,-0.002048,0.000218
25221.731961,13.772,10.63088,-0.00045,-0.000962,-0.002051,0.000212
25224.248828000003,13.772,10.068226,-0.000585,-0.000967,-0.002049,0.000241
25226.765823,13.772,9.078694,-0.000611,-0.000991,-0.002043,0.00017
25228.015891000003,13.772,8.955242,-0.000612,-0.000995,-0.002043,0.000149
25230.530257000002,13.772,8.744564,-0.000611,-0.000995,-0.002042,0.000138
25231.795593000003,13.772,8.480289,-0.000612,-0.000994,-0.002041,0.000141
25234.312151000002,13.772,8.742173,-0.000609,-0.000992,-0.002037,0.000141
25236.838061000002,13.772,8.364273,-0.000612,-0.000991,-0.002033,0.000137
25238.078061000004,13.772,8.690912,-0.000611,-0.000989,-0.002037,0.000142
25240.608330000003,13.772,8.919704,-0.000611,-0.000986,-0.002037,0.000161
25241.874199,13.772,8.601138,-0.000608,-0.000987,-0.00204,0.000159
25244.390276000002,13.772,8.585946,-0.000612,-0.000988,-0.002034,0.000156
25246.889785000003,13.772,8.875825,-0.000614,-0.000985,-0.002033,0.000189
25248.140184000004,13.772,8.799385,-0.000614,-0.000984,-0.002035,0.000192
25250.638751000002,13.772,8.062655,-0.000614,-0.000981,-0.00203,0.000187
25251.891052000003,13.772,8.3494,-0.000618,-0.000981,-0.002028,0.000181
25254.405567,13.772,8.238908,-0.000622,-0.000983,-0.002027,0.000174
25256.920536,13.772,8.466956,-0.000627,-0.000984,-0.002027,0.000187
25258.170537,13.772,9.412238,-0.00063,-0.000985,-0.00203,0.000208
25260.670751,13.772,7.914288,-0.000696,-0.001007,-0.002031,0.000237
25261.921197000003,13.772,7.581222,-0.000691,-0.001012,-0.002026,0.000221
25264.451299000004,13.772,7.229456,-0.000691,-0.001016,-0.00203,0.000206
25266.953671000003,13.772,7.435512,-0.000692,-0.001013,-0.00203,0.000207
25268.218865000003,13.772,7.398486,-0.00069,-0.001014,-0.002027,0.0002
25270.733771000003,13.772,7.052087,-0.000694,-0.001017,-0.002029,0.000186
25271.998658000004,13.772,7.493095,-0.000696,-0.001017,-0.002034,0.000177
25274.515346000004,13.772,7.333042,-0.000699,-0.001019,-0.002027,0.000167
25275.764836000002,13.772,7.215964,-0.0007,-0.001018,-0.002031,0.000163
25278.279906000003,13.772,7.740902,-0.000698,-0.001014,-0.002031,0.000164
25280.780199,13.772,7.313599,-0.000701,-0.001013,-0.002029,0.000155
25282.030379000003,13.772,7.68061,-0.000704,-0.001013,-0.002025,0.00015
25284.530724000004,13.772,7.043588,-0.000702,-0.001012,-0.002023,0.000157
25285.795533000004,13.772,7.081091,-0.000701,-0.00101,-0.002026,0.000156
25288.310408,13.772,6.837905,-0.000706,-0.001008,-0.002022,0.000148
25290.810789000003,13.772,7.828285,-0.000703,-0.001004,-0.002026,0.000152
25292.076682000003,13.772,7.042047,-0.000704,-0.001002,-0.00203,0.000151
25294.592906,13.772,7.035672,-0.000706,-0.001,-0.002029,0.000144
25295.843074000004,13.772,7.308447,-0.000708,-0.001002,-0.002024,0.000139
25298.358393000002,13.772,7.845656,-0.000711,-0.001003,-0.002023,0.000131
25300.874508,13.772,7.414635,-0.000715,-0.001002,-0.002027,0.000119
25302.12526,13.772,7.578885,-0.000719,-0.001004,-0.002025,0.000113
25304.655215000002,13.772,7.125924,-0.000721,-0.001004,-0.002023,0.000108
25305.920305000003,13.772,7.222179,-0.00072,-0.001003,-0.002023,0.00011
25308.420780000004,13.772,8.042841,-0.000722,-0.001001,-0.002026,0.000104
25310.953419,13.772,7.484861,-0.000726,-0.001,-0.002028,9.6e-05
25312.201558,13.772,7.633864,-0.000725,-0.000999,-0.002027,0.000112
25314.702033,13.772,7.922894,-0.000727,-0.001001,-0.002025,0.000116
25315.952636,13.772,7.346588,-0.00073,-0.001002,-0.002016,0.000118
25318.483154,13.772,7.837688,-0.000729,-0.000999,-0.002018,0.000118
25319.733574,13.772,7.525445,-0.000729,-0.000996,-0.002019,0.000123
25322.249014,13.772,7.337557,-0.000728,-0.000995,-0.002015,0.000144
25324.765369,13.772,7.802257,-0.000732,-0.000996,-0.002012,0.000137
25326.030936000003,13.772,7.530119,-0.000732,-0.000993,-0.002017,0.000136
25328.543479000004,13.772,7.743718,-0.000729,-0.000991,-0.002017,0.000133
25329.795542000003,13.772,8.059468,-0.00073,-0.00099,-0.002017,0.000129
25332.296872000003,13.772,7.395671,-0.000732,-0.000991,-0.002018,0.000124
25334.826816,13.772,7.797954,-0.000732,-0.000988,-0.002025,0.000123
25336.078413000003,13.772,7.978565,-0.000732,-0.000986,-0.002021,0.000119
25338.609340000003,13.772,7.551315,-0.000741,-0.000988,-0.00202,0.000101
25339.873713,13.772,8.378404,-0.000743,-0.00099,-0.002022,9.4e-05
25342.374807000004,13.772,7.477105,-0.000755,-0.000999,-0.002025,6.8e-05
25344.874158000002,13.772,7.897397,-0.000763,-0.001004,-0.002026,7.2e-05
25346.123933000003,13.772,7.414635,-0.000773,-0.001013,-0.002024,5.6e-05
25348.624098000004,13.772,7.664886,-0.000781,-0.001015,-0.002023,4.2e-05
25349.888783000002,13.772,8.186638,-0.000783,-0.001018,-0.002029,3.8e-05
25352.390425,13.772,7.823398,-0.000782,-0.001016,-0.00203,2.9e-05
25354.905793,13.772,8.088471,-0.000778,-0.001009,-0.002029,2.5e-05
25356.171284000004,13.772,8.106054,-0.000776,-0.001007,-0.00203,2.2e-05
25358.671894000003,13.772,7.577503,-0.000788,-0.001014,-0.002026,7e-06
25359.935805,13.772,8.568735,-0.000788,-0.001013,-0.002025,7e-06
25362.452071000003,13.772,8.903661,-0.000797,-0.001021,-0.002028,-1e-05
25364.96784,13.772,7.802894,-0.000791,-0.001011,-0.00203,-1.2e-05
25366.218558000004,13.772,8.512055,-0.000794,-0.001009,-0.002037,-1.5e-05
25368.733612000004,13.772,8.265256,-0.000798,-0.00101,-0.002038,-5e-06
25369.998566000002,13.772,7.754554,-0.000803,-0.001013,-0.002038,2e-06
25372.515129000003,13.772,8.350781,-0.000805,-0.001012,-0.002038,-1e-06
25373.780242,13.772,7.816918,-0.000809,-0.001015,-0.002036,-1e-06
25376.280723000003,13.772,8.095005,-0.000818,-0.001022,-0.002038,-2e-05
25378.780011000003,13.772,7.680079,-0.000833,-0.001032,-0.002039,-3.7e-05
25380.030202,13.772,7.733784,-0.000833,-0.001031,-0.002044,-3.5e-05
25382.529422000003,13.772,7.338354,-0.000836,-0.00103,-0.002043,-4e-05
25383.780278000002,13.772,8.180423,-0.00084,-0.001035,-0.002036,-5e-05
25386.281309,13.772,7.959866,-0.000843,-0.001033,-0.002036,-5.5e-05
25388.795264000004,13.772,8.401033,-0.000835,-0.001022,-0.002039,-5.7e-05
25390.045258000002,13.772,7.665471,-0.000833,-0.001021,-0.002038,-6e-05
25392.546068000003,13.772,8.549186,-0.000843,-0.001025,-0.002034,-6.9e-05
25393.795987,13.772,7.988339,-0.000839,-0.001024,-0.002041,-6.8e-05
25396.310681000003,13.772,8.672479,-0.000842,-0.001023,-0.00204,-6.6e-05
25398.811499000003,13.772,7.889959,-0.000865,-0.001041,-0.00204,-5.4e-05
25400.061917000003,13.772,8.538668,-0.000868,-0.001042,-0.002038,-5.7e-05
25402.592276000003,13.772,8.802838,-0.000865,-0.001036,-0.002041,-6.2e-05
25403.843899000003,13.772,7.653253,-0.000862,-0.00103,-0.002042,-6.4e-05
25406.374383000002,13.772,8.354658,-0.000866,-0.001033,-0.002047,-8.1e-05
25408.874433,13.772,8.085709,-0.000866,-0.001029,-0.002046,-8.2e-05
25410.139651,13.772,7.660265,-0.00086,-0.001024,-0.002044,-8.3e-05
25412.639856,13.772,7.543081,-0.000858,-0.00102,-0.002048,-8.2e-05
25413.889611000002,13.772,8.631205,-0.000855,-0.001017,-0.002042,-7.4e-05
25416.405636000003,13.772,7.989348,-0.000861,-0.001019,-0.002047,-8.1e-05
25418.904545,13.772,8.11875,-0.000872,-0.001027,-0.002046,-8.9e-05
25420.155753000003,13.772,8.167939,-0.000883,-0.001038,-0.002049,-0.000106
25422.687117,13.772,8.043956,-0.000892,-0.001042,-0.002043,-0.000111
25423.951395000004,13.772,8.482254,-0.000889,-0.001035,-0.002049,-0.000107
25426.483133,13.772,8.781111,-0.000883,-0.001029,-0.002046,-0.000112
25428.983942000003,13.772,8.505894,-0.000893,-0.001033,-0.002056,-0.00012
25430.248794000003,13.772,8.87301,-0.000894,-0.001033,-0.002059,-0.000118
25432.780588,13.772,8.52677,-0.000895,-0.001031,-0.002051,-0.000122
25434.045889,13.772,8.551896,-0.000891,-0.001028,-0.002056,-0.000111
25436.560772000004,13.772,8.615853,-0.000895,-0.001025,-0.002051,-0.000114
25437.810678,13.772,8.257554,-0.000902,-0.00103,-0.002054,-0.000124
25440.32842,13.772,8.496225,-0.000911,-0.001035,-0.002054,-0.000141
25442.827418,13.772,8.420847,-0.000916,-0.001035,-0.00206,-0.000148
25444.092886000002,13.772,8.205921,-0.000912,-0.001036,-0.002053,-0.000159
25446.593297000003,13.772,8.471524,-0.000917,-0.001039,-0.00205,-0.000166
25447.842916,13.772,9.179464,-0.000915,-0.001033,-0.002054,-0.000161
25450.358416000003,13.772,8.367938,-0.000928,-0.001041,-0.00205,-0.000173
25452.87452,13.772,8.578084,-0.00093,-0.00104,-0.002044,-0.000175
25454.124006000002,13.772,9.002095,-0.000929,-0.001038,-0.002052,-0.000176
25456.623628,13.772,8.948761,-0.000934,-0.001043,-0.002045,-0.000191
25457.874352000003,13.772,8.128737,-0.00095,-0.001057,-0.002043,-0.000203
25460.390148000002,13.772,9.112267,-0.000951,-0.001055,-0.002054,-0.0002
25462.905746000004,13.772,9.633646,-0.000952,-0.001053,-0.002054,-0.000207
25464.170777000003,13.772,8.837737,-0.000947,-0.001045,-0.002059,-0.000197
25466.671246,13.772,8.556783,-0.000938,-0.001036,-0.002066,-0.00019
25467.920427,13.772,8.954127,-0.000943,-0.001035,-0.002063,-0.000187
25470.421394,13.772,8.170967,-0.000934,-0.00103,-0.002057,-0.000176
25472.950919000003,13.772,8.655269,-0.000936,-0.001025,-0.002063,-0.000181
25474.185635,13.772,8.903926,-0.000941,-0.001027,-0.00206,-0.000185
25476.687023000002,13.772,8.866476,-0.000951,-0.001033,-0.002068,-0.000195
25477.936121000002,13.772,8.894471,-0.000957,-0.001038,-0.002065,-0.000197
25480.453304000002,13.772,9.672902,-0.000961,-0.001044,-0.002066,-0.00017
25482.953275000003,13.772,8.341378,-0.000963,-0.00104,-0.002071,-0.000166
25484.217957,13.772,8.429984,-0.000963,-0.001038,-0.002071,-0.000163
25486.718133000002,13.772,8.003691,-0.000958,-0.001031,-0.002069,-0.000165
25487.983085000003,13.772,8.899198,-0.000966,-0.001037,-0.002075,-0.000175
25490.482883000004,13.772,8.39349,-0.000982,-0.001054,-0.002077,-0.000211
25492.982743000004,13.772,8.912107,-0.000973,-0.001044,-0.002069,-0.000196
25494.248521,13.772,8.524061,-0.000969,-0.00104,-0.002063,-0.000189
25496.766055000004,13.772,8.332507,-0.000977,-0.001041,-0.002065,-0.0002
25498.029966000002,13.772,9.504297,-0.000975,-0.00104,-0.002066,-0.0002
25500.560576000003,13.772,8.663342,-0.000973,-0.001033,-0.002066,-0.000206
25501.810928000003,13.772,8.921617,-0.000975,-0.001033,-0.002065,-0.000202
25504.327346000002,13.772,8.866369,-0.000983,-0.001036,-0.002066,-0.000191
25506.843115000003,13.772,9.170433,-0.000991,-0.001037,-0.002064,-0.00019
25508.092888000003,13.771,6.462394,-0.000833,-0.001062,-0.002065,9.2e-05
25510.593138000004,13.771,6.858303,-0.000831,-0.001065,-0.00206,8.4e-05
25511.843901000004,13.771,7.125818,-0.000829,-0.001062,-0.002062,7.9e-05
25514.373754000004,13.771,7.275352,-0.000827,-0.001057,-0.002063,7.2e-05
25516.889974,13.771,6.976443,-0.000836,-0.00106,-0.002061,6.8e-05
25518.140079000004,13.771,7.346482,-0.000836,-0.001061,-0.002066,0.000122
25520.64007,13.771,7.176814,-0.00084,-0.001066,-0.002071,0.000129
25521.890102,13.771,7.298195,-0.000841,-0.001067,-0.002068,0.000125
25524.389631000002,13.771,7.085872,-0.000844,-0.001069,-0.002065,0.000109
25526.890194000003,13.771,7.230997,-0.000845,-0.001067,-0.002064,0.000129
25528.155737,13.771,6.989511,-0.000845,-0.001065,-0.002066,0.000125
25530.671135000004,13.771,7.028608,-0.000849,-0.001065,-0.002062,0.000117
25531.921254,13.771,6.88311,-0.000849,-0.001061,-0.002055,0.00013
25534.453253000003,13.771,6.996682,-0.000845,-0.001059,-0.002062,0.000145
25536.982045000004,13.771,6.885978,-0.000849,-0.001061,-0.002062,0.00013
25538.232325,13.771,6.809219,-0.000852,-0.001059,-0.002068,0.000129
25540.733363000003,13.771,6.778196,-0.000856,-0.00106,-0.002059,0.000141
25541.983763000004,13.771,6.697081,-0.000859,-0.00106,-0.002061,0.000138
25544.468133000002,13.771,6.946642,-0.000857,-0.001059,-0.002063,0.000134
25546.983005000002,13.771,6.594399,-0.000856,-0.001058,-0.002058,0.000131
25548.232961,13.771,7.303453,-0.00086,-0.001059,-0.002059,0.000123
25550.733150000004,13.771,6.880348,-0.000869,-0.001065,-0.002056,0.000112
25551.983769000002,13.771,6.427865,-0.00087,-0.001066,-0.002061,0.000111
25554.499391,13.771,7.095115,-0.000873,-0.001066,-0.002057,0.00012
25555.765728000002,13.771,6.8208,-0.000872,-0.001063,-0.002058,0.000125
25558.280380000004,13.771,6.650759,-0.000867,-0.001058,-0.002056,0.000197
25560.796253000004,13.771,6.692831,-0.000862,-0.001057,-0.002051,0.000203
25562.046444000003,13.771,6.745527,-0.000863,-0.001054,-0.00205,0.0002
25564.546033000002,13.771,6.836683,-0.000861,-0.001049,-0.002045,0.000202
25565.795867,13.771,7.058302,-0.000858,-0.001045,-0.002047,0.000207
25568.295097000002,13.771,6.874398,-0.000851,-0.001043,-0.002043,0.000202
25570.811826,13.771,7.076044,-0.000853,-0.00104,-0.002038,0.00019
25572.076391000002,13.771,7.245977,-0.000855,-0.00104,-0.002039,0.000186
25574.577766000002,13.771,6.754026,-0.000862,-0.001042,-0.002037,0.000176
25575.843743,13.771,6.591265,-0.000863,-0.001043,-0.002037,0.000175
25578.358256000003,13.771,7.062605,-0.000865,-0.001041,-0.002039,0.000166
25580.874850000004,13.771,6.865368,-0.000875,-0.001046,-0.002036,0.000149
25582.140480000002,13.771,6.81214,-0.000879,-0.001047,-0.002036,0.000143
25584.639840000003,13.771,6.936337,-0.000881,-0.001049,-0.00204,0.000158
25585.889754000003,13.771,6.691185,-0.000881,-0.001049,-0.002039,0.000156
25588.389953,13.771,6.814743,-0.00088,-0.001042,-0.002039,0.000154
25590.905577,13.771,6.510044,-0.000881,-0.00104,-0.002033,0.00015
25592.170261000003,13.771,6.93724,-0.00088,-0.001039,-0.002034,0.00015
25594.670282000003,13.771,7.346694,-0.000879,-0.001037,-0.002032,0.00016
25595.920575000004,13.771,7.175061,-0.000881,-0.001036,-0.002029,0.00016
25598.420715000004,13.771,6.871317,-0.000879,-0.001035,-0.002032,0.000156
25600.936497000002,13.771,6.951582,-0.000879,-0.001032,-0.002036,0.000155
25602.201948,13.771,6.83238,-0.000879,-0.001031,-0.002034,0.000153
25604.702585000003,13.771,7.141967,-0.000875,-0.001022,-0.002031,0.000163
25605.968439000004,13.771,7.012352,-0.000873,-0.00102,-0.002035,0.000173
25608.484258000004,13.771,6.657134,-0.000874,-0.00102,-0.00203,0.000186
25610.982981,13.771,7.656015,-0.000881,-0.001021,-0.002029,0.000175
25612.233507,13.771,7.293626,-0.000886,-0.00102,-0.002033,0.000172
25614.748841,13.771,7.253573,-0.000892,-0.001023,-0.002033,0.000161
25615.999219,13.771,7.092512,-0.000891,-0.001021,-0.00203,0.000157
25618.515276000002,13.771,7.427225,-0.000895,-0.001019,-0.002033,0.000147
25619.765055000003,13.771,6.760932,-0.000899,-0.001024,-0.002025,0.000135
25622.279374,13.771,6.801834,-0.000907,-0.001021,-0.002027,0.000133
25624.779732000003,13.771,7.518274,-0.000918,-0.001021,-0.002025,0.000133
25626.030128000002,13.771,6.763375,-0.000919,-0.001018,-0.002025,0.000133
25628.544971000003,13.771,7.312218,-0.000924,-0.001013,-0.002026,0.000124
25629.795893000002,13.771,6.881198,-0.000927,-0.001011,-0.002028,0.000125
25632.326884000002,13.771,6.789245,-0.000935,-0.00101,-0.002028,0.000126
25634.828230000003,13.771,7.097611,-0.000944,-0.001004,-0.002028,0.00012
25636.092604,13.771,7.093627,-0.000947,-0.000997,-0.00203,0.00014
25638.624837000003,13.771,7.037638,-0.000954,-0.000986,-0.002026,0.000135
25639.890109000004,13.771,7.278752,-0.000952,-0.000976,-0.002033,0.000133
25642.389740000002,13.771,7.17368,-0.000961,-0.000956,-0.002032,0.000125
25644.906102,13.771,7.106535,-0.000974,-0.000955,-0.002024,0.000113
25646.156452000003,13.771,7.013149,-0.000976,-0.000989,-0.002026,0.000109
25648.685734000002,13.771,5.998278,-0.000668,-0.001081,-0.002025,0.000228
25649.936775000002,13.771,5.448426,-0.000663,-0.001079,-0.002028,0.000227
25652.453303000002,13.771,5.405983,-0.000643,-0.001077,-0.00203,0.000252
25654.967280000004,13.771,5.247524,-0.00065,-0.001082,-0.002025,0.000243
25656.218977000004,13.771,5.335545,-0.000652,-0.001085,-0.002029,0.000252
25658.733499,13.771,5.281202,-0.000661,-0.001085,-0.002031,0.000246
25659.983111,13.771,5.401733,-0.000664,-0.001085,-0.002025,0.000241
25662.496095000002,13.771,5.422185,-0.00067,-0.001088,-0.002023,0.000228
25664.998560000004,13.771,5.154669,-0.000675,-0.001092,-0.002028,0.000224
25666.265181000002,13.771,5.265213,-0.000675,-0.001091,-0.002024,0.000228
25668.779501,13.771,5.013049,-0.000677,-0.001088,-0.002026,0.000233
25670.030196000003,13.771,5.27945,-0.000677,-0.001086,-0.002024,0.000255
25672.545698,13.771,5.292358,-0.000684,-0.001089,-0.002023,0.000252
25673.812243000004,13.771,5.186275,-0.000687,-0.001088,-0.002027,0.000251
25676.343822000003,13.771,5.322796,-0.000693,-0.001092,-0.002021,0.000238
25678.873457,13.771,5.552117,-0.00069,-0.001089,-0.002025,0.000234
25680.123561000004,13.771,5.480405,-0.00069,-0.001086,-0.002023,0.000229
25682.640691000004,13.771,5.289383,-0.000695,-0.001086,-0.002023,0.000227
25683.905941,13.771,5.167205,-0.000697,-0.001086,-0.00202,0.000223
25686.421241000004,13.771,5.255705,-0.000692,-0.001082,-0.002019,0.000221
25688.920353,13.771,5.2267,-0.000709,-0.001078,-0.002017,0.00022
25690.170827,13.771,5.52885,-0.000738,-0.001074,-0.002022,0.000222
25692.686228000002,13.771,5.326727,-0.000798,-0.001077,-0.002018,0.000204
25693.936524000004,13.771,5.411401,0.000171,-0.001083,-0.002024,0.000412
25696.451899000003,13.77,-0.343104,0.000207,-0.001082,-0.002028,0.000419
25698.968338000002,13.77,-0.014995,0.000205,-0.001082,-0.002027,0.000418
25700.233578000003,13.77,-0.171291,0.000207,-0.001081,-0.00203,0.000417
25702.766228000004,13.77,-0.086147,0.000206,-0.001082,-0.002025,0.000417
25704.031307,13.77,-0.19688,0.000205,-0.001082,-0.002028,0.000415
25706.545841000003,13.77,-0.223871,0.000208,-0.001085,-0.002029,0.000412
25707.796563000004,13.77,1.370065,0.00021,-0.00108,-0.002028,0.000417
25710.327338000003,13.77,-0.048702,0.000212,-0.001078,-0.002032,0.00042
25712.858434,13.771,2.00166,0.000205,-0.001084,-0.002025,0.000411
25714.106573,13.771,-0.216534,0.000204,-0.001083,-0.002029,0.000411
25716.608807000004,13.771,-0.088924,0.000201,-0.001084,-0.002027,0.000406
25717.874042000003,13.771,-0.032762,0.000202,-0.001085,-0.002024,0.000405
25720.390294000004,13.771,-0.254243,0.000204,-0.001082,-0.002028,0.000408
25722.890964000002,13.771,-0.483382,0.000207,-0.001078,-0.002027,0.00041
25724.154883000003,13.771,-0.19074,0.000208,-0.001079,-0.002022,0.000408
25726.653812000004,13.771,0.493295,0.000211,-0.001074,-0.002026,0.000407
25727.905547000002,13.771,0.072666,0.000212,-0.001073,-0.002028,0.000409
25730.406212,13.771,0.205749,0.000209,-0.001075,-0.002028,0.000404
25732.936089000003,13.771,-0.140048,0.000208,-0.001075,-0.002021,0.000402
25734.186221000004,13.771,-0.171123,0.000204,-0.001076,-0.002026,0.000399
25736.686158000004,13.771,0.059688,0.000206,-0.001078,-0.002026,0.000415
25737.936513,13.771,0.106695,0.000203,-0.00108,-0.002022,0.000415
25740.437048000003,13.771,-0.001508,0.000198,-0.001082,-0.002023,0.000411
25742.951606000002,13.771,-0.141136,0.000201,-0.00108,-0.002018,0.000411
25744.203207000002,13.771,0.023737,0.000201,-0.001078,-0.002025,0.000411
25746.733258000004,13.771,-0.155917,0.000204,-0.001077,-0.002017,0.000407
25747.983558000004,13.771,0.016712,0.000204,-0.001075,-0.002024,0.000411
25750.515197,13.771,0.214982,0.000206,-0.001076,-0.002019,0.000409
25751.765690000004,13.771,-0.471689,0.000203,-0.001079,-0.002016,0.000404
25754.280182000002,13.771,0.451669,0.000197,-0.001082,-0.002018,0.000397
25756.779875000004,13.771,0.092019,0.000199,-0.001079,-0.002024,0.000397
25758.030935000003,13.771,0.470785,0.000198,-0.001081,-0.002018,0.000394
25760.546546,13.771,-0.196416,0.0002,-0.00108,-0.002018,0.000394
25761.811999,13.771,0.071366,0.000196,-0.001082,-0.002021,0.00039
25764.326950000002,13.771,0.063172,0.000199,-0.00108,-0.002017,0.000389
25766.827179000004,13.771,0.372195,0.000198,-0.00108,-0.002019,0.00038
25768.093254000003,13.771,-0.542929,0.000197,-0.001081,-0.002023,0.000381
25770.593723,13.771,-0.148786,0.000195,-0.001079,-0.00202,0.000378
25771.843143000002,13.771,-0.26912,0.000195,-0.00108,-0.002022,0.000376
25774.326706000003,13.771,0.998246,0.000196,-0.001081,-0.00202,0.000373
25776.837788000004,13.771,0.076975,0.000193,-0.001084,-0.002017,0.000369
25778.092906,13.771,-0.093542,0.000194,-0.001083,-0.00202,0.00037
25780.624918,13.771,-0.016163,0.000191,-0.00108,-0.002019,0.00037
25781.889574,13.771,0.032423,0.000192,-0.001079,-0.002017,0.000368
25784.405804,13.771,0.112386,0.000177,-0.001093,-0.002025,0.000352
25786.921512,13.771,0.021272,0.000164,-0.001107,-0.002041,0.000335
25788.186850000002,13.771,0.215551,0.000158,-0.001109,-0.002037,0.000331
25790.7177,13.771,0.137337,0.000164,-0.001104,-0.002037,0.000337
25791.983307000002,13.771,-0.346354,0.000163,-0.001104,-0.002031,0.000334
25794.483928,13.771,0.136536,0.000164,-0.001104,-0.002027,0.000335
25795.733719000003,13.771,-0.377569,0.000156,-0.001114,-0.002027,0.000318
25798.233669,13.771,0.084155,0.000147,-0.001122,-0.002036,0.000307
25800.732564,13.771,0.172569,0.000147,-0.001118,-0.002039,0.00031
25801.983572,13.771,0.026441,0.000146,-0.001118,-0.002036,0.000307
25804.4838,13.771,0.710489,0.000133,-0.001134,-0.00204,0.000282
25807.013707000002,13.771,0.157309,0.000122,-0.00114,-0.00205,0.000279
25808.264085000003,13.771,0.164,0.000129,-0.001134,-0.002052,0.000316
25810.779782,13.771,-0.140443,0.000134,-0.00113,-0.002055,0.000318
25812.029745000003,13.771,0.058157,0.000129,-0.001134,-0.002053,0.000312
25814.561184000002,13.771,-0.035724,0.000124,-0.001135,-0.002055,0.000306
25815.811006000004,13.771,-0.453063,0.000123,-0.001137,-0.002051,0.000304
25818.328415000004,13.771,0.121747,0.000113,-0.001146,-0.002067,0.000294
25820.827057000002,13.771,0.162107,0.000104,-0.001152,-0.002062,0.000282
25822.094108,13.771,0.359825,0.000106,-0.001149,-0.002059,0.000288
25824.624760000002,13.771,0.159393,0.00012,-0.001137,-0.002063,0.000301
25825.889216000003,13.771,0.114354,0.000118,-0.001136,-0.002055,0.000297
25828.405572000003,13.771,0.061109,0.000112,-0.001139,-0.002053,0.000287
25830.936443000002,13.771,0.143432,0.000108,-0.001145,-0.002067,0.000278
25832.203224,13.771,0.079648,0.000106,-0.001144,-0.00207,0.000281
25834.719175000002,13.771,-0.423936,0.000111,-0.001137,-0.002064,0.000284
25835.967011,13.771,0.201119,0.000111,-0.001136,-0.002065,0.000281
25838.483179000003,13.771,0.514465,0.000118,-0.001127,-0.002058,0.000288
25840.998948000004,13.771,1.378569,0.000124,-0.001121,-0.002055,0.000292
25842.265276000002,13.771,0.087649,0.000123,-0.001123,-0.00206,0.000286
25844.779621,13.771,0.09516,0.0001,-0.001141,-0.002063,0.000254
25846.046133000003,13.771,0.217304,9e-05,-0.001151,-0.002065,0.000247
25848.544846000004,13.771,0.160466,9.3e-05,-0.001144,-0.002064,0.000255
25849.795544000004,13.771,1.652007,9.9e-05,-0.001139,-0.002056,0.000261
25852.326823000003,13.771,-0.505004,8.1e-05,-0.001152,-0.002057,0.000242
25854.827155000003,13.771,0.070012,7.3e-05,-0.001162,-0.002072,0.000228
25856.078343,13.771,-0.328445,7.1e-05,-0.001164,-0.002068,0.000225
25858.576306000003,13.771,0.158582,6.9e-05,-0.001162,-0.002076,0.000225
25859.828109000002,13.771,0.171613,8e-05,-0.001156,-0.002078,0.000239
25862.358045,13.771,0.214923,8.9e-05,-0.001145,-0.00206,0.000247
25864.873799,13.771,0.13955,9.7e-05,-0.001141,-0.002063,0.000257
25866.123574,13.771,0.304498,9.5e-05,-0.00114,-0.002064,0.000256
25868.655168,13.771,0.280388,0.00011,-0.001125,-0.002069,0.000271
25869.906437,13.771,0.01449,0.000117,-0.00112,-0.002069,0.000277
25872.420944,13.771,0.171211,0.000103,-0.001135,-0.002064,0.000245
25874.95271,13.771,0.273797,0.000112,-0.001126,-0.002068,0.000246
25876.218271,13.771,-0.159847,0.00011,-0.001124,-0.002067,0.000254
25878.733799,13.771,0.05614,0.000122,-0.001113,-0.002068,0.000265
25879.983811000002,13.771,0.312995,0.000116,-0.001115,-0.002062,0.000263
25882.483461000003,13.771,0.317928,0.000112,-0.001115,-0.002063,0.000254
25884.998801,13.771,0.255951,0.000104,-0.00112,-0.002068,0.000245
25886.248825000002,13.771,0.285469,9.9e-05,-0.001127,-0.002066,0.000233
25888.765450000003,13.771,0.28708,9.9e-05,-0.001127,-0.002064,0.000226
25890.031327000004,13.771,0.179969,8.6e-05,-0.001135,-0.002066,0.000205
25892.531230000004,13.771,0.298732,7.4e-05,-0.001147,-0.002069,0.000193
25893.796024000003,13.771,0.200353,7.6e-05,-0.001142,-0.002075,0.000194
25896.312445000003,13.771,0.189381,8.4e-05,-0.001132,-0.002068,0.000198
25898.826893,13.771,0.221168,8.3e-05,-0.001129,-0.002061,0.000194
25900.078330000004,13.771,1.307203,8.3e-05,-0.001131,-0.00206,0.000188
25902.578558,13.771,0.181143,8.4e-05,-0.001129,-0.00206,0.000183
25903.827197000002,13.771,0.012114,8.6e-05,-0.001127,-0.00206,0.000189
25906.357472000003,13.771,0.268465,8.5e-05,-0.001125,-0.002066,0.000191
25908.875212000003,13.771,0.175145,7.9e-05,-0.001131,-0.002062,0.000178
25910.139053000003,13.771,0.04102,7.7e-05,-0.00113,-0.002069,0.000174
25912.656056000003,13.771,0.446522,7.5e-05,-0.001128,-0.002064,0.000167
25913.920902,13.771,-0.352791,7e-05,-0.001132,-0.002065,0.000154
25916.436227000002,13.771,0.21838,5.7e-05,-0.001141,-0.00206,0.000141
25918.963451000003,13.771,0.280918,5.9e-05,-0.001139,-0.00206,0.000136
25920.201819,13.771,0.285178,6e-05,-0.001137,-0.002064,0.000138
25922.718706000003,13.771,0.25853,6.8e-05,-0.001134,-0.002061,0.000136
25923.983534000003,13.771,0.472468,7.1e-05,-0.001128,-0.002061,0.000138
25926.483546000003,13.771,0.26174,7e-05,-0.001122,-0.002056,0.000139
25929.014273,13.771,0.290607,7e-05,-0.001121,-0.002049,0.000135
25930.265667000003,13.771,0.196326,7e-05,-0.001118,-0.002051,0.000133
25932.780806000002,13.771,0.294801,7.6e-05,-0.001113,-0.002044,0.000131
25934.031071,13.771,0.275289,7.5e-05,-0.001111,-0.002043,0.000129
25936.562164000003,13.771,0.270492,8.1e-05,-0.001104,-0.002047,0.000141
25937.826817,13.771,0.292441,8.3e-05,-0.001101,-0.002048,0.000146
25940.342107000004,13.771,1.235444,8.5e-05,-0.001101,-0.002047,0.000146
25942.843642000003,13.771,0.271064,8.2e-05,-0.001105,-0.00205,0.000145
25944.108512000003,13.771,0.15848,8.1e-05,-0.001106,-0.002052,0.000144
25946.639666000003,13.771,0.497523,7.6e-05,-0.001106,-0.002045,0.000138
25947.906274,13.771,0.128965,7.8e-05,-0.001105,-0.00205,0.000137
25950.421333000002,13.771,0.116818,7.5e-05,-0.001105,-0.002041,0.00014
25952.921157000004,13.771,0.591796,8.8e-05,-0.001101,-0.002043,0.00017
25954.170097000002,13.771,0.393013,8.5e-05,-0.0011,-0.002048,0.000171
25956.671002000003,13.771,0.455007,7.6e-05,-0.001107,-0.002045,0.000163
25957.921358000003,13.771,0.335194,7.5e-05,-0.001106,-0.002043,0.000158
25960.420918000003,13.771,0.112752,8.4e-05,-0.001101,-0.002036,0.00016
25962.920790000004,13.771,0.345128,8.3e-05,-0.001103,-0.002034,0.00015
25964.171230000004,13.771,-0.274467,8e-05,-0.001101,-0.002041,0.000147
25966.686211000004,13.771,0.463257,7.4e-05,-0.001106,-0.002041,0.000138
25967.953084,13.771,0.204677,7.3e-05,-0.001106,-0.002037,0.000144
25970.467208000002,13.771,0.29007,6.9e-05,-0.001108,-0.00204,0.000137
25972.983790000002,13.771,0.195323,6.5e-05,-0.00111,-0.002035,0.000129
25974.233478000002,13.771,0.045326,6.4e-05,-0.001109,-0.002043,0.000126
25976.764723000004,13.771,0.38863,6.4e-05,-0.001108,-0.00204,0.000119
25978.015729000002,13.771,0.375615,6.6e-05,-0.001104,-0.00204,0.000119
25980.529421000003,13.771,0.317906,6.3e-05,-0.001107,-0.002037,0.000116
25981.780876000004,13.771,0.372391,6.6e-05,-0.001106,-0.002036,0.000117
25984.295373,13.771,0.41778,6.4e-05,-0.001105,-0.002037,0.000126
25986.811313000002,13.771,0.662058,6.5e-05,-0.001105,-0.002039,0.000126
25988.061858,13.771,0.224836,6e-05,-0.001107,-0.002036,0.000119
25990.578152000002,13.771,0.472457,5.7e-05,-0.001109,-0.00204,0.000112
25991.826916,13.771,0.275449,5.7e-05,-0.001108,-0.002036,0.000107
25994.343634000004,13.771,0.352608,5.5e-05,-0.001107,-0.002031,0.000105
25996.858512000003,13.771,0.418082,5.4e-05,-0.001107,-0.002034,0.000102
25998.108833000002,13.771,0.314126,5.3e-05,-0.001105,-0.002037,0.000105
26000.607887000002,13.771,0.560867,5.4e-05,-0.001104,-0.002034,0.000107
26001.859168000003,13.771,0.231315,5.3e-05,-0.001105,-0.002031,9.9e-05
26004.390121000004,13.771,0.398252,5.3e-05,-0.001101,-0.002033,9.9e-05
26006.906159000002,13.771,0.480849,5.5e-05,-0.001097,-0.002025,0.000104
26008.156239000004,13.771,0.358633,5.5e-05,-0.001097,-0.002027,0.000101
26010.655199,13.771,0.440309,5.2e-05,-0.001101,-0.002025,9e-05
26011.905798000003,13.771,0.201396,5e-05,-0.001102,-0.002023,8.5e-05
26014.389260000004,13.771,0.385516,4.6e-05,-0.0011,-0.002021,8.1e-05
26016.884970000003,13.771,3.342955,4.6e-05,-0.001101,-0.002023,7.3e-05
26018.123719000003,13.771,0.436627,4.5e-05,-0.001099,-0.002022,7.2e-05
26020.655135,13.771,0.284998,5e-05,-0.001094,-0.002023,7.3e-05
26021.905504000002,13.771,0.345565,5.1e-05,-0.001092,-0.002027,6.8e-05
26024.405769,13.771,0.238131,5.1e-05,-0.001088,-0.002027,7.2e-05
26026.905138000002,13.771,0.466756,5.2e-05,-0.001088,-0.002023,6.7e-05
26028.155879,13.771,0.091197,4.7e-05,-0.00109,-0.002023,6.4e-05
26030.670785000002,13.771,0.470777,4.6e-05,-0.001089,-0.00203,5.8e-05
26031.936615000002,13.771,0.292945,4.5e-05,-0.001088,-0.002024,5.7e-05
26034.468062000004,13.771,0.514662,4.5e-05,-0.001086,-0.002029,6.2e-05
26036.983459000003,13.771,0.469896,4.5e-05,-0.001085,-0.002025,6.6e-05
26038.233163,13.771,0.447768,4.6e-05,-0.001084,-0.002033,6.4e-05
26040.733397000004,13.771,0.401708,4.5e-05,-0.001084,-0.002034,5.6e-05
26041.999075000003,13.771,1.200912,4.4e-05,-0.001086,-0.002031,5.1e-05
26044.514093,13.771,0.269288,4.5e-05,-0.001082,-0.002033,4.9e-05
26047.014670000004,13.771,0.345062,4e-05,-0.001085,-0.00203,4e-05
26048.265352000002,13.771,0.439176,3.7e-05,-0.001086,-0.002025,3.6e-05
26050.781241000004,13.771,0.512556,3.4e-05,-0.001088,-0.002028,3.2e-05
26052.030135,13.771,0.401193,3.3e-05,-0.001088,-0.002026,3.1e-05
26054.530773000002,13.771,0.51463,3.2e-05,-0.001086,-0.002029,2.8e-05
26055.795190000004,13.771,-0.0285,3.3e-05,-0.001082,-0.002033,2.5e-05
26058.296042,13.771,0.520452,3.4e-05,-0.001083,-0.002032,2.4e-05
26060.825647,13.771,0.147157,2.9e-05,-0.001086,-0.00203,2e-05
26062.076975000004,13.771,0.539029,3e-05,-0.001083,-0.00203,2e-05
26064.608482000003,13.771,-2.703703,2.4e-05,-0.001088,-0.002028,1.3e-05
26065.874232000002,13.771,0.492779,2.1e-05,-0.00109,-0.002029,9e-06
26068.373771000002,13.771,0.517192,1.9e-05,-0.001091,-0.002029,1.6e-05
26070.889636000004,13.771,0.494863,2.3e-05,-0.001091,-0.002026,8e-05
26072.155179,13.771,2.052728,2.5e-05,-0.001091,-0.002027,7.8e-05
26074.656140000003,13.771,0.367246,3.1e-05,-0.001086,-0.002027,8.6e-05
26075.920411000003,13.771,0.279475,3.1e-05,-0.001086,-0.00203,8.3e-05
26078.420132000003,13.771,1.384113,3.3e-05,-0.001085,-0.002031,7.7e-05
26080.920689000002,13.771,0.378546,2.8e-05,-0.001088,-0.002031,6.6e-05
26082.171068000003,13.771,1.144422,2.6e-05,-0.00109,-0.002022,5.9e-05
26084.670054000002,13.771,0.483679,2.7e-05,-0.001088,-0.002022,5e-05
26085.921186000003,13.771,0.360485,3e-05,-0.001087,-0.002029,4.4e-05
26088.4209,13.771,0.065414,3.1e-05,-0.001085,-0.002029,3.5e-05
26090.920321,13.771,0.212088,3e-05,-0.001085,-0.00203,2.7e-05
26092.172113000004,13.771,0.291693,2.7e-05,-0.001085,-0.002025,2.1e-05
26094.703277000004,13.771,-0.018642,2.6e-05,-0.001085,-0.002027,1.7e-05
26095.951557000004,13.771,0.503218,2.4e-05,-0.001084,-0.002023,1.4e-05
26098.467491000003,13.771,0.355492,2.4e-05,-0.001084,-0.00202,1.2e-05
26100.983566000003,13.771,0.513436,2.4e-05,-0.001083,-0.002023,1.3e-05
26102.248986000002,13.771,0.430144,2.3e-05,-0.001084,-0.002026,8e-06
26104.765266000002,13.771,0.563869,2.1e-05,-0.001089,-0.002019,0.0
26106.015168,13.771,0.540308,2.1e-05,-0.001086,-0.002022,-0.0
26108.529314000003,13.771,0.373187,1.7e-05,-0.001088,-0.002017,-4e-06
26109.779993000004,13.771,0.401036,1.8e-05,-0.001087,-0.002019,-2e-06
26112.280723000003,13.771,0.069387,1.6e-05,-0.001084,-0.002021,-4e-06
26114.795754000002,13.771,0.280154,1.6e-05,-0.001081,-0.002025,-9e-06
26116.045746000003,13.771,0.503393,1.8e-05,-0.001079,-0.002022,-1.2e-05
26118.576846000004,13.771,0.492735,1.9e-05,-0.001077,-0.00203,-2.1e-05
26119.828168000004,13.771,2.549894,1.6e-05,-0.001078,-0.002025,-2.6e-05
26122.328031,13.771,-0.712282,1.2e-05,-0.001079,-0.002026,-3.3e-05
26124.859012,13.771,0.782598,1.2e-05,-0.001079,-0.002027,-3.7e-05
26126.108281,13.771,0.483817,9e-06,-0.001079,-0.002024,-3.8e-05
26128.639487000004,13.771,0.603148,5e-06,-0.001078,-0.002026,-4.8e-05
26129.906153000004,13.771,0.658715,-1e-06,-0.001082,-0.00202,-5.5e-05
26132.436829000002,13.771,0.505781,-7e-06,-0.001089,-0.002025,-6.9e-05
26134.968533000003,13.771,0.65288,-1.6e-05,-0.001094,-0.002021,-7.7e-05
26136.233290000004,13.771,0.491945,-1.2e-05,-0.001089,-0.002023,-7.5e-05
26138.748834,13.771,0.66922,-1.8e-05,-0.001092,-0.002021,-8.5e-05
26140.015603000003,13.771,0.646975,-2.5e-05,-0.001099,-0.002029,-0.000102
26142.529755000003,13.771,-0.359239,-4.3e-05,-0.001109,-0.002038,-0.000122
26143.779634000002,13.771,3.660321,-4.2e-05,-0.00111,-0.00204,-0.000122
26146.295521000004,13.771,0.562818,-4e-05,-0.001104,-0.002032,-0.00012
26148.795491,13.771,0.493536,-4.7e-05,-0.001111,-0.002029,-0.000137
26150.045483,13.771,0.718383,-5.7e-05,-0.00112,-0.002028,-0.000148
26152.561477000003,13.771,0.623488,-6.1e-05,-0.00112,-0.00204,-0.000153
26153.811400000002,13.771,0.665856,-6.3e-05,-0.00112,-0.002039,-0.000157
26156.343623,13.771,0.709805,-6.4e-05,-0.00112,-0.002041,-0.000166
26158.874971,13.771,0.673825,-6e-05,-0.001113,-0.00204,-0.000157
26160.123255000002,13.771,0.660599,-5.7e-05,-0.00111,-0.002045,-0.000157
26162.639682,13.771,0.462533,-6.4e-05,-0.001118,-0.002046,-0.000165
26163.904079000004,13.771,0.863524,-6.3e-05,-0.001117,-0.002039,-0.000154
26166.405564,13.771,0.339186,-8.2e-05,-0.001135,-0.002045,-0.000162
26168.921324000003,13.771,0.584235,-4.6e-05,-0.001143,-0.002055,3.4e-05
26170.186262000003,13.771,0.586004,-3.9e-05,-0.001144,-0.00205,3.1e-05
26172.719139,13.771,0.524291,-2.5e-05,-0.001135,-0.002051,5.7e-05
26173.983101,13.771,0.43094,-2e-05,-0.001133,-0.002051,5.4e-05
26176.483737000002,13.771,0.498025,-1.8e-05,-0.001134,-0.002049,5.4e-05
26178.998168000002,13.771,0.000351,2e-06,-0.001134,-0.002049,4e-05
26180.248747,13.771,0.482029,1.7e-05,-0.001137,-0.002045,2.2e-05
26182.764406000002,13.771,0.404052,3.2e-05,-0.001126,-0.002044,1.9e-05
26184.030346000003,13.771,0.545162,3.4e-05,-0.001127,-0.002042,1.5e-05
26186.530588,13.771,0.511775,1.6e-05,-0.001143,-0.002046,-8e-06
26189.029726,13.771,0.458799,2.8e-05,-0.001131,-0.002055,-1e-05
26190.297104,13.771,0.329472,4.1e-05,-0.001123,-0.002061,-4e-06
26192.828213,13.771,0.392387,4.2e-05,-0.00112,-0.002063,-3e-06
26194.079143000003,13.771,0.321832,3.9e-05,-0.001119,-0.002062,-5e-06
26196.593206,13.771,-0.446372,1.7e-05,-0.001138,-0.002063,-3.9e-05
26197.858365000004,13.771,0.483685,9e-06,-0.00115,-0.002064,-5.2e-05
26200.388653,13.771,-0.312776,5e-06,-0.001154,-0.002072,-6.2e-05
26202.921239000003,13.771,0.252646,1e-05,-0.001148,-0.002068,-6.1e-05
26204.171357000003,13.771,0.33819,1.4e-05,-0.001141,-0.00206,-5.7e-05
26206.687557,13.771,0.436804,2e-06,-0.001151,-0.002058,-8.2e-05
26207.95286,13.771,0.428357,-4e-06,-0.001155,-0.002063,-8.8e-05
26210.483206,13.771,0.507886,8e-06,-0.001145,-0.002063,-7.5e-05
26212.984027000002,13.771,2.68277,2e-05,-0.001139,-0.002061,-6.4e-05
26214.246794000002,13.771,0.399236,2e-05,-0.001139,-0.002064,-6.2e-05
26216.732442000004,13.771,0.350085,2.3e-05,-0.001136,-0.00207,-3.9e-05
26217.983604,13.771,0.452644,2.1e-05,-0.001135,-0.002064,-2.5e-05
26220.483615,13.771,0.309794,2.2e-05,-0.001135,-0.002067,-2.1e-05
26223.014771000002,13.771,-0.498354,5.4e-05,-0.001127,-0.002074,0.000144
26224.280325000003,13.771,0.290419,5.9e-05,-0.001128,-0.002069,0.000138
26226.812047000003,13.771,0.254246,5.8e-05,-0.001124,-0.002075,0.00014
26228.075043000004,13.771,0.765759,5.6e-05,-0.001129,-0.002076,0.000132
26230.594007000003,13.771,1.844609,4.1e-05,-0.001145,-0.002069,0.000109
26231.858744,13.771,0.31393,2.7e-05,-0.001159,-0.002067,9.1e-05
26234.390713,13.771,0.320909,2.9e-05,-0.00115,-0.002069,9.8e-05
26236.920995000004,13.771,0.239273,4.5e-05,-0.001132,-0.002067,0.0001
26238.170877000004,13.771,1.363417,4.6e-05,-0.001133,-0.002072,0.000103
26240.671213,13.771,0.094282,5.7e-05,-0.001131,-0.00207,0.000176
26241.921478000004,13.771,1.268241,5.8e-05,-0.001128,-0.002068,0.000176
26244.453753,13.771,0.446905,5.8e-05,-0.001124,-0.002068,0.000184
26246.966266000003,13.771,0.239463,6e-05,-0.001123,-0.002072,0.000174
26248.218398,13.771,0.477914,6.3e-05,-0.001123,-0.002069,0.000172
26250.750199000002,13.771,0.350011,6.7e-05,-0.001115,-0.002074,0.000173
26252.016174000004,13.771,0.347235,6.2e-05,-0.001117,-0.002078,0.000167
26254.516199,13.771,0.301556,5.8e-05,-0.001121,-0.002072,0.000156
26257.030086000002,13.771,0.123373,5.8e-05,-0.001119,-0.002068,0.000149
26258.279785000002,13.771,0.301708,6e-05,-0.001119,-0.002069,0.000151
26260.795743000002,13.771,0.184957,5.9e-05,-0.001121,-0.002069,0.000146
26262.046025000003,13.771,0.188826,6e-05,-0.001117,-0.002071,0.000147
26264.577053,13.771,-0.393179,5.8e-05,-0.00112,-0.00207,0.000131
26265.827686000004,13.771,0.288857,5.6e-05,-0.00112,-0.002066,0.000126
26268.326928000002,13.771,0.28655,4.7e-05,-0.001128,-0.002068,0.000116
26270.843779000003,13.771,0.274255,6e-05,-0.001129,-0.002067,0.000165
26272.108083000003,13.771,0.215128,5.5e-05,-0.001135,-0.002065,0.000155
26274.623956000003,13.771,0.677846,5.1e-05,-0.001139,-0.002061,0.000144
26275.873993,13.771,0.273789,4.7e-05,-0.001142,-0.002067,0.000138
26278.389556000002,13.771,0.127108,4.2e-05,-0.00114,-0.002066,0.000129
26280.904608000004,13.771,0.242115,4.7e-05,-0.001134,-0.002061,0.000125
26282.171054000002,13.771,-0.066659,5.2e-05,-0.00113,-0.002064,0.000125
26284.669402000003,13.771,0.172256,5.2e-05,-0.001129,-0.002059,0.000119
26285.920279,13.771,0.225443,5.2e-05,-0.001127,-0.002053,0.000116
26288.421008,13.771,0.443254,5.4e-05,-0.001122,-0.00205,0.000116
26290.920202,13.771,0.337354,5.6e-05,-0.001119,-0.002042,0.000112
26292.170841000003,13.771,0.23959,5.9e-05,-0.001114,-0.002047,0.000114
26294.687294000003,13.771,0.32949,6.1e-05,-0.001111,-0.002043,0.000108
26295.952261000002,13.771,0.2832,6.2e-05,-0.001111,-0.002046,0.000105
26298.468669,13.771,0.263687,6.3e-05,-0.001109,-0.00204,9.7e-05
26300.968433000002,13.771,0.239903,6.2e-05,-0.001109,-0.002047,8.9e-05
26302.233219,13.771,0.245967,5.9e-05,-0.001109,-0.002045,8.6e-05
26304.748213000003,13.771,-0.101252,5.6e-05,-0.001111,-0.002045,8.6e-05
26305.998321000003,13.771,0.285895,5.5e-05,-0.001112,-0.002041,8.2e-05
26308.514386000003,13.771,0.253829,5.3e-05,-0.001107,-0.002045,8.2e-05
26310.998096000003,13.771,0.151502,6e-05,-0.001103,-0.00204,0.000102
26312.26507,13.771,0.120738,6.3e-05,-0.0011,-0.002044,0.000102
26314.781051,13.771,-0.553239,5.9e-05,-0.001101,-0.002041,9.9e-05
26316.030294000004,13.771,0.361973,5.9e-05,-0.001101,-0.002048,0.000106
26318.546053000002,13.771,-0.594908,8.9e-05,-0.001097,-0.002046,0.000215
26319.811974000004,13.771,0.270827,9.1e-05,-0.001097,-0.002047,0.000213
26322.327001,13.771,0.363052,8.8e-05,-0.0011,-0.002045,0.000205
26324.843809,13.771,0.02998,8.7e-05,-0.001101,-0.002041,0.000196
26326.108223000003,13.771,-0.022942,8.8e-05,-0.001101,-0.002039,0.000197
26328.625709000004,13.771,0.245584,7.7e-05,-0.001114,-0.002039,0.000186
26329.889710000003,13.771,0.417041,7.1e-05,-0.001117,-0.002043,0.000182
26332.403719,13.771,0.032232,7.2e-05,-0.001116,-0.002038,0.000192
26334.921335000003,13.771,0.171066,8.1e-05,-0.001106,-0.002036,0.000199
26336.18743,13.771,0.272355,8.3e-05,-0.001103,-0.00204,0.000205
26338.702411000002,13.771,-0.167301,9e-05,-0.001105,-0.002034,0.000243
26339.969019000004,13.771,0.157497,9.1e-05,-0.001103,-0.002036,0.000245
26342.49896,13.771,2.804361,9.2e-05,-0.001104,-0.002029,0.00024
26345.015472000003,13.771,0.195298,9.3e-05,-0.001104,-0.002032,0.000237
26346.281262000004,13.771,0.050087,9.4e-05,-0.001102,-0.002038,0.000237
26348.795089000003,13.771,0.233142,9.8e-05,-0.001098,-0.002038,0.000241
26350.045265,13.771,0.127008,0.0001,-0.001094,-0.002038,0.000246
26352.56114,13.771,0.272615,0.0001,-0.001094,-0.002029,0.000248
26353.810681000003,13.771,0.075467,0.000101,-0.001091,-0.002037,0.000246
26356.311647000002,13.771,-0.06343,9.8e-05,-0.001093,-0.002034,0.000238
26358.843558000004,13.771,0.395987,9.5e-05,-0.001092,-0.002029,0.000234
26360.108340000002,13.771,1.496207,9.8e-05,-0.001089,-0.002032,0.000234
26362.623770000002,13.771,0.31163,9.1e-05,-0.001093,-0.002026,0.000224
26363.873729000003,13.771,0.239897,9.4e-05,-0.001089,-0.00203,0.000223
26366.373722000004,13.771,0.383633,8.9e-05,-0.001094,-0.002031,0.000209
26368.873739000002,13.771,0.12018,8.4e-05,-0.001096,-0.002032,0.000201
26370.123543,13.771,0.276865,8.1e-05,-0.001095,-0.002029,0.000203
26372.623513000002,13.771,0.238623,8.1e-05,-0.001092,-0.002027,0.000203
26373.889725,13.771,0.26231,8.2e-05,-0.001095,-0.002029,0.000202
26376.40521,13.771,-0.198757,8.1e-05,-0.00109,-0.002028,0.000198
26378.905792,13.771,0.296955,8e-05,-0.001089,-0.00203,0.00019
26380.171879,13.771,0.26107,8e-05,-0.001087,-0.002032,0.000188
26382.702883,13.771,0.344291,7.5e-05,-0.001093,-0.002029,0.000177
26383.965298000003,13.771,-0.245431,7.3e-05,-0.001095,-0.002036,0.00017
26386.467948,13.771,0.332964,9.4e-05,-0.001098,-0.002038,0.000295
26388.983183000004,13.771,0.248198,0.000104,-0.001095,-0.002031,0.000318
26390.233339000002,13.771,0.125362,0.000103,-0.001095,-0.002028,0.000315
26392.748687000003,13.771,0.257823,0.000107,-0.001095,-0.00203,0.000336
26393.999187,13.771,0.043908,0.000103,-0.001098,-0.002024,0.000331
26396.514129000003,13.771,0.168669,0.000103,-0.001099,-0.002026,0.000322
26398.998702000004,13.771,0.273838,0.000101,-0.001099,-0.002024,0.000312
26400.264594000004,13.771,0.207508,0.0001,-0.001099,-0.002029,0.000308
26402.764995,13.771,0.038675,9.3e-05,-0.001101,-0.002029,0.000304
26404.015783000003,13.771,0.197152,9.3e-05,-0.001102,-0.002026,0.000306
26406.529938000003,13.771,0.236861,9.2e-05,-0.001102,-0.00203,0.000301
26409.031195000003,13.771,0.303006,9e-05,-0.0011,-0.002031,0.000293
26410.279424000004,13.771,0.167397,8.8e-05,-0.001099,-0.002027,0.000291
26412.796010000002,13.771,0.445488,8.8e-05,-0.001097,-0.002025,0.000286
26414.045746000003,13.771,0.015446,9.1e-05,-0.001094,-0.002028,0.000287
26416.545736000004,13.771,0.37919,9.3e-05,-0.00109,-0.002026,0.000286
26417.796254,13.771,0.161399,9.1e-05,-0.001091,-0.002023,0.000282
26420.327401000002,13.771,0.136307,9.3e-05,-0.001085,-0.002028,0.000278
26422.826675000004,13.771,0.288548,9.3e-05,-0.001081,-0.00203,0.000273
26424.078335000002,13.771,0.240411,9.4e-05,-0.001081,-0.002031,0.000271
26426.593153,13.771,0.201111,9.3e-05,-0.001083,-0.00203,0.000266
26427.859187000002,13.771,0.770428,9.8e-05,-0.00108,-0.002027,0.000263
26430.373488,13.771,0.349118,0.0001,-0.001075,-0.002033,0.000264
26432.89095,13.771,0.194017,9.8e-05,-0.001075,-0.002032,0.000259
26434.155971000004,13.771,0.20293,9.6e-05,-0.001075,-0.002028,0.000254
26436.668564000003,13.771,0.27519,9.5e-05,-0.001076,-0.00203,0.000243
26437.922264,13.771,0.299255,9e-05,-0.001077,-0.002028,0.00024
26440.421117,13.771,0.342388,9e-05,-0.001076,-0.002027,0.000237
26442.936766000003,13.771,0.122311,9.5e-05,-0.001072,-0.002025,0.000235
26444.201305000002,13.771,0.23566,9.7e-05,-0.001071,-0.00205,0.000237
26444.468343000004,13.771,1.695372,6.2e-05,-0.00111,-0.001946,0.000165
26445.724055000002,13.771,0.475344,6.3e-05,-0.001112,-0.001943,0.000164
