Temps (s),Depl (mm),Force (kN),Jauge 0,Jauge 1,Jauge 2,Jauge 3
0.266835,8.834,0.317233,0.001523,0.000323,-0.002035,-0.000531
1.511645,8.834,0.094923,0.001521,0.000324,-0.002034,-0.000531
2.777265,8.834,0.008751,0.001518,0.000324,-0.002034,-0.00053
5.29302,8.834,-0.058665,0.001516,0.000321,-0.002032,-0.000528
6.557911,8.834,-0.00643,0.001515,0.000325,-0.002036,-0.000529
9.072912,8.835,0.04497,0.001503,0.00032,-0.00203,-0.000535
11.588525,8.837,-0.030828,0.001493,0.000318,-0.002031,-0.000537
12.839378,8.837,-0.09026,0.001495,0.00032,-0.002035,-0.000536
15.355526,8.838,0.085389,0.001489,0.000317,-0.002026,-0.000537
16.604828,8.839,0.079669,0.001489,0.000317,-0.002031,-0.000535
19.136102,8.84,-0.034829,0.001486,0.00032,-0.002033,-0.000534
21.653617,8.842,0.054426,0.001483,0.000323,-0.002026,-0.000529
22.918155,8.843,-0.063193,0.001483,0.000325,-0.002032,-0.000528
25.448147,8.844,0.706707,0.00148,0.000326,-0.002025,-0.000529
26.698262,8.845,-0.242911,0.001478,0.000327,-0.002033,-0.000527
29.215605,8.847,0.008305,0.001476,0.000326,-0.002029,-0.000528
30.479374,8.849,-0.123066,0.00148,0.000328,-0.00203,-0.000525
32.979838,8.85,-0.0955,0.001475,0.000337,-0.002031,-0.000518
35.49605,8.852,-0.177427,0.001469,0.000333,-0.00203,-0.000524
36.760695,8.853,1.483608,0.001463,0.000332,-0.002032,-0.000527
39.260642,8.855,-0.047169,0.001466,0.000334,-0.002032,-0.000522
40.510768,8.856,-0.18683,0.001458,0.000332,-0.002026,-0.000525
43.027038,8.857,-0.249355,0.001454,0.00033,-0.002025,-0.000527
45.54309,8.859,-0.053121,0.001453,0.000333,-0.002031,-0.000525
46.808257,8.86,1.685685,0.001457,0.000332,-0.002025,-0.000527
49.323878,8.861,0.542626,0.001447,0.00033,-0.00203,-0.000531
50.573153,8.861,0.099674,0.001446,0.000327,-0.002027,-0.000533
53.074778,8.862,-0.110782,0.001438,0.000323,-0.002024,-0.000537
55.571689,8.863,0.005638,0.001437,0.000323,-0.002021,-0.000537
56.823647,8.864,0.114233,0.001434,0.000323,-0.002031,-0.000539
59.324097,8.866,-0.158219,0.001425,0.000313,-0.002033,-0.000545
60.589228,8.866,-0.135469,0.001424,0.000313,-0.00203,-0.000542
63.105317,8.868,0.091604,0.001429,0.000321,-0.002039,-0.000539
65.605287,8.87,-0.133474,0.001425,0.000323,-0.002039,-0.000535
66.855515,8.87,0.25058,0.001422,0.00032,-0.002038,-0.000539
69.370882,8.871,0.398636,0.001398,0.000309,-0.002046,-0.000548
70.635182,8.872,-0.241877,0.001385,0.000294,-0.002049,-0.000566
73.135748,8.873,-0.457525,0.001377,0.000282,-0.002048,-0.000575
75.651165,8.874,0.009274,0.001371,0.00028,-0.002051,-0.000577
76.902954,8.875,0.320254,0.001368,0.00028,-0.002057,-0.000579
79.432718,8.876,3.160693,0.001359,0.000273,-0.002054,-0.000584
80.683746,8.877,-0.232923,0.001352,0.000267,-0.002063,-0.000593
83.199348,8.879,0.105723,0.001352,0.000272,-0.002061,-0.000584
84.46562,8.879,1.166189,0.001354,0.000276,-0.00206,-0.000582
86.9809,8.88,-0.020519,0.001358,0.000279,-0.002063,-0.000584
89.479079,8.882,0.326435,0.001333,0.000252,-0.002069,-0.000604
90.729827,8.883,0.197038,0.001322,0.000243,-0.002068,-0.000609
93.24575,8.885,0.041088,0.001336,0.000258,-0.002066,-0.000594
94.496527,8.886,0.193174,0.00134,0.000263,-0.002066,-0.000588
97.026159,8.887,-0.188406,0.00135,0.000264,-0.002064,-0.000588
99.541746,8.889,0.223793,0.001357,0.000274,-0.002066,-0.000577
100.79325,8.889,-0.163364,0.001342,0.000264,-0.002052,-0.000586
103.323461,8.892,0.044771,0.001334,0.000262,-0.002058,-0.000593
104.57388,8.892,-0.332989,0.001341,0.000269,-0.002054,-0.000585
107.104575,8.894,0.047418,0.001358,0.000286,-0.002052,-0.000567
109.621702,8.895,-0.214428,0.001335,0.00026,-0.00205,-0.000596
110.886113,8.897,0.199031,0.001316,0.000249,-0.002053,-0.000609
113.418606,8.899,0.408241,0.001333,0.000266,-0.002064,-0.000587
114.668007,8.9,0.230221,0.001342,0.000276,-0.002064,-0.000579
117.185882,8.902,0.270246,0.001334,0.000272,-0.002066,-0.000589
120.947769,8.904,0.069268,0.001319,0.000251,-0.002065,-0.000596
123.448056,8.905,-0.050628,0.00133,0.000265,-0.002075,-0.000584
124.713628,8.906,0.035082,0.001331,0.000267,-0.002078,-0.000584
127.231119,8.907,0.163829,0.001315,0.000254,-0.002071,-0.000596
128.479931,8.909,0.278373,0.001323,0.000252,-0.002067,-0.000602
130.995523,8.911,-0.192965,0.001338,0.000268,-0.002071,-0.000585
133.526463,8.913,1.994763,0.001337,0.000277,-0.002073,-0.000576
134.79325,8.913,0.247426,0.001343,0.000282,-0.002076,-0.000569
137.307483,8.916,0.237605,0.001351,0.000291,-0.002075,-0.000556
138.558916,8.917,-0.241086,0.001356,0.000293,-0.00207,-0.000554
141.074102,8.919,0.333467,0.001348,0.00029,-0.002077,-0.00056
143.589329,8.921,0.200448,0.00135,0.000294,-0.002074,-0.000566
144.85617,8.922,1.581436,0.001353,0.000295,-0.002071,-0.000565
147.370953,8.923,1.731119,0.001338,0.000291,-0.002079,-0.000566
148.636516,8.924,0.373842,0.001338,0.00029,-0.002072,-0.000564
151.168224,8.925,-0.043917,0.001336,0.000287,-0.002074,-0.000563
153.682865,8.926,0.451854,0.001322,0.000276,-0.002074,-0.000569
154.933295,8.927,0.474172,0.00132,0.000272,-0.002078,-0.000572
157.448264,8.928,0.232677,0.001314,0.000265,-0.00208,-0.000582
158.714368,8.929,0.279873,0.001314,0.000266,-0.002076,-0.000579
161.230731,8.93,0.170323,0.001326,0.000278,-0.002075,-0.000567
162.480706,8.931,0.337596,0.001337,0.000283,-0.002066,-0.000562
164.979906,8.932,1.639656,0.001337,0.000291,-0.002063,-0.000558
167.480059,8.934,0.229335,0.001314,0.000271,-0.002055,-0.000578
171.245698,8.936,0.055728,0.001291,0.000256,-0.002066,-0.000592
172.495892,8.937,0.280493,0.001288,0.000254,-0.002067,-0.000595
175.010972,8.938,0.755913,0.001289,0.000264,-0.002075,-0.000588
177.544007,8.94,0.514705,0.001293,0.000277,-0.002069,-0.000577
178.791608,8.94,0.191074,0.001295,0.000275,-0.002071,-0.000579
181.30811,8.942,0.335616,0.001303,0.000282,-0.002064,-0.000574
182.558881,8.942,0.219076,0.001308,0.000286,-0.002063,-0.000567
185.074022,8.944,0.224974,0.00131,0.000289,-0.002056,-0.000559
187.574859,8.946,0.295571,0.001309,0.000289,-0.002049,-0.000559
188.838961,8.946,0.286542,0.001313,0.000292,-0.002049,-0.000555
191.37172,8.948,0.059271,0.001314,0.000297,-0.002052,-0.000555
192.620104,8.949,-0.152485,0.00131,0.000296,-0.002049,-0.000554
195.135709,8.95,2.104099,0.001305,0.000291,-0.002046,-0.000557
197.636463,8.952,0.158741,0.001306,0.00029,-0.002038,-0.000561
198.901271,8.953,0.429553,0.00131,0.00029,-0.002044,-0.000558
201.433673,8.953,0.234489,0.0013,0.000288,-0.002039,-0.000563
202.69873,8.955,0.220129,0.001301,0.000289,-0.002045,-0.000561
205.214815,8.957,0.310723,0.001296,0.000286,-0.002041,-0.000562
206.4797,8.957,0.291904,0.001298,0.000287,-0.002046,-0.000562
208.979126,8.959,0.07556,0.001298,0.000294,-0.002047,-0.000555
211.495433,8.96,0.349478,0.001294,0.000294,-0.002044,-0.000557
212.745112,8.961,1.660002,0.001288,0.000294,-0.00205,-0.000559
215.261546,8.963,-0.458458,0.00129,0.000295,-0.002045,-0.000559
216.526239,8.964,0.426628,0.001294,0.000295,-0.002047,-0.000557
219.05815,8.967,0.273416,0.001296,0.000293,-0.002046,-0.000556
221.572874,8.968,0.446239,0.001294,0.000289,-0.002042,-0.00056
222.823597,8.969,0.293319,0.001292,0.000289,-0.002047,-0.000559
225.32398,8.97,0.444704,0.001293,0.000292,-0.002048,-0.000558
226.58928,8.971,0.411623,0.001293,0.000292,-0.002045,-0.000558
229.105622,8.973,0.345361,0.001299,0.000296,-0.002044,-0.000553
231.605383,8.974,0.556171,0.001298,0.000301,-0.002044,-0.00055
232.870443,8.975,0.059077,0.001295,0.000302,-0.002039,-0.000548
235.371684,8.977,0.366224,0.001292,0.000302,-0.002031,-0.000549
236.635838,8.978,0.418748,0.001294,0.0003,-0.002029,-0.000549
239.16817,8.979,1.082578,0.001291,0.000301,-0.002036,-0.000546
241.683205,8.98,0.425852,0.00129,0.0003,-0.002037,-0.000547
242.932978,8.981,0.210666,0.001284,0.000297,-0.002033,-0.000547
245.43298,8.983,0.417022,0.001284,0.000301,-0.002035,-0.000544
246.683469,8.983,0.468727,0.00129,0.000305,-0.002041,-0.000547
249.183685,8.985,-0.493104,0.001284,0.000304,-0.002042,-0.000543
251.683014,8.986,0.341169,0.001294,0.000306,-0.00204,-0.000541
252.93403,8.987,-0.147155,0.001293,0.000311,-0.002033,-0.000539
255.433665,8.989,0.269697,0.001296,0.000314,-0.002035,-0.000537
256.682835,8.989,-0.036995,0.001299,0.000321,-0.002043,-0.000534
259.183571,8.991,0.206529,0.0013,0.000325,-0.002043,-0.00053
261.698558,8.992,0.428823,0.001307,0.00033,-0.002043,-0.000523
262.949129,8.993,0.522943,0.001305,0.000332,-0.002041,-0.000521
265.465291,8.995,0.262874,0.001296,0.00033,-0.002046,-0.000522
266.731222,8.996,0.263909,0.001296,0.000329,-0.002042,-0.000527
270.495839,8.997,0.308367,0.001286,0.000325,-0.00204,-0.00053
273.026575,8.999,0.281072,0.00129,0.000322,-0.002046,-0.000533
275.526712,9.0,0.501485,0.001291,0.00032,-0.002046,-0.00053
276.778209,9.001,0.570736,0.00129,0.000321,-0.002049,-0.000528
279.293582,9.003,0.216189,0.001286,0.000321,-0.002048,-0.000528
280.53716,9.003,-0.33387,0.001284,0.000321,-0.002044,-0.000526
283.026655,9.005,0.411427,0.001292,0.000327,-0.002044,-0.000525
285.542087,9.006,0.201788,0.001289,0.000327,-0.002043,-0.000525
286.793058,9.007,0.289528,0.001288,0.000327,-0.002048,-0.000525
289.308606,9.01,0.042044,0.001287,0.000328,-0.002042,-0.00052
290.55821,9.01,0.593622,0.001286,0.000328,-0.002049,-0.000521
293.073346,9.012,0.552695,0.001275,0.000327,-0.002047,-0.000524
295.589077,9.013,0.439168,0.001274,0.000324,-0.002043,-0.000526
296.840133,9.013,0.558271,0.001273,0.000324,-0.002048,-0.000526
299.355717,9.015,0.547088,0.001275,0.000326,-0.002043,-0.000525
303.120062,9.017,0.660455,0.001271,0.000327,-0.002044,-0.000524
305.620583,9.019,0.512084,0.001262,0.00032,-0.002038,-0.000531
306.885986,9.019,0.508582,0.001264,0.000316,-0.002042,-0.00053
309.418564,9.021,0.621897,0.001253,0.000306,-0.002033,-0.000535
310.683041,9.021,0.136286,0.001256,0.000309,-0.002034,-0.000535
313.182879,9.023,-0.116694,0.00125,0.00031,-0.002031,-0.00053
315.668261,9.024,0.649643,0.001241,0.000309,-0.002032,-0.00053
316.93266,9.025,-0.266642,0.001238,0.000309,-0.002037,-0.000531
319.433339,9.026,0.642306,0.00124,0.000312,-0.002035,-0.00053
320.682805,9.027,-0.28156,0.001237,0.000313,-0.002034,-0.000527
323.198583,9.028,0.599551,0.001237,0.000316,-0.002038,-0.000523
324.465943,9.029,0.701699,0.001239,0.000317,-0.002035,-0.000519
326.98095,9.031,-2.188555,0.001234,0.000315,-0.002033,-0.000519
329.47936,9.032,1.158772,0.001231,0.000316,-0.002031,-0.000521
330.729907,9.033,-1.833963,0.001232,0.000318,-0.002033,-0.000519
333.261084,9.034,0.65237,0.001241,0.000322,-0.002036,-0.000515
334.527741,9.035,2.07883,0.001245,0.000325,-0.002032,-0.000514
337.043083,9.036,0.782487,0.001246,0.000331,-0.002037,-0.000513
339.558813,9.037,0.763298,0.001232,0.000324,-0.002034,-0.000518
340.824059,9.038,-0.007608,0.001231,0.000326,-0.002035,-0.000517
343.355085,9.039,0.678774,0.001236,0.000333,-0.002037,-0.000509
344.605528,9.04,0.835497,0.001238,0.000333,-0.002033,-0.000508
347.08981,9.042,0.681204,0.001242,0.000334,-0.002036,-0.000505
349.589096,9.045,0.829136,0.001256,0.000343,-0.002032,-0.000503
350.839368,9.045,0.850235,0.001257,0.000344,-0.002037,-0.0005
353.354909,9.046,0.782641,0.001253,0.000344,-0.002033,-0.000496
354.606067,9.047,0.802758,0.001249,0.000343,-0.002032,-0.000499
357.11984,9.048,0.764953,0.001247,0.000342,-0.002036,-0.000502
359.619904,9.049,0.896995,0.001251,0.000342,-0.002039,-0.000503
360.87107,9.049,0.787315,0.001243,0.00034,-0.002032,-0.000504
363.401474,9.05,0.704813,0.001233,0.000337,-0.002039,-0.000506
364.667042,9.051,1.494515,0.001231,0.000335,-0.00204,-0.000508
367.183188,9.053,1.954252,0.00124,0.00034,-0.002039,-0.000499
368.449909,9.053,0.784964,0.001236,0.000339,-0.002038,-0.000503
370.980798,9.055,0.864384,0.001232,0.000339,-0.002033,-0.000505
373.495479,9.056,0.835157,0.001232,0.000341,-0.002032,-0.000504
374.745704,9.057,0.394058,0.001227,0.000338,-0.002035,-0.000508
377.260773,9.058,0.765621,0.00122,0.000335,-0.00203,-0.000511
378.511545,9.059,0.985985,0.001219,0.000334,-0.002036,-0.000512
381.042444,9.06,1.037033,0.001212,0.000336,-0.002027,-0.000509
383.557858,9.062,1.01256,0.001213,0.000336,-0.002029,-0.000511
384.823749,9.062,1.04628,0.001211,0.000335,-0.002026,-0.000511
387.33856,9.064,2.946319,0.001212,0.000339,-0.002034,-0.00051
388.589251,9.064,1.063532,0.001207,0.000339,-0.002028,-0.000509
391.089517,9.066,2.821247,0.001201,0.000336,-0.002031,-0.000511
393.589919,9.067,1.0283,0.001201,0.00034,-0.002031,-0.000508
394.856158,9.068,0.927118,0.001201,0.000341,-0.002038,-0.000508
397.385422,9.069,1.033871,0.001201,0.000338,-0.002033,-0.000504
398.636808,9.07,1.112033,0.001201,0.000342,-0.002038,-0.000507
401.16841,9.071,0.786349,0.001199,0.000343,-0.002033,-0.000506
403.683562,9.073,1.038173,0.001195,0.000339,-0.00204,-0.000509
404.931971,9.073,1.15387,0.001192,0.000337,-0.00203,-0.000511
407.433953,9.075,1.074779,0.001178,0.000328,-0.002029,-0.000518
408.68408,9.076,1.116235,0.001174,0.000325,-0.002033,-0.000519
411.182435,9.077,1.08408,0.001176,0.000327,-0.002032,-0.000518
413.698848,9.078,1.068339,0.001171,0.000326,-0.002026,-0.000519
414.965423,9.079,1.130697,0.001163,0.000316,-0.002038,-0.000529
417.4959,9.08,1.487979,0.001131,0.000294,-0.002041,-0.000553
418.76207,9.081,1.218573,0.001132,0.000296,-0.002048,-0.000549
421.278534,9.082,1.183298,0.001135,0.000303,-0.002052,-0.000543
422.526528,9.083,1.590466,0.001135,0.000307,-0.002051,-0.000541
425.043467,9.084,1.137164,0.001127,0.000297,-0.002041,-0.000548
427.543603,9.086,1.03508,0.001118,0.000297,-0.002046,-0.000547
428.793289,9.086,1.258798,0.001125,0.000303,-0.00205,-0.000542
431.29279,9.087,0.819597,0.001116,0.000302,-0.002053,-0.000548
432.542778,9.088,1.345989,0.001115,0.000303,-0.002048,-0.000544
435.058137,9.089,0.664976,0.001098,0.000284,-0.002053,-0.000566
437.574641,9.091,1.094181,0.001099,0.000288,-0.002062,-0.000558
438.82379,9.091,1.074488,0.001096,0.000287,-0.002058,-0.000556
441.339563,9.092,1.309213,0.001089,0.000275,-0.00206,-0.000568
442.604903,9.093,1.421801,0.001086,0.000276,-0.002063,-0.000568
445.1045,9.094,1.373009,0.001079,0.00027,-0.002064,-0.000574
447.605552,9.095,-0.431852,0.001101,0.000293,-0.00206,-0.000553
448.870926,9.096,1.418549,0.00111,0.000296,-0.002064,-0.000551
452.651729,9.097,0.934487,0.001082,0.000274,-0.002072,-0.000573
455.182693,9.099,1.091841,0.001085,0.000285,-0.002064,-0.00056
457.697947,9.101,1.408268,0.001079,0.000276,-0.00207,-0.000577
458.9482,9.101,1.398023,0.001086,0.000282,-0.002078,-0.00057
461.463906,9.102,1.301982,0.001084,0.000285,-0.002073,-0.000568
462.714921,9.103,1.472355,0.001082,0.00029,-0.002072,-0.000565
465.22882,9.104,0.894576,0.001063,0.000281,-0.002073,-0.000574
466.479935,9.105,1.518256,0.001061,0.00028,-0.002066,-0.00057
468.979883,9.107,1.590933,0.001071,0.000287,-0.00208,-0.000565
471.479782,9.108,1.391763,0.001058,0.00028,-0.002078,-0.000575
472.745131,9.109,3.489943,0.001057,0.000285,-0.002076,-0.000574
475.246509,9.11,1.485188,0.001067,0.000288,-0.002071,-0.000574
476.51064,9.111,1.626945,0.00106,0.000283,-0.002077,-0.000573
479.026996,9.112,1.586333,0.001063,0.000286,-0.002085,-0.000566
481.558087,9.113,2.518705,0.001053,0.000288,-0.002081,-0.000564
482.824052,9.114,0.102221,0.001052,0.000289,-0.002089,-0.000563
485.355494,9.116,1.627146,0.001055,0.000284,-0.002082,-0.000567
486.604856,9.116,1.663095,0.001045,0.000275,-0.002087,-0.000582
489.106044,9.117,1.746451,0.001024,0.000268,-0.002088,-0.000589
491.620563,9.119,1.655296,0.001026,0.000269,-0.00208,-0.000585
492.871431,9.119,1.751523,0.001028,0.000274,-0.002078,-0.000577
495.386746,9.121,1.658394,0.001021,0.000268,-0.002078,-0.00059
496.652299,9.121,1.819987,0.001018,0.00027,-0.002066,-0.000594
499.183165,9.122,1.64503,0.00102,0.000274,-0.002069,-0.000585
501.682401,9.124,1.842333,0.001021,0.000281,-0.00207,-0.000584
502.933137,9.124,1.737145,0.001025,0.000288,-0.002069,-0.000573
505.43122,9.125,1.859304,0.001026,0.000289,-0.002066,-0.000571
506.683397,9.126,1.683891,0.001028,0.000293,-0.002071,-0.00057
509.183164,9.127,1.956454,0.001033,0.000296,-0.002077,-0.000563
511.683395,9.128,1.796564,0.001036,0.000296,-0.002078,-0.000561
512.933401,9.129,1.924596,0.001035,0.000294,-0.00208,-0.000562
515.449408,9.13,2.348311,0.001025,0.000288,-0.002074,-0.000569
516.713523,9.131,1.820878,0.001019,0.000287,-0.002072,-0.000571
519.214026,9.132,1.983447,0.001016,0.000288,-0.002071,-0.000572
520.47927,9.133,1.543217,0.001016,0.000288,-0.002064,-0.00057
522.995437,9.134,1.977357,0.00101,0.000283,-0.002072,-0.000581
525.511749,9.135,2.075079,0.001,0.000283,-0.002079,-0.000588
526.778044,9.136,2.084894,0.001001,0.000285,-0.002079,-0.000585
529.278054,9.137,2.000148,0.001002,0.000286,-0.002082,-0.00058
530.526866,9.138,2.339223,0.001002,0.000288,-0.002076,-0.000578
533.043493,9.139,1.622886,0.001007,0.000298,-0.002069,-0.000571
535.57567,9.14,2.048176,0.001001,0.000292,-0.002065,-0.000572
536.82334,9.141,3.021802,0.000997,0.000287,-0.002069,-0.000577
539.338907,9.142,2.363192,0.000999,0.00029,-0.00207,-0.000576
540.604794,9.143,2.10281,0.001,0.000288,-0.002062,-0.000578
543.106051,9.144,2.215032,0.000995,0.000291,-0.002075,-0.000579
545.60438,9.145,2.677486,0.000987,0.000289,-0.002071,-0.000582
546.855237,9.146,2.135358,0.000987,0.000287,-0.002075,-0.000584
549.371034,9.147,2.528312,0.000979,0.000289,-0.002069,-0.000585
550.636543,9.148,2.212082,0.00098,0.000287,-0.002072,-0.000586
553.167911,9.149,2.329981,0.00097,0.000284,-0.002064,-0.00059
555.682795,9.15,0.850659,0.000964,0.000281,-0.002068,-0.000593
556.948185,9.151,2.340942,0.000966,0.000283,-0.002071,-0.000592
559.465003,9.152,2.79835,0.000961,0.000282,-0.002071,-0.000595
560.73,9.153,1.875071,0.000963,0.000288,-0.002073,-0.000591
563.229957,9.154,2.662493,0.000972,0.000298,-0.002071,-0.00058
564.479564,9.155,1.615146,0.000977,0.0003,-0.002073,-0.000577
566.995593,9.156,2.365839,0.000971,0.000297,-0.002071,-0.000582
569.494911,9.157,2.421316,0.000968,0.000298,-0.002072,-0.000582
570.761703,9.157,2.161651,0.000966,0.000296,-0.00207,-0.000585
573.260488,9.158,2.548594,0.000955,0.00029,-0.002074,-0.000592
574.51151,9.159,2.349573,0.000958,0.000297,-0.002075,-0.000586
577.041038,9.16,2.292802,0.000958,0.000298,-0.002073,-0.000583
579.542894,9.162,2.581577,0.000958,0.000299,-0.002065,-0.000586
580.793658,9.162,2.552388,0.000956,0.0003,-0.00207,-0.000585
583.307726,9.164,2.349743,0.000952,0.000299,-0.002065,-0.000586
584.575246,9.164,3.33669,0.000953,0.000301,-0.00206,-0.000584
587.074009,9.165,2.502799,0.000949,0.0003,-0.002065,-0.000591
589.573187,9.166,2.596135,0.000946,0.0003,-0.002066,-0.000589
590.823105,9.167,2.609759,0.000945,0.000301,-0.002063,-0.000588
593.340001,9.169,2.701874,0.000952,0.000306,-0.002063,-0.000582
597.118838,9.171,2.753589,0.000947,0.000306,-0.002063,-0.000584
599.637002,9.172,2.839795,0.000943,0.000309,-0.002067,-0.000586
600.901594,9.172,3.008788,0.00094,0.000305,-0.002063,-0.000586
603.402534,9.173,2.883451,0.000947,0.000314,-0.00206,-0.00058
604.666561,9.174,2.508004,0.000952,0.000316,-0.002056,-0.000575
607.182774,9.175,2.940743,0.000955,0.000323,-0.002054,-0.000571
609.683128,9.176,3.001886,0.000955,0.000323,-0.002052,-0.000572
610.933228,9.177,2.901166,0.000952,0.000324,-0.002056,-0.000572
613.433026,9.178,2.931172,0.000957,0.000337,-0.002053,-0.000561
614.683594,9.179,2.890996,0.00096,0.000341,-0.002045,-0.000556
617.197817,9.18,3.247784,0.000961,0.000347,-0.002045,-0.000551
618.464924,9.181,2.927549,0.000961,0.000346,-0.002045,-0.000551
620.995529,9.182,2.92966,0.000964,0.000346,-0.002053,-0.000552
623.495686,9.183,3.01856,0.000972,0.000353,-0.002054,-0.000546
624.745725,9.183,3.070605,0.000965,0.000347,-0.002046,-0.000553
627.277147,9.183,3.037967,0.00096,0.000344,-0.002056,-0.000558
628.541694,9.184,2.53601,0.000963,0.000345,-0.002051,-0.000558
631.073512,9.184,2.941104,0.000964,0.000345,-0.002046,-0.000556
633.573158,9.184,3.348823,0.000969,0.000347,-0.002044,-0.00055
634.824999,9.184,2.863695,0.000973,0.000352,-0.002048,-0.000547
637.339511,9.184,2.966818,0.000976,0.000358,-0.00205,-0.000541
638.604796,9.184,3.238559,0.000974,0.000356,-0.002049,-0.000542
641.120523,9.184,2.855949,0.000965,0.000348,-0.002041,-0.000551
643.620595,9.184,2.944106,0.000963,0.000345,-0.002051,-0.000554
644.885086,9.184,3.548688,0.000957,0.000344,-0.00205,-0.000556
647.401214,9.184,3.012984,0.00095,0.000339,-0.002048,-0.000559
648.651752,9.184,3.033182,0.000947,0.000336,-0.002046,-0.000562
651.150861,9.184,2.809263,0.00095,0.000342,-0.002044,-0.000557
653.667058,9.184,2.796955,0.000952,0.000343,-0.002047,-0.000556
654.93303,9.184,3.102808,0.000954,0.000344,-0.002041,-0.000555
657.449179,9.184,3.708509,0.000959,0.000346,-0.002042,-0.000556
658.716007,9.184,2.924965,0.000962,0.000348,-0.002045,-0.000557
661.231733,9.184,2.846633,0.000961,0.000345,-0.002044,-0.000554
662.479093,9.184,3.125764,0.000961,0.000346,-0.002041,-0.000554
664.996007,9.184,3.012767,0.000971,0.000351,-0.002036,-0.000547
667.510877,9.184,2.117967,0.000975,0.000352,-0.002038,-0.000546
668.762063,9.184,3.046715,0.000976,0.000356,-0.002039,-0.000544
671.277548,9.184,2.826717,0.000976,0.000356,-0.002037,-0.000542
672.527323,9.184,2.910185,0.000973,0.000355,-0.002041,-0.000544
675.058199,9.184,2.864607,0.000962,0.000355,-0.002033,-0.000542
677.573628,9.184,2.944213,0.000954,0.00035,-0.002032,-0.000545
678.823407,9.184,3.056493,0.000957,0.00035,-0.002036,-0.000544
681.321056,9.184,2.944648,0.000961,0.000353,-0.002037,-0.000543
682.572904,9.184,2.924366,0.000957,0.00035,-0.002033,-0.000545
685.073621,9.184,2.996586,0.000958,0.000353,-0.002028,-0.000545
687.573462,9.184,2.860145,0.000964,0.000356,-0.002027,-0.000539
688.838922,9.184,2.896184,0.000964,0.000356,-0.002025,-0.000538
691.339595,9.184,3.175537,0.000969,0.00036,-0.002026,-0.000534
692.605773,9.184,2.920074,0.00097,0.00036,-0.00203,-0.000534
695.120229,9.184,3.047103,0.000971,0.000365,-0.002022,-0.000532
697.620033,9.184,3.079783,0.000979,0.000369,-0.002024,-0.000528
698.869161,9.184,3.075014,0.000977,0.000369,-0.00203,-0.000528
701.368187,9.184,3.039654,0.000979,0.000367,-0.002028,-0.00053
702.60521,9.184,3.131387,0.000983,0.000369,-0.002029,-0.000529
705.117723,9.184,3.068366,0.000988,0.000374,-0.002029,-0.000526
707.62047,9.184,3.042137,0.000981,0.000366,-0.002024,-0.000529
708.865745,9.184,2.885924,0.00098,0.000366,-0.002028,-0.000532
711.355758,9.184,3.170837,0.000984,0.000369,-0.002028,-0.000532
712.605118,9.184,3.004623,0.000985,0.000365,-0.002027,-0.000533
715.104868,9.184,2.569052,0.000987,0.00037,-0.002028,-0.000528
717.620764,9.184,3.229938,0.000982,0.000371,-0.002021,-0.000532
718.87045,9.184,2.790556,0.000985,0.00037,-0.002024,-0.000533
721.385521,9.184,3.011303,0.000982,0.000368,-0.002025,-0.000533
722.636648,9.184,2.99856,0.00098,0.000369,-0.002019,-0.000535
725.167004,9.184,2.918196,0.000977,0.00037,-0.002031,-0.000535
727.666995,9.184,1.537689,0.000977,0.000368,-0.002032,-0.000536
728.918153,9.184,2.995742,0.000978,0.000369,-0.002025,-0.000535
731.432403,9.184,3.038768,0.000974,0.000372,-0.002029,-0.000536
732.683616,9.184,2.873233,0.000974,0.000369,-0.002032,-0.000534
735.213251,9.184,3.010523,0.000968,0.000364,-0.002026,-0.000539
737.714029,9.184,2.937342,0.000968,0.000364,-0.002022,-0.000535
738.96499,9.184,2.998098,0.000972,0.000366,-0.002029,-0.000535
741.49325,9.184,3.011473,0.000974,0.000368,-0.002024,-0.000532
742.746792,9.184,2.982782,0.00098,0.000373,-0.002023,-0.000528
745.259931,9.184,2.951767,0.000986,0.000376,-0.002022,-0.000524
746.512082,9.184,3.038519,0.000987,0.000377,-0.002025,-0.000522
749.02698,9.184,2.998156,0.000991,0.000378,-0.002029,-0.000522
751.528102,9.184,3.010433,0.000993,0.000381,-0.002024,-0.000523
752.776747,9.184,3.008061,0.000981,0.000377,-0.002019,-0.000523
755.29353,9.184,3.17411,0.000974,0.000369,-0.002014,-0.000527
756.542814,9.184,3.026502,0.000976,0.000366,-0.002022,-0.000528
759.070574,9.184,3.008072,0.000989,0.000374,-0.002023,-0.000522
761.58831,9.184,2.926933,0.000984,0.000375,-0.002024,-0.000517
762.839968,9.184,2.974983,0.000977,0.000372,-0.002019,-0.000523
765.340404,9.184,2.942552,0.000967,0.000361,-0.002027,-0.000532
766.59037,9.184,2.980108,0.000968,0.000359,-0.002022,-0.000535
769.120471,9.184,2.856639,0.000972,0.000363,-0.002027,-0.000532
771.63638,9.184,3.020916,0.000968,0.000362,-0.002032,-0.000533
772.901609,9.184,2.99501,0.000956,0.000351,-0.002034,-0.000544
775.417113,9.184,2.969778,0.000954,0.000352,-0.002031,-0.000546
776.683897,9.184,2.986734,0.000954,0.000351,-0.002031,-0.000544
779.198582,9.184,2.993276,0.000955,0.00035,-0.002033,-0.000547
781.729364,9.184,2.906497,0.000948,0.000343,-0.002026,-0.000554
782.995233,9.184,2.963285,0.000945,0.000342,-0.002026,-0.000555
785.510772,9.184,2.969991,0.00095,0.000346,-0.002031,-0.000553
786.777991,9.184,3.005318,0.000942,0.000339,-0.002029,-0.00056
789.27822,9.184,2.710675,0.000944,0.000345,-0.002026,-0.000552
790.527131,9.184,2.907617,0.000947,0.00035,-0.002028,-0.000548
793.02771,9.184,3.002862,0.000955,0.000349,-0.002031,-0.000547
795.526713,9.184,3.190716,0.000944,0.00034,-0.00203,-0.000558
796.791714,9.184,2.761118,0.000945,0.000342,-0.002028,-0.000556
799.308363,9.184,2.974251,0.00096,0.000354,-0.002043,-0.000542
800.557747,9.184,3.043787,0.00096,0.000359,-0.00204,-0.000538
803.074177,9.184,2.858623,0.000953,0.000356,-0.002043,-0.00054
805.605358,9.184,2.844373,0.000947,0.000348,-0.002046,-0.000547
806.855248,9.184,2.979386,0.000944,0.00034,-0.002041,-0.000556
809.370962,9.184,2.996963,0.000943,0.000342,-0.002044,-0.000553
810.635957,9.184,2.872682,0.00094,0.000341,-0.002041,-0.000556
813.151495,9.184,2.971206,0.000931,0.000333,-0.002051,-0.000566
815.652224,9.184,3.085454,0.000933,0.000337,-0.002046,-0.00056
816.918363,9.184,3.03203,0.000934,0.00034,-0.002035,-0.000558
819.432985,9.184,2.9552,0.000944,0.00034,-0.002043,-0.000557
820.683025,9.184,3.037357,0.000952,0.000348,-0.002043,-0.000547
823.215471,9.184,3.562826,0.000956,0.000357,-0.00205,-0.000538
825.72969,9.184,2.868087,0.000952,0.000352,-0.002049,-0.000544
826.995409,9.184,3.157118,0.00095,0.000349,-0.002049,-0.000547
829.495351,9.184,3.057952,0.000932,0.000329,-0.002054,-0.000575
830.745278,9.184,3.292502,0.000938,0.00033,-0.002048,-0.000572
833.261372,9.184,2.995912,0.000937,0.000338,-0.002051,-0.000563
834.526226,9.184,3.180052,0.000939,0.000336,-0.002048,-0.000561
837.02711,9.184,2.884231,0.00092,0.000316,-0.002052,-0.000581
839.543626,9.184,2.9354,0.000908,0.000309,-0.002059,-0.000591
840.793187,9.184,2.913081,0.000913,0.000319,-0.002057,-0.000581
843.293474,9.184,2.934461,0.000908,0.000319,-0.002055,-0.00058
844.557841,9.184,2.924572,0.000905,0.000315,-0.002056,-0.000584
847.074794,9.184,2.888311,0.000903,0.000316,-0.002053,-0.000583
849.574823,9.184,3.044466,0.000911,0.00032,-0.002046,-0.000581
850.824909,9.184,2.989684,0.000916,0.000326,-0.00205,-0.000573
853.354838,9.184,3.139478,0.000931,0.000337,-0.002057,-0.000565
854.605588,9.184,3.148576,0.000934,0.00034,-0.002055,-0.000561
857.137045,9.184,2.959667,0.000933,0.000332,-0.002067,-0.000569
859.651715,9.184,3.169001,0.000926,0.000326,-0.002058,-0.000573
860.917398,9.184,2.79461,0.000931,0.000333,-0.002064,-0.000571
863.447977,9.184,2.338729,0.000939,0.000343,-0.002057,-0.00056
864.715437,9.184,2.982835,0.000932,0.00034,-0.002056,-0.000566
867.229929,9.184,2.816971,0.000934,0.000338,-0.00206,-0.000564
868.496663,9.184,2.947592,0.000937,0.000345,-0.002068,-0.00056
871.010401,9.184,3.016502,0.000921,0.000331,-0.002062,-0.000566
873.510628,9.184,2.784657,0.000921,0.000326,-0.002062,-0.00057
874.776791,9.184,3.000045,0.000919,0.000322,-0.00207,-0.000574
877.293144,9.184,3.105614,0.00092,0.000322,-0.002066,-0.000575
878.543261,9.184,3.16568,0.000925,0.000328,-0.002068,-0.000572
881.05795,9.184,2.876671,0.000914,0.00031,-0.002063,-0.000592
883.574872,9.184,2.988564,0.00091,0.000323,-0.002066,-0.00058
884.838727,9.184,3.520077,0.000911,0.000318,-0.002068,-0.000583
887.339391,9.184,2.946955,0.000917,0.000323,-0.002067,-0.000576
888.589929,9.184,2.937013,0.000913,0.000321,-0.002062,-0.000581
891.105288,9.184,2.979864,0.000905,0.000314,-0.002073,-0.000583
893.605027,9.184,1.844163,0.000917,0.00032,-0.002078,-0.000576
894.855606,9.184,2.938637,0.000908,0.00031,-0.00207,-0.000585
897.371354,9.184,2.90775,0.000905,0.000315,-0.002069,-0.000582
898.636463,9.184,2.975917,0.00091,0.000317,-0.002068,-0.000582
901.16834,9.184,2.950027,0.000904,0.000315,-0.002076,-0.000588
903.683715,9.184,3.023818,0.000908,0.000311,-0.002066,-0.000588
904.930444,9.184,2.944706,0.000913,0.000316,-0.002067,-0.000587
907.44906,9.184,2.909856,0.0009,0.000309,-0.00207,-0.000593
908.713467,9.184,2.989599,0.000893,0.000308,-0.002062,-0.000596
911.214904,9.184,2.770354,0.000903,0.000307,-0.002059,-0.000595
913.729893,9.184,2.818653,0.000897,0.000312,-0.002064,-0.000596
914.995194,9.184,3.080176,0.000885,0.000299,-0.002058,-0.000607
917.495696,9.184,2.857015,0.000894,0.000308,-0.002059,-0.000596
918.760837,9.184,2.954261,0.000898,0.000307,-0.00206,-0.000594
921.292381,9.184,3.129509,0.000885,0.000297,-0.002057,-0.000607
922.542985,9.184,3.080621,0.000891,0.000302,-0.002056,-0.0006
925.074658,9.184,3.029234,0.000912,0.000319,-0.00206,-0.000585
927.604572,9.184,2.930398,0.000918,0.000326,-0.002073,-0.000576
928.854535,9.184,3.150826,0.000911,0.000319,-0.002076,-0.000579
931.355687,9.184,2.921957,0.000903,0.000311,-0.002073,-0.000588
932.60598,9.184,3.364389,0.000901,0.00031,-0.002073,-0.000591
935.120604,9.184,3.003037,0.000912,0.000317,-0.00207,-0.000582
937.635886,9.184,2.979264,0.000925,0.000331,-0.002074,-0.000569
938.886447,9.184,2.996241,0.000931,0.000337,-0.002076,-0.000561
941.418454,9.184,3.159919,0.000924,0.000334,-0.00207,-0.000564
942.683318,9.184,2.169306,0.000919,0.000327,-0.002071,-0.00057
945.183962,9.184,3.145648,0.000912,0.00032,-0.002073,-0.000581
947.713484,9.184,2.894794,0.000916,0.000322,-0.002074,-0.000578
948.964839,9.184,2.961025,0.000913,0.000324,-0.002067,-0.000578
951.463977,9.184,3.057177,0.000922,0.000334,-0.002065,-0.000569
952.714914,9.185,2.953311,0.000927,0.000334,-0.002071,-0.000567
955.215017,9.185,2.985641,0.000924,0.000328,-0.002069,-0.000573
957.729048,9.185,2.956022,0.000923,0.000328,-0.002071,-0.000573
958.980292,9.185,2.96042,0.000921,0.000327,-0.002065,-0.000571
961.511719,9.185,2.978081,0.000918,0.000328,-0.002069,-0.000573
962.777966,9.185,3.340419,0.000917,0.00033,-0.002066,-0.000571
965.277578,9.185,2.929193,0.000919,0.000333,-0.00206,-0.000567
966.54276,9.185,2.909585,0.00092,0.000335,-0.002059,-0.000561
969.058575,9.185,3.093226,0.000928,0.00034,-0.002058,-0.000556
971.59082,9.185,2.940478,0.000934,0.000343,-0.002057,-0.000556
972.83931,9.185,2.564139,0.000936,0.000345,-0.002057,-0.000553
975.355833,9.185,2.837492,0.000948,0.000349,-0.002056,-0.000552
976.621943,9.185,3.116543,0.000952,0.000353,-0.00206,-0.000547
979.119814,9.185,2.95425,0.000954,0.000361,-0.002055,-0.000541
981.621077,9.185,2.9572,0.000958,0.000362,-0.002054,-0.000544
982.886471,9.185,3.456859,0.000957,0.000363,-0.002059,-0.000543
985.385737,9.185,2.253606,0.000962,0.000363,-0.002056,-0.000542
986.650899,9.185,3.062552,0.000962,0.000362,-0.002056,-0.000543
989.152605,9.185,2.660519,0.000952,0.000364,-0.002057,-0.00054
989.419968,9.185,3.071639,0.000941,0.000352,-0.00205,-0.000547
990.660726,9.185,2.987917,0.000939,0.000347,-0.002049,-0.000552
991.925122,9.185,2.915925,0.000938,0.000346,-0.002045,-0.000552
994.425687,9.185,3.083963,0.000936,0.00035,-0.002046,-0.000553
995.6904,9.185,2.955672,0.000939,0.000349,-0.002048,-0.000553
998.190347,9.185,2.943502,0.000939,0.000345,-0.002053,-0.000554
1000.691461,9.185,3.011038,0.000945,0.00035,-0.002054,-0.000548
1001.941987,9.185,2.245548,0.000941,0.000347,-0.002049,-0.000549
1004.47257,9.185,2.88656,0.000937,0.00035,-0.002053,-0.000551
1005.738266,9.185,2.843015,0.000938,0.00035,-0.002046,-0.000549
1008.237263,9.185,2.708765,0.000953,0.000353,-0.002045,-0.000544
1010.75375,9.185,2.591249,0.00096,0.000356,-0.002047,-0.000538
1012.004263,9.185,2.819454,0.000964,0.000356,-0.002045,-0.000536
1014.519294,9.185,2.66792,0.000966,0.000356,-0.002047,-0.000537
1015.784611,9.185,2.668673,0.000965,0.00036,-0.002055,-0.000533
1018.301697,9.185,2.773367,0.00097,0.000355,-0.00205,-0.000532
1020.800476,9.185,2.754253,0.000977,0.000358,-0.002051,-0.000532
1022.065709,9.185,2.55538,0.000978,0.000359,-0.002052,-0.000531
1024.581487,9.184,2.512322,0.000973,0.000356,-0.002051,-0.000532
1025.832461,9.183,2.833524,0.000971,0.000353,-0.002045,-0.000534
1028.347756,9.182,2.506407,0.00098,0.000355,-0.002048,-0.00053
1029.612232,9.182,2.597201,0.000982,0.000352,-0.002043,-0.000534
1032.128754,9.181,2.523808,0.000979,0.00035,-0.002044,-0.000535
1034.660605,9.18,2.470931,0.000978,0.000345,-0.002048,-0.000536
1035.925021,9.18,2.633112,0.000977,0.000341,-0.002043,-0.000538
1038.427216,9.179,2.468347,0.000976,0.00034,-0.002044,-0.000537
1039.675377,9.178,2.315689,0.000977,0.000341,-0.002039,-0.000533
1042.191448,9.177,2.362709,0.000993,0.000349,-0.002033,-0.000527
1044.722291,9.176,2.348761,0.001002,0.000352,-0.002043,-0.000526
1045.967205,9.175,1.847686,0.001,0.00035,-0.00204,-0.000526
1048.457096,9.174,2.564786,0.001005,0.000351,-0.00204,-0.000525
1049.706985,9.174,2.269947,0.001,0.000349,-0.002034,-0.000524
1052.222627,9.173,2.088396,0.001,0.000349,-0.002039,-0.00053
1054.737183,9.172,2.250243,0.000999,0.000343,-0.002042,-0.000531
1056.004093,9.171,2.308755,0.001004,0.000343,-0.002038,-0.000529
1058.519331,9.17,2.081944,0.001008,0.000348,-0.002044,-0.000526
1059.769741,9.169,2.214979,0.001004,0.000345,-0.002036,-0.000528
1062.269546,9.168,1.54804,0.001009,0.000344,-0.002038,-0.000526
1064.799917,9.167,2.129734,0.001009,0.000338,-0.002041,-0.00053
1066.065659,9.166,2.059652,0.001013,0.00034,-0.002036,-0.000529
1068.567017,9.166,1.867724,0.001015,0.000338,-0.002035,-0.000529
1069.831484,9.165,1.65267,0.001015,0.000335,-0.002039,-0.000531
1072.33183,9.164,1.970953,0.001022,0.000342,-0.00204,-0.000523
1074.832486,9.163,1.576529,0.001031,0.000344,-0.002041,-0.000518
1076.096057,9.162,2.057943,0.001036,0.000348,-0.002039,-0.000514
1078.614442,9.161,1.92597,0.001038,0.000348,-0.00204,-0.000516
1079.87968,9.161,1.742047,0.001037,0.000346,-0.002038,-0.000517
1082.377783,9.16,1.850683,0.001037,0.00034,-0.002032,-0.000522
1083.629078,9.159,1.021043,0.00104,0.000343,-0.002037,-0.000519
1086.144587,9.158,1.777831,0.001043,0.000342,-0.002035,-0.000518
1088.6768769999999,9.157,1.679005,0.001048,0.000342,-0.002036,-0.000517
1089.925223,9.157,1.77485,0.001049,0.000343,-0.002036,-0.000515
1092.441756,9.156,1.594132,0.001052,0.000344,-0.00203,-0.000516
1093.691727,9.155,1.722158,0.001054,0.000345,-0.002031,-0.000514
1096.189819,9.154,1.641439,0.001057,0.000347,-0.002032,-0.000514
1098.70685,9.153,1.730933,0.001062,0.000345,-0.002032,-0.000512
1099.971247,9.152,1.675413,0.001063,0.000344,-0.002028,-0.000512
1102.473855,9.152,1.681743,0.001062,0.000341,-0.002023,-0.000517
1103.738859,9.151,1.746212,0.001064,0.000339,-0.002024,-0.00052
1106.239092,9.15,1.609798,0.001063,0.000336,-0.002025,-0.000521
1108.754593,9.149,2.610035,0.001066,0.000337,-0.002031,-0.000521
1110.004119,9.148,1.639587,0.001068,0.000339,-0.002033,-0.000522
1112.52003,9.147,1.551016,0.001073,0.000341,-0.002035,-0.000517
1113.784648,9.146,1.536973,0.001074,0.000338,-0.002036,-0.000519
1116.316368,9.145,1.492679,0.001085,0.000338,-0.002034,-0.000518
1118.831512,9.144,1.162735,0.001089,0.000342,-0.002031,-0.000511
1120.081651,9.143,1.568104,0.001091,0.000346,-0.002038,-0.000512
1122.612709,9.142,1.480981,0.001086,0.00034,-0.00203,-0.000514
1123.863204,9.142,1.507486,0.001088,0.000339,-0.002036,-0.000517
1126.394847,9.14,1.403843,0.001088,0.000338,-0.002028,-0.000521
1127.660018,9.14,1.547886,0.001094,0.000338,-0.002032,-0.000517
1130.159595,9.138,1.290427,0.001101,0.000341,-0.002032,-0.000513
1132.659279,9.137,1.545111,0.001106,0.000343,-0.002032,-0.00051
1133.908802,9.136,1.326402,0.001102,0.000343,-0.002026,-0.000509
1136.42565,9.135,1.274708,0.001105,0.000344,-0.002027,-0.00051
1137.690487,9.134,1.335739,0.001104,0.000344,-0.002025,-0.000508
1140.206823,9.133,1.309611,0.001107,0.000342,-0.002025,-0.00051
1142.722334,9.132,1.238568,0.001108,0.000339,-0.002027,-0.000517
1143.986869,9.131,1.246457,0.00111,0.00034,-0.00203,-0.000515
1146.503894,9.13,1.301648,0.00111,0.000336,-0.00203,-0.000517
1147.769613,9.129,1.252797,0.001109,0.000334,-0.002026,-0.000517
1150.301876,9.128,1.194445,0.001115,0.000334,-0.00203,-0.000517
1152.81677,9.126,1.121986,0.00112,0.000336,-0.002037,-0.00051
1154.082678,9.125,1.216419,0.00112,0.000339,-0.002037,-0.000511
1156.581841,9.125,1.349554,0.001121,0.000334,-0.002033,-0.000515
1157.832963,9.124,1.227242,0.001117,0.000332,-0.002023,-0.000518
1160.329775,9.123,1.17195,0.001125,0.000334,-0.002028,-0.000515
1162.831714,9.121,1.115556,0.001128,0.000334,-0.002026,-0.000514
1164.081558,9.121,1.068307,0.001133,0.000335,-0.00203,-0.000511
1166.5815069999999,9.119,1.067246,0.001134,0.000334,-0.002033,-0.000512
1167.831502,9.119,1.107582,0.001132,0.000335,-0.002026,-0.00051
1170.362454,9.118,1.077379,0.001132,0.000335,-0.002034,-0.000512
1171.61372,9.117,1.154868,0.001131,0.000334,-0.002028,-0.000512
1174.1291489999999,9.116,1.44429,0.001137,0.000334,-0.002031,-0.000512
1176.659673,9.115,1.097889,0.001145,0.000337,-0.002029,-0.000512
1177.927091,9.115,0.993885,0.001144,0.000336,-0.002026,-0.000512
1180.44159,9.114,0.426531,0.001146,0.000338,-0.002031,-0.000512
1181.706455,9.114,1.116702,0.001145,0.000339,-0.002031,-0.000509
1184.2237089999999,9.114,1.130899,0.001146,0.000342,-0.002032,-0.00051
1186.754756,9.114,1.008766,0.001141,0.000339,-0.002027,-0.000511
1188.020594,9.114,0.923193,0.001142,0.000337,-0.002031,-0.000512
1190.551279,9.114,0.704043,0.00114,0.000339,-0.002027,-0.00051
1191.816724,9.114,1.155732,0.001142,0.000341,-0.002027,-0.000508
1194.3326,9.114,1.134151,0.001137,0.00034,-0.002027,-0.000508
1195.597817,9.114,0.917267,0.001136,0.000339,-0.002029,-0.000507
1198.127898,9.114,0.992134,0.001134,0.000341,-0.002029,-0.000506
1200.658628,9.114,1.072636,0.00113,0.000342,-0.002029,-0.000506
1201.9097,9.114,1.223422,0.001128,0.000341,-0.002029,-0.000506
1204.425399,9.116,0.780519,0.001129,0.000345,-0.002031,-0.000506
1205.692153,9.116,1.277138,0.001127,0.000343,-0.002025,-0.000507
1208.222763,9.117,1.071962,0.001126,0.00035,-0.002032,-0.000504
1210.734902,9.118,1.267774,0.001117,0.000345,-0.002033,-0.000508
1211.972798,9.119,1.323808,0.001112,0.000343,-0.002027,-0.000507
1214.503711,9.12,1.119418,0.0011,0.000338,-0.002033,-0.000512
1215.754806,9.12,1.26102,0.001092,0.000337,-0.002025,-0.000512
1218.28506,9.121,1.273185,0.001098,0.000337,-0.002028,-0.000518
1220.802198,9.123,1.338381,0.001089,0.000334,-0.002031,-0.000515
1222.066789,9.123,1.360043,0.001078,0.000327,-0.002028,-0.000526
1224.582205,9.124,1.388017,0.001061,0.000316,-0.002036,-0.000535
1225.831956,9.125,1.332843,0.001063,0.000314,-0.002031,-0.000538
1228.333189,9.126,1.434173,0.00106,0.000316,-0.002031,-0.000533
1229.598167,9.126,1.303123,0.001063,0.00032,-0.00204,-0.000532
1232.128157,9.127,0.618162,0.001054,0.000314,-0.002036,-0.000535
1234.643895,9.128,1.365237,0.001051,0.000315,-0.002048,-0.000537
1235.893289,9.128,1.454004,0.001048,0.000314,-0.002042,-0.000537
1238.394699,9.129,1.277552,0.00104,0.000312,-0.002049,-0.000542
1239.659697,9.13,1.562921,0.001034,0.00031,-0.002054,-0.000545
1242.177196,9.131,1.560443,0.001026,0.000303,-0.002044,-0.000552
1244.69098,9.132,1.385869,0.00101,0.000294,-0.002044,-0.000559
1245.94184,9.132,1.577399,0.001005,0.000289,-0.002053,-0.000568
1248.441587,9.134,1.452662,0.001016,0.000296,-0.002058,-0.000557
1249.691917,9.134,1.604413,0.001004,0.000284,-0.002054,-0.000566
1252.223598,9.135,1.933371,0.001006,0.000291,-0.002062,-0.000565
1254.73829,9.136,1.642977,0.001024,0.000309,-0.002063,-0.00055
1256.004442,9.137,1.65623,0.001027,0.000315,-0.002056,-0.000542
1258.534834,9.138,1.673928,0.001019,0.000313,-0.002072,-0.000538
1259.801919,9.139,1.723293,0.001007,0.000298,-0.002071,-0.000554
1262.327949,9.14,2.139724,0.000978,0.00028,-0.002073,-0.000581
1264.831637,9.141,1.719765,0.000988,0.000295,-0.002067,-0.000567
1266.081693,9.141,1.847171,0.000989,0.000296,-0.002057,-0.000562
1268.5825909999999,9.142,1.822703,0.000975,0.000283,-0.002047,-0.000575
1269.84717,9.143,1.603984,0.000973,0.000284,-0.002053,-0.000576
1272.362618,9.144,1.892292,0.000988,0.000297,-0.002051,-0.000565
1274.86443,9.145,1.86079,0.000988,0.000293,-0.002064,-0.00057
1276.114332,9.146,1.797689,0.000988,0.000301,-0.002074,-0.000566
1278.628626,9.147,3.118097,0.000982,0.000304,-0.002069,-0.000559
1279.8785990000001,9.148,1.870954,0.000977,0.000302,-0.002065,-0.000567
1282.378706,9.149,2.15851,0.000986,0.000303,-0.002068,-0.000568
1283.628861,9.149,1.831706,0.00098,0.0003,-0.002072,-0.000571
1286.160413,9.15,2.014122,0.000968,0.000291,-0.002074,-0.000582
1288.674312,9.151,2.071281,0.00098,0.000305,-0.00208,-0.000567
1289.924767,9.152,1.81014,0.000984,0.00031,-0.002072,-0.000557
1292.421026,9.153,1.940804,0.000987,0.000321,-0.002073,-0.000546
1293.660667,9.154,2.081706,0.000983,0.000319,-0.002072,-0.00055
1296.174846,9.155,2.309121,0.000965,0.0003,-0.002077,-0.000577
1298.692294,9.156,2.187392,0.000971,0.000314,-0.00208,-0.000566
1299.940643,9.157,2.210745,0.000965,0.000312,-0.002077,-0.000564
1302.456729,9.158,1.869416,0.000955,0.0003,-0.00208,-0.00057
1303.707698,9.158,2.094274,0.000955,0.000297,-0.00208,-0.000578
1306.222727,9.159,2.258514,0.00094,0.000289,-0.002071,-0.000593
1308.753871,9.16,2.320702,0.000937,0.000284,-0.002082,-0.0006
1310.020187,9.161,2.560494,0.000949,0.000294,-0.002076,-0.00059
1312.5344479999999,9.162,2.260413,0.000953,0.0003,-0.002075,-0.000585
1313.784883,9.162,2.19606,0.000945,0.000293,-0.002077,-0.00059
1316.316542,9.163,2.516535,0.000929,0.000293,-0.002078,-0.000594
1318.846561,9.164,2.703598,0.000926,0.000291,-0.002082,-0.000598
1320.1133810000001,9.165,2.323731,0.000922,0.000287,-0.002073,-0.000606
1322.628176,9.166,2.498147,0.000933,0.000293,-0.002077,-0.000598
1326.380425,9.168,2.436908,0.000937,0.000301,-0.002086,-0.000588
1327.628625,9.168,2.449094,0.000938,0.000306,-0.002086,-0.000585
1330.1292859999999,9.169,2.513797,0.000942,0.000313,-0.002084,-0.000583
1332.629197,9.171,2.776455,0.000934,0.000308,-0.002089,-0.000588
1333.893567,9.171,2.747934,0.000929,0.0003,-0.002083,-0.000595
1336.409706,9.172,2.634009,0.00092,0.000298,-0.002086,-0.000608
1337.661234,9.173,2.544801,0.000917,0.000299,-0.002076,-0.000602
1340.191386,9.174,2.352608,0.000917,0.000299,-0.002077,-0.00061
1342.707399,9.175,2.664647,0.000914,0.000303,-0.002074,-0.000603
1343.956739,9.175,2.622841,0.000916,0.000302,-0.002075,-0.000604
1346.4877470000001,9.177,2.681921,0.000905,0.000298,-0.002079,-0.000608
1347.738292,9.177,2.789724,0.000897,0.00029,-0.002079,-0.000613
1350.253674,9.178,2.828558,0.000896,0.000299,-0.002081,-0.000614
1352.768734,9.179,2.835216,0.000901,0.000303,-0.002079,-0.00061
1354.0198110000001,9.18,2.921904,0.0009,0.000307,-0.002077,-0.000608
1356.5194900000001,9.181,3.045787,0.000896,0.000302,-0.002069,-0.000612
1357.785121,9.182,2.945459,0.000886,0.000296,-0.002066,-0.000618
1360.3150329999999,9.182,2.927193,0.000883,0.000298,-0.002079,-0.000617
1362.831948,9.183,3.153431,0.000883,0.0003,-0.002075,-0.000618
1364.081735,9.184,2.949512,0.000883,0.000302,-0.002067,-0.000618
1366.614253,9.185,2.927241,0.00089,0.000308,-0.002074,-0.000614
1367.878737,9.186,3.039675,0.000883,0.000307,-0.00207,-0.000615
1370.378295,9.187,3.084308,0.000877,0.0003,-0.002076,-0.000622
1371.628391,9.187,3.03732,0.000873,0.000299,-0.002077,-0.000619
1374.144366,9.188,2.915607,0.000865,0.000296,-0.002078,-0.000628
1376.644668,9.189,3.168529,0.00087,0.000299,-0.002079,-0.000624
1377.911058,9.19,3.123026,0.000867,0.000299,-0.002081,-0.000627
1380.441314,9.191,3.101312,0.000854,0.000293,-0.002075,-0.000633
1381.706823,9.192,3.196265,0.000855,0.000297,-0.002069,-0.000629
1384.223484,9.192,2.799379,0.000857,0.0003,-0.002073,-0.000631
1386.753619,9.193,3.128644,0.000853,0.000301,-0.002084,-0.000629
1388.0194470000001,9.194,3.18349,0.000856,0.000303,-0.002081,-0.000626
1390.550088,9.195,3.312678,0.000854,0.0003,-0.00208,-0.000635
1391.800957,9.196,3.435813,0.000852,0.000299,-0.00208,-0.000636
1394.30054,9.197,3.303187,0.00085,0.000302,-0.002079,-0.000631
1396.8323970000001,9.197,3.339698,0.000851,0.000307,-0.002079,-0.000627
1398.0822170000001,9.197,3.334759,0.000849,0.000305,-0.002077,-0.000628
1400.597407,9.197,3.492044,0.000857,0.000305,-0.00208,-0.000628
1401.864402,9.197,3.389408,0.000855,0.000304,-0.002083,-0.00063
1404.363807,9.197,3.279584,0.000857,0.000307,-0.002073,-0.00062
1405.628068,9.197,3.296508,0.000861,0.000309,-0.002074,-0.000618
1408.129667,9.197,3.303384,0.000866,0.000308,-0.002067,-0.000616
1410.643666,9.197,3.273144,0.000865,0.000309,-0.002068,-0.000616
1411.8946740000001,9.197,3.232335,0.000863,0.000305,-0.002071,-0.00062
1414.426879,9.197,3.440211,0.000863,0.000303,-0.002069,-0.00062
1415.690871,9.197,3.109636,0.000865,0.000305,-0.002072,-0.000618
1418.191543,9.197,2.975445,0.000874,0.000309,-0.002071,-0.000613
1420.722815,9.197,3.05158,0.000872,0.000302,-0.002066,-0.000613
1421.9722160000001,9.197,3.061708,0.000876,0.000304,-0.002072,-0.00061
1424.4876279999999,9.197,2.693815,0.000883,0.000312,-0.002073,-0.000604
1425.738028,9.197,2.964426,0.000886,0.000311,-0.002066,-0.000602
1428.254024,9.197,3.192705,0.000888,0.000311,-0.002065,-0.000604
1430.769446,9.195,2.936074,0.000895,0.00031,-0.002065,-0.0006
1432.034676,9.195,2.978203,0.000894,0.000309,-0.002061,-0.000598
1434.550669,9.195,2.845545,0.000897,0.000313,-0.002061,-0.000594
1435.801849,9.194,3.224744,0.0009,0.000314,-0.002057,-0.000594
1438.316629,9.193,2.930032,0.000901,0.000309,-0.002058,-0.000594
1440.8471220000001,9.192,2.825083,0.000901,0.000305,-0.002065,-0.000598
1442.114722,9.191,2.74647,0.000905,0.000309,-0.002064,-0.000594
1444.6283779999999,9.19,2.709264,0.000908,0.000313,-0.002067,-0.000591
1445.878517,9.19,3.255514,0.00091,0.000314,-0.00206,-0.000589
1448.377711,9.189,2.866857,0.000914,0.000313,-0.002058,-0.000583
1449.628295,9.189,3.59626,0.000915,0.000311,-0.002066,-0.000585
1452.128606,9.188,2.707179,0.00092,0.000312,-0.002064,-0.000583
1454.644212,9.187,2.653713,0.000929,0.000315,-0.00206,-0.000581
1455.90941,9.186,2.661469,0.00093,0.000316,-0.002055,-0.00058
1458.441777,9.185,3.107567,0.000932,0.000315,-0.002053,-0.000576
1459.692751,9.185,2.586034,0.000934,0.000318,-0.002054,-0.000571
1462.191708,9.184,2.476162,0.000934,0.000318,-0.002048,-0.000568
1464.707179,9.183,2.498868,0.000941,0.00032,-0.002051,-0.000569
1465.9674890000001,9.182,2.427815,0.000945,0.000323,-0.002046,-0.000563
1468.456628,9.182,2.577986,0.000951,0.000326,-0.002047,-0.000558
1469.707185,9.181,2.283698,0.000953,0.000327,-0.002056,-0.000559
1472.2239789999999,9.18,2.284679,0.000957,0.000327,-0.002048,-0.000559
1474.722998,9.179,2.482708,0.000966,0.000333,-0.002051,-0.000553
1475.986183,9.179,2.348406,0.000971,0.000333,-0.002052,-0.000551
1478.489215,9.178,2.301842,0.000976,0.000332,-0.00205,-0.000545
1479.754532,9.177,2.104778,0.000975,0.000328,-0.002046,-0.000548
1482.27074,9.176,2.21274,0.000978,0.000331,-0.00205,-0.000548
1484.785237,9.175,2.02555,0.000979,0.000331,-0.002047,-0.000547
1486.05189,9.174,2.298818,0.000976,0.000327,-0.002045,-0.000551
1488.582039,9.173,2.963333,0.000975,0.000322,-0.002049,-0.000554
1489.831429,9.173,2.118651,0.000973,0.000321,-0.002041,-0.000551
1492.347775,9.172,2.475451,0.00098,0.000326,-0.002045,-0.000548
1493.613861,9.172,1.855543,0.000984,0.000328,-0.002047,-0.000546
1496.143711,9.17,2.148806,0.00099,0.00033,-0.002043,-0.000543
1498.644648,9.169,2.032473,0.000996,0.000332,-0.002037,-0.000539
1499.9091250000001,9.169,2.077382,0.001003,0.000334,-0.002038,-0.000537
1502.409916,9.168,1.895953,0.001006,0.000334,-0.002037,-0.000535
1503.658823,9.167,2.000132,0.001007,0.000334,-0.002033,-0.000535
1506.177011,9.166,2.031598,0.001012,0.000336,-0.002035,-0.000535
1508.6923809999998,9.165,1.936188,0.001018,0.000338,-0.00204,-0.000532
1509.957417,9.165,2.302038,0.001014,0.000335,-0.002034,-0.000531
1512.4722550000001,9.164,1.896213,0.001017,0.000336,-0.002038,-0.000531
1513.723692,9.163,1.76251,0.001021,0.000335,-0.002036,-0.000527
1516.25479,9.162,1.867214,0.001021,0.000338,-0.002033,-0.000526
1520.0509929999998,9.161,1.839028,0.001024,0.000336,-0.002035,-0.000528
1522.582218,9.159,1.66405,0.00103,0.000339,-0.002031,-0.000524
1523.831397,9.158,1.550337,0.001032,0.000341,-0.002032,-0.000521
1526.347399,9.157,1.554693,0.001042,0.000347,-0.002035,-0.000517
1528.864071,9.156,1.885989,0.001047,0.000345,-0.002036,-0.000515
1530.128722,9.156,1.095014,0.00105,0.000344,-0.00203,-0.000516
1532.6287379999999,9.155,1.596418,0.001052,0.000345,-0.002028,-0.000514
1533.894373,9.154,1.545339,0.001057,0.000345,-0.002026,-0.000515
1536.410011,9.153,1.652219,0.001062,0.000348,-0.002029,-0.000514
1537.661192,9.152,1.585256,0.001062,0.000347,-0.002032,-0.000514
1540.1754230000001,9.151,1.626993,0.00106,0.000344,-0.002034,-0.000512
1542.691652,9.15,1.631619,0.001061,0.00035,-0.00203,-0.000509
1543.955875,9.149,1.539122,0.001061,0.000348,-0.002031,-0.000511
1546.4717719999999,9.148,1.523254,0.001064,0.000348,-0.002027,-0.000511
1547.722776,9.147,1.325431,0.001066,0.000345,-0.002024,-0.00051
1550.239369,9.146,1.337209,0.001072,0.000347,-0.002025,-0.00051
1552.7540669999998,9.145,1.5722,0.001075,0.000346,-0.00203,-0.000509
1554.0202490000001,9.144,1.374622,0.001075,0.000346,-0.002031,-0.00051
1556.519287,9.143,0.437057,0.001076,0.000343,-0.002026,-0.000508
1557.770278,9.142,1.505359,0.001078,0.000343,-0.002031,-0.000509
1560.3019829999998,9.142,1.501905,0.001082,0.000345,-0.002024,-0.000508
1562.816616,9.142,1.489353,0.00108,0.000347,-0.002026,-0.000507
1564.082097,9.142,1.407371,0.001077,0.000348,-0.002023,-0.000506
1566.581955,9.142,1.441409,0.001076,0.000347,-0.002022,-0.000506
1567.8317769999999,9.142,1.77954,0.001078,0.000349,-0.00203,-0.000507
1570.332207,9.142,1.480843,0.001079,0.000349,-0.002031,-0.000509
1572.832172,9.142,1.031282,0.00108,0.000352,-0.002033,-0.000506
1574.0973960000001,9.142,1.484165,0.001076,0.000352,-0.002025,-0.000504
1576.5969519999999,9.142,1.51572,0.001076,0.000356,-0.00203,-0.000503
1577.847256,9.142,1.503576,0.001073,0.000353,-0.00203,-0.000504
1580.378234,9.142,1.419764,0.001067,0.000354,-0.002023,-0.000505
1581.6288180000001,9.142,1.535588,0.001067,0.000354,-0.002025,-0.000504
1584.144419,9.142,1.532246,0.001064,0.000353,-0.002019,-0.000504
1586.660375,9.142,1.677833,0.001068,0.000356,-0.002016,-0.000501
1587.9256169999999,9.142,1.638409,0.001073,0.000357,-0.002024,-0.000499
1590.4567419999998,9.143,1.652436,0.001068,0.000358,-0.002014,-0.000498
1591.7069139999999,9.144,1.642606,0.001066,0.000358,-0.002019,-0.000501
1594.222863,9.145,1.670915,0.001066,0.000362,-0.002019,-0.000497
1596.738462,9.146,1.739575,0.001058,0.00036,-0.002013,-0.000498
1598.004379,9.147,1.540374,0.001057,0.00036,-0.00202,-0.000499
1600.534749,9.148,1.693425,0.001046,0.000358,-0.002017,-0.000505
1601.7844129999999,9.148,1.728684,0.001047,0.000357,-0.002023,-0.000505
1604.301754,9.149,1.071819,0.001035,0.000348,-0.002025,-0.000512
1606.816632,9.15,1.752488,0.001027,0.000348,-0.002021,-0.000516
1608.081723,9.151,2.034096,0.001024,0.000347,-0.002026,-0.000518
1610.5824870000001,9.151,1.743363,0.001023,0.000346,-0.002025,-0.000518
1611.846783,9.152,1.821319,0.001018,0.000343,-0.002022,-0.000522
1614.364481,9.153,1.838407,0.00101,0.000339,-0.002025,-0.000527
1616.864094,9.154,1.932575,0.001009,0.000343,-0.002026,-0.000525
1618.1280080000001,9.154,1.883655,0.001006,0.000341,-0.002023,-0.000527
1620.628716,9.156,1.916187,0.001014,0.000346,-0.002029,-0.00052
1621.879335,9.156,1.900897,0.001014,0.000349,-0.002035,-0.00052
1624.394261,9.157,2.30424,0.001002,0.00034,-0.002034,-0.000532
1625.660143,9.157,2.114036,0.001004,0.000341,-0.002038,-0.000533
1628.160312,9.158,2.033205,0.00099,0.000339,-0.002041,-0.000537
1630.691484,9.159,1.810931,0.000991,0.00034,-0.002026,-0.00053
1631.957339,9.16,2.125325,0.000996,0.000344,-0.002027,-0.00053
1634.472747,9.161,2.443206,0.000988,0.000339,-0.00203,-0.000541
1635.738152,9.161,2.135034,0.00099,0.000338,-0.002037,-0.000541
1638.254168,9.162,2.221,0.000994,0.000342,-0.002035,-0.000537
1640.768623,9.163,2.339716,0.000991,0.000343,-0.002034,-0.000535
1642.018408,9.164,2.181232,0.000985,0.000342,-0.002037,-0.000536
1644.519189,9.165,2.319233,0.000977,0.00034,-0.002043,-0.00054
1645.768057,9.166,2.326718,0.000972,0.000339,-0.002046,-0.000544
1648.2693490000001,9.167,2.335986,0.000966,0.000336,-0.002044,-0.000547
1650.801639,9.168,2.672079,0.000972,0.000334,-0.002049,-0.000556
1652.051487,9.168,2.3032,0.000968,0.000334,-0.002046,-0.000555
1654.582121,9.169,2.43086,0.000968,0.000342,-0.002052,-0.000552
1655.846505,9.17,2.388933,0.000964,0.00034,-0.002047,-0.000552
1658.361691,9.171,2.482576,0.000958,0.000335,-0.002055,-0.00056
1660.864276,9.172,2.39028,0.000944,0.000324,-0.002055,-0.000571
1662.114485,9.173,2.517049,0.000937,0.000318,-0.002056,-0.000577
1664.628611,9.174,2.894831,0.000927,0.000317,-0.00205,-0.000582
1665.8792680000001,9.174,2.778726,0.000921,0.000315,-0.002055,-0.000588
1668.3776990000001,9.175,2.607552,0.000921,0.000316,-0.002054,-0.000586
1669.643717,9.176,2.784036,0.000915,0.000311,-0.002054,-0.000592
1672.143836,9.177,2.766975,0.00092,0.000318,-0.002051,-0.000584
1674.644258,9.178,2.741207,0.000905,0.000305,-0.002063,-0.000601
1675.89465,9.179,4.149041,0.000906,0.000312,-0.002059,-0.000598
1678.4248440000001,9.179,2.919983,0.00092,0.000317,-0.002058,-0.000592
1679.675545,9.179,2.699953,0.000912,0.000316,-0.002049,-0.00059
1682.191953,9.179,2.733196,0.000922,0.00032,-0.002055,-0.000582
1684.723449,9.179,2.552849,0.000925,0.000323,-0.002055,-0.000588
1685.9886219999999,9.179,2.684786,0.000926,0.000322,-0.00206,-0.000588
1688.520482,9.18,2.789888,0.000927,0.000319,-0.00206,-0.000584
1689.7706520000002,9.18,2.667161,0.000929,0.00032,-0.002064,-0.000577
1692.302087,9.18,2.574107,0.00094,0.000331,-0.002063,-0.000568
1694.816745,9.18,2.781447,0.000941,0.000337,-0.002055,-0.000559
1696.06711,9.18,2.271066,0.000941,0.000333,-0.00206,-0.00056
1698.581995,9.18,2.59718,0.000929,0.00032,-0.002058,-0.000579
1699.831975,9.18,2.535872,0.000927,0.000308,-0.002064,-0.000591
1702.331749,9.18,2.54773,0.000917,0.000298,-0.00206,-0.000601
1704.832056,9.18,2.854214,0.000932,0.000316,-0.00206,-0.000584
1706.080717,9.18,2.333986,0.000931,0.000313,-0.002053,-0.000582
1708.58268,9.18,2.630019,0.000933,0.00031,-0.00206,-0.000581
1709.8323249999999,9.179,2.478947,0.000938,0.000313,-0.002067,-0.000578
1712.363727,9.178,2.327047,0.000947,0.000317,-0.002057,-0.00057
1714.863801,9.177,2.860671,0.000935,0.000303,-0.002069,-0.000585
1716.129187,9.177,2.340342,0.000927,0.000291,-0.002074,-0.000594
1718.644599,9.176,2.273915,0.000918,0.000289,-0.002075,-0.000599
1719.878834,9.175,2.210454,0.000916,0.000285,-0.002067,-0.000598
1722.379661,9.174,2.264084,0.000918,0.000284,-0.00206,-0.000596
1724.878837,9.173,2.276652,0.000916,0.000282,-0.002063,-0.000602
1726.129574,9.173,2.13835,0.00092,0.000283,-0.002072,-0.0006
1728.64365,9.172,2.288133,0.000931,0.00029,-0.002062,-0.000589
1729.8948850000002,9.171,2.118567,0.00094,0.000294,-0.00206,-0.000586
1732.4254999999998,9.17,1.418008,0.000939,0.000294,-0.002069,-0.000591
1733.691373,9.17,2.074543,0.000943,0.000294,-0.002063,-0.000588
1736.1919950000001,9.169,2.267294,0.000966,0.000301,-0.002064,-0.000579
1738.723618,9.168,2.192426,0.000966,0.000305,-0.002073,-0.000574
1739.9887469999999,9.167,2.092985,0.000964,0.000305,-0.002075,-0.000577
1742.4872970000001,9.166,2.07023,0.000953,0.000292,-0.002078,-0.000584
1743.737993,9.165,2.018791,0.000958,0.000294,-0.002076,-0.000582
1746.270295,9.164,1.555122,0.000969,0.000304,-0.002081,-0.000568
1748.769228,9.163,2.328602,0.000968,0.000306,-0.00208,-0.000567
1750.019611,9.163,1.649365,0.000973,0.000304,-0.002086,-0.000565
1752.519603,9.162,2.221674,0.000988,0.000313,-0.002087,-0.000554
1753.784093,9.161,1.914309,0.000988,0.000312,-0.002081,-0.000555
1756.300116,9.16,1.774669,0.000984,0.000301,-0.002082,-0.000565
1758.801712,9.159,1.779067,0.000984,0.000302,-0.002083,-0.000563
1760.0666019999999,9.158,1.779333,0.000982,0.0003,-0.002081,-0.00056
1762.581419,9.158,0.963677,0.000989,0.000298,-0.002074,-0.00057
1763.846645,9.157,1.764207,0.000991,0.000301,-0.002073,-0.000569
1766.362552,9.157,1.6976,0.000993,0.000312,-0.002072,-0.000557
1768.879162,9.157,1.709473,0.000999,0.000313,-0.002071,-0.000549
1770.143592,9.157,1.704974,0.000995,0.000311,-0.002076,-0.000551
1772.644022,9.157,1.719373,0.000994,0.000314,-0.002076,-0.00055
1773.895672,9.157,1.544236,0.000993,0.00031,-0.002068,-0.000549
1776.4089880000001,9.157,1.708619,0.000989,0.000307,-0.002076,-0.000556
1777.65986,9.157,1.664453,0.000989,0.000307,-0.002077,-0.000559
1780.191964,9.157,1.704465,0.000987,0.000306,-0.002072,-0.000562
1782.691726,9.157,1.676623,0.000982,0.000303,-0.002075,-0.000565
1783.942149,9.157,1.736472,0.000988,0.000302,-0.002079,-0.000571
1786.442319,9.157,1.701314,0.000976,0.0003,-0.002067,-0.00057
1787.692079,9.157,1.729585,0.000978,0.0003,-0.002066,-0.000572
1790.223816,9.157,1.868604,0.000969,0.000296,-0.002071,-0.000578
1792.7515640000001,9.157,1.961648,0.000967,0.000298,-0.002068,-0.000578
1794.005248,9.157,1.920681,0.000968,0.000303,-0.002067,-0.000573
1796.51954,9.157,2.891319,0.000964,0.0003,-0.002068,-0.000576
1797.770341,9.157,2.005315,0.000957,0.000298,-0.002059,-0.000575
1800.286646,9.158,2.216555,0.000957,0.000304,-0.002069,-0.000573
1802.801279,9.159,2.10906,0.000957,0.000307,-0.002068,-0.000571
1804.067458,9.16,2.186633,0.000957,0.00031,-0.00206,-0.000571
1806.581721,9.161,1.564566,0.000957,0.000315,-0.002063,-0.00057
1807.832088,9.161,2.19431,0.000957,0.000314,-0.002051,-0.000571
1810.332536,9.162,2.085876,0.000955,0.000315,-0.002052,-0.000568
1812.863749,9.163,1.930872,0.000951,0.000311,-0.002052,-0.000575
1814.128072,9.164,2.308139,0.00095,0.000312,-0.002052,-0.000574
1816.6603129999999,9.165,2.228375,0.000952,0.000315,-0.002059,-0.000573
1817.9102910000001,9.165,2.165677,0.00095,0.000314,-0.002055,-0.000572
1820.42536,9.166,2.221382,0.000947,0.000318,-0.002058,-0.000573
1821.6769490000001,9.167,2.244444,0.000947,0.00032,-0.002056,-0.00057
1824.175835,9.168,2.42842,0.000948,0.000328,-0.002054,-0.000567
1826.707762,9.169,2.318697,0.000949,0.000329,-0.002053,-0.000569
1827.973419,9.17,2.61473,0.000949,0.00033,-0.002053,-0.000568
1830.472033,9.171,2.42529,0.000953,0.000333,-0.00205,-0.000564
1831.724464,9.171,2.6475,0.000958,0.000335,-0.002049,-0.000564
1834.2239049999998,9.172,2.354995,0.000957,0.000338,-0.002054,-0.000565
1836.737161,9.173,2.114386,0.00095,0.000335,-0.002047,-0.000568
1837.9882699999998,9.173,2.504879,0.000951,0.000339,-0.002053,-0.000565
1840.5046969999999,9.173,2.669469,0.000949,0.00034,-0.002052,-0.000566
1841.7693359999998,9.173,2.545464,0.00095,0.000336,-0.002054,-0.000566
1844.269573,9.173,2.726267,0.000955,0.000336,-0.002049,-0.000564
1846.800721,9.173,2.574023,0.000956,0.000341,-0.002045,-0.000559
1848.0504529999998,9.173,2.497165,0.000954,0.00034,-0.002047,-0.00056
1850.567076,9.174,2.370529,0.000953,0.000342,-0.002048,-0.000561
1851.81752,9.174,2.283868,0.000951,0.00034,-0.00204,-0.000559
1854.3469479999999,9.174,2.49794,0.000953,0.000339,-0.002046,-0.000561
1856.84799,9.174,2.524206,0.000958,0.000341,-0.002042,-0.000556
1858.113723,9.174,2.430558,0.000961,0.000342,-0.00204,-0.000553
1860.6280769999998,9.174,2.307969,0.000974,0.000346,-0.002043,-0.000551
1861.8789219999999,9.174,2.349191,0.000976,0.000344,-0.002043,-0.00055
1864.379029,9.174,2.298054,0.00098,0.000346,-0.002044,-0.000543
1865.643738,9.174,2.601042,0.000974,0.000345,-0.002045,-0.000546
1868.159308,9.174,2.295072,0.000971,0.00034,-0.002043,-0.00055
1870.67596,9.174,2.080682,0.000972,0.00034,-0.002038,-0.000548
1871.9412,9.173,2.015496,0.000979,0.000339,-0.002038,-0.000548
1874.440703,9.172,2.316659,0.000987,0.000341,-0.002038,-0.00054
1875.690679,9.172,2.136695,0.000985,0.000339,-0.002036,-0.00054
1878.192188,9.171,2.064989,0.000987,0.00034,-0.002039,-0.000541
1880.722695,9.17,2.121596,0.00099,0.000344,-0.002039,-0.000536
1881.987308,9.169,1.953616,0.000991,0.000345,-0.002033,-0.000533
1884.516181,9.169,1.9536,0.000991,0.000347,-0.002031,-0.000533
1885.769045,9.169,2.080591,0.000993,0.000341,-0.00203,-0.000538
1888.269691,9.169,2.108142,0.000995,0.000342,-0.002031,-0.000543
1890.769378,9.169,2.069583,0.000983,0.000336,-0.00203,-0.000551
1892.0352910000001,9.169,2.131602,0.00098,0.000333,-0.002039,-0.000553
1894.5520350000002,9.169,2.099303,0.000983,0.000337,-0.002033,-0.000547
1895.815697,9.169,1.976046,0.000984,0.000341,-0.002035,-0.000545
1898.316949,9.169,2.077424,0.000986,0.000345,-0.002037,-0.000541
1900.8307089999998,9.169,2.086475,0.000994,0.000349,-0.002038,-0.000537
1902.082312,9.169,2.195954,0.000995,0.000352,-0.002039,-0.000535
1904.581745,9.169,1.858004,0.000989,0.00035,-0.002041,-0.000539
1905.832334,9.169,2.157566,0.000985,0.00035,-0.00204,-0.00054
1908.34664,9.169,2.324676,0.000981,0.000348,-0.002036,-0.000545
1910.878396,9.169,2.34787,0.000979,0.000347,-0.002036,-0.000547
1912.128551,9.169,2.39896,0.000975,0.000348,-0.002033,-0.000546
1914.644577,9.17,2.493128,0.000968,0.000346,-0.002028,-0.000547
1915.895442,9.17,2.367622,0.000968,0.000349,-0.002035,-0.000545
1918.426234,9.171,2.294144,0.000961,0.000345,-0.002032,-0.000547
1919.675208,9.172,2.454023,0.00096,0.000346,-0.002036,-0.00055
1922.19155,9.173,2.492274,0.000961,0.000348,-0.002039,-0.000548
1924.723037,9.174,2.720315,0.000959,0.000351,-0.002033,-0.000548
1925.9731729999999,9.174,2.513919,0.000962,0.000353,-0.002038,-0.000549
1928.472284,9.175,2.468931,0.00096,0.000356,-0.002041,-0.00055
1929.7390289999998,9.176,2.69155,0.000959,0.000357,-0.002034,-0.000549
1932.266347,9.177,2.586235,0.000957,0.000362,-0.002042,-0.000547
1934.785426,9.178,2.670695,0.000955,0.000362,-0.002043,-0.000546
1936.050576,9.178,2.72528,0.000954,0.000364,-0.002046,-0.000547
1938.567066,9.18,2.628338,0.000956,0.000366,-0.002042,-0.000548
1939.816523,9.18,2.728199,0.000957,0.000367,-0.002044,-0.000549
1942.33243,9.181,2.730724,0.000952,0.000363,-0.002042,-0.000556
1944.8477699999999,9.182,2.645161,0.000948,0.000364,-0.002039,-0.000556
1946.114198,9.182,2.824521,0.000943,0.000363,-0.002043,-0.000559
1948.6283819999999,9.183,3.410571,0.000929,0.000354,-0.002031,-0.000564
1949.877917,9.184,2.275146,0.000929,0.000353,-0.002035,-0.000564
1952.394571,9.185,2.760184,0.00093,0.000357,-0.00204,-0.000564
1953.6597940000001,9.185,3.038068,0.000926,0.000355,-0.002035,-0.000561
1956.176398,9.186,3.208913,0.000929,0.000357,-0.002043,-0.000565
1958.6900620000001,9.187,2.62794,0.000925,0.000356,-0.002042,-0.000565
1959.941197,9.188,2.920944,0.000926,0.000354,-0.002036,-0.000565
1962.4736010000001,9.189,3.364898,0.000923,0.00036,-0.002042,-0.000563
1963.737501,9.189,2.670175,0.000915,0.000359,-0.002038,-0.000563
1966.249727,9.19,3.044026,0.000914,0.000359,-0.002041,-0.000569
1968.754653,9.191,2.987344,0.000916,0.000364,-0.002043,-0.000567
1970.0194040000001,9.192,3.055623,0.000919,0.000362,-0.002038,-0.000567
1972.535577,9.193,3.226823,0.000921,0.000364,-0.002038,-0.000567
1973.801209,9.193,3.256368,0.00092,0.000367,-0.00203,-0.000566
1976.3322600000001,9.194,3.331024,0.000913,0.000368,-0.002028,-0.000565
1978.832656,9.194,3.149436,0.000911,0.000366,-0.00203,-0.000568
1980.082183,9.195,3.602462,0.000909,0.000365,-0.002025,-0.000567
1982.613033,9.195,3.134316,0.000914,0.000366,-0.002034,-0.000566
1983.8643069999998,9.195,2.981232,0.000911,0.000368,-0.002032,-0.000562
1986.3780649999999,9.195,3.087327,0.000916,0.000367,-0.00203,-0.00056
1988.878719,9.195,3.092415,0.000914,0.000369,-0.002033,-0.000561
1990.1289259999999,9.195,3.121021,0.000913,0.00037,-0.002037,-0.00056
1992.661345,9.195,3.049686,0.000909,0.000364,-0.002031,-0.000562
1993.9266229999998,9.195,3.328743,0.000909,0.000365,-0.002031,-0.000562
1996.4416820000001,9.195,3.122877,0.00091,0.000362,-0.002031,-0.000562
1997.692071,9.195,2.996103,0.000915,0.000364,-0.002037,-0.000562
2000.2229790000001,9.195,2.975678,0.000924,0.000361,-0.002031,-0.000555
2002.7360720000001,9.195,3.056939,0.000929,0.000363,-0.002032,-0.000555
2003.972168,9.195,2.931878,0.000931,0.000363,-0.002038,-0.000556
2006.486949,9.195,3.957187,0.00093,0.000362,-0.002034,-0.000556
2007.754022,9.195,2.537199,0.000928,0.000363,-0.002035,-0.000555
2010.2694040000001,9.195,2.872921,0.000934,0.000366,-0.002033,-0.000546
2012.801171,9.194,2.856368,0.000941,0.000369,-0.002027,-0.000542
2014.067513,9.193,2.629038,0.000944,0.000369,-0.002027,-0.000542
2016.581567,9.192,2.660811,0.000941,0.000366,-0.002031,-0.000545
2017.832391,9.192,2.80322,0.000941,0.000365,-0.002036,-0.000546
2020.36477,9.191,2.695035,0.000944,0.000365,-0.002036,-0.000546
2022.878686,9.19,2.805761,0.000945,0.000366,-0.002035,-0.000539
2024.144744,9.19,2.760163,0.000946,0.000365,-0.002031,-0.00054
2026.660021,9.189,2.597907,0.000952,0.000365,-0.002039,-0.000536
2027.910181,9.188,2.554939,0.000957,0.000366,-0.002037,-0.000534
2030.425979,9.187,2.629383,0.000965,0.000366,-0.002032,-0.000533
2031.691656,9.187,2.669273,0.00097,0.000366,-0.002037,-0.000532
2034.206938,9.186,2.593243,0.000973,0.000366,-0.002034,-0.000531
2036.722082,9.185,2.558452,0.000971,0.000363,-0.002033,-0.000534
2037.973017,9.184,2.352236,0.000969,0.000363,-0.002034,-0.000536
2040.488365,9.183,2.55373,0.000962,0.000353,-0.002026,-0.000538
2041.753452,9.183,2.475546,0.000965,0.000353,-0.002025,-0.000537
2044.269036,9.182,2.392652,0.000963,0.000352,-0.002022,-0.00054
2046.770505,9.181,2.357223,0.000945,0.000332,-0.002041,-0.000558
2048.0186679999997,9.18,2.06084,0.00094,0.000328,-0.002042,-0.000562
2050.535664,9.179,2.339079,0.000943,0.000328,-0.002041,-0.000559
2051.799849,9.179,2.406557,0.000947,0.000331,-0.002039,-0.000556
2054.31702,9.178,2.292526,0.000948,0.000326,-0.00204,-0.000558
2056.831577,9.176,2.133665,0.000936,0.000315,-0.002054,-0.000567
2058.082266,9.176,2.273724,0.000944,0.000323,-0.002053,-0.000562
2060.598539,9.175,2.239022,0.000954,0.000328,-0.002055,-0.000559
2061.8474180000003,9.174,2.29946,0.00096,0.000327,-0.002053,-0.000556
2064.36375,9.173,2.128715,0.000956,0.000324,-0.002049,-0.000557
2065.62917,9.173,2.102476,0.000962,0.000327,-0.002052,-0.000554
2068.144171,9.172,2.045386,0.000962,0.000321,-0.002048,-0.000559
2070.6770349999997,9.171,1.992715,0.000958,0.000315,-0.002058,-0.000565
2071.926712,9.17,2.021401,0.000959,0.000307,-0.002052,-0.000571
2074.441669,9.169,2.101054,0.000964,0.000312,-0.002052,-0.000567
2075.6920499999997,9.168,2.094003,0.000966,0.000313,-0.002048,-0.000564
2078.207927,9.167,1.978396,0.000974,0.000321,-0.002054,-0.000553
2080.706576,9.166,1.949074,0.000968,0.000316,-0.002059,-0.000556
2081.95669,9.165,1.862095,0.000965,0.000312,-0.002058,-0.000559
2084.45611,9.164,1.912288,0.000969,0.00031,-0.002058,-0.000563
2085.706654,9.164,1.886939,0.000975,0.00031,-0.002061,-0.000557
2088.222534,9.162,1.948088,0.000974,0.00031,-0.002062,-0.000557
2090.722561,9.161,1.715272,0.000975,0.000311,-0.002069,-0.000555
2091.971811,9.16,1.762446,0.000984,0.000312,-0.002075,-0.000554
2094.4885400000003,9.159,1.741045,0.000971,0.000304,-0.002072,-0.000566
2095.7538750000003,9.159,1.944236,0.000953,0.000288,-0.002073,-0.000581
2098.254579,9.158,2.175699,0.000968,0.000299,-0.002076,-0.000571
2100.769133,9.157,1.699781,0.000965,0.000291,-0.002073,-0.000585
2102.018478,9.156,1.748902,0.000952,0.000275,-0.00206,-0.000596
2104.5192779999998,9.155,1.723304,0.000954,0.000281,-0.002066,-0.000587
2105.7696690000002,9.155,1.649725,0.000945,0.000273,-0.002065,-0.000597
2108.285636,9.155,1.682252,0.000947,0.000271,-0.002068,-0.000599
2110.802375,9.155,1.697871,0.000967,0.000295,-0.002071,-0.000572
2112.049908,9.155,1.745167,0.000963,0.000285,-0.002069,-0.000579
2114.5670099999998,9.155,1.681865,0.00096,0.00028,-0.002069,-0.000588
2115.8166650000003,9.155,1.635279,0.000954,0.000274,-0.002076,-0.000595
2118.3321610000003,9.155,1.644001,0.00096,0.000281,-0.002072,-0.000587
2120.8644750000003,9.155,1.727941,0.000948,0.000272,-0.002074,-0.000594
2122.1282810000002,9.155,1.685923,0.000938,0.000265,-0.002072,-0.000599
2124.643533,9.155,1.099422,0.000971,0.000291,-0.002083,-0.000581
2125.894965,9.155,1.745347,0.000971,0.000297,-0.002078,-0.000572
2128.394357,9.155,0.976277,0.000967,0.000298,-0.002077,-0.00057
2129.6599779999997,9.155,1.79588,0.000952,0.000278,-0.002081,-0.000589
2132.176627,9.155,1.7746,0.00094,0.000273,-0.002079,-0.000592
2134.675726,9.155,1.90841,0.000937,0.000277,-0.002079,-0.000592
2135.9211800000003,9.155,2.415056,0.000943,0.00028,-0.002085,-0.000594
2138.4412549999997,9.156,1.924251,0.000932,0.000278,-0.002075,-0.000597
2139.6915449999997,9.156,1.961961,0.000936,0.000286,-0.002081,-0.000591
2142.191762,9.157,1.93179,0.000939,0.000293,-0.002078,-0.000591
2144.7069899999997,9.158,2.159115,0.000923,0.000283,-0.002067,-0.000597
2145.95802,9.158,2.115925,0.000922,0.000281,-0.002071,-0.000603
2148.488406,9.159,2.19597,0.000907,0.000267,-0.002077,-0.000617
2149.7387799999997,9.16,2.048283,0.000916,0.000278,-0.00208,-0.000609
2152.2541300000003,9.161,2.050474,0.00092,0.000284,-0.002082,-0.0006
2154.78559,9.162,2.00019,0.000936,0.000297,-0.002082,-0.000584
2156.0506100000002,9.162,2.13878,0.000936,0.000302,-0.002081,-0.000582
2158.567129,9.164,2.247569,0.000933,0.000301,-0.002081,-0.000581
2159.83151,9.164,2.145379,0.000934,0.000304,-0.002081,-0.000578
2162.331612,9.165,2.213727,0.000935,0.000301,-0.002082,-0.000583
2164.832532,9.166,2.540191,0.000944,0.000312,-0.002079,-0.000574
2166.097791,9.167,2.2462,0.000934,0.00031,-0.002082,-0.00058
2168.629804,9.168,2.298627,0.000931,0.000305,-0.002081,-0.000588
2169.8794909999997,9.168,2.199928,0.000927,0.000306,-0.002081,-0.000591
2172.39434,9.169,2.60318,0.000913,0.0003,-0.002077,-0.000594
2173.660023,9.17,2.678785,0.00091,0.000295,-0.00208,-0.000598
2176.1603990000003,9.171,1.921556,0.000903,0.000292,-0.002081,-0.000602
2178.6753790000002,9.172,2.388312,0.000885,0.000285,-0.002077,-0.000612
2179.9421279999997,9.173,2.648535,0.000882,0.000286,-0.00208,-0.000615
2182.442648,9.174,2.517023,0.000887,0.000296,-0.002084,-0.000607
2183.692031,9.174,2.390058,0.00089,0.000304,-0.002082,-0.000602
2186.207345,9.175,2.647569,0.000894,0.000308,-0.002081,-0.000603
2188.723331,9.176,2.69921,0.000897,0.000314,-0.002071,-0.000597
2189.987953,9.177,2.39984,0.000904,0.000321,-0.002072,-0.000591
2192.4879229999997,9.178,2.817709,0.000911,0.000331,-0.002068,-0.000585
2193.753637,9.178,2.617398,0.000912,0.000332,-0.002063,-0.000584
2196.268669,9.18,2.533119,0.000915,0.000339,-0.002063,-0.000582
2198.77014,9.181,2.727912,0.000915,0.000334,-0.002054,-0.000586
2200.019123,9.181,2.627165,0.000912,0.00033,-0.002052,-0.000587
2202.503455,9.182,2.958309,0.000911,0.000332,-0.00205,-0.000587
2203.75405,9.183,2.792599,0.000915,0.000334,-0.002059,-0.000586
2206.236608,9.184,2.914514,0.000915,0.000335,-0.002058,-0.000586
2208.737559,9.185,2.789925,0.000903,0.000329,-0.002054,-0.000593
2209.988366,9.185,2.854819,0.0009,0.000326,-0.002055,-0.000598
2212.5206749999998,9.186,3.225725,0.000899,0.00033,-0.002054,-0.000596
2213.769753,9.187,2.927644,0.0009,0.000333,-0.002052,-0.000596
2216.285449,9.188,3.075523,0.000896,0.000333,-0.002046,-0.000592
2218.8020070000002,9.189,3.399738,0.000896,0.000334,-0.002047,-0.00059
2220.067063,9.189,3.238654,0.000894,0.000337,-0.002044,-0.00059
2222.582233,9.19,3.299564,0.000888,0.000334,-0.002044,-0.000596
2223.833702,9.191,2.97571,0.000885,0.00033,-0.002041,-0.000601
2226.329221,9.192,3.331496,0.000882,0.000335,-0.002052,-0.000597
2228.847385,9.192,3.238511,0.000881,0.000334,-0.002048,-0.000591
2230.114528,9.192,2.742337,0.000878,0.000333,-0.002047,-0.000594
2232.613699,9.192,3.146523,0.000882,0.000336,-0.002051,-0.000596
2233.87819,9.192,2.887765,0.00088,0.000335,-0.002052,-0.000598
2236.3787540000003,9.192,3.252984,0.000877,0.000333,-0.002052,-0.0006
2238.895881,9.192,3.050986,0.000881,0.000331,-0.002042,-0.0006
2240.1448689999997,9.192,3.119933,0.000886,0.000334,-0.002046,-0.000596
2242.659665,9.192,3.196382,0.000896,0.000337,-0.002048,-0.000591
2243.909874,9.192,3.227306,0.000897,0.000341,-0.002041,-0.000588
2246.4264780000003,9.192,3.183952,0.000893,0.000342,-0.002043,-0.000585
2247.6749769999997,9.192,3.271377,0.000898,0.000347,-0.002045,-0.000582
2250.206747,9.192,3.058323,0.0009,0.000348,-0.00204,-0.000584
2252.72353,9.192,3.183145,0.000898,0.000349,-0.002044,-0.000584
2253.98799,9.192,3.171818,0.000899,0.00035,-0.002041,-0.000582
2256.518838,9.192,3.166503,0.000903,0.000353,-0.002045,-0.000582
2257.769107,9.192,3.02099,0.0009,0.00035,-0.002037,-0.000581
2260.300122,9.192,3.411292,0.000904,0.000354,-0.002044,-0.000579
2262.831244,9.192,3.077496,0.000903,0.000354,-0.002035,-0.000576
2264.081862,9.192,2.995801,0.000905,0.000353,-0.00204,-0.000577
2266.5816489999997,9.192,3.462769,0.000903,0.000356,-0.002044,-0.000577
2267.832986,9.192,3.11224,0.000902,0.000356,-0.002039,-0.000575
2270.332371,9.192,3.083698,0.000902,0.000358,-0.00204,-0.000574
2272.832003,9.192,3.451575,0.000901,0.00036,-0.00203,-0.000569
2274.081866,9.192,3.041941,0.000905,0.000363,-0.00204,-0.00057
2276.58198,9.192,3.025075,0.000913,0.000363,-0.002043,-0.000572
2277.832011,9.192,3.224203,0.000915,0.000361,-0.002039,-0.000569
2280.3324119999997,9.192,2.936207,0.000915,0.000363,-0.002036,-0.000569
2282.843022,9.192,3.04645,0.000909,0.000358,-0.002037,-0.000572
2284.082236,9.192,3.107418,0.000905,0.000356,-0.002043,-0.000576
2286.614682,9.192,3.21738,0.000904,0.000354,-0.002036,-0.000577
2287.864373,9.192,3.122697,0.000906,0.000354,-0.002041,-0.000575
2290.394112,9.192,3.275446,0.000906,0.000351,-0.002041,-0.00058
2292.894101,9.192,3.150125,0.000904,0.000345,-0.002044,-0.000585
2294.160528,9.192,3.112065,0.000906,0.000345,-0.002046,-0.000584
2296.675531,9.192,2.977747,0.000904,0.000348,-0.002041,-0.000581
2297.941978,9.192,3.171352,0.000899,0.000349,-0.002043,-0.000584
2300.473137,9.192,3.090855,0.0009,0.000348,-0.002031,-0.000581
2301.7381100000002,9.192,3.154858,0.000901,0.000353,-0.002037,-0.000578
2304.238311,9.192,3.044105,0.0009,0.000357,-0.002038,-0.000572
2306.768662,9.192,3.280523,0.000904,0.000357,-0.002035,-0.000572
2308.0188399999997,9.192,3.22825,0.000903,0.000358,-0.002038,-0.000572
2310.53518,9.192,2.982553,0.000896,0.000359,-0.002035,-0.000572
2311.785599,9.192,2.981365,0.000896,0.000358,-0.002038,-0.000571
2314.317006,9.192,3.241338,0.000898,0.000358,-0.002038,-0.00057
2316.832676,9.192,3.035749,0.000897,0.000357,-0.002034,-0.00057
2318.084328,9.192,3.101954,0.000893,0.000355,-0.002034,-0.000575
2320.597103,9.192,3.00117,0.000896,0.000354,-0.002037,-0.000576
2321.847526,9.192,3.069639,0.000894,0.000353,-0.002037,-0.000573
2324.378602,9.192,3.163335,0.000894,0.000352,-0.002041,-0.000578
2326.894612,9.192,3.060185,0.000899,0.000353,-0.002034,-0.000575
2328.144742,9.192,3.366346,0.000902,0.000356,-0.00204,-0.000574
2330.659923,9.192,3.310307,0.000899,0.000355,-0.00204,-0.000573
2331.9094560000003,9.192,3.121657,0.000899,0.000355,-0.002033,-0.000571
2334.426081,9.192,3.141897,0.000898,0.000354,-0.002041,-0.000575
2335.675865,9.192,3.119424,0.000898,0.000352,-0.002039,-0.000574
2338.207421,9.193,3.186005,0.000912,0.000358,-0.002042,-0.000569
2340.707054,9.193,3.032476,0.00091,0.00036,-0.002038,-0.000564
2341.972257,9.193,3.018714,0.000907,0.00036,-0.002035,-0.000562
2344.4882589999997,9.193,3.240771,0.000909,0.000364,-0.002034,-0.000564
2345.7539589999997,9.193,3.104389,0.00091,0.000364,-0.002032,-0.000564
2348.268861,9.193,3.228288,0.000907,0.000359,-0.002036,-0.000566
2350.769883,9.193,3.661599,0.000903,0.000355,-0.002035,-0.000568
2352.019082,9.193,3.084335,0.000906,0.000358,-0.002039,-0.000569
2354.551397,9.193,2.885706,0.000902,0.000355,-0.002032,-0.000571
2355.816497,9.193,3.206234,0.000904,0.000359,-0.002038,-0.000567
2358.333237,9.193,3.090744,0.000904,0.00036,-0.002034,-0.000562
2360.864179,9.193,3.054737,0.000907,0.000361,-0.00204,-0.000564
2362.1282149999997,9.193,3.101895,0.000912,0.000362,-0.002035,-0.000563
2364.644668,9.193,3.063841,0.000906,0.000358,-0.002038,-0.000568
2365.9105879999997,9.193,3.180142,0.000904,0.000361,-0.002039,-0.000569
2368.409659,9.193,2.875488,0.000901,0.00036,-0.002033,-0.000567
2369.660484,9.193,3.259355,0.000903,0.000361,-0.002036,-0.000569
2372.1770930000002,9.193,3.093953,0.000905,0.00036,-0.002035,-0.000565
2374.675831,9.193,3.356447,0.000906,0.000363,-0.00204,-0.000566
2375.941409,9.193,3.248235,0.000906,0.000363,-0.002035,-0.000564
2378.473094,9.193,3.029521,0.00091,0.000365,-0.002038,-0.000563
2379.73767,9.193,2.881329,0.000913,0.000365,-0.002036,-0.000561
2382.25376,9.193,3.003218,0.000909,0.000366,-0.002036,-0.000561
2384.769077,9.193,3.010958,0.000899,0.000363,-0.002031,-0.000566
2386.0354829999997,9.193,3.048381,0.000901,0.000365,-0.002033,-0.000566
2388.5670419999997,9.193,2.732247,0.000895,0.00036,-0.002028,-0.000569
2389.832512,9.193,2.982384,0.000898,0.000363,-0.002033,-0.000568
2392.331667,9.193,3.045034,0.000896,0.000361,-0.002036,-0.000566
2394.8317150000003,9.193,3.121986,0.000901,0.000363,-0.002038,-0.000566
2396.0824709999997,9.193,3.011186,0.000901,0.00036,-0.002034,-0.000566
2398.613903,9.193,3.069554,0.000902,0.000359,-0.002039,-0.000568
2399.8782810000002,9.193,3.120538,0.0009,0.000361,-0.002039,-0.000569
2402.395342,9.193,2.672297,0.000908,0.000365,-0.00204,-0.000565
2404.9102350000003,9.193,3.078632,0.000912,0.000363,-0.002036,-0.000563
2406.1754739999997,9.193,3.346595,0.000912,0.000364,-0.002037,-0.000565
2408.691868,9.193,3.071486,0.000913,0.000364,-0.002033,-0.000563
2409.942204,9.193,3.061708,0.000911,0.000367,-0.002029,-0.00056
2412.456846,9.193,3.072334,0.000911,0.000372,-0.002031,-0.00056
2413.7219720000003,9.193,3.141218,0.00091,0.000368,-0.002027,-0.000559
2416.222296,9.193,3.292269,0.000912,0.000367,-0.002028,-0.000561
2418.7220159999997,9.193,3.086754,0.000916,0.00037,-0.00203,-0.000558
2419.972471,9.193,3.160757,0.000917,0.00037,-0.002031,-0.000555
2422.488581,9.193,3.058307,0.000924,0.000376,-0.002031,-0.000552
2423.738357,9.193,3.000257,0.000927,0.000378,-0.002037,-0.000553
2426.270168,9.193,3.066281,0.000919,0.000373,-0.00203,-0.000556
2428.7856,9.193,3.110309,0.000913,0.000372,-0.002029,-0.000558
2430.0506539999997,9.193,3.053029,0.000914,0.000372,-0.002029,-0.000556
2432.5669399999997,9.193,2.983057,0.000913,0.00037,-0.002028,-0.000555
2433.816833,9.193,2.961905,0.000915,0.000373,-0.002036,-0.000555
2436.346899,9.193,3.41169,0.000915,0.000373,-0.00203,-0.000557
2438.879156,9.193,3.042912,0.000917,0.000375,-0.002032,-0.000555
2440.144523,9.193,2.967375,0.000918,0.000374,-0.002027,-0.000555
2442.676987,9.193,2.811422,0.000918,0.000373,-0.002028,-0.000557
2443.9238370000003,9.193,3.153086,0.000914,0.000371,-0.002026,-0.000559
2446.4419660000003,9.193,3.004724,0.000913,0.000371,-0.002029,-0.000558
2447.6920680000003,9.193,3.135302,0.000915,0.000375,-0.002035,-0.000558
2450.19155,9.193,2.914981,0.000915,0.000371,-0.002038,-0.000561
2452.691917,9.193,3.24754,0.00092,0.000373,-0.002037,-0.000558
2453.942113,9.193,3.047845,0.000919,0.000373,-0.002029,-0.000559
2456.442448,9.193,3.009101,0.00092,0.000377,-0.002031,-0.000554
2457.6901479999997,9.193,3.101577,0.000921,0.000374,-0.002034,-0.000558
2460.191972,9.193,3.315607,0.000912,0.000367,-0.00203,-0.000562
2462.722543,9.193,2.979397,0.000915,0.000369,-0.002026,-0.000561
2463.987274,9.193,3.097556,0.000914,0.00037,-0.00203,-0.000561
2466.5030070000003,9.193,3.252702,0.000916,0.000372,-0.002023,-0.00056
2467.7546350000002,9.193,3.126294,0.000918,0.000372,-0.002022,-0.000556
2470.2695750000003,9.193,3.521185,0.000917,0.000373,-0.00203,-0.000556
2472.7859289999997,9.193,3.179357,0.000919,0.000374,-0.002032,-0.000555
2474.0508520000003,9.193,2.862941,0.00092,0.000373,-0.00203,-0.000558
2476.5818179999997,9.193,3.051602,0.000906,0.000368,-0.002028,-0.000562
2477.847718,9.193,3.154242,0.000904,0.000365,-0.00203,-0.000564
2480.363786,9.193,3.196371,0.000902,0.000367,-0.002026,-0.000562
2482.877981,9.193,3.02524,0.000904,0.000366,-0.002021,-0.000561
2484.1287460000003,9.193,3.019505,0.000905,0.000366,-0.002028,-0.000563
2486.642092,9.193,3.139409,0.000882,0.000344,-0.002028,-0.000583
2487.893604,9.193,3.046853,0.000873,0.000337,-0.002037,-0.000591
2490.395079,9.193,3.324652,0.000878,0.000341,-0.002046,-0.000589
2491.659219,9.193,2.939337,0.000878,0.000343,-0.002038,-0.000587
2494.19186,9.193,2.956648,0.000878,0.00034,-0.002041,-0.000584
2496.691805,9.193,3.195517,0.000865,0.000328,-0.002049,-0.000599
2497.94117,9.193,2.842988,0.000861,0.000325,-0.002047,-0.000601
2500.457174,9.193,3.04845,0.000862,0.000326,-0.002054,-0.000602
2501.702436,9.193,2.926217,0.000863,0.000327,-0.002058,-0.000604
2504.2068010000003,9.193,3.047644,0.000851,0.000321,-0.002055,-0.000607
2506.7238930000003,9.193,3.116448,0.000853,0.000317,-0.002059,-0.00061
2507.987814,9.193,2.832235,0.000854,0.000321,-0.002059,-0.00061
2510.504558,9.193,2.591381,0.000848,0.000313,-0.002055,-0.000613
2511.7546199999997,9.193,3.089539,0.000849,0.000315,-0.002058,-0.000612
2514.2698170000003,9.193,3.041792,0.000837,0.000302,-0.002061,-0.000628
2516.8011509999997,9.193,2.84806,0.000842,0.000304,-0.002072,-0.000624
2518.066412,9.193,3.105147,0.000838,0.000307,-0.00207,-0.000621
2520.58245,9.193,3.106208,0.000839,0.000308,-0.002064,-0.000624
2521.846537,9.193,2.966696,0.000843,0.000311,-0.002058,-0.000619
2524.364458,9.193,3.217884,0.000842,0.000304,-0.002068,-0.000622
2526.8639510000003,9.193,3.055915,0.000868,0.000319,-0.002072,-0.000607
2528.128126,9.193,3.148735,0.000851,0.000305,-0.002067,-0.000622
2530.6443790000003,9.193,3.053787,0.00084,0.000308,-0.002067,-0.000625
2531.894322,9.193,4.020431,0.000842,0.00031,-0.002067,-0.000621
2534.409651,9.193,3.113455,0.000835,0.000298,-0.002064,-0.000625
2535.66042,9.193,3.114888,0.000832,0.000295,-0.002076,-0.000631
2538.191053,9.193,3.051342,0.000829,0.000296,-0.00207,-0.000632
2540.70655,9.193,3.059034,0.000838,0.000306,-0.002065,-0.00062
2541.957308,9.193,3.012905,0.000846,0.000311,-0.002065,-0.000614
2544.471932,9.193,3.168179,0.000852,0.000317,-0.002072,-0.000611
2545.722595,9.193,3.138496,0.000839,0.000301,-0.002084,-0.000629
2548.23695,9.193,2.931979,0.000819,0.00029,-0.002079,-0.000638
2550.7546709999997,9.193,3.166105,0.000834,0.000302,-0.00207,-0.000625
2552.018895,9.193,3.116548,0.000837,0.000304,-0.002072,-0.000623
2554.5196690000002,9.193,2.835057,0.000831,0.000295,-0.002081,-0.000635
2555.785183,9.193,3.035288,0.000832,0.0003,-0.002071,-0.000628
2558.300373,9.193,3.740324,0.000849,0.000314,-0.002073,-0.000616
2560.8321880000003,9.193,3.100808,0.000855,0.00032,-0.00207,-0.000612
2562.082891,9.193,2.739992,0.000863,0.000327,-0.002076,-0.000604
2564.613981,9.193,2.795485,0.00086,0.000324,-0.002087,-0.000606
2565.8640530000002,9.193,3.115211,0.000861,0.000322,-0.002085,-0.000606
2568.378436,9.193,2.943894,0.000852,0.000321,-0.002075,-0.000605
2570.877798,9.193,2.841476,0.000859,0.000324,-0.002077,-0.000602
2572.126966,9.193,2.865695,0.000853,0.000318,-0.002082,-0.000613
2574.628895,9.193,3.017107,0.000852,0.000313,-0.002084,-0.000617
2575.878608,9.193,3.114851,0.000856,0.000321,-0.002076,-0.000609
2578.378665,9.193,2.987668,0.00086,0.000328,-0.002075,-0.000599
2580.8790529999997,9.193,3.079618,0.00086,0.000325,-0.002074,-0.000603
2582.129306,9.193,3.005138,0.000862,0.000326,-0.002071,-0.000602
2584.6293,9.193,3.037877,0.000864,0.000332,-0.002068,-0.000599
2585.877884,9.193,2.844909,0.000865,0.000334,-0.002071,-0.000598
2588.378076,9.193,2.96112,0.000867,0.000333,-0.002075,-0.000595
2590.8940119999997,9.193,3.339915,0.000869,0.000331,-0.002073,-0.000596
2592.1594729999997,9.193,3.164789,0.00087,0.000334,-0.002071,-0.000597
2594.676558,9.193,2.89933,0.000864,0.000327,-0.002074,-0.000598
2595.941986,9.193,3.425468,0.000858,0.000326,-0.002071,-0.000601
2598.474119,9.193,3.045214,0.000863,0.000327,-0.002069,-0.000602
2599.7219809999997,9.193,3.382819,0.000865,0.000328,-0.002075,-0.000599
2602.221816,9.193,3.092818,0.000868,0.000328,-0.00207,-0.0006
2604.722541,9.193,3.125997,0.000868,0.00033,-0.002068,-0.0006
2605.967692,9.193,2.970824,0.000865,0.000326,-0.002066,-0.0006
2608.47083,9.193,3.007372,0.000868,0.000332,-0.002063,-0.0006
2609.723211,9.193,3.426603,0.000868,0.000336,-0.002067,-0.000601
2612.23863,9.193,3.057326,0.00088,0.000342,-0.002066,-0.000595
2614.753186,9.193,2.796525,0.000887,0.00034,-0.002061,-0.000587
2616.0037279999997,9.193,3.169283,0.000894,0.000345,-0.002066,-0.000585
2618.5040289999997,9.193,2.881483,0.000891,0.000348,-0.002065,-0.000587
2619.769864,9.193,2.866246,0.000888,0.000349,-0.002059,-0.000586
2622.268897,9.193,3.039734,0.000883,0.000346,-0.00206,-0.000588
2624.785347,9.193,3.074663,0.00089,0.000351,-0.002061,-0.000581
2626.051389,9.193,3.115222,0.000888,0.000353,-0.002056,-0.000575
2628.566747,9.193,3.393796,0.000894,0.000356,-0.002064,-0.000577
2629.8166739999997,9.193,3.16942,0.000892,0.000354,-0.002056,-0.000577
2632.331193,9.193,2.902725,0.000903,0.000357,-0.002055,-0.000579
2634.847503,9.193,3.182933,0.000905,0.00036,-0.002061,-0.000578
2636.1137289999997,9.193,3.140395,0.000902,0.00036,-0.002056,-0.000573
2638.615342,9.193,2.929278,0.000896,0.000355,-0.002059,-0.000577
2639.861722,9.193,3.12762,0.000889,0.00035,-0.002057,-0.000585
2642.36359,9.193,3.102192,0.00088,0.000347,-0.002048,-0.000587
2644.8787190000003,9.193,3.055257,0.000874,0.000345,-0.002043,-0.000592
2646.128546,9.193,1.891762,0.000875,0.000345,-0.002045,-0.00059
2648.6295920000002,9.193,2.874157,0.000872,0.000342,-0.002048,-0.00059
2649.878506,9.193,2.756104,0.000871,0.000345,-0.00205,-0.000591
2652.378917,9.193,3.395647,0.000879,0.000347,-0.002052,-0.000586
2654.894444,9.193,2.849206,0.000884,0.000346,-0.002047,-0.000584
2656.144953,9.193,3.087263,0.000886,0.000348,-0.002054,-0.000582
2658.659141,9.193,3.058106,0.000885,0.000347,-0.002047,-0.000582
2659.909895,9.193,3.117758,0.000885,0.000348,-0.00205,-0.00058
2662.40956,9.193,3.043739,0.000887,0.000349,-0.00205,-0.00058
2663.659322,9.193,2.946865,0.000886,0.000347,-0.00205,-0.000584
2666.19114,9.193,3.253716,0.000879,0.000345,-0.002042,-0.000589
2668.707035,9.193,3.163548,0.000871,0.000341,-0.002044,-0.000589
2669.9729399999997,9.193,3.219603,0.000874,0.000344,-0.002037,-0.000584
2672.486923,9.193,3.128623,0.000874,0.000348,-0.002038,-0.000581
2673.7538480000003,9.193,3.070584,0.000876,0.000347,-0.002038,-0.000581
2676.253573,9.193,3.306248,0.000881,0.000349,-0.002036,-0.00058
2678.7696029999997,9.193,3.561749,0.000876,0.000346,-0.002036,-0.000582
2680.01945,9.193,3.093433,0.000874,0.000346,-0.00204,-0.000584
2682.534907,9.193,3.278687,0.000877,0.000344,-0.002038,-0.000581
2683.784783,9.193,3.153388,0.00088,0.000351,-0.002047,-0.00058
2686.284127,9.193,2.874947,0.000892,0.000358,-0.002043,-0.000573
2688.8004149999997,9.193,3.069066,0.000894,0.000361,-0.002045,-0.000571
2690.066973,9.193,3.042047,0.000894,0.00036,-0.002037,-0.00057
2692.596083,9.193,3.189755,0.000894,0.000362,-0.002037,-0.000569
2693.846996,9.193,3.272809,0.000892,0.000361,-0.002036,-0.000568
2696.363717,9.193,3.871746,0.000887,0.000362,-0.002042,-0.000573
2698.862303,9.193,3.0667,0.000887,0.00036,-0.002042,-0.000569
2700.1125039999997,9.193,3.499354,0.000887,0.000359,-0.002037,-0.00057
2702.613414,9.193,2.947693,0.00089,0.00036,-0.002041,-0.000568
2703.864024,9.193,3.213581,0.000891,0.000361,-0.002047,-0.000568
2706.37864,9.193,3.476276,0.000894,0.000362,-0.002049,-0.000571
2708.878772,9.193,2.943714,0.000892,0.000365,-0.002051,-0.000569
2710.1294820000003,9.193,3.015096,0.000891,0.000362,-0.002043,-0.000572
2712.6445519999997,9.193,2.619568,0.000894,0.000362,-0.002042,-0.000572
2713.909975,9.193,3.082786,0.000894,0.000363,-0.002041,-0.00057
2716.424837,9.193,2.893935,0.000898,0.000366,-0.00204,-0.000567
2717.676766,9.193,3.048811,0.0009,0.000368,-0.002049,-0.000567
2720.191425,9.193,2.71058,0.000905,0.000367,-0.002047,-0.000566
2722.721806,9.193,3.038354,0.000902,0.000367,-0.002041,-0.000567
2723.9737729999997,9.193,3.124962,0.000903,0.000367,-0.002036,-0.000568
2726.4720509999997,9.193,3.10745,0.000898,0.000364,-0.002042,-0.000571
2727.72297,9.193,3.050111,0.000899,0.000363,-0.002032,-0.000571
2730.238157,9.193,2.788769,0.000901,0.000366,-0.002038,-0.00057
2732.7370069999997,9.193,3.083799,0.000898,0.000364,-0.002037,-0.000569
2733.988767,9.193,2.924053,0.000896,0.000363,-0.002029,-0.000567
2736.504382,9.193,3.103821,0.000891,0.000362,-0.002036,-0.000567
2737.770413,9.193,3.156821,0.000897,0.000363,-0.00204,-0.000565
2740.2712739999997,9.193,3.179845,0.00089,0.000364,-0.002034,-0.000567
2742.7690709999997,9.193,3.385774,0.000887,0.000364,-0.002041,-0.000568
2744.035116,9.193,3.100516,0.00089,0.000368,-0.002035,-0.000564
2746.5518819999998,9.193,2.777994,0.000891,0.000363,-0.002041,-0.000569
2747.816616,9.193,3.007955,0.000886,0.00036,-0.002034,-0.000573
2750.332166,9.193,3.116416,0.000889,0.000361,-0.002039,-0.000572
2752.832528,9.193,3.134798,0.000891,0.000363,-0.002038,-0.000569
2754.0964240000003,9.193,3.134443,0.000889,0.000362,-0.002034,-0.000568
2756.597022,9.193,3.087746,0.000891,0.000364,-0.002034,-0.000567
2757.848637,9.193,2.985132,0.000897,0.000367,-0.002038,-0.000567
2760.3641159999997,9.193,3.189161,0.000899,0.000369,-0.002035,-0.000562
2762.878644,9.193,3.083921,0.000899,0.00037,-0.002033,-0.000557
2764.1286950000003,9.193,2.785246,0.0009,0.000373,-0.002041,-0.000555
2766.627051,9.193,3.121758,0.000899,0.000374,-0.002041,-0.000557
2767.879239,9.193,2.916126,0.000898,0.000374,-0.002033,-0.000555
2770.394393,9.193,2.959364,0.000896,0.000373,-0.002031,-0.000555
2772.92528,9.193,3.386167,0.000895,0.000373,-0.002036,-0.000558
2774.176481,9.193,3.050827,0.000896,0.000374,-0.002036,-0.000559
2776.676653,9.193,3.250331,0.0009,0.000376,-0.00203,-0.000556
2777.9421199999997,9.193,2.976336,0.000901,0.000376,-0.002034,-0.000556
2780.473351,9.193,3.584626,0.000907,0.000378,-0.002037,-0.000557
2781.722006,9.193,3.251806,0.000907,0.000378,-0.002034,-0.000554
2784.224351,9.193,3.082542,0.00091,0.000379,-0.002029,-0.000552
2786.72105,9.193,2.997541,0.000919,0.000381,-0.002029,-0.000549
2787.9722,9.193,3.149536,0.000922,0.000382,-0.002032,-0.000548
2790.4733610000003,9.193,3.022216,0.000915,0.000379,-0.002031,-0.000555
2791.723387,9.193,3.08217,0.000914,0.000377,-0.002034,-0.000557
2794.239207,9.193,3.157075,0.000899,0.00037,-0.002032,-0.000565
2796.7709910000003,9.193,3.110601,0.000896,0.000365,-0.00203,-0.000568
2798.019025,9.193,3.156417,0.000894,0.000364,-0.002026,-0.000567
2800.53427,9.193,3.162571,0.000893,0.000366,-0.002026,-0.00056
2801.7998909999997,9.193,3.106193,0.000894,0.00037,-0.002032,-0.000561
2804.3164930000003,9.193,3.043882,0.000897,0.000368,-0.002029,-0.000561
2806.8315549999998,9.193,3.214452,0.0009,0.000372,-0.00203,-0.00056
2808.081762,9.193,3.114962,0.000901,0.000374,-0.002032,-0.000559
2810.598221,9.193,2.97563,0.000898,0.000374,-0.00203,-0.000561
2811.863555,9.193,3.104017,0.0009,0.000374,-0.002035,-0.000559
2814.3628639999997,9.193,2.873509,0.000899,0.000371,-0.002033,-0.000559
2816.863794,9.193,3.0654,0.000892,0.000366,-0.00203,-0.000565
2818.1281289999997,9.193,3.102829,0.000883,0.000361,-0.002025,-0.00057
2820.6285820000003,9.193,3.176041,0.000876,0.000352,-0.002027,-0.000577
2821.875363,9.193,3.284661,0.000875,0.000354,-0.002035,-0.000579
2824.378774,9.193,3.18714,0.000874,0.000349,-0.002038,-0.000583
2826.879967,9.193,3.216276,0.000859,0.000337,-0.002042,-0.000594
2828.1445009999998,9.193,3.207427,0.00085,0.00033,-0.002044,-0.000599
2830.675635,9.193,2.929597,0.000855,0.000333,-0.002058,-0.000596
2831.94197,9.193,3.406857,0.000859,0.000334,-0.002053,-0.000594
2834.442611,9.193,3.059719,0.000843,0.000321,-0.002051,-0.000607
2835.707172,9.193,3.064828,0.000846,0.000327,-0.002051,-0.000603
2838.2221689999997,9.193,3.045739,0.000845,0.000323,-0.002053,-0.000604
2840.721667,9.193,3.069379,0.000836,0.000314,-0.002054,-0.000615
2841.973699,9.193,2.982272,0.00083,0.000307,-0.002057,-0.00062
2844.4886850000003,9.193,3.260559,0.000835,0.000312,-0.002058,-0.000613
2845.7385050000003,9.193,3.177251,0.000837,0.000315,-0.00206,-0.000613
2848.254747,9.193,3.195055,0.000836,0.000314,-0.002058,-0.000619
2850.754726,9.193,3.544332,0.000833,0.00031,-0.002065,-0.00062
2852.019535,9.193,2.062745,0.00083,0.000309,-0.00207,-0.000622
2854.519768,9.193,2.843582,0.000824,0.000301,-0.002075,-0.000629
2855.7693879999997,9.193,3.304026,0.000824,0.000302,-0.002066,-0.000625
2858.284726,9.193,3.103296,0.000818,0.000297,-0.002061,-0.000636
2860.801633,9.193,2.642826,0.00083,0.000305,-0.002064,-0.000621
2862.051324,9.193,2.891001,0.000817,0.000295,-0.002064,-0.000635
2864.55197,9.193,2.45223,0.000822,0.000303,-0.002069,-0.000628
2865.815948,9.193,3.116739,0.000836,0.000314,-0.00207,-0.000619
2868.331999,9.193,3.234038,0.000831,0.000313,-0.002065,-0.000618
2870.8641749999997,9.193,3.035479,0.00082,0.000299,-0.002061,-0.000635
2872.129385,9.193,2.937708,0.000823,0.000302,-0.002063,-0.00063
2874.6292670000003,9.193,3.236293,0.000844,0.000315,-0.002066,-0.000617
2875.87928,9.193,2.819937,0.000849,0.000323,-0.002074,-0.00061
2878.395097,9.193,3.133923,0.000818,0.000292,-0.002088,-0.000644
2880.925863,9.193,2.987238,0.00081,0.00029,-0.002084,-0.00064
2882.177236,9.193,2.989546,0.000807,0.000292,-0.00208,-0.000636
2884.691637,9.193,3.146077,0.00081,0.000291,-0.002075,-0.00064
2885.942118,9.193,3.2915,0.000811,0.000293,-0.00207,-0.000636
2888.457852,9.193,3.037245,0.000836,0.000312,-0.002068,-0.00062
2889.7219059999998,9.193,3.379185,0.000825,0.0003,-0.00206,-0.000632
2892.223215,9.193,3.083645,0.000816,0.000294,-0.00207,-0.000635
2894.754358,9.193,3.116665,0.000836,0.000306,-0.002077,-0.000626
2896.018901,9.193,2.744173,0.000839,0.00031,-0.002075,-0.000617
2898.5195160000003,9.193,3.116538,0.000841,0.000322,-0.002076,-0.00061
2899.784972,9.193,2.916084,0.000836,0.000317,-0.002079,-0.000613
2902.301072,9.193,2.986416,0.000835,0.00031,-0.002082,-0.000621
2904.8313639999997,9.193,2.498083,0.000854,0.000328,-0.002091,-0.000603
2906.080312,9.193,3.102834,0.00085,0.000322,-0.002084,-0.000603
2908.581731,9.193,2.232221,0.000841,0.000318,-0.002082,-0.000609
2909.831858,9.193,3.143138,0.00084,0.000314,-0.002088,-0.000615
2912.346987,9.193,3.073475,0.00084,0.000313,-0.00208,-0.000617
2914.8628639999997,9.193,3.007563,0.000853,0.000327,-0.002078,-0.000603
2916.114099,9.193,3.235641,0.000846,0.000325,-0.002083,-0.000602
2918.628731,9.193,3.143085,0.000849,0.000325,-0.002079,-0.0006
2919.8787549999997,9.193,3.243917,0.000849,0.000325,-0.002087,-0.000602
2922.394394,9.193,3.112527,0.000853,0.000326,-0.002085,-0.000602
2924.894694,9.193,3.205868,0.000851,0.000325,-0.002083,-0.000605
2926.159705,9.193,3.120373,0.000851,0.000326,-0.002081,-0.000603
2928.66041,9.193,3.245715,0.000846,0.000324,-0.00208,-0.000605
2929.925582,9.193,3.095497,0.000847,0.000318,-0.002075,-0.000613
2932.45721,9.193,3.071151,0.000846,0.000317,-0.00208,-0.000616
2933.723776,9.193,3.084298,0.000846,0.00032,-0.002076,-0.00061
2936.253921,9.193,3.034561,0.000844,0.000319,-0.002077,-0.000614
2938.769856,9.193,2.996565,0.000841,0.000319,-0.002069,-0.000611
2940.019339,9.193,3.173877,0.000844,0.000322,-0.002076,-0.000607
2942.5195160000003,9.193,3.061533,0.000847,0.000321,-0.002076,-0.000608
2943.769866,9.193,2.949051,0.000841,0.000317,-0.002068,-0.000612
2946.27053,9.193,3.145064,0.000839,0.000314,-0.002072,-0.000617
2948.8024,9.193,3.179994,0.000831,0.000308,-0.002072,-0.000621
2950.0505009999997,9.193,3.121281,0.000822,0.0003,-0.002075,-0.000632
2952.567168,9.193,3.407218,0.00082,0.000301,-0.002081,-0.000631
2953.832215,9.193,3.556354,0.000824,0.000304,-0.002085,-0.000627
2956.331912,9.193,3.035107,0.000825,0.000305,-0.002081,-0.000625
2958.848211,9.193,3.046535,0.000823,0.000302,-0.002073,-0.000627
2960.113829,9.193,3.091274,0.000824,0.000304,-0.002077,-0.000631
2962.629717,9.193,3.11379,0.000825,0.000304,-0.002077,-0.000631
2963.879606,9.193,3.669589,0.000823,0.000302,-0.002078,-0.000636
2966.408502,9.193,3.101089,0.00082,0.0003,-0.00207,-0.000631
2968.910148,9.193,3.006708,0.000816,0.000298,-0.002072,-0.000632
2970.159964,9.193,3.451193,0.000819,0.000302,-0.002078,-0.00063
2972.675468,9.193,3.110819,0.000823,0.000302,-0.00208,-0.000626
2973.941411,9.193,3.10015,0.000823,0.000302,-0.002079,-0.000627
2976.4570759999997,9.193,3.110665,0.000832,0.000312,-0.002077,-0.000619
2977.7240620000002,9.193,3.069247,0.000833,0.000311,-0.002074,-0.000619
2980.222832,9.193,2.996437,0.000824,0.000304,-0.002083,-0.000627
2982.722405,9.193,3.034317,0.000826,0.00031,-0.002082,-0.000625
2983.972947,9.193,3.042349,0.000827,0.000309,-0.002075,-0.000624
2986.503483,9.193,2.983153,0.000831,0.000312,-0.002084,-0.000616
2987.75371,9.193,3.308254,0.000824,0.000305,-0.00208,-0.000625
2990.253627,9.193,2.943984,0.000823,0.000304,-0.002079,-0.000624
2992.754949,9.193,3.030715,0.000824,0.000306,-0.002073,-0.000624
2994.0205960000003,9.193,3.549887,0.000826,0.000307,-0.002069,-0.000622
2996.550353,9.193,3.234712,0.000828,0.000307,-0.002075,-0.000622
2997.816878,9.193,2.841126,0.000824,0.000307,-0.002073,-0.000622
3000.3322,9.193,3.439166,0.000832,0.000315,-0.002074,-0.000615
3002.86369,9.193,3.05393,0.000836,0.000318,-0.002068,-0.000612
3004.114007,9.193,2.989212,0.000836,0.000316,-0.002073,-0.00061
3006.644752,9.193,2.904885,0.000835,0.000314,-0.002071,-0.000615
3007.8939339999997,9.193,3.318445,0.000833,0.000313,-0.002072,-0.000616
3010.394853,9.193,3.1065,0.000835,0.000317,-0.002069,-0.00061
3012.9247029999997,9.193,3.027712,0.000834,0.000315,-0.002073,-0.000616
3014.176035,9.193,3.062403,0.000832,0.000317,-0.002067,-0.000613
3016.677079,9.193,3.026985,0.000841,0.000323,-0.002067,-0.000609
3017.925658,9.193,3.187172,0.000842,0.000324,-0.002069,-0.000608
3020.44246,9.193,3.347502,0.000845,0.000322,-0.002063,-0.000606
3022.941447,9.193,3.030789,0.000843,0.000321,-0.002057,-0.000607
3024.191807,9.193,3.060525,0.000848,0.000325,-0.002063,-0.000605
3026.70685,9.193,3.083322,0.000844,0.000322,-0.002058,-0.000607
3027.956924,9.193,3.069284,0.000843,0.000322,-0.002059,-0.000606
3030.4743120000003,9.193,3.198228,0.000848,0.00033,-0.002061,-0.000599
3031.73864,9.193,3.454191,0.000847,0.000327,-0.002055,-0.000602
3034.269691,9.193,3.067061,0.000845,0.000328,-0.002053,-0.000602
3036.785488,9.193,3.012613,0.000848,0.000332,-0.002052,-0.000596
3038.0508440000003,9.193,4.498402,0.000851,0.000334,-0.002056,-0.000597
3040.581706,9.193,3.109768,0.000854,0.000336,-0.002053,-0.000595
3041.8326939999997,9.193,2.904657,0.000849,0.00033,-0.002056,-0.0006
3044.362309,9.193,2.839641,0.000849,0.000329,-0.002052,-0.000599
3046.864528,9.193,3.24918,0.00085,0.000334,-0.002051,-0.000598
3048.12849,9.193,2.999668,0.000853,0.000334,-0.00205,-0.000595
3050.6443209999998,9.193,3.441378,0.000854,0.000335,-0.002051,-0.000596
3051.8947820000003,9.193,3.13309,0.000854,0.000337,-0.002052,-0.000593
3054.409783,9.193,3.140268,0.000853,0.000334,-0.00205,-0.000594
3056.9254659999997,9.193,2.641017,0.000858,0.000336,-0.002054,-0.00059
3058.176832,9.193,2.959513,0.000857,0.000338,-0.002051,-0.000589
3060.7069460000002,9.193,3.686455,0.000861,0.000343,-0.002047,-0.000584
3061.9707399999998,9.193,3.107789,0.000863,0.000345,-0.002047,-0.000583
3064.473755,9.193,3.067703,0.000863,0.000346,-0.002049,-0.000582
3065.723014,9.193,2.737838,0.000863,0.000344,-0.002046,-0.000583
3068.23848,9.193,3.257371,0.000863,0.000345,-0.002042,-0.000584
3070.7542599999997,9.193,3.045644,0.000862,0.000345,-0.002039,-0.000581
3072.0205509999996,9.193,3.219306,0.00086,0.000341,-0.002043,-0.000585
3074.5192960000004,9.193,3.08077,0.000861,0.000341,-0.002037,-0.000587
3075.753743,9.193,3.025303,0.000862,0.000343,-0.002045,-0.000583
3078.2541600000004,9.193,3.090903,0.000867,0.000348,-0.00204,-0.000579
3080.768725,9.193,3.342149,0.000869,0.000351,-0.002041,-0.000575
3082.018803,9.193,3.016512,0.000867,0.000348,-0.002037,-0.000577
3084.535613,9.193,3.049851,0.000869,0.00035,-0.002042,-0.00058
3085.801063,9.193,3.485587,0.00087,0.000351,-0.002035,-0.000577
3088.301714,9.193,3.049771,0.00087,0.000353,-0.002034,-0.000575
3090.831676,9.193,2.971524,0.000874,0.000356,-0.002038,-0.000569
3092.0817690000003,9.193,3.393907,0.000875,0.000356,-0.002033,-0.000569
3094.5821889999997,9.193,2.752523,0.000875,0.000356,-0.00203,-0.000569
3095.832533,9.193,3.047559,0.000878,0.000362,-0.002036,-0.000566
3098.3624529999997,9.193,3.07443,0.00088,0.000364,-0.002031,-0.00056
3100.8628820000004,9.193,3.085719,0.000884,0.000365,-0.002031,-0.000558
3102.1281879999997,9.193,2.983158,0.000885,0.000365,-0.002032,-0.000561
3104.644236,9.193,3.160062,0.000882,0.000364,-0.002036,-0.000562
3105.8941940000004,9.193,3.123403,0.000883,0.000365,-0.002037,-0.000562
3108.4250249999996,9.193,3.021059,0.000882,0.000368,-0.002032,-0.000558
3110.941344,9.193,3.25848,0.000888,0.000369,-0.002033,-0.000559
3112.1898739999997,9.193,2.820383,0.000892,0.000368,-0.002029,-0.000556
3114.6923509999997,9.193,2.943868,0.000896,0.000368,-0.00203,-0.000555
3115.956682,9.193,3.399865,0.000896,0.000369,-0.002034,-0.000558
3118.4735929999997,9.193,3.071682,0.000893,0.000368,-0.002026,-0.000559
3119.73841,9.193,3.050721,0.000896,0.000371,-0.002033,-0.000555
3122.27042,9.193,3.464281,0.000889,0.00037,-0.00203,-0.000555
3124.7699620000003,9.193,2.970325,0.000892,0.000373,-0.002032,-0.000556
3126.020085,9.193,2.964685,0.000891,0.000373,-0.002031,-0.000556
3128.5510679999998,9.193,3.175357,0.00089,0.000374,-0.002032,-0.000552
3129.8003099999996,9.193,2.860241,0.00089,0.000372,-0.002027,-0.000554
3132.3172000000004,9.193,3.077348,0.000895,0.000374,-0.002031,-0.000552
3134.8322609999996,9.193,2.921379,0.000896,0.000375,-0.00203,-0.000553
3136.097087,9.193,3.103232,0.000896,0.000374,-0.002023,-0.00055
3138.6284459999997,9.193,3.338971,0.000897,0.000376,-0.002029,-0.000552
3139.879256,9.193,3.171925,0.000898,0.000375,-0.00203,-0.000552
3142.379322,9.193,3.629179,0.000896,0.000375,-0.002026,-0.000551
3144.9091959999996,9.193,3.065666,0.000902,0.000381,-0.002027,-0.000548
3146.1591710000002,9.193,2.975503,0.0009,0.000381,-0.002028,-0.000549
3148.6764270000003,9.193,3.211374,0.000902,0.000379,-0.002031,-0.000552
3149.925169,9.193,3.030789,0.000899,0.000378,-0.002025,-0.000551
3152.4269889999996,9.193,3.083629,0.000898,0.00038,-0.002026,-0.000544
3154.925789,9.193,3.393217,0.000896,0.00038,-0.002019,-0.000544
3156.1766909999997,9.193,3.045479,0.000898,0.000383,-0.002025,-0.000544
3158.69189,9.193,3.410454,0.00091,0.000384,-0.002024,-0.00054
3159.9564950000004,9.193,2.944213,0.000913,0.000388,-0.002026,-0.000539
3162.472291,9.193,3.156831,0.000913,0.000385,-0.002023,-0.000538
3163.72242,9.193,3.271059,0.000914,0.000389,-0.002024,-0.000536
3166.2392760000002,9.193,3.142337,0.000911,0.000385,-0.002019,-0.000541
3168.754688,9.193,3.211587,0.000904,0.000378,-0.002017,-0.000546
3170.0046920000004,9.193,3.519403,0.000896,0.000373,-0.002018,-0.000553
3172.5208009999997,9.193,3.279006,0.000897,0.000375,-0.002026,-0.000555
3173.785175,9.193,3.070711,0.000893,0.000373,-0.002022,-0.000555
3176.3002210000004,9.193,3.058122,0.000886,0.000367,-0.00203,-0.000562
3178.816971,9.193,3.102484,0.000882,0.000364,-0.002027,-0.000567
3180.066938,9.193,2.938759,0.000888,0.000365,-0.002022,-0.000562
3182.596966,9.193,3.205624,0.000885,0.000365,-0.002029,-0.000563
3183.862825,9.193,3.257742,0.00089,0.000368,-0.002031,-0.00056
3186.363566,9.193,3.21477,0.000887,0.000369,-0.002032,-0.000558
3188.8791629999996,9.193,3.062074,0.00087,0.000352,-0.002031,-0.000577
3190.128871,9.193,3.201204,0.000866,0.000348,-0.002028,-0.000579
3192.659347,9.193,3.03472,0.000868,0.000352,-0.002034,-0.000577
3193.9265290000003,9.193,3.021473,0.000869,0.000352,-0.002036,-0.000574
3196.456953,9.193,2.73283,0.00087,0.000355,-0.002029,-0.000572
3197.7219859999996,9.193,3.120686,0.00087,0.000355,-0.002036,-0.000575
3200.2228080000004,9.193,2.485388,0.000867,0.000348,-0.00203,-0.000581
3202.7377100000003,9.193,3.078971,0.000861,0.000345,-0.002026,-0.000581
3203.988305,9.193,2.916132,0.000861,0.000344,-0.002036,-0.000585
3206.5038910000003,9.193,2.959555,0.000861,0.000344,-0.002036,-0.000586
3207.7684419999996,9.193,3.418635,0.000862,0.000344,-0.002038,-0.000585
3210.269117,9.193,3.034015,0.000857,0.000342,-0.002042,-0.000586
3212.769771,9.193,3.079608,0.000851,0.000336,-0.002042,-0.000594
3214.019313,9.193,3.070881,0.000852,0.000337,-0.002036,-0.000588
3216.5513279999996,9.193,3.275971,0.000869,0.000348,-0.002042,-0.000578
3217.8171439999996,9.193,3.203183,0.00087,0.000351,-0.00204,-0.000575
3220.3319899999997,9.193,2.830218,0.000865,0.000347,-0.002048,-0.000584
3222.8487189999996,9.193,2.959667,0.000863,0.000346,-0.002045,-0.000584
3224.1137040000003,9.193,3.118559,0.000862,0.000347,-0.002043,-0.000582
3226.6283890000004,9.193,3.000162,0.000871,0.000355,-0.002048,-0.000573
3227.878412,9.193,3.078351,0.000874,0.000353,-0.002046,-0.000574
3230.3787279999997,9.193,2.792801,0.000873,0.000352,-0.002045,-0.000575
3232.87864,9.193,3.059724,0.000871,0.000352,-0.002046,-0.000574
3234.1270430000004,9.193,3.085661,0.000873,0.000351,-0.002045,-0.000581
3236.644493,9.193,3.148433,0.000849,0.000334,-0.002039,-0.0006
3237.8944279999996,9.193,3.047628,0.000845,0.000328,-0.002041,-0.000604
3240.3940730000004,9.193,3.103731,0.000847,0.000331,-0.002046,-0.000598
3242.893973,9.193,3.098675,0.000845,0.00033,-0.002048,-0.000597
3244.1437050000004,9.193,3.033171,0.000846,0.000329,-0.002051,-0.000597
3246.6449570000004,9.193,3.15333,0.000842,0.000327,-0.002058,-0.000604
3247.8946800000003,9.193,3.289043,0.000847,0.000328,-0.002051,-0.000597
3250.4267010000003,9.193,1.880207,0.000857,0.000335,-0.002056,-0.000599
3252.9420170000003,9.193,3.046148,0.000852,0.000328,-0.002054,-0.000603
3254.205753,9.193,3.389583,0.00084,0.000325,-0.002056,-0.000607
3256.7069730000003,9.193,3.036105,0.000843,0.000326,-0.002055,-0.000605
3257.9729070000003,9.193,3.021526,0.000842,0.000323,-0.002048,-0.000608
3260.4879709999996,9.193,2.780811,0.000828,0.000315,-0.002057,-0.000616
3261.7536229999996,9.193,3.008443,0.000829,0.000317,-0.002054,-0.000614
3264.269542,9.193,2.872846,0.000836,0.000319,-0.00206,-0.000614
3266.766885,9.193,3.053082,0.000828,0.000314,-0.002054,-0.000615
3268.018959,9.193,3.065947,0.000827,0.000318,-0.002052,-0.000608
3270.534665,9.193,3.222462,0.000838,0.000325,-0.002053,-0.000606
3271.8002669999996,9.193,3.139955,0.000839,0.000328,-0.002052,-0.000604
3274.3167240000002,9.193,3.26987,0.000839,0.000326,-0.002055,-0.000599
3276.8324570000004,9.193,3.170869,0.000845,0.00033,-0.002067,-0.000602
3278.0814549999996,9.193,3.007329,0.000846,0.000325,-0.00206,-0.000604
3280.5820949999998,9.193,3.111312,0.000842,0.000321,-0.002055,-0.000613
3281.831934,9.193,2.968569,0.000828,0.000306,-0.002069,-0.000626
3284.332244,9.193,2.629176,0.000811,0.000297,-0.002078,-0.000637
3286.862362,9.193,3.018741,0.000814,0.000301,-0.002065,-0.000628
3288.1137179999996,9.193,3.288317,0.000822,0.000312,-0.002072,-0.000624
3290.644016,9.193,3.044355,0.000814,0.000306,-0.002065,-0.000626
3291.8947390000003,9.193,3.023759,0.000827,0.000316,-0.002068,-0.000612
3294.4110410000003,9.193,2.838145,0.000839,0.000329,-0.002065,-0.000601
3296.9418180000002,9.193,3.161781,0.000851,0.000324,-0.002065,-0.0006
3298.207045,9.193,3.167129,0.000848,0.000326,-0.002075,-0.000602
3300.724088,9.193,3.128395,0.000833,0.000307,-0.002071,-0.000626
3301.9895420000003,9.193,3.067523,0.000834,0.000308,-0.002074,-0.000626
3304.520163,9.193,3.138682,0.000836,0.000319,-0.00207,-0.000614
3305.7853729999997,9.193,3.069098,0.000826,0.000315,-0.002071,-0.000622
3308.317164,9.193,3.02951,0.000815,0.000304,-0.002073,-0.00063
3310.832827,9.193,3.057527,0.000824,0.000307,-0.002072,-0.000624
3312.097978,9.193,3.087714,0.000817,0.000307,-0.002068,-0.000626
3314.6298020000004,9.193,3.040423,0.000819,0.000308,-0.00207,-0.000625
3315.878364,9.193,3.313846,0.000822,0.000307,-0.002076,-0.000624
3318.37874,9.193,2.971232,0.000808,0.000293,-0.002084,-0.000636
3320.8801999999996,9.193,2.826128,0.000819,0.000302,-0.002085,-0.000631
3322.14458,9.193,2.446803,0.000818,0.000305,-0.002084,-0.000628
3324.6443950000003,9.193,3.018534,0.000809,0.0003,-0.002075,-0.000634
3325.894477,9.193,3.191135,0.000814,0.000302,-0.002076,-0.000633
3328.393701,9.193,3.600897,0.00083,0.00031,-0.002076,-0.000625
3330.893712,9.193,3.132995,0.000844,0.00033,-0.002076,-0.000599
3332.144932,9.193,3.402215,0.000842,0.000327,-0.002077,-0.000597
3334.64463,9.193,2.994639,0.000839,0.000316,-0.00208,-0.00061
3335.893897,9.193,3.092425,0.000838,0.000315,-0.002085,-0.00061
3338.4260830000003,9.193,3.079295,0.000827,0.000311,-0.002083,-0.000616
3340.9417270000004,9.193,3.092303,0.000816,0.000299,-0.002082,-0.00063
3342.1922590000004,9.193,2.797793,0.000816,0.000299,-0.002074,-0.00063
3344.723658,9.193,3.077565,0.000827,0.000306,-0.002077,-0.000623
3345.972285,9.193,3.291123,0.000827,0.000301,-0.002073,-0.000632
3348.4720319999997,9.193,2.97502,0.000831,0.00031,-0.002068,-0.000623
3349.721751,9.193,3.289203,0.000833,0.000315,-0.002075,-0.000617
3352.22124,9.193,3.074016,0.000836,0.000324,-0.002077,-0.000607
3354.72289,9.193,3.15116,0.000846,0.000327,-0.002076,-0.000602
3355.972035,9.193,2.806175,0.000852,0.000333,-0.00207,-0.000595
3358.470749,9.193,3.128761,0.000859,0.000341,-0.002071,-0.000589
3359.723612,9.193,3.02586,0.000865,0.000343,-0.002076,-0.000588
3362.2236540000004,9.193,3.123737,0.000858,0.000339,-0.002071,-0.000594
3364.7370520000004,9.193,3.121854,0.000847,0.000328,-0.002071,-0.000603
3366.003407,9.193,3.136114,0.000842,0.000324,-0.002069,-0.000608
3368.5197099999996,9.193,3.016916,0.000834,0.000321,-0.002073,-0.000614
3369.7847389999997,9.193,3.100166,0.000833,0.000323,-0.002068,-0.000613
3372.3002020000004,9.193,3.091847,0.000835,0.000323,-0.00207,-0.000609
3374.8312379999998,9.193,3.571156,0.000841,0.000328,-0.002066,-0.000602
3376.082021,9.193,3.039691,0.000843,0.000332,-0.002061,-0.000598
3378.58202,9.193,3.467374,0.000851,0.000337,-0.002061,-0.000593
3379.832287,9.193,3.151632,0.000856,0.000341,-0.002059,-0.00059
3382.332099,9.193,3.596499,0.000856,0.000343,-0.002061,-0.000588
3384.832373,9.193,3.042853,0.000855,0.000341,-0.002061,-0.000592
3386.0953470000004,9.193,3.118082,0.000856,0.000341,-0.00206,-0.000593
3388.614219,9.193,3.115917,0.000858,0.000342,-0.002058,-0.000592
3389.8789500000003,9.193,2.997005,0.000862,0.000342,-0.002054,-0.000591
3392.4113820000002,9.193,3.036598,0.000866,0.000347,-0.002052,-0.000585
3394.940315,9.193,3.330069,0.000861,0.000344,-0.002043,-0.00059
3396.1918729999998,9.193,3.020067,0.000862,0.000347,-0.00205,-0.00059
3398.70683,9.193,2.96364,0.000865,0.00035,-0.002045,-0.000587
3399.957149,9.193,3.010252,0.000862,0.000347,-0.002044,-0.000589
3402.471858,9.193,2.956802,0.000858,0.000346,-0.002053,-0.000588
3403.721649,9.193,3.088123,0.000854,0.000344,-0.002047,-0.000589
3406.2376000000004,9.193,3.545319,0.00085,0.00034,-0.002046,-0.000592
3408.7537890000003,9.193,3.103349,0.000855,0.000345,-0.002053,-0.000589
3410.0037389999998,9.193,2.982935,0.000863,0.000347,-0.00205,-0.000585
3412.50407,9.193,3.361131,0.000864,0.000352,-0.002048,-0.000584
3413.7542540000004,9.193,3.227821,0.000862,0.000347,-0.002049,-0.000587
3416.253794,9.193,3.474372,0.000861,0.000349,-0.002049,-0.000587
3418.7541,9.193,3.236914,0.00086,0.000346,-0.002051,-0.000587
3420.004409,9.193,3.083099,0.00086,0.000348,-0.002048,-0.000586
3422.5045339999997,9.193,3.096341,0.000865,0.000348,-0.002046,-0.000586
3423.768564,9.193,3.033452,0.000867,0.000351,-0.002049,-0.000587
3426.2692669999997,9.193,3.108474,0.000874,0.000357,-0.002051,-0.000581
3428.801146,9.193,3.325692,0.000876,0.000357,-0.002042,-0.000577
3430.0678470000003,9.193,3.482266,0.000879,0.000359,-0.002047,-0.000576
3432.5817859999997,9.193,3.064435,0.000873,0.000355,-0.002045,-0.00058
3433.8313120000003,9.193,3.025866,0.000877,0.000357,-0.002051,-0.000578
3436.331548,9.193,3.03603,0.000884,0.000362,-0.002048,-0.000574
3438.832064,9.193,3.288359,0.000882,0.000358,-0.00205,-0.000575
3440.0973700000004,9.193,3.046631,0.000876,0.000356,-0.002048,-0.000579
3442.6283299999996,9.193,2.198405,0.000867,0.000356,-0.002043,-0.000581
3443.8945000000003,9.193,2.926886,0.000865,0.000358,-0.002048,-0.000579
3446.410409,9.193,3.243339,0.000862,0.000353,-0.002037,-0.00058
3448.9262449999997,9.193,3.12535,0.000866,0.000352,-0.002035,-0.000581
3450.1922910000003,9.193,2.897861,0.000872,0.000354,-0.002037,-0.000575
3452.721687,9.193,3.177702,0.000879,0.000358,-0.002042,-0.000574
3453.973588,9.193,3.306906,0.000879,0.00036,-0.00204,-0.000572
3456.4882530000004,9.193,3.081433,0.000879,0.000361,-0.002037,-0.000567
3457.7382909999997,9.193,3.006024,0.00088,0.000363,-0.002039,-0.000562
3460.238195,9.193,3.186206,0.000879,0.000362,-0.002036,-0.000567
3462.7523060000003,9.193,3.257488,0.000872,0.000352,-0.00203,-0.000578
3464.004331,9.193,3.996282,0.000875,0.000354,-0.002038,-0.00058
3466.5022799999997,9.193,3.112898,0.000878,0.000358,-0.002044,-0.000575
3467.7537380000003,9.193,3.539679,0.000876,0.000356,-0.002035,-0.000575
3470.270388,9.193,3.135021,0.00087,0.000357,-0.00203,-0.000573
3472.8008529999997,9.193,3.265594,0.000867,0.000354,-0.002038,-0.000577
3474.0675,9.193,3.152889,0.000865,0.000355,-0.002038,-0.000577
3476.58238,9.193,3.292619,0.000862,0.000354,-0.002041,-0.000578
3477.8320809999996,9.193,2.740263,0.000862,0.000355,-0.002035,-0.000578
3480.331985,9.193,3.116978,0.000867,0.000358,-0.002038,-0.000574
3482.8463119999997,9.193,3.057618,0.000867,0.000357,-0.002042,-0.000575
3484.098341,9.193,3.031691,0.000865,0.000356,-0.002035,-0.000575
3486.613606,9.193,3.096542,0.000861,0.000359,-0.002033,-0.000575
3487.8637390000004,9.193,3.06375,0.000865,0.000359,-0.002037,-0.000573
3490.379597,9.194,3.301038,0.000865,0.000364,-0.002034,-0.00057
3492.8939600000003,9.194,3.104802,0.000868,0.000363,-0.002034,-0.000569
3494.144123,9.194,2.790657,0.000874,0.000366,-0.00204,-0.000565
3496.65938,9.194,3.287669,0.000869,0.000362,-0.002033,-0.000569
3497.9098590000003,9.194,3.09945,0.000873,0.000363,-0.002038,-0.000571
3500.4419479999997,9.194,3.095174,0.000875,0.000366,-0.002038,-0.000568
3502.9417569999996,9.194,3.068027,0.000876,0.000368,-0.002039,-0.000565
3504.206969,9.194,3.22164,0.000882,0.000372,-0.002043,-0.000563
3506.7221229999996,9.194,3.326907,0.000883,0.000369,-0.002042,-0.000564
3507.9729960000004,9.194,3.384379,0.000884,0.000369,-0.002043,-0.000563
3510.473682,9.194,3.427877,0.00088,0.000367,-0.002044,-0.000564
3511.7237189999996,9.194,2.89359,0.000878,0.000368,-0.002044,-0.000567
3514.222293,9.194,3.174301,0.000878,0.000366,-0.002041,-0.000566
3516.721544,9.194,3.117864,0.000882,0.000368,-0.002041,-0.000564
3517.9724669999996,9.194,2.714919,0.000884,0.000368,-0.002043,-0.000564
3520.489071,9.194,2.881159,0.000878,0.000368,-0.002042,-0.000563
3521.7537119999997,9.194,2.770778,0.000874,0.000367,-0.002034,-0.000564
3524.254374,9.194,3.106055,0.000878,0.00037,-0.00203,-0.000561
3526.7697550000003,9.194,3.819929,0.000887,0.00037,-0.002035,-0.00056
3528.034909,9.194,2.717434,0.000886,0.000371,-0.00203,-0.00056
3530.566852,9.194,3.012083,0.000884,0.00037,-0.002037,-0.000561
3531.8168560000004,9.194,3.095932,0.000883,0.000367,-0.00203,-0.000563
3534.346987,9.194,3.119843,0.000884,0.000368,-0.002037,-0.000564
3536.8789049999996,9.194,3.554073,0.000886,0.000365,-0.002034,-0.000563
3538.1293699999997,9.194,3.01413,0.000889,0.000371,-0.002041,-0.000561
3540.6447559999997,9.194,3.226701,0.000888,0.000371,-0.002036,-0.000562
3541.9111300000004,9.194,3.218818,0.000888,0.00037,-0.002036,-0.000563
3544.426329,9.194,3.074154,0.000882,0.000367,-0.002038,-0.000567
3546.941836,9.194,3.066833,0.00088,0.000367,-0.002033,-0.000561
3548.191952,9.194,3.082085,0.000875,0.000369,-0.002036,-0.000565
3550.6915719999997,9.194,2.986336,0.000873,0.000366,-0.002036,-0.000566
3551.9423260000003,9.194,3.035537,0.000875,0.000368,-0.002032,-0.000562
3554.4564,9.194,3.029266,0.000879,0.000373,-0.002033,-0.000557
3555.7228939999995,9.194,3.328318,0.000883,0.000374,-0.002036,-0.000555
3558.222334,9.194,3.275727,0.000885,0.000374,-0.002035,-0.000556
3560.723983,9.194,3.045575,0.000882,0.000373,-0.002038,-0.000558
3561.987989,9.194,3.495816,0.000882,0.000373,-0.002042,-0.00056
3564.5040609999996,9.194,3.007828,0.000884,0.000372,-0.002041,-0.00056
3565.769246,9.194,2.90854,0.000881,0.000373,-0.002042,-0.000561
3568.2686169999997,9.194,3.048456,0.000879,0.000373,-0.002044,-0.000562
3570.7693449999997,9.194,3.165908,0.000883,0.000376,-0.002041,-0.000559
3572.0197260000004,9.194,3.090043,0.000884,0.000376,-0.002032,-0.000557
3574.519709,9.194,3.101991,0.000889,0.000379,-0.002032,-0.000558
3575.769284,9.194,3.283271,0.000893,0.00038,-0.00204,-0.000558
3578.254102,9.194,2.202671,0.000894,0.000377,-0.002033,-0.000557
3580.7835969999996,9.194,3.120729,0.000896,0.00038,-0.002038,-0.000559
3582.0357599999998,9.194,3.088547,0.000889,0.000376,-0.002033,-0.00056
3584.5667540000004,9.194,3.180853,0.000887,0.000373,-0.002038,-0.000563
3585.8321020000003,9.194,3.151537,0.000885,0.000371,-0.002037,-0.000565
3588.332085,9.194,3.018767,0.000886,0.000371,-0.002031,-0.000561
3590.8327289999997,9.194,3.055161,0.00089,0.000374,-0.002032,-0.000558
3592.0823920000003,9.194,2.98953,0.000894,0.000374,-0.002035,-0.000555
3594.5818090000002,9.194,3.064514,0.000891,0.000379,-0.002035,-0.000552
3595.847968,9.194,3.016948,0.00089,0.000377,-0.00203,-0.000552
3598.364761,9.194,2.942388,0.000887,0.000379,-0.002028,-0.000553
3600.879038,9.194,2.979694,0.000882,0.000376,-0.002034,-0.000556
3602.144037,9.194,3.263308,0.000882,0.000375,-0.002026,-0.000556
3604.643599,9.194,3.015483,0.000889,0.000378,-0.002037,-0.000555
3605.8942349999998,9.194,3.090913,0.000891,0.000376,-0.002031,-0.000556
3608.3952170000002,9.194,3.038699,0.000894,0.000374,-0.002035,-0.000555
3610.926604,9.194,3.045601,0.000887,0.000375,-0.002034,-0.000555
3612.175875,9.194,3.272098,0.000883,0.000373,-0.002033,-0.000559
3614.6755380000004,9.194,3.060923,0.00088,0.000371,-0.002031,-0.000561
3615.941702,9.194,3.69637,0.000878,0.000369,-0.002035,-0.000565
3618.4548999999997,9.194,3.123366,0.000873,0.000362,-0.002032,-0.000569
3620.957072,9.194,3.284836,0.000864,0.000357,-0.002037,-0.000573
3622.219572,9.194,3.17324,0.000855,0.000347,-0.002033,-0.000583
3624.7392019999998,9.194,3.177898,0.000851,0.000343,-0.00203,-0.000589
3625.983612,9.194,3.009329,0.000846,0.000337,-0.002031,-0.000592
3628.470617,9.194,3.314747,0.00085,0.000339,-0.002043,-0.000588
3630.9721959999997,9.194,3.025924,0.000846,0.000336,-0.002039,-0.000593
3632.2240519999996,9.194,2.979652,0.000845,0.000334,-0.002049,-0.000596
3634.7383259999997,9.194,3.178874,0.000833,0.000325,-0.002052,-0.000604
3635.988279,9.194,2.840076,0.000835,0.000327,-0.002051,-0.000605
3638.504038,9.194,3.333629,0.000836,0.000331,-0.002055,-0.0006
3639.754207,9.194,3.210345,0.000835,0.00033,-0.002045,-0.000599
3642.269238,9.194,3.072966,0.000843,0.000335,-0.002053,-0.000598
3644.802374,9.194,3.727183,0.000851,0.000343,-0.002047,-0.000588
3646.0517040000004,9.194,3.156041,0.000842,0.000334,-0.002046,-0.0006
3648.582297,9.194,3.159797,0.000838,0.000327,-0.002053,-0.000604
3649.832021,9.194,3.118893,0.00084,0.000329,-0.002047,-0.000596
3652.332585,9.194,2.9015,0.000841,0.000326,-0.002058,-0.000599
3654.862553,9.194,3.125573,0.000849,0.000336,-0.002068,-0.000591
3656.113687,9.194,3.159563,0.00085,0.000334,-0.00206,-0.000588
3658.628659,9.194,3.07826,0.000842,0.000332,-0.002069,-0.000596
3659.8785019999996,9.194,3.129997,0.000841,0.000335,-0.002072,-0.000598
3662.378742,9.194,2.989801,0.00083,0.000319,-0.002069,-0.000615
3664.8794049999997,9.194,3.435368,0.00083,0.000323,-0.002062,-0.000612
3666.14358,9.194,3.287266,0.000841,0.000328,-0.002065,-0.000605
3668.644684,9.194,3.107216,0.000842,0.000325,-0.002067,-0.000603
3669.9097140000003,9.194,3.649482,0.000844,0.000328,-0.002065,-0.000602
3672.425786,9.194,3.117556,0.000845,0.000332,-0.002075,-0.000595
3674.9418800000003,9.194,3.478054,0.000843,0.000329,-0.002072,-0.000602
3676.191707,9.194,3.340356,0.000835,0.000319,-0.002068,-0.000614
3678.706676,9.194,3.145106,0.000841,0.000325,-0.002072,-0.000608
3679.956567,9.194,2.991228,0.000842,0.000325,-0.00207,-0.000611
3682.456773,9.194,3.424343,0.00084,0.000326,-0.002073,-0.000605
3684.956884,9.194,3.131817,0.000836,0.000321,-0.002074,-0.000616
3686.22245,9.194,3.295219,0.000836,0.00032,-0.002074,-0.000616
3688.722011,9.194,3.420317,0.000845,0.00033,-0.002071,-0.000607
3689.973465,9.194,3.042063,0.00084,0.000328,-0.002069,-0.000605
3692.488504,9.194,3.272693,0.000828,0.000317,-0.002078,-0.000615
3693.7546979999997,9.194,3.016003,0.000831,0.000319,-0.002074,-0.000613
3696.2686190000004,9.194,2.896847,0.000843,0.000332,-0.002075,-0.000598
3698.7855529999997,9.194,3.052222,0.000847,0.000338,-0.00208,-0.000592
3700.051754,9.194,3.67908,0.000842,0.000333,-0.002075,-0.000595
3702.5667080000003,9.194,3.065873,0.000831,0.000313,-0.002072,-0.000618
3703.816592,9.194,3.085661,0.000831,0.000318,-0.002069,-0.000616
3706.331609,9.194,3.288518,0.000828,0.000316,-0.002072,-0.000615
3708.8313120000003,9.194,2.990342,0.00083,0.000318,-0.00207,-0.000612
3710.082971,9.194,2.991896,0.000829,0.000321,-0.002076,-0.000606
3712.582408,9.194,1.869686,0.000835,0.000329,-0.002077,-0.000601
3713.8332060000002,9.194,3.092415,0.000839,0.000326,-0.002074,-0.000602
3716.36416,9.194,3.017589,0.00083,0.000314,-0.002088,-0.000621
3718.8783460000004,9.194,2.778423,0.000831,0.000315,-0.002084,-0.000618
3720.128294,9.194,3.077687,0.000833,0.000314,-0.002072,-0.000616
3722.64481,9.194,3.122787,0.00084,0.000319,-0.002069,-0.000613
3723.9106979999997,9.194,3.349587,0.00084,0.000319,-0.002075,-0.000614
3726.422337,9.194,3.046503,0.000831,0.000314,-0.002074,-0.000615
3728.909815,9.194,3.476303,0.000822,0.000316,-0.002073,-0.000616
3730.1598480000002,9.194,3.518161,0.000826,0.000318,-0.002071,-0.000612
3732.692389,9.194,2.977572,0.000826,0.000314,-0.002068,-0.000618
3733.9423129999996,9.194,3.243047,0.000824,0.000318,-0.002069,-0.000617
3736.4737400000004,9.194,3.087534,0.000821,0.00031,-0.002082,-0.000622
3737.738321,9.194,2.916694,0.000819,0.00031,-0.002078,-0.000624
3740.254342,9.194,3.056753,0.000821,0.000313,-0.002077,-0.00062
3742.7706399999997,9.194,3.088404,0.000828,0.000321,-0.002072,-0.00061
3744.0346069999996,9.194,3.035627,0.000832,0.000322,-0.002068,-0.000607
3746.567065,9.194,3.146985,0.000832,0.000325,-0.002065,-0.000607
3747.8163050000003,9.194,3.426365,0.000833,0.000329,-0.002058,-0.000604
3750.3323119999995,9.194,3.091279,0.000841,0.000335,-0.00206,-0.000597
3752.8325459999996,9.194,3.14413,0.00085,0.000342,-0.002055,-0.000589
3754.0966310000003,9.194,3.195215,0.00085,0.000343,-0.00205,-0.000589
3756.597688,9.194,2.98153,0.000851,0.000345,-0.002043,-0.000588
3757.8632850000004,9.194,3.272151,0.000856,0.000348,-0.002046,-0.000587
3760.378565,9.194,2.956123,0.000864,0.000349,-0.002039,-0.000582
3762.8781769999996,9.194,3.201316,0.000873,0.000356,-0.002041,-0.000578
3764.1281980000003,9.194,3.92326,0.000875,0.000356,-0.002046,-0.000578
3766.629419,9.194,3.115896,0.000873,0.000355,-0.002048,-0.000577
3767.894751,9.194,2.971805,0.00087,0.000354,-0.002045,-0.000576
3770.425274,9.194,3.050583,0.000869,0.000356,-0.002048,-0.00058
3772.957053,9.194,3.066684,0.00087,0.000352,-0.002041,-0.000579
3774.2225390000003,9.194,3.060297,0.000871,0.000353,-0.002043,-0.00058
3776.722379,9.194,3.085741,0.000864,0.000349,-0.002041,-0.000586
3777.972194,9.194,3.130273,0.000858,0.000351,-0.002039,-0.000588
3780.4876919999997,9.194,3.090542,0.000857,0.000346,-0.002045,-0.000591
3781.753584,9.194,3.214871,0.000856,0.000344,-0.002043,-0.000591
3784.268688,9.194,3.17359,0.000857,0.000345,-0.002049,-0.000591
3786.7687130000004,9.194,3.064976,0.000858,0.000344,-0.002049,-0.000592
3788.0187690000002,9.194,3.313851,0.00086,0.000345,-0.00204,-0.00059
3790.5356300000003,9.194,3.038492,0.00086,0.000347,-0.002039,-0.000589
3791.801673,9.194,2.982065,0.00086,0.00035,-0.002041,-0.000588
3794.316027,9.194,2.889367,0.000861,0.000348,-0.002041,-0.000584
3796.816672,9.194,3.280067,0.00087,0.000352,-0.00204,-0.000582
3798.06592,9.194,3.230924,0.000871,0.000351,-0.002044,-0.00058
3800.56704,9.194,2.888316,0.000861,0.000352,-0.002046,-0.000583
3801.8316860000004,9.194,3.208855,0.000859,0.000351,-0.002046,-0.000585
3804.331582,9.194,3.029579,0.000861,0.000354,-0.002042,-0.000582
3806.84695,9.194,3.43958,0.000862,0.000355,-0.002041,-0.00058
3808.0979450000004,9.194,3.10485,0.000862,0.000355,-0.002037,-0.000579
3810.6292940000003,9.194,2.951746,0.000863,0.000355,-0.002042,-0.000577
3811.8942909999996,9.194,3.602212,0.000864,0.000359,-0.002039,-0.000576
3814.424967,9.194,3.421425,0.000862,0.000357,-0.00204,-0.000576
3816.9264380000004,9.194,3.473841,0.000866,0.000357,-0.002036,-0.000576
3818.192051,9.194,2.937947,0.000871,0.000361,-0.002041,-0.000574
3820.7216980000003,9.194,3.018131,0.000871,0.00036,-0.002035,-0.000575
3821.9724239999996,9.194,3.015913,0.00087,0.000364,-0.002041,-0.00057
3824.472696,9.194,3.244925,0.000873,0.000362,-0.002043,-0.000573
3826.988233,9.194,3.217221,0.000868,0.000361,-0.002039,-0.000573
3828.2376679999998,9.194,3.172052,0.00087,0.000361,-0.002041,-0.000575
3830.768986,9.194,3.067798,0.000867,0.000364,-0.00204,-0.000573
3832.019131,9.194,3.282497,0.000869,0.000366,-0.002039,-0.000569
3834.503723,9.194,3.076165,0.000876,0.000365,-0.002041,-0.000569
3835.768226,9.194,3.125143,0.000877,0.000366,-0.002048,-0.00057
3838.26991,9.194,3.001095,0.000884,0.000371,-0.00205,-0.000568
3840.8007049999997,9.194,3.020438,0.000879,0.00037,-0.002043,-0.00057
3842.0671700000003,9.194,3.227778,0.000879,0.000372,-0.002049,-0.000569
3844.582211,9.194,3.035293,0.000878,0.000373,-0.002043,-0.000565
3845.8320999999996,9.194,3.035548,0.000878,0.000374,-0.002051,-0.000563
3848.3320000000003,9.194,3.176031,0.00088,0.000372,-0.002047,-0.000566
3850.862317,9.194,3.100967,0.000882,0.000368,-0.002039,-0.000567
3852.113005,9.194,3.233869,0.000885,0.000368,-0.002043,-0.000569
3854.6292999999996,9.194,2.95104,0.00089,0.000373,-0.002046,-0.000566
3855.8936700000004,9.194,3.137759,0.000889,0.000372,-0.002043,-0.000563
3858.409928,9.194,3.125689,0.00089,0.000377,-0.002044,-0.000557
3860.9092149999997,9.194,3.096261,0.000889,0.000377,-0.002044,-0.000561
3862.160436,9.194,3.091242,0.000884,0.000372,-0.002034,-0.000565
3864.660183,9.194,3.086224,0.000874,0.000359,-0.002033,-0.000576
3865.924846,9.194,3.002581,0.000876,0.000362,-0.002039,-0.000573
3868.42613,9.194,3.042816,0.000877,0.000364,-0.002036,-0.000568
3870.9422860000004,9.194,3.040285,0.000879,0.000365,-0.002031,-0.000569
3872.206585,9.194,2.998024,0.000878,0.000365,-0.002037,-0.000571
3874.7215159999996,9.194,3.251127,0.000876,0.000367,-0.00203,-0.000568
3875.9737999999998,9.194,3.317315,0.000873,0.000365,-0.00204,-0.00057
3878.4720289999996,9.194,3.046142,0.000866,0.000358,-0.002041,-0.000577
3880.9722789999996,9.194,2.829168,0.00087,0.000357,-0.002043,-0.000576
3882.222151,9.194,3.054631,0.000868,0.000356,-0.002035,-0.000575
3884.7230360000003,9.194,2.772519,0.00087,0.000362,-0.002033,-0.000567
3885.9885409999997,9.194,3.07886,0.000871,0.000366,-0.002038,-0.000566
3888.5039020000004,9.194,3.585305,0.000866,0.000362,-0.002033,-0.000566
3889.769983,9.194,2.481143,0.000868,0.000363,-0.002039,-0.000566
3892.2985820000004,9.194,3.065406,0.000869,0.000361,-0.002033,-0.00057
3894.817013,9.194,2.823735,0.000866,0.000362,-0.002034,-0.00057
3896.081427,9.194,3.109482,0.000866,0.000361,-0.00203,-0.000569
3898.582225,9.194,2.878804,0.000869,0.000366,-0.002028,-0.000563
3899.8316729999997,9.194,3.091046,0.000871,0.000367,-0.002035,-0.000561
3902.346872,9.194,3.484224,0.000868,0.000365,-0.002031,-0.000564
3904.8787700000003,9.194,3.338833,0.000872,0.000365,-0.002033,-0.000564
3906.1283430000003,9.194,3.324546,0.000873,0.000366,-0.002032,-0.000566
3908.643736,9.194,3.101296,0.000872,0.000366,-0.002024,-0.000564
3909.894733,9.194,2.982458,0.000874,0.00037,-0.002031,-0.000563
3912.410207,9.194,2.95304,0.000879,0.000373,-0.002028,-0.000562
3914.926023,9.194,3.268448,0.000887,0.000374,-0.002036,-0.000562
3916.1755139999996,9.194,2.843328,0.000889,0.000378,-0.002039,-0.000561
3918.6918720000003,9.194,3.124798,0.000886,0.000378,-0.002037,-0.000558
3919.957152,9.194,3.070616,0.000885,0.000379,-0.002041,-0.000558
3922.4571539999997,9.194,3.237566,0.000891,0.000382,-0.002041,-0.000554
3924.972928,9.194,2.898407,0.000898,0.000385,-0.002037,-0.00055
3926.223215,9.194,3.078998,0.000898,0.000384,-0.002034,-0.00055
3928.7377859999997,9.194,2.866931,0.000896,0.000386,-0.002044,-0.000544
3929.988384,9.194,3.029738,0.000892,0.000382,-0.002037,-0.000548
3932.4888920000003,9.194,3.011669,0.000895,0.000383,-0.002033,-0.000554
3933.754674,9.194,3.049792,0.000897,0.000385,-0.002043,-0.00055
3936.2696589999996,9.194,3.034407,0.000888,0.000384,-0.002036,-0.00055
3938.78553,9.194,3.078122,0.000887,0.00038,-0.002038,-0.000552
3940.0511690000003,9.194,3.201533,0.000886,0.000378,-0.002037,-0.000554
3942.5666309999997,9.194,3.08086,0.000883,0.000375,-0.002032,-0.000558
3943.817279,9.194,2.793209,0.000882,0.000374,-0.002038,-0.000561
3946.3163969999996,9.194,3.105959,0.000873,0.000366,-0.002037,-0.000567
3948.8315759999996,9.194,3.105365,0.00088,0.000368,-0.002034,-0.000564
3950.081784,9.194,2.977763,0.000885,0.000371,-0.002033,-0.00056
3952.582611,9.194,3.100309,0.000879,0.000372,-0.002027,-0.000556
3953.8320379999996,9.194,3.052238,0.000876,0.000369,-0.002028,-0.000562
3956.331674,9.194,3.063851,0.000864,0.00036,-0.002026,-0.000571
3958.8312960000003,9.194,3.165235,0.000863,0.000354,-0.00203,-0.000578
3960.0823689999997,9.194,3.20009,0.000856,0.000349,-0.002036,-0.000584
3962.581645,9.194,3.011016,0.000838,0.000335,-0.002052,-0.000599
3963.832751,9.194,3.253355,0.00084,0.000336,-0.002056,-0.000598
3966.346925,9.194,3.168269,0.000832,0.00033,-0.002051,-0.0006
3968.8641420000004,9.194,3.095089,0.000832,0.000328,-0.002056,-0.000602
3970.1287469999997,9.194,3.155171,0.000838,0.000333,-0.002049,-0.000597
3972.6602999999996,9.194,2.968155,0.000841,0.000339,-0.002052,-0.000595
3973.9256370000003,9.194,3.043362,0.000844,0.000337,-0.002048,-0.000593
3976.4261269999997,9.194,3.338297,0.000843,0.000336,-0.002049,-0.000595
3978.942062,9.194,2.900991,0.000853,0.000343,-0.002048,-0.000591
3980.192035,9.194,2.905627,0.000843,0.000336,-0.002042,-0.000595
3982.707259,9.194,3.047219,0.000831,0.000326,-0.002053,-0.000607
3983.957918,9.194,3.015987,0.000822,0.000317,-0.002056,-0.00062
3986.4741759999997,9.194,3.012868,0.000823,0.000317,-0.002045,-0.000617
3988.98779,9.194,3.028762,0.000835,0.000323,-0.002049,-0.000608
3990.2380160000002,9.194,3.521307,0.000844,0.000333,-0.002058,-0.000604
3992.754258,9.194,3.010067,0.000845,0.000336,-0.002056,-0.000595
3994.0192479999996,9.194,2.89664,0.000843,0.000334,-0.002058,-0.000596
3996.5194030000002,9.194,3.114357,0.000837,0.000331,-0.00206,-0.0006
3997.785613,9.194,3.098627,0.000823,0.000316,-0.002061,-0.000618
4000.3003639999997,9.194,2.828855,0.000827,0.000318,-0.002066,-0.000619
4002.8167299999996,9.194,2.950229,0.000837,0.000329,-0.002071,-0.000605
4004.0610589999997,9.194,3.077353,0.00084,0.000332,-0.00207,-0.000602
4006.5511349999997,9.194,3.04332,0.000836,0.000329,-0.00207,-0.000609
4007.815453,9.194,3.316015,0.000835,0.000328,-0.002076,-0.00061
4010.333485,9.194,2.878364,0.000828,0.00032,-0.002069,-0.000611
4012.8316059999997,9.194,2.919808,0.000833,0.000322,-0.002075,-0.000609
4014.082144,9.194,3.31506,0.000824,0.000313,-0.002071,-0.000617
4016.613149,9.194,3.082207,0.000809,0.000301,-0.002077,-0.00063
4017.864316,9.194,3.151966,0.000809,0.000303,-0.002076,-0.000633
4020.378893,9.194,3.136554,0.000808,0.000304,-0.002075,-0.000628
4022.893817,9.194,3.230882,0.000815,0.000308,-0.00208,-0.000623
4024.144061,9.194,3.07686,0.000819,0.000307,-0.002074,-0.000626
4026.6752539999998,9.194,2.96615,0.000818,0.000308,-0.002067,-0.000624
4027.92541,9.194,3.187899,0.000809,0.000301,-0.002066,-0.00063
4030.4425359999996,9.194,3.022927,0.000816,0.000312,-0.002075,-0.000621
4032.9566459999996,9.194,3.194419,0.000836,0.000317,-0.002064,-0.000617
4034.206617,9.194,3.152518,0.000832,0.000316,-0.002073,-0.000619
4036.7078469999997,9.194,3.362447,0.00083,0.000315,-0.00208,-0.000616
4037.9569009999996,9.194,3.004019,0.00083,0.000315,-0.002083,-0.000614
4040.4880540000004,9.194,3.071698,0.000824,0.000319,-0.002086,-0.000618
4041.738631,9.194,3.309787,0.00082,0.000318,-0.002077,-0.000617
4044.2536419999997,9.194,3.112771,0.000829,0.00032,-0.002083,-0.00061
4046.754183,9.194,2.98379,0.000834,0.000321,-0.002081,-0.000609
4048.003793,9.194,3.129658,0.00084,0.000328,-0.002084,-0.000605
4050.5186329999997,9.194,3.321809,0.000836,0.000324,-0.002081,-0.000606
4051.768913,9.194,3.193872,0.000835,0.000322,-0.002089,-0.000609
4054.270399,9.194,3.155171,0.000823,0.000311,-0.002091,-0.000619
4056.7852569999995,9.194,2.990167,0.000813,0.000307,-0.002082,-0.000625
4058.0509279999997,9.194,3.084993,0.000817,0.000312,-0.002078,-0.000622
4060.5658439999997,9.194,3.386135,0.000814,0.000311,-0.002076,-0.000622
4061.816591,9.194,3.040917,0.000812,0.000312,-0.002069,-0.00062
4064.331835,9.194,3.024295,0.000823,0.000317,-0.002072,-0.000614
4066.8322470000003,9.194,3.181384,0.00082,0.000314,-0.002069,-0.000617
4068.082612,9.194,3.199072,0.000821,0.000314,-0.002073,-0.000618
4070.5968860000003,9.194,3.61703,0.00082,0.000315,-0.00207,-0.000613
4071.863983,9.194,3.034853,0.000824,0.000319,-0.002071,-0.000612
4074.378627,9.194,3.018428,0.000824,0.000312,-0.002071,-0.000619
4076.8782819999997,9.194,3.067157,0.000819,0.000312,-0.002074,-0.000621
4078.1283299999996,9.194,3.053161,0.000819,0.000315,-0.002078,-0.000621
4080.6296060000004,9.194,3.273801,0.000826,0.000324,-0.002072,-0.000615
4081.893648,9.194,3.026927,0.000827,0.000324,-0.002067,-0.000614
4084.394411,9.194,2.998263,0.000832,0.000331,-0.002064,-0.000606
4086.910041,9.194,3.091879,0.000831,0.000333,-0.00206,-0.000606
4088.159724,9.194,3.041893,0.000834,0.000336,-0.002062,-0.000603
4090.675725,9.194,3.323177,0.000837,0.000338,-0.002059,-0.000597
4091.942108,9.194,3.436805,0.000839,0.000339,-0.002057,-0.000593
4094.4568630000003,9.194,3.178726,0.000852,0.000347,-0.00206,-0.00059
4096.972225,9.194,3.268751,0.000853,0.000346,-0.002062,-0.000589
4098.223626,9.194,3.222155,0.000853,0.000347,-0.002057,-0.000589
4100.737957,9.194,3.35859,0.000855,0.000347,-0.002059,-0.000586
4101.988697,9.194,3.142735,0.000859,0.000349,-0.002056,-0.000585
4104.519054,9.194,3.041315,0.000861,0.000351,-0.002051,-0.000586
4105.769745,9.194,3.057671,0.00086,0.000351,-0.002056,-0.000587
4108.284464,9.194,3.070812,0.000854,0.000348,-0.002054,-0.000588
4110.784523,9.194,3.03515,0.000854,0.000348,-0.002055,-0.000586
4112.051573,9.194,2.987185,0.000855,0.000347,-0.002052,-0.000582
4114.565798,9.194,2.748894,0.000857,0.00035,-0.002054,-0.000584
4115.816867,9.194,2.922631,0.000857,0.000349,-0.002051,-0.000585
4118.33147,9.194,3.067321,0.000856,0.000355,-0.002054,-0.00058
4120.847201,9.194,3.124092,0.000861,0.000354,-0.002053,-0.000581
4122.097885,9.194,3.647742,0.000859,0.000349,-0.002045,-0.000585
4124.613913,9.194,3.277075,0.000862,0.00035,-0.002047,-0.000585
4125.879901,9.194,3.076382,0.000863,0.000352,-0.002048,-0.000587
4128.379257,9.194,3.25274,0.000862,0.000351,-0.002041,-0.000584
4130.894238,9.194,3.368055,0.000857,0.000345,-0.00204,-0.00059
4132.144742,9.194,3.396454,0.00086,0.000348,-0.002047,-0.000591
4134.659578,9.194,3.128968,0.000858,0.00034,-0.002046,-0.000595
4135.91048,9.194,3.087534,0.000855,0.000339,-0.00204,-0.000593
4138.42688,9.194,3.300434,0.000858,0.000347,-0.002048,-0.000585
4140.927104,9.194,3.235885,0.000863,0.000353,-0.002048,-0.000582
4142.175753,9.194,3.14499,0.000863,0.000352,-0.002046,-0.000581
4144.675277,9.194,3.008125,0.00086,0.000353,-0.002048,-0.000579
4145.942108,9.194,3.325077,0.00086,0.000352,-0.002046,-0.000578
4148.456846,9.194,3.053506,0.000866,0.000353,-0.002046,-0.000579
4150.972225,9.194,3.912156,0.000866,0.000352,-0.002043,-0.00058
4152.223017,9.194,3.063056,0.000866,0.000352,-0.002039,-0.000579
4154.738701,9.194,3.016205,0.000868,0.000353,-0.002041,-0.00058
4156.004837,9.194,3.021945,0.000863,0.000352,-0.002036,-0.00058
4158.519118,9.194,3.243126,0.000866,0.000355,-0.002041,-0.000575
4159.768628,9.194,3.055713,0.000864,0.000354,-0.002042,-0.000576
4162.269394,9.194,3.124984,0.000861,0.000353,-0.002044,-0.000575
4164.768819,9.194,3.024836,0.000864,0.000359,-0.002045,-0.000573
4166.016489,9.194,2.996575,0.000864,0.000361,-0.002038,-0.000569
4168.519373,9.194,3.063453,0.000872,0.000362,-0.002035,-0.00057
4169.770089,9.194,3.294959,0.000873,0.000365,-0.00204,-0.000569
4172.284779,9.194,2.785575,0.000875,0.000364,-0.002037,-0.000568
4174.800969,9.194,3.056042,0.000875,0.000367,-0.002036,-0.000564
4176.066891,9.194,3.091529,0.000873,0.000366,-0.002043,-0.000568
4178.582372,9.194,3.152491,0.00087,0.000369,-0.00204,-0.000566
4179.846979,9.194,3.140613,0.00087,0.00037,-0.002044,-0.000566
4182.362744,9.194,3.212924,0.00087,0.000369,-0.002043,-0.000564
4184.877959,9.194,3.001706,0.000878,0.000372,-0.002038,-0.000563
4186.129535,9.194,3.028582,0.000884,0.000372,-0.002047,-0.000564
4188.644328,9.194,2.989939,0.000882,0.000371,-0.002046,-0.000565
4189.894496,9.194,2.990427,0.000881,0.000368,-0.00204,-0.000565
4192.410606,9.194,3.028736,0.000878,0.00037,-0.002039,-0.000563
4194.941591,9.194,2.957078,0.000888,0.000379,-0.002043,-0.000559
4196.191922,9.194,3.128708,0.000884,0.000376,-0.002034,-0.000561
4198.707616,9.194,3.199682,0.000877,0.000372,-0.002035,-0.000569
4199.972303,9.194,2.87396,0.000875,0.000371,-0.002036,-0.000571
4202.474133,9.194,3.097004,0.000877,0.000371,-0.002037,-0.000571
4204.988081,9.194,3.139451,0.000875,0.000368,-0.002035,-0.000566
4206.239476,9.194,3.082117,0.000879,0.000369,-0.002044,-0.000565
4208.753749,9.194,3.107094,0.000885,0.000373,-0.002045,-0.000562
4210.020257,9.194,3.131647,0.000879,0.000373,-0.00204,-0.000562
4212.535636,9.194,2.921023,0.000878,0.000375,-0.002045,-0.000562
4213.801261,9.194,3.090563,0.000879,0.000373,-0.002039,-0.000564
4216.316466,9.194,3.244458,0.000881,0.000371,-0.002042,-0.000563
4218.831384,9.194,3.266061,0.000886,0.000374,-0.002045,-0.000565
4220.082658,9.194,2.990347,0.000882,0.00037,-0.002037,-0.000563
4222.582022,9.194,3.189549,0.000875,0.000367,-0.002039,-0.000567
4223.831734,9.194,3.464287,0.000874,0.000366,-0.00204,-0.00057
4226.332287,9.194,3.275297,0.000871,0.000367,-0.002041,-0.000569
4228.832511,9.194,2.519373,0.00087,0.000367,-0.002038,-0.000569
4230.097087,9.194,3.202594,0.000865,0.000362,-0.002033,-0.000569
4232.61274,9.194,3.139064,0.000872,0.000363,-0.002036,-0.000569
4233.863715,9.194,3.304201,0.000871,0.000365,-0.002042,-0.000567
4236.37916,9.194,3.408703,0.000875,0.000366,-0.002035,-0.000566
4238.878254,9.194,3.065316,0.000871,0.000367,-0.002035,-0.000563
4240.128408,9.194,3.029425,0.00087,0.000371,-0.002038,-0.00056
4242.643637,9.194,3.064254,0.00087,0.00037,-0.002038,-0.000561
4243.893735,9.194,3.036874,0.000869,0.000369,-0.002031,-0.000562
4246.393678,9.194,3.144348,0.000869,0.000368,-0.002032,-0.000564
4248.894098,9.194,3.268257,0.000871,0.000366,-0.002035,-0.000565
4250.14409,9.194,3.106288,0.000872,0.000366,-0.002041,-0.000564
4252.64424,9.194,2.889197,0.00087,0.000369,-0.00204,-0.000564
4253.894788,9.194,3.003488,0.000871,0.000368,-0.002035,-0.000562
4256.409604,9.194,2.916928,0.000871,0.000368,-0.002034,-0.000563
4258.909528,9.194,2.936589,0.00087,0.000367,-0.002035,-0.000565
4260.159727,9.194,3.38761,0.000875,0.00037,-0.002041,-0.000563
4262.676206,9.194,3.23667,0.000874,0.00037,-0.002039,-0.000564
4263.925428,9.194,3.038285,0.000872,0.00037,-0.002034,-0.000563
4266.440674,9.194,2.915294,0.000877,0.00037,-0.002041,-0.000566
4268.953912,9.194,3.090722,0.000879,0.000372,-0.00204,-0.000564
4270.192613,9.194,3.093916,0.000879,0.000373,-0.002036,-0.000563
4272.691558,9.194,2.430972,0.000878,0.000369,-0.00203,-0.000566
4273.940546,9.194,3.144618,0.000881,0.000373,-0.002036,-0.000567
4276.457687,9.194,3.097439,0.000879,0.000369,-0.002036,-0.000567
4278.973261,9.194,3.191803,0.000876,0.000369,-0.002033,-0.000564
4280.237226,9.194,3.562476,0.00088,0.000373,-0.002035,-0.00056
4282.73857,9.194,3.250639,0.000882,0.000375,-0.002038,-0.000553
4283.989262,9.194,3.383206,0.00088,0.000375,-0.002038,-0.000555
4286.488678,9.194,3.273319,0.000871,0.000371,-0.002032,-0.00056
4289.003449,9.194,3.108866,0.000874,0.000372,-0.002031,-0.000559
4290.254181,9.194,3.084658,0.000875,0.000373,-0.002031,-0.00056
4292.785475,9.194,3.098797,0.000877,0.000375,-0.002026,-0.000556
4294.050515,9.194,2.997599,0.000877,0.000375,-0.002026,-0.000555
4296.566669,9.194,3.017897,0.000874,0.000375,-0.00203,-0.000557
4297.816752,9.194,3.107588,0.000876,0.000375,-0.002033,-0.000559
4300.331403,9.194,3.060992,0.000881,0.000375,-0.002032,-0.000556
4302.845983,9.194,2.401841,0.000886,0.000377,-0.002037,-0.000554
4304.096794,9.194,3.065156,0.000887,0.00038,-0.00204,-0.000552
4306.6292,9.194,3.201629,0.000889,0.000382,-0.002034,-0.000551
4307.878758,9.194,3.493858,0.000891,0.000383,-0.002039,-0.000551
4310.39428,9.194,3.052556,0.000889,0.000382,-0.002037,-0.000553
4312.909678,9.194,3.384453,0.000888,0.000383,-0.002035,-0.000551
4314.160431,9.194,3.408104,0.000892,0.000385,-0.002043,-0.000551
4316.675605,9.194,3.242299,0.000888,0.000382,-0.002038,-0.000554
4317.926789,9.194,2.980484,0.000884,0.00038,-0.002035,-0.000555
4320.442605,9.194,3.397997,0.000881,0.000375,-0.002031,-0.00056
4322.972431,9.194,3.087359,0.000886,0.00038,-0.002029,-0.000556
4324.222191,9.194,3.175118,0.000886,0.000379,-0.002031,-0.000557
4326.722372,9.194,3.278788,0.000886,0.00038,-0.002032,-0.000556
4327.972078,9.194,3.005711,0.000884,0.000383,-0.002035,-0.000555
4330.471847,9.194,3.017754,0.000889,0.000383,-0.002037,-0.000554
4332.98893,9.194,3.071167,0.00089,0.000383,-0.002033,-0.00055
4334.254112,9.194,2.894969,0.00089,0.000387,-0.002037,-0.000551
4336.769781,9.194,2.63941,0.000883,0.000379,-0.002032,-0.000555
4338.019721,9.194,3.17879,0.000886,0.000377,-0.002033,-0.000557
4340.535627,9.194,3.056005,0.00089,0.000381,-0.002034,-0.000557
4341.801178,9.194,2.978575,0.000887,0.000378,-0.002027,-0.000556
4344.31757,9.194,3.191501,0.000882,0.000374,-0.00203,-0.000562
4346.829904,9.194,2.834622,0.000882,0.000375,-0.002026,-0.00056
4348.081475,9.194,2.905298,0.000879,0.000374,-0.002022,-0.00056
4350.581788,9.194,3.398077,0.000867,0.000364,-0.002029,-0.000568
4351.847155,9.194,3.144825,0.000856,0.000353,-0.002033,-0.000578
4354.363532,9.194,3.116713,0.000854,0.000352,-0.002036,-0.000578
4356.879296,9.194,2.993344,0.000852,0.00035,-0.002038,-0.000585
4358.128658,9.194,3.019282,0.000851,0.000347,-0.002044,-0.000588
4360.628878,9.194,3.022062,0.000849,0.000344,-0.002046,-0.000591
4361.894138,9.194,3.573485,0.000856,0.000346,-0.002049,-0.000591
4364.409747,9.194,3.348059,0.00086,0.000344,-0.002055,-0.000589
4366.94039,9.194,3.328377,0.000865,0.000351,-0.002049,-0.000582
4368.192182,9.194,3.27169,0.000858,0.000345,-0.002057,-0.000585
4370.707577,9.194,3.198838,0.000857,0.000352,-0.002061,-0.000583
4371.973056,9.194,2.653872,0.00086,0.000351,-0.002062,-0.000583
4374.50419,9.194,3.151213,0.000847,0.000336,-0.002067,-0.000595
4377.004325,9.194,2.970765,0.000839,0.000328,-0.002064,-0.000602
4378.269046,9.194,3.051968,0.000824,0.000315,-0.002062,-0.000619
4380.769685,9.194,3.057331,0.00083,0.000323,-0.002063,-0.000607
4382.033488,9.194,3.069692,0.000837,0.000331,-0.002056,-0.000601
4384.550544,9.194,3.022635,0.000822,0.000319,-0.002051,-0.000616
4385.801453,9.194,3.136517,0.000823,0.000321,-0.002055,-0.000613
4388.317087,9.194,3.16585,0.000827,0.000327,-0.002056,-0.000603
4390.831133,9.194,3.075273,0.00083,0.000327,-0.002061,-0.000606
4392.08208,9.194,3.025346,0.000841,0.000337,-0.002066,-0.000595
4394.582231,9.194,2.796992,0.000839,0.000341,-0.002074,-0.000589
4395.83159,9.194,2.859005,0.000841,0.000341,-0.002068,-0.000589
4398.331939,9.194,3.092638,0.000822,0.00032,-0.002066,-0.000604
4400.846936,9.194,3.05132,0.000829,0.000329,-0.002074,-0.000603
4402.098569,9.194,3.366994,0.000831,0.00033,-0.002068,-0.000603
4404.627951,9.194,3.137886,0.000836,0.000331,-0.002072,-0.000598
4405.878904,9.194,2.622894,0.000836,0.000329,-0.00207,-0.000601
4408.378776,9.194,2.91289,0.000811,0.000309,-0.002077,-0.000624
4410.894468,9.194,3.126782,0.000806,0.000309,-0.002068,-0.000623
4412.159437,9.194,3.079687,0.000813,0.000313,-0.002069,-0.000617
4414.676397,9.194,3.352924,0.000791,0.000294,-0.002074,-0.000637
4415.926543,9.194,3.153022,0.000787,0.00029,-0.002083,-0.000644
4418.426579,9.194,2.473159,0.000787,0.000296,-0.002083,-0.000639
4420.927268,9.194,3.971204,0.000806,0.000303,-0.002073,-0.000627
4422.17597,9.194,3.438307,0.000814,0.000312,-0.002073,-0.000624
4424.691334,9.194,3.067056,0.000814,0.00032,-0.002078,-0.000615
4425.942062,9.194,2.967423,0.000822,0.000322,-0.002082,-0.000615
4428.472677,9.194,3.108437,0.000824,0.000323,-0.002078,-0.00061
4430.97165,9.194,3.033839,0.000831,0.000329,-0.002076,-0.000604
4432.238758,9.194,3.177723,0.000833,0.000332,-0.002086,-0.000596
4434.77037,9.194,3.471788,0.00083,0.000327,-0.002082,-0.000598
4436.036106,9.194,3.091343,0.000832,0.000325,-0.002085,-0.000607
4438.551681,9.194,3.044132,0.000816,0.000314,-0.002077,-0.000615
4439.817178,9.194,3.69775,0.000821,0.000318,-0.002082,-0.000613
4442.332278,9.194,3.098272,0.000823,0.000321,-0.002074,-0.000608
4444.832504,9.194,3.071608,0.000837,0.000333,-0.002076,-0.000594
4446.083152,9.194,3.138708,0.000836,0.000331,-0.002083,-0.000601
4448.597565,9.194,3.031293,0.000832,0.000328,-0.002085,-0.000602
4449.864769,9.194,2.921448,0.000831,0.000329,-0.002081,-0.000601
4452.378019,9.194,3.135801,0.000822,0.000319,-0.002077,-0.000614
4454.878326,9.194,3.035399,0.000822,0.000314,-0.002079,-0.000616
4456.128466,9.194,3.03046,0.000829,0.000317,-0.002073,-0.000615
4458.629097,9.194,3.086712,0.000836,0.000324,-0.002074,-0.000603
4459.894259,9.194,3.079088,0.000834,0.000326,-0.002079,-0.000606
4462.392913,9.194,2.960569,0.000829,0.000321,-0.002069,-0.000606
4464.894698,9.194,2.999042,0.000831,0.000327,-0.002072,-0.000604
4466.159569,9.194,3.057289,0.000829,0.000329,-0.002073,-0.000604
4468.658669,9.194,3.17063,0.000832,0.000329,-0.002067,-0.000608
4469.910554,9.194,3.24736,0.000834,0.000328,-0.002061,-0.000607
4472.425076,9.194,3.127297,0.000831,0.00033,-0.002061,-0.000603
4474.941548,9.194,3.035866,0.000831,0.000332,-0.002065,-0.000598
4476.206581,9.194,2.958027,0.000833,0.000335,-0.002065,-0.000597
4478.722274,9.194,3.107858,0.000828,0.000329,-0.002062,-0.000606
4479.98754,9.194,3.149202,0.000826,0.000327,-0.002062,-0.000608
4482.504416,9.194,3.388092,0.000829,0.000334,-0.002059,-0.000603
4485.003937,9.194,2.959746,0.000836,0.000339,-0.002057,-0.000598
4486.253168,9.194,3.087948,0.000837,0.000342,-0.002063,-0.000594
4488.754766,9.194,2.982485,0.000845,0.000342,-0.002061,-0.000593
4490.019179,9.194,3.170359,0.000845,0.000341,-0.002055,-0.000594
4492.534562,9.194,3.118628,0.000848,0.000342,-0.00206,-0.000595
4493.78543,9.194,3.450302,0.000847,0.000342,-0.002057,-0.000595
4496.315529,9.194,3.172784,0.000846,0.00034,-0.002055,-0.000599
4498.832093,9.194,3.035548,0.000841,0.000337,-0.002056,-0.000603
4500.081749,9.194,3.333395,0.000838,0.000334,-0.002049,-0.000601
4502.597976,9.194,3.142693,0.000841,0.000333,-0.002051,-0.000597
4503.864389,9.194,2.742305,0.000842,0.000336,-0.002052,-0.000596
4506.380148,9.194,3.091073,0.000845,0.000342,-0.002046,-0.00059
4508.910853,9.194,3.033951,0.000846,0.000346,-0.002051,-0.000589
4510.176545,9.194,3.08521,0.000845,0.000343,-0.002045,-0.000593
4512.707065,9.194,3.170434,0.000849,0.000343,-0.002049,-0.000592
4513.973674,9.194,3.096388,0.000846,0.000343,-0.002046,-0.000592
4516.487838,9.194,3.025282,0.000848,0.000346,-0.002048,-0.000588
4518.988393,9.194,3.338234,0.000853,0.000351,-0.002047,-0.000584
4520.238427,9.194,3.056631,0.000851,0.000349,-0.00204,-0.000583
4522.769665,9.194,3.236357,0.000856,0.000353,-0.002049,-0.000584
4524.034385,9.194,3.258501,0.000859,0.000354,-0.002046,-0.000581
4526.550425,9.194,3.956046,0.000859,0.000353,-0.002051,-0.000581
4527.800159,9.194,2.96981,0.000857,0.000353,-0.00205,-0.000578
4530.316166,9.194,3.380219,0.000857,0.000353,-0.002045,-0.000583
4532.81617,9.194,3.076801,0.000854,0.000352,-0.002044,-0.000585
4534.067029,9.194,2.781506,0.000853,0.000354,-0.002045,-0.000581
4536.582153,9.194,3.256883,0.000855,0.000355,-0.002045,-0.000581
4537.846978,9.194,3.036041,0.000858,0.000355,-0.002041,-0.000579
4540.364273,9.194,2.798435,0.000868,0.000359,-0.002048,-0.000577
4542.87813,9.194,2.852824,0.00087,0.000361,-0.002043,-0.000573
4544.12936,9.194,3.01673,0.000867,0.000362,-0.002039,-0.000573
4546.644529,9.194,2.942356,0.000869,0.000363,-0.002043,-0.000572
4547.894642,9.194,3.539494,0.000864,0.000363,-0.002043,-0.000574
4550.426218,9.194,3.104203,0.000862,0.000362,-0.002044,-0.000578
4552.942925,9.194,3.202955,0.000867,0.000366,-0.002041,-0.000568
4554.192741,9.194,2.850145,0.000873,0.00037,-0.002043,-0.000565
4556.706553,9.194,4.032548,0.000875,0.00037,-0.002044,-0.000563
4557.956742,9.194,3.112978,0.000878,0.000371,-0.002046,-0.000564
4560.456882,9.194,3.451835,0.000887,0.000373,-0.002046,-0.000562
4562.957266,9.194,3.062063,0.000883,0.000375,-0.002047,-0.00056
4564.206791,9.194,3.063639,0.000879,0.000372,-0.002041,-0.000561
4566.722569,9.194,3.196498,0.000882,0.000376,-0.002041,-0.000563
4567.9732,9.194,3.075608,0.00088,0.000374,-0.002039,-0.000567
4570.48836,9.194,3.218812,0.000877,0.000371,-0.002033,-0.000564
4573.0041439999995,9.194,3.181193,0.00088,0.000374,-0.002036,-0.000565
4574.25361,9.194,3.211565,0.00088,0.000374,-0.002039,-0.000562
4576.784429,9.194,3.002841,0.000873,0.00037,-0.002034,-0.000562
4578.035413,9.194,3.072165,0.000874,0.00037,-0.002039,-0.000565
4580.56694,9.194,3.068653,0.000872,0.000365,-0.002035,-0.000568
4581.831683,9.194,3.048121,0.000873,0.000367,-0.002041,-0.000567
4584.332023,9.194,3.306583,0.000869,0.00037,-0.002044,-0.000566
4586.831824,9.194,3.14343,0.000866,0.000369,-0.002045,-0.000566
4588.081989,9.194,3.2325,0.000864,0.000369,-0.002039,-0.000568
4590.581773,9.194,2.82043,0.000866,0.000368,-0.002037,-0.000568
4591.832776,9.194,2.963232,0.000863,0.000367,-0.002041,-0.000569
4594.341737,9.194,3.046312,0.000857,0.000361,-0.002041,-0.000576
4596.831734,9.194,2.742873,0.000859,0.000361,-0.002044,-0.000574
4598.081668,9.194,2.62472,0.000857,0.00036,-0.002038,-0.000576
4600.581406,9.194,2.98493,0.000863,0.000365,-0.002039,-0.000568
4601.831738,9.194,3.016168,0.000866,0.000367,-0.002045,-0.000566
4604.331742,9.194,3.08937,0.000868,0.00037,-0.002044,-0.000566
4606.81714,9.194,3.044864,0.000866,0.000366,-0.002041,-0.000566
4608.081715,9.194,3.01803,0.000865,0.000366,-0.002037,-0.000568
4610.581918,9.194,3.266172,0.000869,0.000365,-0.002034,-0.000567
4611.832499,9.194,3.061045,0.00087,0.000365,-0.002042,-0.000569
4614.332146,9.194,3.0766,0.00087,0.000367,-0.002042,-0.000568
4616.846975,9.194,3.139069,0.000875,0.00037,-0.002042,-0.000566
4618.114425,9.194,2.979116,0.000869,0.00037,-0.00204,-0.000565
4620.629626,9.194,3.088563,0.000869,0.000368,-0.002044,-0.000564
4621.895753,9.194,3.067135,0.000872,0.000368,-0.002043,-0.000563
4624.394419,9.194,3.237116,0.000873,0.000368,-0.002038,-0.00056
4626.894494,9.194,3.399164,0.000872,0.000366,-0.002037,-0.000562
4628.143776,9.194,3.075199,0.000875,0.000371,-0.002042,-0.00056
4630.644211,9.194,2.965853,0.000867,0.000368,-0.002038,-0.000567
4631.894042,9.194,2.705327,0.000864,0.000366,-0.002036,-0.000566
4634.409606,9.194,3.086934,0.000865,0.000368,-0.002038,-0.000566
4636.909792,9.194,3.728249,0.000863,0.00037,-0.002035,-0.000563
4638.16055,9.194,3.308577,0.000859,0.000368,-0.002032,-0.000565
4640.659285,9.194,3.657254,0.000867,0.00037,-0.002035,-0.000563
4641.910417,9.194,3.067119,0.00087,0.000371,-0.002035,-0.000563
4644.426664,9.194,3.407706,0.000866,0.000369,-0.002037,-0.000565
4646.956387,9.194,3.04149,0.000864,0.000369,-0.002025,-0.000562
4648.206983,9.194,3.071141,0.000865,0.00037,-0.002031,-0.000561
4650.707862,9.194,3.11466,0.000865,0.000372,-0.00203,-0.000561
4651.972334,9.194,3.07269,0.000865,0.000372,-0.002026,-0.000564
4654.487197,9.194,2.859907,0.000869,0.000369,-0.002029,-0.000563
4657.003318,9.194,3.079311,0.000874,0.000374,-0.002034,-0.000561
4658.253844,9.194,3.301447,0.000874,0.000375,-0.002029,-0.000558
4660.785473,9.194,3.087019,0.000872,0.000373,-0.002033,-0.00056
4662.050539,9.194,3.283977,0.00087,0.000371,-0.002029,-0.000559
4664.581724,9.194,3.057687,0.000867,0.000373,-0.002036,-0.000559
4665.846553,9.194,2.866114,0.000866,0.000374,-0.002034,-0.00056
4668.36281,9.194,3.298195,0.000868,0.000375,-0.002034,-0.000561
4670.864066,9.194,2.82433,0.000872,0.000375,-0.002033,-0.000559
4672.128554,9.194,2.983869,0.000871,0.000373,-0.002026,-0.000558
4674.643763,9.194,3.072085,0.000871,0.000376,-0.002029,-0.000558
4675.894742,9.194,2.926774,0.00087,0.000374,-0.00203,-0.000559
4678.426753,9.194,2.956213,0.000869,0.000372,-0.002031,-0.00056
4680.926398,9.194,3.006353,0.000864,0.000369,-0.002027,-0.000565
4682.191565,9.194,2.836288,0.000859,0.000366,-0.002024,-0.000567
4684.707902,9.194,3.020656,0.000857,0.000362,-0.002032,-0.00057
4685.97209,9.194,3.080892,0.000861,0.000361,-0.002032,-0.000571
4688.472195,9.194,3.010772,0.000855,0.000358,-0.00203,-0.000575
4690.972877,9.194,3.006491,0.000835,0.00034,-0.00204,-0.000594
4692.222502,9.194,3.076101,0.000827,0.00033,-0.002048,-0.000603
4694.737776,9.194,3.037829,0.00083,0.000335,-0.002054,-0.000598
4696.003827,9.194,3.125928,0.000833,0.000336,-0.002046,-0.000594
4698.503585,9.194,3.010661,0.000841,0.000345,-0.002043,-0.000587
4701.004459,9.194,2.923501,0.000834,0.000336,-0.002047,-0.000595
4702.254506,9.194,2.80818,0.000837,0.00034,-0.002053,-0.000592
4704.770355,9.194,3.080807,0.000835,0.000337,-0.002051,-0.000598
4706.017592,9.194,3.086271,0.000838,0.000342,-0.002055,-0.000593
4708.519197,9.194,3.072005,0.000843,0.000345,-0.002053,-0.000585
4711.019748,9.194,3.249264,0.000849,0.000345,-0.002054,-0.000585
4712.286477,9.194,3.048137,0.000838,0.000336,-0.002057,-0.000595
4714.816997,9.194,3.137907,0.000835,0.00033,-0.002069,-0.000601
4716.06584,9.194,3.46487,0.00083,0.000326,-0.00207,-0.000606
4718.582755,9.194,3.099773,0.000837,0.000336,-0.002062,-0.000593
4719.847076,9.194,3.116554,0.000833,0.000336,-0.002064,-0.0006
4722.378339,9.194,2.948345,0.000814,0.000319,-0.002058,-0.000617
4724.879427,9.194,3.18532,0.000821,0.000326,-0.002057,-0.000607
4726.127653,9.194,2.795538,0.000826,0.000329,-0.002062,-0.000603
4728.627957,9.194,3.131721,0.000822,0.000318,-0.002069,-0.000614
4729.879445,9.194,2.967794,0.00082,0.000315,-0.002067,-0.00062
4732.408085,9.194,3.142263,0.000825,0.000312,-0.002069,-0.000617
4734.908645,9.194,3.112357,0.000827,0.000317,-0.002064,-0.000611
4736.158095,9.194,2.708134,0.000837,0.000325,-0.00207,-0.000607
4738.660137,9.194,3.005732,0.000835,0.000329,-0.002072,-0.000604
4739.926876,9.194,3.101641,0.000826,0.000324,-0.002077,-0.000609
4742.426467,9.194,3.076913,0.000801,0.000302,-0.002073,-0.00063
4744.941876,9.194,3.022178,0.000798,0.000303,-0.002075,-0.000626
4746.191762,9.194,3.288449,0.0008,0.000299,-0.002078,-0.000636
4748.72186,9.194,3.314015,0.000803,0.000306,-0.002073,-0.000632
4749.9727139999995,9.194,3.141159,0.000809,0.000312,-0.002074,-0.000626
4752.473381,9.194,3.126512,0.000806,0.000302,-0.002074,-0.000631
4755.003695,9.194,2.901882,0.000816,0.000318,-0.002076,-0.000612
4756.254346,9.194,2.990718,0.000814,0.000316,-0.002079,-0.000619
4758.754518,9.194,2.959985,0.000817,0.000313,-0.002078,-0.000617
4760.020464,9.194,3.332939,0.000826,0.000319,-0.002076,-0.000612
4762.550271,9.194,2.905627,0.000831,0.000328,-0.002086,-0.000602
4763.80162,9.194,3.155786,0.000818,0.000318,-0.002084,-0.000608
4766.31678,9.194,3.205597,0.000797,0.000303,-0.002076,-0.000636
4768.832368,9.194,3.070706,0.000801,0.000304,-0.002075,-0.000631
4770.098715,9.194,3.130331,0.000799,0.000301,-0.002076,-0.000631
4772.614512,9.194,3.168635,0.000787,0.000284,-0.002087,-0.000646
4773.862446,9.194,3.104686,0.00079,0.000289,-0.002093,-0.000644
4776.378601,9.194,3.312843,0.000784,0.000287,-0.002089,-0.000648
4778.879746,9.194,3.147674,0.000784,0.000292,-0.002083,-0.000639
4780.127998,9.194,3.08747,0.000782,0.000288,-0.002081,-0.000648
4782.643907,9.194,3.045294,0.000782,0.000294,-0.002081,-0.00064
4783.893993,9.194,2.858994,0.000786,0.000292,-0.002087,-0.000646
4786.409597,9.194,3.060254,0.00079,0.000291,-0.002083,-0.000645
4788.910124,9.194,3.212924,0.000785,0.000288,-0.002072,-0.000651
4790.158871,9.194,3.21869,0.000788,0.000298,-0.002074,-0.000644
4792.676621,9.194,3.191198,0.000786,0.000296,-0.002074,-0.000646
4793.941894,9.194,3.01942,0.00079,0.000298,-0.002074,-0.000644
4796.472335,9.194,3.02915,0.000805,0.000302,-0.002076,-0.000636
4798.97213,9.194,2.878231,0.000812,0.000308,-0.002082,-0.000624
4800.221826,9.194,3.034614,0.000811,0.000312,-0.002081,-0.000617
4802.722242,9.194,2.997472,0.000818,0.000319,-0.002081,-0.000609
4803.98723,9.194,3.149032,0.000824,0.000321,-0.002081,-0.00061
4806.487399,9.194,3.107391,0.00082,0.000321,-0.002082,-0.000609
4808.987647,9.194,3.08669,0.000824,0.00032,-0.00208,-0.00061
4810.253705,9.194,3.086818,0.000827,0.000322,-0.002078,-0.000607
4812.768306,9.194,2.602687,0.000825,0.000322,-0.002077,-0.00061
4814.019741,9.194,3.108442,0.000825,0.000326,-0.002081,-0.000608
4816.535356,9.194,3.072775,0.000834,0.000332,-0.002078,-0.000599
4817.801525,9.194,3.00126,0.000837,0.000332,-0.002076,-0.000601
4820.316777,9.194,3.578307,0.000841,0.00033,-0.00208,-0.000606
4822.831695,9.194,2.798058,0.000828,0.00032,-0.002076,-0.000609
4824.082961,9.194,3.020316,0.000831,0.000322,-0.002075,-0.000608
4826.614395,9.194,3.01499,0.000825,0.000324,-0.002078,-0.000609
4827.863884,9.194,2.889982,0.000828,0.000326,-0.002074,-0.000603
4830.378903,9.194,2.969911,0.00084,0.000334,-0.002078,-0.000598
4832.89364,9.194,3.013117,0.000836,0.000341,-0.002074,-0.00059
4834.144722,9.194,3.386061,0.000835,0.000339,-0.002071,-0.00059
4836.675534,9.194,3.132814,0.00082,0.000321,-0.002066,-0.000615
4837.94198,9.194,2.910434,0.000816,0.000314,-0.002064,-0.000619
4840.441426,9.194,3.022863,0.000817,0.000318,-0.002072,-0.000615
4842.957283,9.194,3.690603,0.000822,0.000324,-0.002072,-0.000606
4844.207081,9.194,3.070255,0.000816,0.000315,-0.002075,-0.000617
4846.70802,9.194,3.211295,0.000805,0.000308,-0.002073,-0.000625
4847.971802,9.194,3.017149,0.000803,0.000306,-0.002079,-0.000629
4850.473071,9.194,3.11553,0.000805,0.000306,-0.002077,-0.000623
4853.0048,9.194,3.058153,0.000803,0.000309,-0.002074,-0.000622
4854.269233,9.194,2.984559,0.000807,0.000313,-0.002073,-0.000615
4856.769684,9.194,3.036641,0.000805,0.000311,-0.002073,-0.000619
4858.018797,9.194,3.033086,0.000807,0.00031,-0.00208,-0.000624
4860.519493,9.194,3.257928,0.000804,0.000309,-0.002081,-0.000624
4861.78467,9.194,3.323448,0.0008,0.000307,-0.002074,-0.000629
4864.317464,9.194,3.058366,0.000812,0.000315,-0.002078,-0.00062
4866.847748,9.194,3.10441,0.00081,0.000318,-0.002069,-0.00062
4868.113942,9.194,3.334472,0.000811,0.000318,-0.002072,-0.000618
4870.643619,9.194,2.81217,0.000807,0.000312,-0.002072,-0.000619
4871.894222,9.194,3.097593,0.000808,0.000316,-0.002078,-0.000619
4874.394768,9.194,3.538926,0.00081,0.000315,-0.002073,-0.000621
4876.910228,9.194,2.831248,0.00081,0.000318,-0.002072,-0.000616
4878.176599,9.194,3.033611,0.00081,0.000319,-0.002074,-0.000613
4880.676586,9.194,3.090118,0.00081,0.000318,-0.002074,-0.000612
4881.942472,9.194,3.095964,0.000808,0.000316,-0.002069,-0.000614
4884.456564,9.194,3.346356,0.000813,0.000319,-0.002071,-0.000615
4886.97381,9.194,3.293951,0.000817,0.000323,-0.002075,-0.000611
4888.238081,9.194,2.76499,0.000819,0.000325,-0.002066,-0.000607
4890.753777,9.194,2.982177,0.000817,0.000325,-0.002073,-0.00061
4892.003691,9.194,3.037548,0.000817,0.000323,-0.002066,-0.00061
4894.503808,9.194,3.118957,0.000814,0.000323,-0.002067,-0.000612
4897.003593,9.194,2.971604,0.000823,0.000326,-0.002063,-0.000609
4898.253465,9.194,3.103678,0.000822,0.000326,-0.002065,-0.000607
4900.754521,9.194,3.017791,0.000825,0.000329,-0.002062,-0.000606
4902.019897,9.194,2.949295,0.000823,0.000329,-0.002059,-0.000603
4904.549968,9.194,3.034407,0.000823,0.000332,-0.002068,-0.000602
4905.816009,9.194,3.022476,0.000823,0.000331,-0.00206,-0.000601
4908.332289,9.194,3.172466,0.000825,0.00033,-0.002062,-0.000605
4910.831534,9.194,3.17097,0.000822,0.000327,-0.00206,-0.000608
4912.082278,9.194,3.092006,0.000818,0.000326,-0.00205,-0.000606
4914.598345,9.194,3.281038,0.000819,0.000328,-0.002058,-0.000603
4915.863916,9.194,3.071634,0.000822,0.000329,-0.002061,-0.000602
4918.378578,9.194,3.063963,0.000822,0.00033,-0.002057,-0.000603
4920.878782,9.194,4.013773,0.000823,0.000332,-0.002053,-0.000599
4922.141727,9.194,3.024364,0.000825,0.000335,-0.002051,-0.000597
4924.644041,9.194,2.948706,0.000832,0.00034,-0.002052,-0.000593
4925.894751,9.194,3.077369,0.000831,0.000338,-0.002053,-0.000593
4928.425879,9.194,2.952436,0.000834,0.000342,-0.002057,-0.000588
4930.940731,9.194,3.120342,0.000835,0.000342,-0.00205,-0.000587
4932.189515,9.194,3.141276,0.000837,0.000342,-0.002048,-0.000588
4934.691546,9.194,3.035495,0.000837,0.000343,-0.002051,-0.000589
4935.942077,9.194,3.184068,0.000837,0.000343,-0.002051,-0.000588
4938.45744,9.194,2.746014,0.000836,0.000344,-0.002046,-0.000584
4940.973734,9.194,2.843561,0.00084,0.00035,-0.002051,-0.000581
4942.221824,9.194,2.880337,0.000842,0.00035,-0.002049,-0.00058
4944.722536,9.194,3.029876,0.000848,0.000351,-0.002048,-0.00058
4945.966543,9.194,2.865058,0.000849,0.000349,-0.002042,-0.000579
4948.457856,9.194,2.928875,0.000843,0.000347,-0.002044,-0.000583
4950.988447,9.194,3.254947,0.000845,0.000351,-0.002047,-0.00058
4952.254066,9.194,3.209162,0.000843,0.00035,-0.00204,-0.000579
4954.769346,9.194,3.039845,0.000846,0.000352,-0.002041,-0.000577
4956.019954,9.194,3.027903,0.000846,0.000352,-0.002042,-0.000578
4958.519276,9.194,3.313119,0.000851,0.000356,-0.002042,-0.000573
4961.035932,9.194,3.045782,0.000849,0.000355,-0.002039,-0.000576
4962.301008,9.194,3.091932,0.000852,0.000354,-0.002042,-0.000576
4964.831728,9.194,3.412831,0.000852,0.000357,-0.002036,-0.00057
4966.081753,9.194,3.035765,0.000856,0.000361,-0.002044,-0.000567
4968.581608,9.194,3.241657,0.000864,0.000363,-0.00204,-0.000566
4969.833002,9.194,3.103736,0.000864,0.000362,-0.002041,-0.000569
4972.34696,9.194,3.180806,0.000861,0.000363,-0.002036,-0.000566
4974.86255,9.194,3.204361,0.000859,0.000362,-0.002035,-0.000567
4976.11236,9.194,3.015531,0.000862,0.000365,-0.002039,-0.000563
4978.613589,9.194,3.103222,0.000866,0.000369,-0.00204,-0.00056
4979.864657,9.194,2.74856,0.00087,0.00037,-0.002041,-0.000559
4982.3783,9.194,3.088001,0.000871,0.000372,-0.002036,-0.000556
4984.894025,9.194,3.023892,0.000874,0.000376,-0.002039,-0.000551
4986.144189,9.194,3.056583,0.000875,0.000375,-0.002035,-0.000555
4988.660335,9.194,3.071714,0.000869,0.000372,-0.00203,-0.000557
4989.92495,9.194,3.040179,0.00087,0.00037,-0.002034,-0.00056
4992.442333,9.194,3.507264,0.000869,0.00037,-0.00203,-0.000559
4994.957395,9.194,3.393562,0.000875,0.000372,-0.00203,-0.000557
4996.206648,9.194,3.267409,0.000875,0.000373,-0.002034,-0.000557
4998.723669,9.194,3.01082,0.000875,0.000375,-0.00203,-0.000554
4999.97256,9.194,3.385986,0.000874,0.000374,-0.00203,-0.000554
5002.472148,9.194,3.030126,0.000872,0.000374,-0.00203,-0.000554
5004.97234,9.194,3.261191,0.000875,0.000374,-0.002029,-0.000555
5006.221094,9.194,3.097678,0.000876,0.000376,-0.002033,-0.000554
5008.723407,9.194,2.992676,0.000878,0.000378,-0.002034,-0.000552
5009.98802,9.194,2.870926,0.000878,0.00038,-0.002028,-0.00055
5012.503701,9.194,4.519008,0.000876,0.00038,-0.002031,-0.000552
5015.004296,9.194,3.066828,0.000874,0.000377,-0.002032,-0.000556
5016.253463,9.194,3.627163,0.000874,0.000375,-0.002022,-0.000559
5018.768566,9.194,3.018778,0.000873,0.000372,-0.002025,-0.00056
5020.019691,9.194,3.07061,0.000876,0.000378,-0.00203,-0.000557
5022.55089,9.194,3.222494,0.000872,0.000378,-0.002025,-0.000557
5023.8169,9.194,3.606918,0.000872,0.000379,-0.002031,-0.000559
5026.331991,9.194,3.008364,0.000869,0.000376,-0.002029,-0.000558
5028.831446,9.194,3.034168,0.00087,0.000378,-0.002027,-0.000555
5030.081947,9.194,3.0203,0.00087,0.000378,-0.002032,-0.000555
5032.597725,9.194,3.087062,0.000875,0.000382,-0.002029,-0.000552
5033.864583,9.194,3.159404,0.000877,0.000382,-0.002026,-0.000548
5036.378587,9.194,3.095831,0.000879,0.000383,-0.002028,-0.000548
5038.878682,9.194,2.894874,0.000885,0.000385,-0.00203,-0.000545
5040.144792,9.194,3.266332,0.000887,0.000384,-0.002025,-0.000545
5042.673783,9.194,3.007053,0.000889,0.000385,-0.002033,-0.00054
5043.924684,9.194,3.152523,0.000888,0.000386,-0.002024,-0.000539
5046.426937,9.194,3.286783,0.000888,0.000385,-0.002023,-0.000545
5048.925429,9.194,3.115296,0.00088,0.00038,-0.00202,-0.000547
5050.177317,9.194,3.09451,0.000877,0.000379,-0.002023,-0.000551
5052.676573,9.194,2.884035,0.000871,0.000378,-0.002023,-0.00055
5053.925349,9.194,3.244771,0.000872,0.000379,-0.002024,-0.000548
5056.425392,9.194,3.057029,0.000869,0.000374,-0.002031,-0.000554
5058.956868,9.194,3.276555,0.000869,0.000369,-0.002027,-0.000557
5060.207285,9.194,3.443288,0.000873,0.000371,-0.002035,-0.000557
5062.737701,9.194,2.937061,0.000856,0.000358,-0.002029,-0.000568
5064.003729,9.194,3.172248,0.000851,0.000357,-0.002036,-0.000572
5066.519491,9.194,3.355263,0.000854,0.000359,-0.002033,-0.000567
5069.051258,9.194,2.881404,0.000849,0.000355,-0.00203,-0.000571
5070.315438,9.194,3.0886,0.00085,0.000355,-0.002026,-0.000571
5072.831651,9.194,3.086945,0.000862,0.000365,-0.002028,-0.000564
5074.082136,9.194,3.03706,0.00086,0.000364,-0.00203,-0.000564
5076.581693,9.194,3.151791,0.000853,0.000356,-0.002033,-0.000572
5077.829833,9.194,3.167702,0.00085,0.000355,-0.002035,-0.000573
5080.332127,9.194,3.653939,0.000848,0.000355,-0.002035,-0.000574
5082.833687,9.194,3.104643,0.000853,0.000356,-0.002036,-0.000574
5084.097044,9.194,3.274549,0.000847,0.000355,-0.00203,-0.000574
5086.614404,9.194,3.094065,0.000846,0.000353,-0.002039,-0.000579
5087.863859,9.194,2.979206,0.000841,0.000348,-0.002039,-0.000582
5090.394595000001,9.194,1.760313,0.000845,0.000349,-0.002035,-0.000581
5092.925262000001,9.194,2.795013,0.000848,0.000351,-0.002045,-0.000579
5094.175818000001,9.194,3.418391,0.000844,0.000345,-0.002041,-0.000585
5096.7071750000005,9.194,3.050636,0.000829,0.000337,-0.00205,-0.000595
5097.97231,9.194,3.105948,0.000831,0.000337,-0.002048,-0.000594
5100.503769,9.194,2.891929,0.000845,0.000349,-0.002046,-0.000583
5103.003892000001,9.194,3.054732,0.000828,0.000333,-0.002046,-0.000595
5104.268723,9.194,3.339029,0.000829,0.000337,-0.002051,-0.000592
5106.768625000001,9.194,3.098256,0.000822,0.00033,-0.002052,-0.000599
5108.019335,9.194,3.256734,0.000824,0.000329,-0.00205,-0.000598
5110.519958,9.194,3.032778,0.000825,0.000335,-0.002039,-0.000592
5113.050421,9.194,2.943056,0.000823,0.000331,-0.002054,-0.000599
5114.317116,9.194,3.385413,0.000817,0.000326,-0.002054,-0.000603
5116.8316780000005,9.194,3.121779,0.000819,0.000327,-0.002061,-0.0006
5118.081672,9.194,2.87066,0.00082,0.000329,-0.00205,-0.000598
5120.581559,9.194,3.133721,0.000831,0.00034,-0.002039,-0.00059
5121.846578000001,9.194,3.055702,0.000838,0.000344,-0.002046,-0.000585
5124.363218,9.194,3.018205,0.000858,0.000352,-0.002048,-0.000582
5126.863899,9.194,3.076016,0.00086,0.000357,-0.00205,-0.000576
5128.129796,9.194,3.076976,0.000857,0.00036,-0.00205,-0.00057
5130.629793,9.194,3.132719,0.000846,0.000351,-0.002054,-0.000576
5131.894490000001,9.194,2.927538,0.000844,0.000349,-0.002058,-0.000578
5134.425314,9.194,3.117376,0.000838,0.000337,-0.002051,-0.000591
5136.957292,9.194,3.106437,0.000825,0.000326,-0.002053,-0.00061
5138.222032000001,9.194,2.940515,0.000824,0.000326,-0.002052,-0.00061
5140.73803,9.194,2.893643,0.000839,0.00034,-0.002052,-0.000594
5141.988975,9.194,3.071857,0.000844,0.000341,-0.002051,-0.000593
5144.51979,9.194,3.124305,0.000844,0.000346,-0.002052,-0.000582
5147.050273,9.194,3.211518,0.000833,0.000334,-0.002058,-0.000597
5148.316546,9.194,3.025898,0.000832,0.000332,-0.002064,-0.000602
5150.817018000001,9.194,2.958818,0.000838,0.00034,-0.002061,-0.000592
5152.082031,9.194,2.825168,0.000834,0.000337,-0.002059,-0.00059
5154.583071,9.194,3.329178,0.000835,0.000343,-0.00206,-0.000585
5155.847175,9.194,3.192626,0.000832,0.000339,-0.002065,-0.00059
5158.364141,9.194,3.428328,0.000834,0.000331,-0.002061,-0.0006
5160.879315,9.194,3.216144,0.000842,0.000343,-0.002063,-0.000584
5162.129145,9.194,3.129668,0.000844,0.000348,-0.002069,-0.00058
5164.65926,9.194,3.043347,0.000841,0.00035,-0.00206,-0.000583
5165.909474,9.194,3.428439,0.000836,0.000347,-0.002066,-0.000588
5168.42553,9.194,3.070966,0.000826,0.000335,-0.00206,-0.000597
5170.926639,9.194,2.909527,0.000809,0.000313,-0.002057,-0.000623
5172.176738,9.194,3.002109,0.000807,0.000312,-0.002063,-0.000621
5174.676783,9.194,3.03038,0.000812,0.000315,-0.002063,-0.000619
5175.926759,9.194,3.318885,0.000809,0.000317,-0.002061,-0.000618
5178.425188,9.194,3.109556,0.000806,0.000319,-0.002065,-0.000622
5180.956656,9.194,3.040795,0.000814,0.00032,-0.002062,-0.000614
5182.221030000001,9.194,3.012741,0.000815,0.000317,-0.002062,-0.000614
5184.737656,9.194,2.789655,0.000824,0.000322,-0.002067,-0.000608
5185.983247,9.194,2.858952,0.000823,0.000324,-0.00207,-0.000608
5188.473647,9.194,3.080918,0.000814,0.00032,-0.002071,-0.000614
5191.00317,9.194,3.178041,0.000828,0.000331,-0.002069,-0.000601
5192.253806000001,9.194,3.088537,0.000824,0.000327,-0.002079,-0.000608
5194.769926,9.194,3.071252,0.00081,0.000312,-0.002071,-0.000622
5196.019492,9.194,2.910784,0.000805,0.000313,-0.002071,-0.000623
5198.5519110000005,9.194,3.109795,0.00081,0.000322,-0.002069,-0.000615
5201.066864,9.194,3.177007,0.000811,0.000317,-0.002072,-0.000616
5202.332137,9.194,3.197231,0.000803,0.000312,-0.002076,-0.000626
5204.832266,9.194,2.899972,0.000806,0.000313,-0.002077,-0.000623
5206.082052000001,9.194,3.069788,0.000802,0.00031,-0.002075,-0.000631
5208.597787000001,9.194,3.003971,0.000796,0.000307,-0.002078,-0.000632
5209.864428,9.194,3.083173,0.000787,0.000298,-0.002068,-0.000637
5212.394657,9.194,2.997536,0.000799,0.000306,-0.002073,-0.00063
5214.910622,9.194,2.853286,0.000815,0.000323,-0.002073,-0.000614
5216.176640000001,9.194,3.263838,0.00082,0.000328,-0.002067,-0.000607
5218.691738,9.194,3.046779,0.000822,0.00033,-0.002072,-0.000608
5219.956637,9.194,3.114867,0.000814,0.000323,-0.002073,-0.000612
5222.456549,9.194,3.114103,0.000804,0.000303,-0.002082,-0.00063
5224.973644000001,9.194,3.112835,0.000801,0.000301,-0.00208,-0.000632
5226.221981000001,9.194,3.108288,0.000804,0.000311,-0.00208,-0.000623
5228.738246,9.194,2.933406,0.000815,0.000323,-0.002076,-0.000612
5229.987941,9.194,3.201066,0.000824,0.000323,-0.002075,-0.000606
5232.504227,9.194,3.086913,0.000814,0.000318,-0.002087,-0.000615
5235.017472,9.194,3.383371,0.00082,0.000322,-0.002085,-0.000614
5236.26876,9.194,3.043882,0.000823,0.000323,-0.002078,-0.000613
5238.7846580000005,9.194,3.072499,0.000826,0.000328,-0.002076,-0.000599
5240.033604,9.194,3.255387,0.000825,0.000325,-0.002073,-0.000604
5242.5501620000005,9.194,3.053607,0.000815,0.000319,-0.002082,-0.000611
5245.051317,9.194,3.050689,0.000812,0.000319,-0.002075,-0.00061
5246.316918,9.194,3.042667,0.000814,0.000322,-0.002073,-0.000606
5248.831641000001,9.194,3.208823,0.00082,0.000333,-0.002069,-0.000599
5250.082273,9.194,2.944091,0.000828,0.000335,-0.002075,-0.000597
5252.596615,9.194,3.052891,0.000836,0.000348,-0.002067,-0.000588
5253.864243,9.194,3.066313,0.000842,0.000347,-0.002075,-0.000588
5256.3784510000005,9.194,3.165686,0.000826,0.00033,-0.00207,-0.0006
5258.894762,9.194,3.06852,0.000822,0.000327,-0.002072,-0.000606
5260.160389000001,9.194,3.35329,0.000826,0.000324,-0.002075,-0.000609
5262.691922,9.194,3.006815,0.000817,0.000325,-0.002074,-0.000609
5263.941769,9.194,3.121323,0.000816,0.000322,-0.00207,-0.000613
5266.473618,9.194,3.477109,0.000826,0.000332,-0.002069,-0.000605
5268.987921,9.194,3.033797,0.000835,0.000335,-0.002071,-0.000597
5270.238622,9.194,3.315214,0.000833,0.000335,-0.002068,-0.000596
5272.738305,9.194,3.08807,0.000821,0.000335,-0.002069,-0.000596
5273.9883,9.194,3.108044,0.000818,0.000328,-0.002074,-0.000604
5276.488641,9.194,3.340037,0.000817,0.000319,-0.002068,-0.000613
5278.98868,9.194,2.484984,0.000809,0.000314,-0.002075,-0.000616
5280.253016000001,9.194,3.07661,0.000805,0.000312,-0.002079,-0.000618
5282.752601,9.194,3.164094,0.0008,0.00031,-0.002082,-0.000624
5284.0042570000005,9.194,3.254321,0.000803,0.000312,-0.002074,-0.000621
5286.518865,9.194,2.964892,0.000805,0.000317,-0.002078,-0.000619
5289.019508,9.194,3.055676,0.000811,0.00032,-0.002075,-0.000612
5290.285193000001,9.194,3.507699,0.00081,0.000319,-0.002073,-0.000613
5292.799924,9.194,3.234336,0.000811,0.000319,-0.00207,-0.000614
5294.0668940000005,9.194,3.307362,0.00081,0.000319,-0.002072,-0.000612
5296.582792,9.195,3.272051,0.000806,0.000313,-0.002074,-0.000622
5297.833052,9.195,2.987604,0.000806,0.000314,-0.002077,-0.000622
5300.331444,9.195,3.074075,0.000808,0.000315,-0.002075,-0.000615
5302.847495,9.195,3.026566,0.000798,0.000308,-0.00207,-0.000624
5304.114356,9.195,2.923697,0.0008,0.000312,-0.00207,-0.000624
5306.6126810000005,9.195,3.054429,0.000803,0.00031,-0.002072,-0.000624
5307.863555,9.195,3.324673,0.000801,0.000309,-0.002069,-0.000623
5310.3942720000005,9.195,2.965094,0.000805,0.000315,-0.00208,-0.000618
5312.910690000001,9.195,2.708351,0.000807,0.000313,-0.002072,-0.000617
5314.160167,9.195,3.061835,0.000806,0.000314,-0.002077,-0.000617
5316.676283,9.195,3.329809,0.000808,0.000319,-0.00207,-0.000612
5317.940183000001,9.195,3.104325,0.000809,0.000319,-0.002073,-0.000613
5320.442029,9.195,3.193612,0.000815,0.000322,-0.002064,-0.000609
5322.941652,9.195,3.059427,0.00082,0.000329,-0.002066,-0.000606
5324.191528,9.195,3.267584,0.00082,0.00033,-0.002061,-0.000605
5326.721984,9.195,3.540979,0.000825,0.000332,-0.002071,-0.000601
5327.970653,9.195,3.122941,0.000828,0.000333,-0.002061,-0.000598
5330.472111,9.195,3.100739,0.000836,0.000336,-0.002057,-0.000593
5332.973517,9.195,3.089279,0.000829,0.000334,-0.00206,-0.000596
5334.222746,9.195,3.060313,0.000826,0.000332,-0.002059,-0.000597
5336.721717,9.195,3.095619,0.000822,0.000332,-0.002057,-0.000603
5337.973389,9.195,3.350255,0.000823,0.000332,-0.002054,-0.0006
5340.473825,9.195,3.05384,0.000824,0.000334,-0.002052,-0.000598
5343.003531,9.195,2.975434,0.000826,0.000334,-0.002061,-0.000599
5344.253259,9.195,3.442742,0.000831,0.000338,-0.002057,-0.000594
5346.753626000001,9.195,3.090754,0.000829,0.000339,-0.00206,-0.000596
5348.017108,9.195,2.812159,0.00083,0.000337,-0.002061,-0.000595
5350.518734,9.195,3.211215,0.000829,0.000335,-0.00206,-0.000597
5353.018589,9.195,2.898471,0.000823,0.000331,-0.002056,-0.000602
5354.269613,9.195,3.136263,0.000824,0.000334,-0.002055,-0.000602
5356.799982,9.195,3.853973,0.000829,0.000335,-0.002052,-0.000595
5358.05188,9.195,2.999621,0.00083,0.000336,-0.002056,-0.000596
5360.582514000001,9.195,3.031065,0.000826,0.000331,-0.002051,-0.000598
5361.832706,9.195,3.215852,0.000826,0.000336,-0.002058,-0.000597
5364.348155000001,9.195,3.056482,0.000828,0.000336,-0.002057,-0.000592
5366.863848,9.195,3.071247,0.00083,0.000336,-0.00205,-0.000592
5368.127247,9.195,3.208202,0.000833,0.000337,-0.002053,-0.00059
5370.6295,9.195,3.270247,0.000834,0.000339,-0.002056,-0.00059
5371.894085,9.195,3.134358,0.000837,0.000339,-0.002053,-0.000589
5374.395089000001,9.195,3.037601,0.000837,0.000345,-0.002046,-0.000583
5376.925409,9.195,3.116028,0.000838,0.000348,-0.002046,-0.000583
5378.191497,9.195,3.321787,0.000838,0.000348,-0.002049,-0.000582
5380.707386,9.195,3.013605,0.000838,0.000344,-0.002051,-0.000584
5381.957264000001,9.195,3.163325,0.000834,0.000341,-0.002046,-0.000586
5384.4882290000005,9.195,3.068658,0.000837,0.000345,-0.002054,-0.000585
5387.004855,9.195,3.13656,0.000841,0.000348,-0.002053,-0.000585
5388.269136,9.195,3.328318,0.000839,0.000347,-0.002049,-0.000586
5390.769852,9.195,3.097444,0.000838,0.000344,-0.002044,-0.000586
5392.034995,9.195,2.998024,0.000841,0.000347,-0.002045,-0.000584
5394.551555,9.195,2.985169,0.000842,0.000348,-0.00204,-0.000582
5397.081872000001,9.195,3.211316,0.000843,0.00035,-0.00205,-0.000583
5398.346769,9.195,3.063183,0.000842,0.00035,-0.002042,-0.000581
5400.847982,9.195,3.002698,0.000841,0.000351,-0.002037,-0.000579
5402.112427,9.195,3.090144,0.000842,0.000354,-0.002037,-0.000577
5404.613001000001,9.195,3.014359,0.000846,0.000355,-0.002037,-0.000576
5405.863762,9.195,2.973338,0.000844,0.000355,-0.002035,-0.000576
5408.393601000001,9.195,3.039834,0.000847,0.000356,-0.002038,-0.000576
5410.910295000001,9.195,3.106474,0.000847,0.000355,-0.002039,-0.000574
5412.174366,9.195,3.294757,0.000851,0.00036,-0.002039,-0.000572
5414.6758820000005,9.195,3.058711,0.000854,0.000361,-0.002039,-0.000572
5415.926604,9.195,3.379392,0.000853,0.000362,-0.002036,-0.000571
5418.44262,9.195,3.031309,0.000852,0.000359,-0.00203,-0.000573
5420.956723,9.195,3.211268,0.000852,0.000362,-0.002035,-0.00057
5422.20705,9.195,3.184063,0.000855,0.000364,-0.002033,-0.000565
5424.737848000001,9.195,2.849535,0.000862,0.000366,-0.002028,-0.000562
5425.983468,9.195,2.911331,0.000861,0.000366,-0.002033,-0.000561
5428.488233,9.195,3.21069,0.000861,0.000369,-0.002031,-0.000561
5431.004392,9.195,2.954738,0.000861,0.000371,-0.002029,-0.00056
5432.267929000001,9.195,3.313628,0.000865,0.000371,-0.00203,-0.000558
5434.769265,9.195,3.142666,0.000867,0.000376,-0.00203,-0.000553
5436.0197800000005,9.195,3.038222,0.000869,0.000375,-0.002025,-0.000554
5438.5187940000005,9.195,3.116485,0.000869,0.000375,-0.002026,-0.000554
5441.019952000001,9.195,3.078801,0.000866,0.000376,-0.002026,-0.000553
5442.2698900000005,9.195,3.0958,0.000866,0.000377,-0.002027,-0.000554
5444.784166,9.195,3.160667,0.000869,0.000378,-0.00203,-0.000551
5446.035717000001,9.195,3.109964,0.000868,0.000377,-0.002023,-0.00055
5448.5517230000005,9.195,3.055262,0.000873,0.00038,-0.002023,-0.000549
5451.066719,9.195,3.287892,0.000876,0.000381,-0.002029,-0.000549
5452.3312160000005,9.195,3.101163,0.000873,0.000381,-0.002025,-0.00055
5454.832241,9.195,3.059835,0.000871,0.000379,-0.002023,-0.000549
5456.0972520000005,9.195,3.006634,0.000873,0.000382,-0.002027,-0.00055
5458.614341,9.195,3.036885,0.00088,0.000385,-0.002029,-0.000547
5459.864351,9.195,3.081539,0.000883,0.000385,-0.002032,-0.000547
5462.378941,9.195,3.060111,0.000884,0.00039,-0.00203,-0.000545
5464.895851,9.195,2.886131,0.000876,0.000386,-0.002025,-0.000548
5466.143883000001,9.195,2.698112,0.000875,0.000384,-0.002028,-0.000551
5468.644741,9.195,2.951571,0.00087,0.000381,-0.002024,-0.000557
5469.909285000001,9.195,3.083279,0.00087,0.000379,-0.002019,-0.000555
5472.409964,9.195,2.971397,0.000871,0.000382,-0.00202,-0.000555
5474.9264220000005,9.195,3.036757,0.000874,0.000382,-0.002022,-0.00055
5476.192359000001,9.195,3.110681,0.000878,0.000383,-0.002025,-0.000546
5478.721238,9.195,3.146051,0.00088,0.000385,-0.002021,-0.000543
5479.972231000001,9.195,3.010051,0.00088,0.000387,-0.002022,-0.000544
5482.473784,9.195,3.370644,0.000882,0.000383,-0.002021,-0.000546
5484.988723,9.195,3.280703,0.000877,0.000378,-0.002019,-0.000551
5486.253556000001,9.195,3.003361,0.000877,0.000379,-0.002017,-0.00055
5488.7538190000005,9.195,3.327666,0.000879,0.00038,-0.002017,-0.00055
5490.00393,9.195,2.964648,0.000871,0.000375,-0.002012,-0.000554
5492.503523,9.195,3.235731,0.000875,0.000377,-0.002022,-0.000553
5495.004306,9.195,3.071385,0.000866,0.00037,-0.002027,-0.000557
5496.254583,9.195,3.031961,0.000863,0.000369,-0.00203,-0.000559
5498.754338000001,9.195,2.91262,0.000855,0.000357,-0.002027,-0.000572
5500.004205,9.195,3.155935,0.000853,0.000359,-0.002029,-0.00057
5502.520366000001,9.195,2.845079,0.000853,0.000364,-0.002025,-0.000565
5505.019768,9.195,3.105147,0.000861,0.000367,-0.002032,-0.000564
5506.265516,9.195,3.058366,0.000856,0.000362,-0.002029,-0.000567
5508.769691,9.195,2.950048,0.000856,0.000362,-0.002027,-0.00057
5510.034317000001,9.195,4.063536,0.000856,0.000361,-0.002027,-0.000568
5512.535260000001,9.195,3.091354,0.000858,0.000363,-0.002033,-0.000567
5515.051279,9.195,3.017722,0.00086,0.000365,-0.002034,-0.000564
5516.317011,9.195,3.092988,0.000858,0.000363,-0.00204,-0.000566
5518.831494,9.195,3.009563,0.000842,0.00035,-0.002028,-0.000579
5520.082142,9.195,3.02525,0.000841,0.00035,-0.002035,-0.00058
5522.581999,9.195,3.089879,0.00085,0.000358,-0.002034,-0.000572
5523.847321,9.195,3.017536,0.000862,0.000366,-0.002033,-0.000569
5526.3637530000005,9.195,2.692749,0.000863,0.000365,-0.002037,-0.000564
5528.87871,9.195,2.985779,0.000851,0.000358,-0.002042,-0.000572
5530.144113,9.195,3.05566,0.000846,0.000353,-0.00204,-0.000579
5532.644367,9.195,3.011483,0.000843,0.000345,-0.002041,-0.000585
5533.894569,9.195,3.366622,0.000845,0.000347,-0.002046,-0.000588
5536.409848,9.195,2.988734,0.000843,0.000347,-0.002042,-0.000585
5538.925231,9.195,3.033935,0.00085,0.000349,-0.002039,-0.000582
5540.176346,9.195,3.08104,0.000854,0.000357,-0.002047,-0.000576
5542.69153,9.195,2.773447,0.000853,0.000356,-0.002049,-0.000573
5543.941971,9.195,3.363948,0.000852,0.000356,-0.002048,-0.000571
5546.472848,9.195,3.247986,0.000846,0.000356,-0.002048,-0.000573
5549.004313,9.195,3.104882,0.000829,0.000339,-0.002041,-0.000591
5550.26923,9.195,3.025314,0.000826,0.000335,-0.002042,-0.000593
5552.785563,9.195,3.053389,0.000829,0.000335,-0.002049,-0.000595
5554.051037,9.195,3.065156,0.000823,0.000332,-0.002046,-0.000598
5556.565682,9.195,3.060689,0.000847,0.000347,-0.002051,-0.000584
5559.082548,9.195,3.087422,0.00084,0.000344,-0.002054,-0.000586
5560.347618,9.195,3.146544,0.000827,0.000331,-0.002053,-0.0006
5562.877999,9.195,2.871451,0.000827,0.000334,-0.002054,-0.000596
5564.145245000001,9.195,3.083353,0.000826,0.000339,-0.002052,-0.000593
5566.659823,9.195,3.427346,0.000839,0.000346,-0.002051,-0.00059
5567.924585000001,9.195,2.938366,0.000841,0.000349,-0.002055,-0.000587
5570.425139,9.195,3.218775,0.000831,0.000337,-0.002056,-0.000598
5572.926497,9.195,3.430911,0.000844,0.000351,-0.002057,-0.000584
5574.175456,9.195,3.047628,0.000845,0.000349,-0.002056,-0.000583
5576.674,9.195,3.318148,0.000831,0.000339,-0.002057,-0.000592
5577.924843,9.195,3.156465,0.000833,0.00034,-0.002059,-0.00059
5580.42532,9.195,3.046211,0.000827,0.000337,-0.002063,-0.000596
5582.941651,9.195,3.021446,0.000829,0.00034,-0.002063,-0.000593
5584.192182,9.195,3.059066,0.000832,0.000336,-0.002062,-0.000593
5586.707109,9.195,2.928185,0.000837,0.000343,-0.002059,-0.000588
5587.956479,9.195,3.623826,0.00083,0.000338,-0.002051,-0.000597
5590.473578,9.195,3.152523,0.000834,0.000333,-0.002055,-0.000602
5593.003196000001,9.195,3.093911,0.00084,0.000341,-0.002063,-0.000593
5594.253208,9.195,3.013552,0.00083,0.000335,-0.00206,-0.000598
5596.753804,9.195,3.440678,0.000821,0.000334,-0.002064,-0.0006
5598.019271,9.195,3.159701,0.000818,0.000331,-0.002067,-0.000601
5600.534214,9.195,2.970855,0.000826,0.000331,-0.002064,-0.000601
5603.050581,9.195,3.185511,0.000821,0.000327,-0.002065,-0.000607
5604.316903,9.195,3.235667,0.000827,0.000327,-0.002065,-0.000609
5606.832088,9.195,3.040694,0.000805,0.000312,-0.002056,-0.000623
5608.081006,9.195,3.086956,0.000812,0.000321,-0.002056,-0.000616
5610.582093,9.195,3.041914,0.000818,0.000318,-0.002066,-0.000616
5611.848122,9.195,3.149404,0.000811,0.000316,-0.002067,-0.000616
5614.363935,9.195,3.886808,0.000816,0.000318,-0.002073,-0.000619
5616.878719,9.195,3.041532,0.000816,0.000334,-0.002076,-0.000598
5618.126113,9.195,3.224738,0.000822,0.000337,-0.002072,-0.000597
5620.6432030000005,9.195,3.051915,0.000833,0.000341,-0.002071,-0.000591
5621.893677,9.195,2.948727,0.000826,0.000329,-0.00207,-0.000601
5624.394589,9.195,3.097232,0.000812,0.000316,-0.002072,-0.00062
5626.926742000001,9.195,3.279552,0.000806,0.000314,-0.002072,-0.000622
5628.175538,9.195,2.334342,0.00081,0.000312,-0.002071,-0.000625
5630.691193000001,9.195,2.963704,0.000806,0.000314,-0.002068,-0.000621
5631.956664,9.195,3.228579,0.000803,0.000309,-0.002072,-0.000624
5634.488012,9.195,2.82234,0.000804,0.000306,-0.00207,-0.000624
5636.989292,9.195,3.206419,0.000819,0.000322,-0.002071,-0.000611
5638.253095,9.195,3.16785,0.000819,0.000325,-0.002077,-0.000608
5640.753561,9.195,3.103911,0.000808,0.000313,-0.002077,-0.000621
5642.004662,9.195,3.138995,0.000802,0.000306,-0.002075,-0.00063
5644.503361,9.195,3.433617,0.000789,0.000302,-0.002067,-0.000631
5647.018935,9.195,3.214356,0.000797,0.000311,-0.002077,-0.000623
5648.2701830000005,9.195,2.896115,0.000805,0.000319,-0.002075,-0.000619
5650.785189,9.195,3.344,0.000814,0.00032,-0.002068,-0.000618
5652.049539000001,9.195,3.120055,0.000813,0.000313,-0.002073,-0.000622
5654.569153,9.195,3.117105,0.000781,0.000293,-0.002071,-0.000642
5657.060163,9.195,3.355083,0.000793,0.000301,-0.002078,-0.000631
5658.3003610000005,9.195,3.092669,0.000807,0.000308,-0.002079,-0.000624
5660.8158490000005,9.195,4.081728,0.000815,0.000322,-0.002087,-0.000609
5662.066954,9.195,3.204478,0.000822,0.000325,-0.002083,-0.000607
5664.58187,9.195,3.057994,0.000813,0.000318,-0.002084,-0.000617
5665.846975,9.195,3.002252,0.000807,0.000311,-0.002083,-0.000624
5668.378633,9.195,2.968097,0.000812,0.00031,-0.002081,-0.000628
5670.908493,9.195,3.342138,0.00081,0.000315,-0.00207,-0.000619
5672.16018,9.195,3.155309,0.000814,0.000317,-0.002074,-0.000614
5674.675489,9.195,3.384013,0.000806,0.000314,-0.002084,-0.000616
5675.925732000001,9.195,3.076727,0.000811,0.000318,-0.002079,-0.000616
5678.441237,9.195,3.040264,0.00082,0.000328,-0.002081,-0.000605
5680.956793,9.195,2.997912,0.000829,0.000334,-0.002083,-0.000595
5682.206965,9.195,3.155781,0.000823,0.000331,-0.002079,-0.000594
5684.738179,9.195,2.978813,0.000825,0.00033,-0.00208,-0.000599
5685.987902,9.195,3.033065,0.000821,0.000329,-0.002071,-0.000602
5688.503568,9.195,3.054896,0.000814,0.000325,-0.002073,-0.00061
5691.004641,9.195,3.016958,0.000814,0.000323,-0.002075,-0.000608
5692.254755,9.195,2.828749,0.000817,0.000325,-0.002078,-0.000607
5694.785303000001,9.195,3.128092,0.00081,0.000319,-0.002069,-0.00061
5696.050394,9.195,3.002989,0.000804,0.000312,-0.002081,-0.000614
5698.582739,9.195,3.052737,0.000799,0.000312,-0.002078,-0.000612
5701.098169,9.195,2.958383,0.000803,0.000317,-0.00208,-0.000619
5702.360405,9.195,2.991276,0.000805,0.000318,-0.002077,-0.000617
5704.863599,9.195,3.303665,0.000813,0.000324,-0.002071,-0.000609
5706.128151,9.195,3.123737,0.000819,0.000327,-0.002073,-0.000605
5708.629381000001,9.195,3.014815,0.000824,0.000334,-0.002069,-0.0006
5709.894584000001,9.195,3.090537,0.000824,0.000337,-0.002068,-0.000598
5712.425638000001,9.195,3.190493,0.000824,0.000338,-0.002061,-0.000598
5714.926185,9.195,3.151123,0.000829,0.000342,-0.002058,-0.000596
5716.176752,9.195,3.46574,0.000833,0.000345,-0.002059,-0.000595
5718.6905480000005,9.195,3.560354,0.000842,0.000353,-0.002061,-0.00059
5719.942004,9.195,2.331657,0.000841,0.000352,-0.002055,-0.000588
5722.441661,9.195,3.621174,0.000841,0.000348,-0.002051,-0.000588
5724.957001000001,9.195,3.079125,0.000832,0.000339,-0.002054,-0.000593
5726.2220210000005,9.195,2.980898,0.000832,0.000338,-0.00205,-0.000593
5728.738381,9.195,3.063676,0.000835,0.000342,-0.002049,-0.000591
5730.00456,9.195,3.275892,0.000834,0.000345,-0.002052,-0.000589
5732.534561,9.195,3.523679,0.00084,0.000349,-0.002052,-0.000588
5735.050562,9.195,3.308837,0.000844,0.00035,-0.002057,-0.00059
5736.315495,9.195,3.364314,0.000847,0.000354,-0.002053,-0.000586
5738.832189000001,9.195,3.110654,0.000843,0.000354,-0.002054,-0.000586
5740.098419,9.195,3.091433,0.000838,0.000349,-0.002051,-0.000589
5742.628453,9.195,3.092171,0.000839,0.000349,-0.002055,-0.000588
5743.879038,9.195,3.135292,0.000837,0.000349,-0.002054,-0.000592
5746.3786150000005,9.195,3.029335,0.000833,0.000345,-0.002048,-0.000593
5748.894633,9.195,3.101688,0.000839,0.000348,-0.00205,-0.000586
5750.159259,9.195,3.037362,0.000842,0.000351,-0.002049,-0.000582
5752.657968,9.195,3.409165,0.000843,0.000355,-0.00205,-0.00058
5753.909851,9.195,3.452015,0.000841,0.000357,-0.002054,-0.000583
5756.426741,9.195,3.185734,0.000843,0.000356,-0.002047,-0.000583
5758.926416,9.195,3.033871,0.000849,0.000352,-0.002047,-0.000581
5760.175384,9.195,3.071942,0.000853,0.000356,-0.002048,-0.000582
5762.675555,9.195,2.988989,0.000854,0.00036,-0.002047,-0.000579
5763.926616000001,9.195,3.031155,0.000854,0.000361,-0.002053,-0.000579
5766.456694,9.195,3.551685,0.000843,0.000357,-0.002047,-0.00058
5768.972659,9.195,2.948298,0.000845,0.000358,-0.002045,-0.00058
5770.223888,9.195,3.071443,0.000842,0.000359,-0.002047,-0.00058
5772.753749,9.195,3.001775,0.000844,0.000357,-0.002041,-0.000579
5774.004119,9.195,2.828054,0.000846,0.000361,-0.002047,-0.000576
5776.534453,9.195,2.944329,0.000853,0.000362,-0.00204,-0.000572
5779.035304,9.195,3.26248,0.00086,0.000366,-0.002039,-0.000569
5780.300020000001,9.195,3.183559,0.000862,0.000368,-0.002046,-0.00057
5782.8166630000005,9.195,3.114564,0.000861,0.000371,-0.002046,-0.000564
5784.081743000001,9.195,3.002809,0.000866,0.000374,-0.00205,-0.000564
5786.581792,9.195,2.943242,0.000868,0.000372,-0.002048,-0.000564
5789.097032000001,9.195,3.117116,0.000859,0.000366,-0.002047,-0.000573
5790.363923,9.195,3.387631,0.000862,0.000367,-0.00205,-0.000572
5792.878492,9.195,3.118692,0.00086,0.000366,-0.002045,-0.000574
5794.143786000001,9.195,3.065597,0.000859,0.000364,-0.002045,-0.000576
5796.644533000001,9.195,3.079889,0.000859,0.000363,-0.002039,-0.000572
5797.910766,9.195,3.245662,0.000858,0.000365,-0.002034,-0.00057
5800.441508,9.195,2.91705,0.00086,0.00037,-0.00204,-0.000567
5802.956775000001,9.195,3.399536,0.000865,0.000375,-0.002039,-0.000565
5804.206505,9.195,3.016141,0.000865,0.000374,-0.002035,-0.000564
5806.702143,9.195,2.996888,0.00087,0.000375,-0.002036,-0.000563
5807.941776000001,9.195,3.376967,0.000868,0.000374,-0.002042,-0.000566
5810.441403,9.195,2.889595,0.000867,0.000371,-0.002044,-0.00057
5812.957177,9.195,3.056928,0.00086,0.000363,-0.002043,-0.000575
5814.206941,9.195,3.211894,0.000853,0.000363,-0.002037,-0.000571
5816.723546,9.195,3.141016,0.000853,0.000363,-0.002044,-0.000576
5817.972243,9.195,3.152778,0.000851,0.000358,-0.002036,-0.000575
5820.488744,9.195,3.24563,0.000852,0.000363,-0.002035,-0.000572
5823.0198390000005,9.195,3.373036,0.000853,0.000366,-0.002041,-0.00057
5824.284619,9.195,3.056382,0.000854,0.000368,-0.002036,-0.000565
5826.81692,9.195,2.941024,0.00085,0.000369,-0.002045,-0.000569
5828.081661,9.195,3.208966,0.000852,0.000368,-0.002041,-0.000566
5830.582848,9.195,3.255928,0.000848,0.000365,-0.002038,-0.000571
5831.847134000001,9.195,2.787623,0.00085,0.000369,-0.002039,-0.000567
5834.378045,9.195,2.782758,0.00085,0.000368,-0.002043,-0.000567
5836.879178,9.195,3.818375,0.00085,0.000364,-0.002039,-0.000568
5838.143711000001,9.195,3.143584,0.00085,0.000363,-0.002035,-0.00057
5840.644101,9.195,3.090786,0.000849,0.000364,-0.002036,-0.00057
5841.894947,9.195,2.839423,0.000854,0.000369,-0.002042,-0.000566
5844.393518,9.195,3.055389,0.000857,0.000371,-0.002039,-0.000562
5846.893565,9.195,3.119747,0.000863,0.000374,-0.002042,-0.000561
5848.159905,9.195,3.085353,0.000857,0.00037,-0.002043,-0.000564
5850.675528000001,9.195,3.039633,0.000853,0.000367,-0.002043,-0.000568
5851.942287,9.195,3.107365,0.000854,0.000368,-0.002037,-0.000565
5854.471808,9.195,3.65388,0.000852,0.000368,-0.002041,-0.000565
5856.973765000001,9.195,3.132188,0.000854,0.000369,-0.002038,-0.000563
5858.235501,9.195,3.829086,0.000854,0.00037,-0.002032,-0.000564
5860.737832,9.195,3.312498,0.000859,0.000371,-0.002036,-0.000567
5861.988628,9.195,3.461194,0.00086,0.000371,-0.002029,-0.000564
5864.5048400000005,9.195,3.250177,0.000862,0.000371,-0.002029,-0.000564
5867.03482,9.195,3.085974,0.000867,0.000372,-0.002037,-0.000563
5868.301373,9.195,2.178813,0.000865,0.000371,-0.002036,-0.000564
5870.816652,9.195,3.014703,0.000866,0.000375,-0.002035,-0.000564
5872.082538000001,9.195,3.096548,0.000865,0.000373,-0.002031,-0.000564
5874.581661,9.195,3.3148,0.000862,0.000376,-0.002036,-0.000561
5877.081738,9.195,3.1941,0.000867,0.000378,-0.002037,-0.000558
5878.332158,9.195,3.1012,0.000868,0.000378,-0.002033,-0.000558
5880.832162000001,9.195,3.335279,0.000862,0.000373,-0.002031,-0.000557
5882.082122,9.195,3.1536,0.000863,0.000374,-0.00203,-0.000557
5884.597148,9.195,2.897155,0.000868,0.000374,-0.002031,-0.000559
5885.863481,9.195,3.348876,0.000865,0.000373,-0.002024,-0.000557
5888.393684000001,9.195,3.002167,0.000871,0.000378,-0.002028,-0.000552
5890.909817000001,9.195,3.222738,0.000873,0.000379,-0.002027,-0.000556
5892.175495,9.195,2.960346,0.000874,0.000382,-0.002032,-0.000552
5894.706384,9.195,2.903606,0.000873,0.000386,-0.00203,-0.000546
5895.973147000001,9.195,3.118766,0.000873,0.000385,-0.002034,-0.00055
5898.504663000001,9.195,3.077926,0.000861,0.00038,-0.002024,-0.000555
5901.035798,9.195,3.130443,0.000865,0.000382,-0.00203,-0.000554
5902.3000440000005,9.195,3.074594,0.000862,0.000377,-0.002026,-0.000552
5904.816672,9.195,3.041845,0.000865,0.000374,-0.00203,-0.000559
5906.0796660000005,9.195,3.030731,0.000866,0.000377,-0.00203,-0.000557
5908.596915,9.195,2.935061,0.000871,0.000377,-0.00203,-0.000556
5909.8635970000005,9.195,3.052885,0.000872,0.000378,-0.002025,-0.000553
5912.379602,9.195,2.94677,0.000871,0.00038,-0.002028,-0.000554
5914.895155,9.195,3.088287,0.000868,0.000377,-0.002032,-0.000557
5916.158731,9.195,3.11405,0.000863,0.000372,-0.002028,-0.00056
5918.6600100000005,9.195,2.808525,0.000868,0.000374,-0.00203,-0.000559
5919.909476,9.195,3.069432,0.000873,0.000378,-0.002034,-0.000555
5922.442245,9.195,3.405159,0.000872,0.000378,-0.00203,-0.000557
5924.956596,9.195,3.080367,0.00087,0.000374,-0.002028,-0.000558
5926.222615000001,9.195,3.218717,0.000869,0.000375,-0.002025,-0.000558
5928.736639000001,9.195,3.061528,0.000871,0.000375,-0.00203,-0.000556
5929.988083,9.195,3.324292,0.00087,0.000377,-0.002027,-0.000555
5932.487921,9.195,3.120877,0.00087,0.000375,-0.002025,-0.000556
5934.988447000001,9.195,2.973879,0.000872,0.000376,-0.002032,-0.000556
5936.253549,9.195,3.289738,0.000871,0.000377,-0.002035,-0.000558
5938.7538970000005,9.195,3.144072,0.000874,0.00038,-0.002033,-0.000554
5940.00475,9.195,3.147743,0.000873,0.000382,-0.00202,-0.000551
5942.5352570000005,9.195,3.139547,0.000871,0.000384,-0.002029,-0.000549
5945.0516640000005,9.195,3.115413,0.000869,0.000383,-0.002032,-0.000554
5946.317251,9.195,3.224081,0.000871,0.000383,-0.002032,-0.000552
5948.8315170000005,9.195,3.207613,0.000867,0.000381,-0.002032,-0.000551
5950.082136,9.195,3.201369,0.000864,0.000377,-0.002029,-0.000553
5952.613576000001,9.195,3.632495,0.000871,0.00038,-0.002036,-0.000555
5953.877998,9.195,3.016056,0.000871,0.00038,-0.002031,-0.000554
5956.378607000001,9.195,3.423388,0.000869,0.000381,-0.00203,-0.000551
5958.909631,9.195,3.163521,0.000875,0.000383,-0.002031,-0.000556
5960.159735,9.195,2.978076,0.000876,0.00038,-0.002024,-0.000555
5962.6765350000005,9.195,2.727843,0.000866,0.000381,-0.002027,-0.000554
5963.92713,9.195,3.095295,0.000863,0.00038,-0.002025,-0.000558
5966.441519,9.195,3.022247,0.000864,0.000375,-0.002023,-0.000559
5968.9734770000005,9.195,3.097004,0.000858,0.000374,-0.002031,-0.000563
5970.238185,9.195,3.020481,0.000854,0.000372,-0.002033,-0.000567
5972.753222,9.195,3.129976,0.00083,0.000348,-0.002047,-0.000588
5974.003677000001,9.195,3.041548,0.000832,0.00035,-0.002044,-0.000584
5976.519484,9.195,3.25448,0.000834,0.000351,-0.002044,-0.00058
5979.034857000001,9.195,3.100272,0.000829,0.000341,-0.00204,-0.000589
5980.284763000001,9.195,3.152327,0.000829,0.000344,-0.002042,-0.000588
5982.816898,9.195,3.038513,0.000833,0.000349,-0.00205,-0.000584
5984.081381,9.195,3.389833,0.000828,0.000344,-0.00205,-0.000588
5986.581665000001,9.195,3.041447,0.000825,0.00034,-0.002053,-0.000595
5989.082349,9.195,2.936557,0.000826,0.000344,-0.002048,-0.000593
5990.346635,9.195,3.019186,0.000834,0.000349,-0.002044,-0.000587
5992.86319,9.195,3.016539,0.000833,0.000343,-0.002056,-0.000595
5994.114392,9.195,3.343465,0.000826,0.00034,-0.002054,-0.000602
5996.644369000001,9.195,3.04263,0.000822,0.000341,-0.002059,-0.0006
5997.909972,9.195,3.078934,0.000816,0.000334,-0.002058,-0.000603
6000.4266130000005,9.195,3.142756,0.000813,0.000326,-0.002059,-0.00061
6002.925119,9.195,3.055878,0.000807,0.000324,-0.002056,-0.000607
6004.176479000001,9.195,2.961338,0.000813,0.000329,-0.002051,-0.000604
6006.691735,9.195,2.972134,0.000793,0.000312,-0.002067,-0.000621
6007.957087,9.195,2.992612,0.000797,0.000317,-0.002076,-0.000619
6010.474074000001,9.195,2.991456,0.000818,0.000334,-0.002068,-0.000602
6012.987248,9.195,3.149277,0.000821,0.000335,-0.002067,-0.000598
6014.238817,9.195,3.271807,0.00082,0.000331,-0.002068,-0.000605
6016.7537600000005,9.195,3.044811,0.000816,0.000331,-0.002067,-0.000609
6018.003731,9.195,2.984447,0.000821,0.00033,-0.002072,-0.000613
6020.519998000001,9.195,3.330334,0.000825,0.000333,-0.002069,-0.000606
6023.051119000001,9.195,3.162619,0.000815,0.000326,-0.002074,-0.000607
6024.315952,9.195,2.319386,0.000816,0.000328,-0.002075,-0.000606
6026.832338,9.195,3.076467,0.000817,0.000327,-0.00208,-0.000604
6028.082409000001,9.195,3.108781,0.000816,0.000326,-0.002079,-0.000604
6030.597232,9.195,3.378145,0.000816,0.000327,-0.002074,-0.000606
6033.097869,9.195,2.857657,0.000815,0.000329,-0.002068,-0.000602
6034.36322,9.195,3.078276,0.000818,0.00033,-0.002078,-0.000603
6036.879325,9.195,3.286996,0.000811,0.000321,-0.002082,-0.000605
6038.1434500000005,9.195,2.995636,0.000816,0.000321,-0.002085,-0.000609
6040.66023,9.195,3.02768,0.00081,0.00032,-0.002081,-0.000614
6041.910724,9.195,2.712749,0.000813,0.000327,-0.002085,-0.000607
6044.425481,9.195,3.13413,0.000804,0.000325,-0.002076,-0.000611
6046.957209,9.195,3.054387,0.000786,0.000303,-0.002069,-0.00063
6048.221432,9.195,3.025107,0.00078,0.000298,-0.002069,-0.000637
6050.738253,9.195,3.120862,0.000792,0.000308,-0.00207,-0.000625
6052.003511,9.195,2.804647,0.000796,0.000312,-0.002074,-0.000624
6054.535081,9.195,2.982336,0.000797,0.000312,-0.002067,-0.000625
6057.066942,9.195,3.135408,0.000803,0.000307,-0.002077,-0.000631
6058.331496,9.195,2.971434,0.000809,0.000311,-0.002076,-0.000623
6060.847018,9.195,3.337746,0.000809,0.000322,-0.002083,-0.000613
6062.098593000001,9.195,3.454021,0.0008,0.000314,-0.00207,-0.000621
6064.62873,9.195,2.961937,0.000804,0.00031,-0.002077,-0.000631
6065.894525000001,9.195,3.07825,0.000805,0.000313,-0.002074,-0.000623
6068.425825,9.195,3.13892,0.000795,0.000317,-0.002081,-0.00062
6070.957489,9.195,3.503285,0.000805,0.000314,-0.002076,-0.000626
6072.222965,9.195,2.678637,0.000801,0.000316,-0.002083,-0.00062
6074.72324,9.195,3.121588,0.00081,0.000321,-0.002084,-0.000616
6075.972131,9.195,2.867403,0.000816,0.000324,-0.002079,-0.000606
6078.503442,9.195,2.961715,0.000818,0.000328,-0.002088,-0.000604
6081.019351,9.195,2.948085,0.000795,0.000316,-0.002086,-0.000619
6082.285946,9.195,3.071321,0.000787,0.000306,-0.00208,-0.000631
6084.815668,9.195,3.188923,0.000787,0.000302,-0.002078,-0.000634
6086.064474,9.195,3.230288,0.000795,0.000311,-0.002084,-0.000624
6088.566999000001,9.195,3.107752,0.000805,0.000326,-0.002079,-0.000608
6091.082592000001,9.195,3.011488,0.000817,0.000328,-0.002078,-0.000608
6092.34716,9.195,3.2902,0.000816,0.000326,-0.002076,-0.000608
6094.8786150000005,9.195,2.892895,0.0008,0.000318,-0.002082,-0.000618
6096.144136,9.195,2.920397,0.0008,0.000315,-0.002085,-0.000624
6098.659951000001,9.195,3.293516,0.000802,0.000316,-0.002082,-0.000616
6099.9087580000005,9.195,3.225985,0.000807,0.000319,-0.002082,-0.000614
6102.425391000001,9.195,2.975503,0.000811,0.000327,-0.00208,-0.00061
6104.9569950000005,9.195,3.219576,0.000816,0.000322,-0.002081,-0.000613
6106.222470000001,9.195,3.016995,0.000813,0.000319,-0.002078,-0.000617
6108.738496,9.195,3.130936,0.000805,0.000319,-0.002076,-0.000619
6110.004473,9.195,3.105227,0.000805,0.000324,-0.002071,-0.000614
6112.5187940000005,9.195,3.092165,0.000803,0.000315,-0.002078,-0.000627
6115.019207,9.195,3.091014,0.000793,0.000308,-0.00208,-0.000631
6116.269435,9.195,3.057825,0.000792,0.000309,-0.002073,-0.000627
6118.801464,9.195,3.073581,0.000787,0.000308,-0.002081,-0.00063
6120.06699,9.195,2.971397,0.000793,0.00031,-0.002075,-0.000626
6122.582209,9.195,3.236346,0.000792,0.000311,-0.00208,-0.000624
6125.0970990000005,9.195,2.967709,0.000792,0.000309,-0.002079,-0.000624
6126.348581,9.195,2.371866,0.00079,0.000307,-0.002072,-0.000624
6128.878866,9.195,3.385302,0.000791,0.000307,-0.002076,-0.000629
6130.144769,9.195,3.476436,0.000787,0.000306,-0.002068,-0.000631
6132.654999,9.195,3.052896,0.000783,0.0003,-0.002075,-0.000636
6133.893590000001,9.195,3.096059,0.000786,0.000302,-0.002081,-0.000634
6136.409612,9.195,3.314678,0.000791,0.000309,-0.002076,-0.000626
6138.92521,9.195,2.833312,0.000798,0.000317,-0.002072,-0.000618
6140.177093,9.195,3.233492,0.000796,0.000313,-0.002068,-0.000622
6142.677079,9.195,3.116734,0.000794,0.00031,-0.002068,-0.000626
6143.925234,9.195,2.912041,0.000793,0.000308,-0.002069,-0.000628
6146.4267070000005,9.195,3.359174,0.000793,0.000311,-0.002078,-0.000628
6148.926725,9.195,3.055321,0.000795,0.000311,-0.002084,-0.000624
6150.176539,9.195,3.131573,0.000796,0.000316,-0.002083,-0.000623
6152.69232,9.195,3.122511,0.000793,0.000311,-0.002077,-0.000624
6153.941223,9.195,3.213104,0.000797,0.000315,-0.002079,-0.00062
6156.456534,9.195,3.144868,0.000802,0.000317,-0.002076,-0.000615
6158.956965,9.195,2.875807,0.000803,0.00032,-0.002078,-0.000614
6160.222583000001,9.195,3.134607,0.000804,0.000321,-0.002075,-0.000613
6162.722194,9.195,3.090271,0.000803,0.00032,-0.002073,-0.000614
6163.972591000001,9.195,3.131981,0.000802,0.000317,-0.002073,-0.000614
6166.4721070000005,9.195,3.05957,0.000805,0.00032,-0.002068,-0.000613
6168.972239000001,9.195,2.871249,0.000805,0.000325,-0.002064,-0.000608
6170.221663,9.195,3.131801,0.000809,0.000327,-0.00207,-0.000609
6172.7393010000005,9.195,3.014316,0.000812,0.000329,-0.002068,-0.000607
6174.004095,9.195,3.071777,0.000815,0.000331,-0.002068,-0.000607
6176.5204810000005,9.195,3.074165,0.000808,0.000326,-0.002063,-0.000608
6179.050958,9.195,3.440169,0.000804,0.000321,-0.002062,-0.00061
6180.3165770000005,9.195,3.145027,0.000808,0.000324,-0.002061,-0.000609
6182.832079,9.195,3.037325,0.000811,0.00033,-0.002062,-0.000606
6184.0814900000005,9.195,3.136019,0.000816,0.000333,-0.002064,-0.000603
6186.581718,9.195,3.040264,0.000818,0.000334,-0.002064,-0.000602
6189.097724,9.195,3.089614,0.000816,0.000331,-0.00206,-0.000601
6190.363821,9.195,3.085815,0.000817,0.000332,-0.002067,-0.000603
6192.87958,9.195,3.055909,0.000819,0.000332,-0.002058,-0.0006
6194.127925,9.195,3.101805,0.000818,0.000331,-0.002062,-0.000602
6196.6286390000005,9.195,3.348324,0.000821,0.000335,-0.002061,-0.0006
6197.894781,9.195,3.154327,0.000819,0.000336,-0.002054,-0.000597
6200.409818,9.195,3.029537,0.000823,0.000339,-0.002058,-0.000594
6202.909657,9.195,2.948558,0.000827,0.000341,-0.002056,-0.000595
6204.175313000001,9.195,2.946069,0.000825,0.00034,-0.002053,-0.000592
6206.691399,9.195,3.033182,0.000826,0.000344,-0.002058,-0.000591
6207.941692,9.195,3.370808,0.000825,0.000341,-0.002048,-0.00059
6210.473472000001,9.195,3.00761,0.000827,0.000342,-0.002052,-0.000592
6212.987837000001,9.195,3.280274,0.000831,0.000345,-0.00205,-0.000588
6214.253065,9.195,3.474435,0.000831,0.000347,-0.002052,-0.000585
6216.754312,9.195,3.294189,0.000837,0.000352,-0.002053,-0.000583
6218.0197,9.195,3.08086,0.000837,0.000351,-0.00205,-0.000582
6220.534724,9.195,3.23328,0.000839,0.000351,-0.002054,-0.000582
6223.06636,9.195,3.525822,0.000838,0.000352,-0.002045,-0.000582
6224.316832,9.195,2.952048,0.000838,0.000352,-0.002052,-0.00058
6226.831871,9.195,3.398013,0.000837,0.000351,-0.002052,-0.000581
6228.096726000001,9.195,3.128607,0.000841,0.000354,-0.002053,-0.000579
6230.629685,9.195,3.138979,0.000844,0.00036,-0.002046,-0.000573
6231.877733,9.195,3.405844,0.000846,0.000363,-0.002047,-0.000571
6234.379726,9.195,3.071056,0.000848,0.000364,-0.002044,-0.00057
6236.8955670000005,9.195,2.906901,0.000846,0.000359,-0.002034,-0.000571
6238.14486,9.195,3.262957,0.000845,0.000362,-0.002035,-0.000571
6240.6598030000005,9.195,3.030237,0.000849,0.000367,-0.002041,-0.000566
6241.908506000001,9.195,2.895399,0.000848,0.000363,-0.002035,-0.000566
6244.424726,9.195,3.34339,0.000847,0.000364,-0.002038,-0.000569
6246.925241,9.195,3.192445,0.000847,0.000361,-0.002038,-0.00057
6248.176459,9.195,3.033335,0.000847,0.000358,-0.002035,-0.000572
6250.692524,9.195,3.164789,0.000842,0.000356,-0.00204,-0.000576
6251.94092,9.195,2.95816,0.000841,0.000357,-0.002041,-0.000574
6254.455632,9.195,3.088738,0.000843,0.000359,-0.002033,-0.00057
6256.956781,9.195,3.128406,0.000845,0.000362,-0.002033,-0.000568
6258.22288,9.195,2.378105,0.000847,0.000365,-0.002035,-0.000565
6260.738189000001,9.195,3.097174,0.000846,0.000365,-0.002026,-0.000564
6261.98865,9.195,3.044498,0.00085,0.000367,-0.002034,-0.000564
6264.5036310000005,9.195,2.952234,0.00085,0.000367,-0.002031,-0.000564
6267.004689,9.195,3.21382,0.000854,0.000369,-0.002031,-0.000564
6268.254881,9.195,3.076886,0.000853,0.00037,-0.002028,-0.000562
6270.784549,9.195,2.913293,0.000856,0.000373,-0.002035,-0.000558
6272.051698,9.195,3.03742,0.000856,0.000374,-0.002037,-0.000558
6274.564894,9.195,3.457188,0.000854,0.000371,-0.002029,-0.000559
6277.065933,9.195,2.990803,0.00086,0.000377,-0.002026,-0.000561
6278.315695,9.195,2.996459,0.00086,0.000377,-0.002031,-0.000559
6280.832174,9.195,3.083719,0.000865,0.000382,-0.002034,-0.000556
6282.097407,9.195,3.003907,0.000864,0.000382,-0.002029,-0.000555
6284.614347000001,9.195,2.923936,0.000868,0.000381,-0.00203,-0.000557
6287.113681,9.195,3.362712,0.000873,0.000388,-0.002034,-0.000552
6288.378199,9.195,3.072812,0.000872,0.000386,-0.002031,-0.000551
6290.877848,9.195,3.09415,0.000873,0.000383,-0.002034,-0.00055
6292.128715,9.195,3.362113,0.000873,0.000385,-0.00203,-0.000549
6294.644545,9.195,3.07982,0.000864,0.000383,-0.002028,-0.000552
6295.910087,9.195,3.471364,0.000866,0.000383,-0.002029,-0.000554
6298.411134,9.195,3.184912,0.000863,0.000378,-0.002029,-0.000555
6300.926616000001,9.195,3.078945,0.000871,0.000381,-0.002029,-0.000553
6302.1752670000005,9.195,3.229566,0.000878,0.000383,-0.002032,-0.000552
6304.691317,9.195,3.174519,0.000879,0.000387,-0.002028,-0.000549
6305.9414990000005,9.195,3.176179,0.000882,0.000387,-0.002026,-0.000547
6308.4420740000005,9.195,3.02977,0.000882,0.000388,-0.002023,-0.000546
6310.942189,9.195,3.336021,0.000885,0.000389,-0.002023,-0.000543
6312.206994,9.195,2.967407,0.000879,0.000386,-0.002025,-0.000547
6314.723677,9.195,3.174503,0.00087,0.000383,-0.002024,-0.00055
6315.989202000001,9.195,3.331231,0.000865,0.000378,-0.002022,-0.00055
6318.519691,9.195,3.012709,0.000869,0.000376,-0.002037,-0.000557
6321.018786000001,9.195,3.376808,0.000858,0.000368,-0.002038,-0.000563
6322.269821,9.195,3.326875,0.000851,0.000365,-0.002032,-0.000563
6324.770073000001,9.195,3.189305,0.000854,0.000365,-0.002034,-0.000563
6326.033072,9.195,3.090882,0.000851,0.000362,-0.002036,-0.000567
6328.53556,9.195,3.191236,0.000843,0.000358,-0.002037,-0.000572
6331.06548,9.195,2.981095,0.00084,0.00036,-0.002029,-0.000572
6332.317444,9.195,2.978336,0.000844,0.000361,-0.002024,-0.000569
6334.8164050000005,9.195,3.268098,0.000843,0.000357,-0.002032,-0.000574
6336.066509,9.195,3.057713,0.000839,0.000356,-0.002027,-0.000575
6338.581801,9.195,2.875547,0.000835,0.000352,-0.002036,-0.00058
6341.097067000001,9.195,3.096564,0.00084,0.000355,-0.002038,-0.000575
6342.347895,9.195,2.289226,0.000839,0.000357,-0.00203,-0.000576
6344.877943,9.195,3.069852,0.000834,0.000351,-0.002032,-0.000583
6346.128424,9.195,3.479788,0.000834,0.000353,-0.002034,-0.000581
6348.6286900000005,9.195,2.805077,0.000844,0.000355,-0.002042,-0.000581
6349.879508,9.195,3.276661,0.000836,0.000346,-0.002048,-0.00059
6352.394587,9.195,3.392056,0.00083,0.000343,-0.002049,-0.000587
6354.909858,9.195,2.734257,0.00083,0.000346,-0.00205,-0.000583
6356.160175,9.195,3.213353,0.000829,0.000346,-0.002052,-0.000588
6358.659791,9.195,3.078621,0.000823,0.000341,-0.002052,-0.000593
6359.926425000001,9.195,2.979874,0.000823,0.000341,-0.002049,-0.000591
6362.441407,9.195,3.053543,0.000836,0.00035,-0.002046,-0.000581
6364.956717,9.195,3.252591,0.000827,0.000343,-0.002049,-0.000587
6366.206629,9.195,3.011244,0.000822,0.000339,-0.002047,-0.000592
6368.7217,9.195,3.155844,0.000817,0.000338,-0.002047,-0.000594
6369.971685,9.195,3.28569,0.000822,0.000336,-0.002048,-0.000595
6372.47221,9.195,3.167818,0.000816,0.000331,-0.002052,-0.000599
6374.988415,9.195,3.002241,0.000818,0.000333,-0.002054,-0.000598
6376.254101,9.195,3.06104,0.000819,0.000334,-0.002047,-0.000601
6378.754552,9.195,3.240511,0.000814,0.000328,-0.002053,-0.000607
6380.0042920000005,9.195,2.580543,0.000813,0.000325,-0.002061,-0.00061
6382.519543,9.195,3.195474,0.000812,0.000329,-0.002059,-0.000604
6385.019789,9.195,3.263191,0.000819,0.00034,-0.002059,-0.000597
6386.26957,9.195,2.947868,0.000813,0.000335,-0.00205,-0.0006
6388.769174,9.195,3.147016,0.000809,0.000328,-0.002057,-0.000607
6390.036316000001,9.195,3.053458,0.000818,0.000336,-0.002058,-0.000601
6392.551524,9.195,3.054785,0.000827,0.000342,-0.002057,-0.000593
6395.067301,9.195,3.391318,0.000827,0.000336,-0.002068,-0.000592
6396.316594,9.195,3.37901,0.000825,0.000334,-0.002069,-0.000597
6398.832172,9.195,3.037993,0.000816,0.00033,-0.002061,-0.000604
6400.082088,9.195,3.361519,0.000819,0.000335,-0.002068,-0.000598
6402.597147,9.195,3.19009,0.000819,0.000335,-0.002061,-0.000598
6405.113159,9.195,3.3267,0.000822,0.000333,-0.002058,-0.000602
6406.378508,9.195,3.283425,0.00083,0.000337,-0.002065,-0.000595
6408.878626000001,9.195,3.03516,0.000835,0.000337,-0.002066,-0.000594
6410.143787,9.195,3.117922,0.000832,0.000338,-0.002066,-0.000597
6412.659273,9.195,3.480027,0.000831,0.000337,-0.002075,-0.000597
6413.925237,9.195,3.07548,0.000829,0.000334,-0.002072,-0.000601
6416.441913000001,9.195,2.97093,0.000812,0.000326,-0.002069,-0.000612
6418.939813,9.195,3.279303,0.000799,0.000315,-0.002071,-0.00062
6420.192183,9.195,3.034715,0.00079,0.000308,-0.002064,-0.000623
6422.70768,9.195,2.925007,0.000794,0.000308,-0.002068,-0.000625
6423.97228,9.195,3.332515,0.00079,0.000308,-0.00207,-0.000627
6426.472425,9.195,2.724888,0.000797,0.000316,-0.002067,-0.000622
6428.988129,9.195,2.965359,0.000794,0.000309,-0.002072,-0.000627
6430.253608,9.195,3.125949,0.000793,0.000308,-0.00208,-0.00063
6432.769006,9.195,3.028396,0.000808,0.000314,-0.002073,-0.000618
6434.019505,9.195,3.37024,0.000813,0.000315,-0.002076,-0.000618
6436.534502,9.195,3.069284,0.000809,0.000319,-0.002077,-0.000616
6439.0521530000005,9.195,3.075263,0.000816,0.000321,-0.002064,-0.000616
6440.316246,9.195,2.281114,0.000815,0.000324,-0.002069,-0.000614
6442.831145,9.195,3.028396,0.000815,0.000333,-0.002075,-0.000601
6444.082204,9.195,2.922928,0.000807,0.000324,-0.002073,-0.000608
6446.596773,9.195,3.158433,0.000796,0.000317,-0.002075,-0.000617
6449.1287170000005,9.195,3.070387,0.000795,0.000315,-0.002073,-0.000623
6450.378638,9.195,3.069629,0.000795,0.000314,-0.002067,-0.000622
6452.910379,9.195,3.151149,0.000788,0.000305,-0.002071,-0.000631
6454.175198,9.195,2.693465,0.000794,0.000311,-0.002075,-0.000622
6456.69113,9.195,3.014465,0.0008,0.000319,-0.002092,-0.000614
6457.956609,9.195,3.887418,0.000799,0.000316,-0.002082,-0.000616
6460.473543,9.195,3.072058,0.000806,0.000319,-0.002084,-0.000622
6462.9720370000005,9.195,2.926153,0.000798,0.000316,-0.002077,-0.000619
6464.222345,9.195,3.254729,0.000791,0.000314,-0.002079,-0.000622
6466.738357,9.195,3.031892,0.000804,0.000318,-0.002075,-0.000612
6467.9887340000005,9.195,3.258082,0.000812,0.000323,-0.002078,-0.000612
6470.503599000001,9.195,3.508941,0.000814,0.000331,-0.002082,-0.000599
6473.019773,9.195,3.333692,0.000808,0.000322,-0.00208,-0.00061
6474.285193000001,9.195,3.187167,0.000784,0.0003,-0.002085,-0.000638
6476.801335,9.195,3.149605,0.000785,0.000305,-0.002085,-0.000633
6478.051604,9.195,3.274496,0.000787,0.000306,-0.002074,-0.000626
6480.582285,9.195,2.988559,0.000805,0.000318,-0.002082,-0.000615
6483.08205,9.195,3.52535,0.000822,0.000339,-0.002082,-0.000598
6484.33197,9.195,3.037723,0.000828,0.000343,-0.002075,-0.000592
6486.8321000000005,9.195,2.85571,0.00082,0.000335,-0.002078,-0.000599
6488.083919000001,9.195,3.15203,0.000821,0.000335,-0.00208,-0.000596
6490.581766,9.195,3.463676,0.000818,0.000332,-0.002077,-0.000598
6493.081616,9.195,2.871679,0.000818,0.000332,-0.002076,-0.0006
6494.33211,9.195,3.162545,0.000817,0.000333,-0.002078,-0.000599
6496.847223000001,9.195,3.157951,0.000811,0.000326,-0.002076,-0.000608
6498.113613,9.195,3.186732,0.000812,0.000326,-0.002081,-0.000609
6500.628706,9.195,1.66632,0.000813,0.000328,-0.002078,-0.000608
6503.12906,9.195,3.523217,0.000811,0.000333,-0.002077,-0.000599
6504.379177,9.195,3.050302,0.000811,0.000335,-0.002075,-0.000598
6506.8943770000005,9.195,3.284624,0.000813,0.000331,-0.002079,-0.000602
6508.159815,9.195,3.232802,0.000811,0.000328,-0.002074,-0.000607
6510.676797,9.195,3.063289,0.000799,0.000316,-0.002081,-0.000616
6511.942496000001,9.195,2.986814,0.000798,0.000316,-0.002071,-0.000617
6514.457019,9.195,3.351295,0.000801,0.00032,-0.002076,-0.00062
6516.956413,9.195,2.848241,0.000803,0.000325,-0.002072,-0.00061
6518.2238050000005,9.195,3.115127,0.000805,0.000327,-0.002071,-0.000607
6520.721963,9.195,3.253992,0.000812,0.00033,-0.002068,-0.000605
6521.98769,9.195,3.115371,0.000813,0.000334,-0.002069,-0.000601
6524.503692,9.195,2.93444,0.000821,0.000341,-0.002058,-0.000596
6527.019013,9.195,3.288343,0.000819,0.000344,-0.002053,-0.000592
6528.269164,9.195,3.143297,0.000822,0.000346,-0.00206,-0.000591
6530.802014,9.195,2.161316,0.000824,0.000346,-0.002052,-0.000587
6532.065966,9.195,3.103041,0.000826,0.000346,-0.002052,-0.00059
6534.566547,9.195,3.394178,0.000831,0.000343,-0.002055,-0.000594
6537.082276,9.195,3.048095,0.000831,0.000346,-0.002054,-0.000589
6538.332315000001,9.195,2.922392,0.000834,0.000349,-0.002062,-0.000588
6540.863724,9.195,3.063846,0.000844,0.000355,-0.002051,-0.000579
6542.114052,9.195,2.995944,0.000846,0.000361,-0.002057,-0.000578
6544.628394,9.195,3.054716,0.000844,0.000361,-0.002056,-0.000582
6545.893326,9.195,2.827131,0.000844,0.000359,-0.002058,-0.000583
6548.39519,9.195,3.053368,0.00084,0.000356,-0.002059,-0.000588
6550.894699,9.195,3.178063,0.000836,0.000356,-0.002056,-0.000587
6552.159423,9.195,3.102389,0.000835,0.000356,-0.002048,-0.000587
6554.676716,9.195,3.32617,0.000835,0.000355,-0.002053,-0.000586
6555.941367,9.195,3.558221,0.000833,0.000354,-0.002045,-0.000585
6558.441536,9.195,3.282571,0.000836,0.000356,-0.002045,-0.000582
6560.956786000001,9.195,2.95216,0.000849,0.000362,-0.00205,-0.000579
6562.222395,9.195,3.318047,0.000849,0.00036,-0.002044,-0.00058
6564.753655,9.195,3.533642,0.000851,0.000361,-0.002047,-0.000577
6565.99848,9.195,3.025547,0.000848,0.000362,-0.002034,-0.000574
6568.503559,9.195,3.148062,0.000842,0.000361,-0.002039,-0.000575
6571.00399,9.195,3.147133,0.000835,0.000356,-0.002046,-0.000581
6572.254409,9.195,3.034211,0.000837,0.00036,-0.002044,-0.000578
6574.7855420000005,9.195,3.149749,0.000838,0.000363,-0.002041,-0.000577
6576.049561,9.195,3.022412,0.000837,0.000361,-0.002041,-0.000576
6578.551521,9.195,2.063286,0.000845,0.000364,-0.002046,-0.000575
6581.065124000001,9.195,2.972505,0.000853,0.000366,-0.002049,-0.000572
6582.315399,9.195,2.676122,0.000852,0.000364,-0.002048,-0.000574
6584.816515,9.195,2.994278,0.000845,0.00036,-0.00205,-0.000582
6586.082799,9.195,3.073852,0.000843,0.000359,-0.002045,-0.00058
6588.58162,9.195,3.217438,0.000842,0.000361,-0.002051,-0.000577
6591.0970370000005,9.195,3.01639,0.000839,0.000362,-0.002044,-0.000577
6592.346764,9.195,3.135891,0.000838,0.000362,-0.002038,-0.000576
6594.863192,9.195,2.648604,0.000843,0.000364,-0.002042,-0.000574
6596.127955,9.195,3.036736,0.000842,0.000364,-0.002036,-0.000571
6598.6439820000005,9.195,3.080457,0.000844,0.000364,-0.002042,-0.000573
6599.895255,9.195,3.34321,0.000842,0.000362,-0.002038,-0.000572
6602.393608,9.195,3.104723,0.00085,0.000364,-0.002038,-0.000572
6604.893777,9.195,3.494707,0.000852,0.000364,-0.002042,-0.00057
6606.143918000001,9.195,3.19496,0.000852,0.000367,-0.002044,-0.000567
6608.641331,9.195,3.197793,0.000853,0.000367,-0.002038,-0.000568
6609.893607,9.195,3.037383,0.000852,0.000368,-0.002043,-0.000567
6612.409727,9.195,3.104007,0.000845,0.000367,-0.002038,-0.000568
6614.927017,9.195,3.109354,0.000842,0.000366,-0.002041,-0.000571
6616.17492,9.195,3.026683,0.000841,0.000366,-0.002037,-0.000572
6618.706386,9.195,3.859385,0.000847,0.000368,-0.002044,-0.000572
6619.95671,9.195,2.89377,0.000849,0.000366,-0.002038,-0.000573
6622.4577930000005,9.195,3.184689,0.000848,0.000367,-0.002042,-0.000575
6624.988089,9.195,3.00926,0.000848,0.000368,-0.002046,-0.000573
6626.2384870000005,9.195,2.936106,0.000845,0.000366,-0.00204,-0.000576
6628.753176,9.195,2.669177,0.000847,0.000366,-0.002041,-0.000572
6630.004477,9.195,2.973864,0.000846,0.000367,-0.002044,-0.000573
6632.5345640000005,9.195,3.009557,0.000845,0.000366,-0.002038,-0.00057
6635.067225,9.195,3.238521,0.000845,0.000366,-0.002042,-0.000573
6636.331696,9.195,2.934971,0.000842,0.000365,-0.002044,-0.000575
6638.81648,9.195,3.13161,0.000843,0.000365,-0.002037,-0.000573
6640.081805,9.195,3.310291,0.00085,0.000365,-0.002035,-0.000568
6642.612432,9.195,2.995774,0.000856,0.00037,-0.002043,-0.000568
6645.128963,9.195,3.136241,0.000857,0.000372,-0.002043,-0.000564
6646.37587,9.195,3.004777,0.000857,0.000373,-0.002045,-0.000563
6648.894476,9.195,2.822107,0.00085,0.000368,-0.002041,-0.000567
6650.159311,9.195,3.741375,0.00085,0.000369,-0.002035,-0.000567
6652.675483,9.195,3.347773,0.000848,0.000364,-0.002044,-0.000572
6653.926264000001,9.195,2.937188,0.000848,0.000364,-0.002037,-0.00057
6656.425658,9.195,2.923076,0.000848,0.000366,-0.002036,-0.000568
6658.940863,9.195,2.933432,0.000845,0.000366,-0.002039,-0.000569
6660.191622,9.195,3.147282,0.000845,0.000367,-0.002042,-0.000571
6662.706561,9.195,3.037924,0.000842,0.000363,-0.002038,-0.000568
6663.972022,9.195,3.008608,0.000847,0.000366,-0.00204,-0.000566
6666.473325,9.195,3.038466,0.000856,0.000368,-0.002043,-0.000566
6668.987523,9.195,3.065331,0.000855,0.000371,-0.002037,-0.000564
6670.238384,9.195,3.207629,0.00086,0.000375,-0.002042,-0.000561
6672.769733,9.195,2.840171,0.000855,0.000374,-0.002037,-0.000561
6674.035611,9.195,3.13856,0.000859,0.000377,-0.002043,-0.000563
6676.566086,9.195,3.330345,0.000858,0.00037,-0.002039,-0.000569
6679.066326,9.195,3.077035,0.000859,0.00037,-0.002035,-0.000569
6680.317498,9.195,2.967412,0.000863,0.000373,-0.002043,-0.000566
6682.831604,9.195,3.031357,0.000865,0.000375,-0.00204,-0.000562
6684.081623,9.195,3.504468,0.000861,0.000378,-0.002041,-0.000559
6686.58148,9.195,3.425632,0.000857,0.000376,-0.002037,-0.000559
6689.081376,9.195,3.120076,0.000861,0.00038,-0.002037,-0.000555
6690.332471000001,9.195,2.902985,0.000862,0.000381,-0.002037,-0.000556
6692.847482,9.195,3.027929,0.000863,0.000378,-0.002031,-0.000557
6694.097272,9.195,2.980649,0.000862,0.000376,-0.002038,-0.000559
6696.614128,9.195,3.037367,0.000861,0.000376,-0.002038,-0.000558
6699.12868,9.195,3.074706,0.000858,0.000376,-0.00203,-0.000555
6700.379471,9.195,3.198881,0.000861,0.000377,-0.00203,-0.000557
6702.877873,9.195,2.961725,0.000865,0.000381,-0.002037,-0.000556
6704.129356,9.195,3.399844,0.000864,0.00038,-0.002028,-0.000557
6706.628698,9.195,3.509593,0.000868,0.000381,-0.002027,-0.000557
6709.113031,9.195,2.843015,0.00087,0.000383,-0.002033,-0.000554
6710.363954,9.195,3.357874,0.000869,0.000383,-0.002035,-0.000556
6712.879674,9.195,2.797915,0.000868,0.000378,-0.002035,-0.000562
6714.129987,9.195,3.125164,0.000865,0.000375,-0.002031,-0.000564
6716.660726,9.195,2.83424,0.000867,0.000377,-0.002038,-0.000563
6717.926538000001,9.195,3.082876,0.00087,0.000381,-0.002038,-0.000563
6720.4566780000005,9.195,3.034545,0.000867,0.000382,-0.002034,-0.000556
6722.957327,9.195,3.058578,0.000871,0.000386,-0.002034,-0.000553
6724.221675,9.195,3.027075,0.000873,0.000385,-0.002034,-0.000552
6726.721861,9.195,3.048445,0.000871,0.000383,-0.002031,-0.000555
6727.971722,9.195,3.071151,0.00086,0.000372,-0.002028,-0.000562
6730.487164,9.195,2.695094,0.000851,0.000368,-0.002033,-0.000567
6732.987231,9.195,3.046333,0.000837,0.000355,-0.002041,-0.000584
6734.253583000001,9.195,2.963004,0.000828,0.000345,-0.002043,-0.000591
6736.753464,9.195,2.990225,0.000828,0.000345,-0.002049,-0.000588
6738.004326,9.195,3.196063,0.000833,0.000349,-0.002048,-0.000585
6740.519606,9.195,3.106092,0.000819,0.000337,-0.002045,-0.000598
6743.035399,9.195,3.336467,0.000816,0.000337,-0.002048,-0.000596
6744.302018,9.195,3.087476,0.000818,0.000342,-0.002047,-0.000592
6746.816705,9.195,3.081268,0.000818,0.000337,-0.002047,-0.000596
6748.081712,9.195,3.075157,0.000817,0.00034,-0.002047,-0.000592
6750.597729,9.195,3.168227,0.000806,0.000326,-0.002055,-0.000606
6753.113629,9.195,3.356298,0.000798,0.000321,-0.002064,-0.000614
6754.377953,9.195,3.29863,0.000797,0.000321,-0.002064,-0.000615
6756.878539,9.195,3.000427,0.000812,0.00033,-0.002071,-0.000607
6758.128617,9.195,3.016088,0.000821,0.000335,-0.002065,-0.000599
6760.628653000001,9.195,3.040312,0.000819,0.000336,-0.002066,-0.000596
6761.894409,9.195,3.059994,0.000802,0.000322,-0.002068,-0.000612
6764.425591,9.195,3.018242,0.000796,0.000315,-0.002069,-0.000619
6766.926325,9.195,3.053103,0.00081,0.000326,-0.002069,-0.00061
6768.191376000001,9.195,3.026752,0.00081,0.000326,-0.002074,-0.00061
6770.691559,9.195,3.199034,0.000794,0.000308,-0.002079,-0.000629
6771.941646,9.195,3.139005,0.000783,0.000302,-0.002081,-0.000636
6774.441516,9.195,3.02142,0.000801,0.000319,-0.002075,-0.000615
6776.973698,9.195,3.189538,0.000816,0.000333,-0.002077,-0.000603
6778.237873,9.195,3.139515,0.000815,0.000331,-0.00208,-0.000608
6780.7546,9.195,3.088553,0.00081,0.000332,-0.002085,-0.000605
6782.019341,9.195,3.024624,0.000821,0.000338,-0.002083,-0.000596
6784.518648,9.195,2.996119,0.000823,0.00034,-0.002083,-0.000592
6787.0354210000005,9.195,3.006167,0.000796,0.000319,-0.002085,-0.000623
6788.299652000001,9.195,3.054912,0.000798,0.000319,-0.002078,-0.000619
6790.81717,9.195,3.047209,0.000796,0.000311,-0.00208,-0.00062
6792.081454,9.195,3.134952,0.000792,0.000313,-0.002078,-0.00062
6794.582209,9.195,3.108468,0.000811,0.000325,-0.002078,-0.000611
6797.097334,9.195,3.059199,0.000817,0.000332,-0.002077,-0.000601
6798.362439,9.195,3.012311,0.00082,0.000331,-0.002074,-0.000598
6800.879344,9.195,3.033314,0.000809,0.000326,-0.00208,-0.000606
6802.129184,9.195,3.256342,0.000805,0.000326,-0.002079,-0.000614
6804.643887,9.195,3.04497,0.000806,0.000325,-0.002074,-0.000613
6807.143212,9.195,3.099879,0.000797,0.000311,-0.00208,-0.000627
6808.394686000001,9.195,3.113121,0.000794,0.000315,-0.002083,-0.000625
6810.925336,9.195,3.201836,0.0008,0.000312,-0.002089,-0.000627
6812.17619,9.195,2.730708,0.000804,0.000321,-0.002089,-0.000624
6814.690425,9.195,3.11867,0.000806,0.000327,-0.002081,-0.000616
6815.940641,9.195,3.353868,0.000794,0.000317,-0.002066,-0.000624
6818.442456000001,9.195,3.051729,0.000793,0.000311,-0.00207,-0.000628
6820.956961,9.195,2.926451,0.000802,0.000323,-0.002076,-0.00061
6822.221505,9.195,3.103879,0.000807,0.000329,-0.002083,-0.000605
6824.722214,9.195,3.01065,0.000819,0.000339,-0.002088,-0.000595
6825.987225,9.195,3.094171,0.000819,0.000338,-0.002087,-0.000598
6828.504741000001,9.195,3.006677,0.000797,0.000318,-0.002088,-0.000617
6831.019489,9.195,3.199963,0.000806,0.000329,-0.002083,-0.000612
6832.269633,9.195,3.120755,0.000805,0.000324,-0.002082,-0.000611
6834.769961,9.195,3.155123,0.000809,0.000329,-0.002084,-0.000605
6836.033829,9.195,2.89133,0.000812,0.000329,-0.002085,-0.000604
6838.550547,9.195,3.161876,0.000814,0.000334,-0.002083,-0.000598
6841.066755,9.195,3.105094,0.000809,0.00033,-0.002082,-0.000603
6842.331528000001,9.195,2.746565,0.000811,0.00033,-0.002081,-0.000599
6844.846478,9.195,3.004692,0.000815,0.000333,-0.002086,-0.000599
6846.097066,9.195,3.067623,0.000814,0.000336,-0.002085,-0.000599
6848.61375,9.195,3.160704,0.000812,0.00033,-0.002076,-0.000607
6851.128726,9.195,3.004618,0.000818,0.000336,-0.002076,-0.000598
6852.393424,9.195,3.130968,0.000819,0.000336,-0.002078,-0.000598
6854.894356,9.195,3.309633,0.000819,0.000336,-0.002077,-0.000598
6856.144594,9.195,3.050185,0.000822,0.000336,-0.002085,-0.000599
6858.676153,9.195,2.85432,0.000816,0.000326,-0.002082,-0.000608
6859.9419370000005,9.195,3.077449,0.000813,0.000326,-0.002084,-0.000612
6862.442164,9.195,3.061857,0.000798,0.000315,-0.002081,-0.000622
6864.972055,9.195,3.040291,0.000791,0.000313,-0.002074,-0.000624
6866.237728,9.195,3.155882,0.000794,0.000315,-0.002081,-0.000625
6868.76886,9.195,3.722753,0.00079,0.000312,-0.002078,-0.000625
6870.0195810000005,9.195,2.810265,0.000787,0.000311,-0.002091,-0.00063
6872.549972,9.195,2.959035,0.000785,0.000306,-0.00209,-0.000629
6875.082188,9.195,2.774651,0.000797,0.000318,-0.002087,-0.000623
6876.3477490000005,9.195,3.125429,0.000797,0.000315,-0.002078,-0.000619
6878.8780750000005,9.195,3.67213,0.000798,0.000318,-0.002081,-0.000619
6880.128921,9.195,3.043713,0.000799,0.000318,-0.002072,-0.000616
6882.643538,9.195,3.022099,0.000798,0.000317,-0.002072,-0.000617
6883.894484,9.195,2.912222,0.000796,0.000316,-0.002076,-0.000618
6886.409692,9.195,2.973147,0.000797,0.00032,-0.002074,-0.000619
6888.925631,9.195,2.801422,0.000797,0.000318,-0.002074,-0.00062
6890.174881,9.195,3.051363,0.000795,0.000318,-0.002084,-0.000621
6892.691668,9.195,2.769038,0.000796,0.000317,-0.002078,-0.000621
6893.957316,9.195,3.021924,0.000798,0.000318,-0.002083,-0.000622
6896.488308,9.195,3.367874,0.000793,0.000313,-0.002074,-0.000623
6899.019419,9.195,3.100203,0.000799,0.000319,-0.002083,-0.00062
6900.268661,9.195,3.280475,0.000799,0.000319,-0.002077,-0.000621
6902.8013550000005,9.195,3.015871,0.000793,0.000311,-0.002074,-0.000627
6904.066705,9.195,3.180917,0.00079,0.000311,-0.002074,-0.000625
6906.581956,9.195,3.625853,0.000789,0.000314,-0.002073,-0.000625
6909.0823,9.195,3.15481,0.000798,0.000323,-0.002072,-0.000619
6910.346861,9.195,3.440768,0.000799,0.000322,-0.002074,-0.000617
6912.863666,9.195,3.033309,0.000797,0.000322,-0.002074,-0.000616
6914.128359,9.195,3.083868,0.0008,0.000324,-0.00208,-0.000614
6916.65974,9.195,2.882873,0.000808,0.000328,-0.002076,-0.000609
6917.926044,9.195,3.097747,0.000806,0.000328,-0.002077,-0.000609
6920.441809,9.195,3.062387,0.000802,0.000321,-0.00207,-0.000611
6922.9573,9.195,2.99614,0.000795,0.000317,-0.002071,-0.000617
6924.221965000001,9.195,3.051453,0.000797,0.00032,-0.002072,-0.000614
6926.738241,9.195,3.1164,0.000805,0.000327,-0.002072,-0.000606
6927.987685,9.195,2.954584,0.000807,0.000331,-0.002075,-0.000604
6930.503686,9.195,3.104325,0.000808,0.000332,-0.00207,-0.000604
6933.018615,9.195,2.711763,0.000804,0.000324,-0.002069,-0.000611
6934.268815,9.195,2.854119,0.000807,0.000326,-0.002076,-0.000613
6936.769171,9.195,3.292205,0.000805,0.000327,-0.002072,-0.000613
6938.019053,9.195,2.778338,0.000804,0.000326,-0.002062,-0.00061
6940.519464,9.195,2.919559,0.000811,0.000332,-0.002064,-0.000606
6943.019003,9.195,3.435628,0.000817,0.000339,-0.002061,-0.000597
6944.285611,9.195,3.034206,0.000821,0.000338,-0.002063,-0.000597
6946.816648,9.195,2.755844,0.000818,0.000341,-0.002058,-0.000598
6948.082184,9.195,3.091332,0.000815,0.000335,-0.002056,-0.000599
6950.59692,9.195,3.161298,0.000812,0.000331,-0.002058,-0.000604
6953.114578000001,9.195,3.030869,0.00081,0.000332,-0.002059,-0.000605
6954.363841,9.195,3.084844,0.000813,0.000334,-0.002062,-0.000604
6956.863913,9.195,2.89403,0.000817,0.000335,-0.002059,-0.000599
6958.12982,9.195,2.991684,0.000817,0.000337,-0.002053,-0.000595
6960.661426000001,9.195,3.020587,0.000818,0.00034,-0.002051,-0.000594
6961.910445,9.195,3.224887,0.000818,0.000339,-0.002051,-0.000592
6964.441193000001,9.195,3.268804,0.000824,0.000343,-0.002058,-0.000591
6966.941544,9.195,3.019754,0.000828,0.000349,-0.002055,-0.000583
6968.191556000001,9.195,3.339974,0.000827,0.000349,-0.002048,-0.000581
6970.722213,9.195,3.189262,0.000824,0.000347,-0.002058,-0.000586
6971.971811,9.195,3.018263,0.000825,0.000348,-0.002048,-0.000582
6974.472527,9.195,3.060949,0.000831,0.000351,-0.00205,-0.000581
6976.972098,9.195,2.977052,0.000838,0.000355,-0.002048,-0.000578
6978.221895000001,9.195,2.959608,0.00084,0.000359,-0.002056,-0.000578
6980.738163,9.195,3.242187,0.000834,0.000353,-0.002054,-0.000582
6982.004062,9.195,3.104702,0.000834,0.000351,-0.002044,-0.000584
6984.520136,9.195,2.909378,0.000828,0.00035,-0.002047,-0.000586
6987.034193,9.195,3.030736,0.000832,0.000351,-0.002048,-0.000584
6988.28557,9.195,3.159075,0.00083,0.000349,-0.002044,-0.000582
6990.8166710000005,9.195,2.977232,0.000832,0.000355,-0.002049,-0.000581
6992.066285,9.195,3.23363,0.00083,0.000352,-0.002042,-0.000581
6994.567123,9.195,3.089311,0.000835,0.000356,-0.00204,-0.000575
6997.0970370000005,9.195,2.946589,0.00084,0.000361,-0.002044,-0.000571
6998.363889,9.195,3.211215,0.000837,0.000357,-0.002038,-0.000573
7000.879414,9.195,3.080197,0.000836,0.000355,-0.002039,-0.000578
7002.143801,9.195,3.203252,0.000838,0.000357,-0.002043,-0.000578
7004.660642,9.195,3.353704,0.00084,0.000362,-0.002041,-0.00057
7005.910024,9.195,3.064016,0.00084,0.000362,-0.002042,-0.000572
7008.419684,9.195,3.167643,0.000839,0.000359,-0.002041,-0.000573
7010.910294,9.195,3.256618,0.000843,0.000364,-0.00204,-0.000568
7012.175534,9.195,2.438999,0.000843,0.000364,-0.002043,-0.000568
7014.7070380000005,9.195,3.003913,0.000842,0.000363,-0.002032,-0.000569
7015.9573900000005,9.195,3.414449,0.000844,0.000367,-0.002038,-0.000568
7018.473703000001,9.195,2.93678,0.000847,0.000367,-0.002038,-0.000565
7021.004039,9.195,3.376564,0.000845,0.000363,-0.00203,-0.000565
7022.254315,9.195,3.382092,0.000845,0.000365,-0.002036,-0.000567
7024.7538380000005,9.195,3.083698,0.000846,0.000366,-0.002039,-0.000568
7026.004562,9.195,3.152571,0.000846,0.000366,-0.002033,-0.000566
7028.519677,9.195,3.809881,0.000849,0.000368,-0.002029,-0.000565
7031.020248,9.195,3.1178,0.000851,0.000371,-0.002035,-0.000562
7032.269295,9.195,3.128607,0.000851,0.00037,-0.002029,-0.000562
7034.76919,9.195,3.064838,0.000854,0.000374,-0.002033,-0.000561
7036.019319,9.195,3.08321,0.000854,0.000376,-0.002029,-0.000559
7038.534759,9.195,3.103726,0.000856,0.000377,-0.002034,-0.000558
7041.050536000001,9.195,2.746709,0.000859,0.00038,-0.002035,-0.000558
7042.302066,9.195,3.080107,0.000858,0.00038,-0.00203,-0.000558
7044.815896,9.195,3.468308,0.000856,0.00038,-0.002029,-0.000557
7046.07956,9.195,3.368898,0.000857,0.00038,-0.002033,-0.000555
7048.582251,9.195,3.055193,0.000862,0.000382,-0.002031,-0.000554
7051.082419,9.195,3.358935,0.000858,0.000381,-0.00203,-0.000555
7052.347507,9.195,2.968691,0.000858,0.00038,-0.002024,-0.000554
7054.862347,9.195,3.058021,0.00086,0.000379,-0.002031,-0.000554
7056.113635000001,9.195,3.289489,0.000861,0.000383,-0.002027,-0.000553
7058.6292490000005,9.195,2.932552,0.000864,0.000384,-0.002027,-0.00055
7061.129169,9.195,3.169696,0.000862,0.000384,-0.002025,-0.000548
7062.377982,9.195,3.067703,0.000863,0.000383,-0.002023,-0.000548
7064.894633,9.195,2.98623,0.00087,0.000388,-0.002024,-0.000544
7066.16056,9.195,3.228452,0.000868,0.000385,-0.002029,-0.000546
7068.674642,9.195,2.90281,0.000859,0.000378,-0.002019,-0.000551
7069.926814,9.195,3.084409,0.000855,0.000376,-0.002023,-0.000555
7072.441703,9.195,3.10685,0.000856,0.000379,-0.002026,-0.000552
7074.942378000001,9.195,2.920291,0.000859,0.000378,-0.002023,-0.000552
7076.192055,9.195,3.088234,0.000858,0.000376,-0.002024,-0.000556
7078.723006,9.195,3.450615,0.000861,0.000377,-0.002033,-0.000556
7079.988168,9.195,3.102076,0.00086,0.000374,-0.002034,-0.000557
7082.488606,9.195,3.727236,0.000853,0.000371,-0.002034,-0.000565
7084.987835,9.195,3.12657,0.000848,0.00037,-0.002032,-0.000564
7086.253535,9.195,3.035208,0.000843,0.000364,-0.002028,-0.000567
7088.753078000001,9.195,3.06722,0.000837,0.000359,-0.002035,-0.000574
7090.004303000001,9.195,2.913973,0.000842,0.000361,-0.002033,-0.000573
7092.520273,9.195,3.484882,0.000838,0.000359,-0.002037,-0.000573
7095.019101,9.195,3.200541,0.000836,0.000354,-0.002031,-0.000577
7096.284579,9.195,2.872247,0.000838,0.000358,-0.002034,-0.000575
7098.800333,9.195,3.034587,0.000838,0.000356,-0.002032,-0.000573
7100.0674690000005,9.195,3.095481,0.000832,0.00035,-0.002035,-0.000583
7102.581797,9.195,3.027505,0.000825,0.000347,-0.002033,-0.000586
7105.082303,9.195,3.065316,0.000829,0.000354,-0.002035,-0.000579
7106.332269,9.195,3.06078,0.000838,0.000361,-0.00204,-0.000575
7108.863309,9.195,2.863307,0.000829,0.000352,-0.002038,-0.000582
7110.128568,9.195,3.199348,0.000827,0.000353,-0.002039,-0.000582
7112.6286900000005,9.195,3.196191,0.00083,0.000353,-0.002041,-0.000581
7115.144241,9.195,3.154247,0.000822,0.000343,-0.002049,-0.000586
7116.394926,9.195,3.926661,0.000818,0.000341,-0.002057,-0.000592
7118.909898,9.195,3.032699,0.000818,0.000344,-0.002053,-0.000589
7120.160095,9.195,2.718193,0.000817,0.000342,-0.002052,-0.000592
7122.691196000001,9.195,3.076213,0.00083,0.000348,-0.002051,-0.000585
7123.941558,9.195,3.03663,0.000833,0.000354,-0.002051,-0.000579
7126.473544,9.195,3.025569,0.000824,0.000337,-0.00206,-0.000595
7128.987355,9.195,3.079348,0.000803,0.000325,-0.002056,-0.000605
7130.238018,9.195,3.607337,0.000806,0.000329,-0.002061,-0.000605
7132.754281,9.195,2.889118,0.000805,0.000334,-0.002061,-0.000601
7134.019988,9.195,3.203024,0.000807,0.000333,-0.002059,-0.000601
7136.551646,9.195,3.058504,0.000808,0.000333,-0.002058,-0.000605
7139.067264,9.195,3.148629,0.000806,0.000334,-0.002053,-0.0006
7140.331633,9.195,3.105731,0.000812,0.000339,-0.002056,-0.000596
7142.847302,9.195,3.090059,0.000805,0.000329,-0.00205,-0.000604
7144.096956,9.195,3.189989,0.000807,0.000329,-0.002058,-0.000602
7146.613701,9.195,3.266926,0.00081,0.000332,-0.002061,-0.000603
7149.1433830000005,9.195,3.100272,0.000822,0.000338,-0.00206,-0.000595
7150.394136,9.195,3.235985,0.000823,0.000341,-0.002059,-0.000592
7152.9084250000005,9.195,3.198101,0.000813,0.000338,-0.002051,-0.000596
7154.159705,9.195,2.855169,0.000812,0.000334,-0.002051,-0.0006
7156.659541,9.195,3.034227,0.0008,0.000322,-0.002056,-0.00061
7159.158729000001,9.195,3.241933,0.000799,0.00032,-0.002062,-0.000616
7160.409248,9.195,2.983095,0.000804,0.000328,-0.002057,-0.000605
7162.909273,9.195,3.107704,0.00083,0.000341,-0.002063,-0.000591
7164.159152,9.195,3.599857,0.000829,0.000345,-0.002065,-0.000592
7166.658724,9.195,3.112877,0.000817,0.00034,-0.00206,-0.000598
7169.159533,9.195,3.072334,0.0008,0.000324,-0.002063,-0.000612
7170.425144,9.195,3.119588,0.0008,0.000323,-0.002067,-0.000613
7172.924866,9.195,3.115588,0.000805,0.000326,-0.002063,-0.000614
7174.1766290000005,9.195,3.064493,0.000804,0.000325,-0.002057,-0.000613
7176.691556000001,9.195,3.17298,0.000799,0.000318,-0.002064,-0.000614
7177.957121,9.195,3.255583,0.000795,0.000318,-0.002067,-0.00062
7180.487909,9.195,3.049835,0.000799,0.00032,-0.002073,-0.000614
7182.988356,9.195,3.471496,0.000814,0.000334,-0.002073,-0.000601
7184.23843,9.195,3.202419,0.000816,0.000335,-0.002075,-0.000599
7186.754510000001,9.195,3.199533,0.000796,0.000314,-0.002068,-0.000622
7188.0206450000005,9.195,3.135536,0.000786,0.000307,-0.002069,-0.000626
7190.550448,9.195,3.929578,0.000791,0.000313,-0.002068,-0.000623
7193.082363,9.195,3.105073,0.000811,0.000324,-0.00207,-0.000611
7194.333167,9.195,3.060907,0.000815,0.000331,-0.002074,-0.000606
7196.832404,9.195,3.158009,0.000815,0.000336,-0.002072,-0.000595
7198.081816,9.195,2.953078,0.000819,0.000337,-0.002076,-0.000594
7200.581853000001,9.195,3.171675,0.000825,0.000343,-0.002072,-0.000589
7203.0975690000005,9.195,3.13892,0.000818,0.000338,-0.002072,-0.000589
7204.3636480000005,9.195,3.015377,0.000822,0.000345,-0.002078,-0.000588
7206.893505,9.195,2.907007,0.000818,0.000343,-0.00207,-0.000589
7208.144274,9.195,3.037166,0.000819,0.00034,-0.002077,-0.000599
7210.676251,9.195,3.022258,0.000811,0.000324,-0.002082,-0.000608
7211.926302,9.195,3.690503,0.000821,0.000333,-0.002086,-0.000602
7214.442464000001,9.195,3.337793,0.000808,0.000334,-0.002074,-0.000598
7216.941763,9.195,3.03211,0.000801,0.000317,-0.002076,-0.000623
7218.191614,9.195,3.163235,0.000791,0.000307,-0.002069,-0.000628
7220.691979,9.195,2.675141,0.000807,0.000323,-0.00207,-0.000614
7221.9571590000005,9.195,3.052922,0.000803,0.000322,-0.002074,-0.000614
7224.473766,9.195,3.379312,0.000786,0.000318,-0.00207,-0.000623
7226.988819,9.195,3.120522,0.000791,0.000318,-0.002072,-0.000624
7228.253237,9.195,2.906519,0.000791,0.000321,-0.002071,-0.000621
7230.754839,9.195,3.313883,0.000806,0.000326,-0.002083,-0.000615
7232.019257,9.195,3.098235,0.000811,0.000331,-0.002083,-0.000606
7234.519631,9.195,2.754194,0.000807,0.000333,-0.002083,-0.000601
7237.051157,9.195,3.163362,0.000801,0.000322,-0.00208,-0.000613
7238.317409,9.195,3.006252,0.000802,0.00032,-0.002082,-0.000615
7240.8318580000005,9.195,3.189618,0.00081,0.000328,-0.002078,-0.000605
7242.081984,9.195,3.062148,0.000803,0.000328,-0.002074,-0.000603
7244.581871,9.195,3.078069,0.000806,0.000324,-0.002079,-0.00061
7247.097043000001,9.195,2.710702,0.000809,0.00033,-0.002079,-0.000608
7248.362107,9.195,2.838532,0.000804,0.00033,-0.002075,-0.000607
7250.877517,9.195,3.13405,0.000815,0.000336,-0.002077,-0.000601
7252.126656,9.195,2.820107,0.000815,0.000335,-0.002077,-0.0006
7254.628789,9.195,3.728122,0.000816,0.000339,-0.002077,-0.000594
7257.129366,9.195,3.060849,0.000816,0.000332,-0.00208,-0.0006
7258.394229,9.195,2.964097,0.000818,0.000332,-0.002079,-0.0006
7260.92548,9.195,3.073035,0.000817,0.000336,-0.002082,-0.000597
7262.192132,9.195,3.105773,0.000814,0.000332,-0.002082,-0.000603
7264.722149,9.195,3.38631,0.000806,0.000324,-0.002081,-0.000609
7265.9719780000005,9.195,3.059103,0.000808,0.000325,-0.00208,-0.000609
7268.473008,9.195,3.092107,0.000802,0.00032,-0.002079,-0.000614
7271.004132,9.195,3.033542,0.000799,0.000316,-0.002084,-0.000614
7272.269172,9.195,2.977328,0.000798,0.000319,-0.002081,-0.000614
7274.769549000001,9.195,3.53447,0.000789,0.000314,-0.002072,-0.000618
7276.0195810000005,9.195,2.993658,0.000795,0.000318,-0.002071,-0.000616
7278.518822,9.195,3.133764,0.000806,0.00033,-0.002069,-0.000608
7281.020141,9.195,3.649121,0.00081,0.000338,-0.002072,-0.000602
7282.2858830000005,9.195,2.614226,0.000817,0.000345,-0.002071,-0.000598
7284.800282,9.195,3.349433,0.000821,0.000349,-0.002066,-0.000591
7286.044959,9.195,2.923262,0.000822,0.000345,-0.002059,-0.00059
7288.535659,9.195,2.952977,0.000822,0.000347,-0.002053,-0.000588
7291.067161,9.195,3.469284,0.000827,0.000351,-0.002054,-0.000586
7292.316864,9.195,3.253429,0.000826,0.000353,-0.002054,-0.000585
7294.83189,9.195,2.848479,0.000828,0.000352,-0.002048,-0.000588
7296.081683,9.195,3.220202,0.00083,0.000355,-0.002053,-0.00059
7298.581129,9.195,3.07634,0.000828,0.00035,-0.002054,-0.00059
7301.0814820000005,9.195,3.039405,0.000826,0.000348,-0.002054,-0.000593
7302.331846,9.195,3.281765,0.000824,0.000345,-0.002048,-0.000594
7304.8319630000005,9.195,3.377917,0.000817,0.000341,-0.002048,-0.000596
7306.08198,9.195,2.447052,0.000821,0.000344,-0.002053,-0.000595
7308.581521,9.195,3.547616,0.00082,0.000343,-0.002057,-0.000594
7311.081743000001,9.195,3.155781,0.000821,0.000349,-0.002061,-0.00059
7312.33254,9.195,3.071379,0.000821,0.000346,-0.002054,-0.000591
7314.8637,9.195,3.089783,0.000821,0.000348,-0.00206,-0.000592
7316.129735,9.195,3.364092,0.000819,0.000348,-0.002054,-0.00059
7318.6436810000005,9.195,3.017749,0.000827,0.000352,-0.00206,-0.000586
7321.160381000001,9.195,3.293643,0.000831,0.000358,-0.002056,-0.000581
7322.425007,9.195,3.838747,0.000833,0.000357,-0.002055,-0.000581
7324.941501,9.195,3.012894,0.000841,0.000366,-0.002052,-0.000576
7326.192113,9.195,3.327575,0.000843,0.000368,-0.002045,-0.000574
7328.723653,9.195,3.002289,0.000845,0.000369,-0.002053,-0.000576
7329.9723030000005,9.195,3.07765,0.000841,0.000364,-0.002046,-0.000576
7332.486863,9.195,3.126856,0.000839,0.000364,-0.002048,-0.000578
7335.003748,9.195,3.274465,0.000842,0.000363,-0.002049,-0.000578
7336.2696000000005,9.195,2.831497,0.000841,0.000364,-0.002042,-0.000576
7338.769597,9.195,3.11753,0.000854,0.000368,-0.002042,-0.00057
7340.035858,9.195,3.446853,0.000854,0.00037,-0.002046,-0.000568
7342.566647000001,9.195,3.097089,0.000854,0.000368,-0.002046,-0.000572
7345.097202,9.195,4.66573,0.000846,0.000367,-0.002052,-0.000575
7346.363819,9.195,2.9546,0.000844,0.00037,-0.002051,-0.000572
7348.87823,9.195,2.861488,0.000847,0.000371,-0.00205,-0.000572
7350.128749,9.195,3.184132,0.000849,0.000373,-0.002045,-0.000569
7352.643345,9.195,3.114347,0.000853,0.000372,-0.002052,-0.000572
7355.144351,9.195,3.100054,0.000846,0.000372,-0.002051,-0.00057
7356.410635,9.195,3.101168,0.000845,0.00037,-0.002045,-0.00057
7358.9254710000005,9.195,2.931384,0.000845,0.000371,-0.00205,-0.00057
7360.175926,9.195,3.091195,0.000841,0.000367,-0.002043,-0.000572
7362.691618,9.195,3.322403,0.000844,0.000367,-0.002042,-0.000573
7363.942336,9.195,3.401027,0.000847,0.000369,-0.002047,-0.000571
7366.47255,9.195,2.97745,0.000845,0.000365,-0.002039,-0.000575
7368.988372,9.195,3.06878,0.000855,0.000366,-0.002047,-0.000571
7370.238281,9.195,3.369593,0.00086,0.00037,-0.002046,-0.000569
7372.754204,9.195,3.275563,0.000856,0.000373,-0.002039,-0.000566
7374.004839,9.195,2.979169,0.000852,0.000369,-0.002046,-0.000573
7376.520091,9.195,3.233837,0.00085,0.000367,-0.002046,-0.000572
7379.049956,9.195,3.06991,0.000848,0.000365,-0.002039,-0.000572
7380.300332,9.195,3.148847,0.000849,0.000369,-0.002045,-0.000571
7382.815354,9.195,3.0382,0.00085,0.000368,-0.002038,-0.000568
7384.0654700000005,9.195,3.846615,0.000852,0.00037,-0.002043,-0.000569
7386.582025000001,9.195,3.117116,0.000855,0.00037,-0.002045,-0.00057
7389.113913,9.195,3.122029,0.000854,0.000369,-0.002037,-0.000568
7390.378175,9.195,2.500248,0.000854,0.000369,-0.002041,-0.000569
7392.893905,9.195,2.870692,0.000853,0.00037,-0.00204,-0.000569
7394.142578,9.195,3.512182,0.000853,0.000373,-0.002041,-0.000568
7396.644214,9.195,2.99109,0.000851,0.000374,-0.002047,-0.000564
7399.143725,9.195,3.143945,0.000849,0.000372,-0.002045,-0.000568
7400.410191,9.195,3.369789,0.000846,0.000372,-0.002042,-0.000566
7402.940593,9.195,2.792854,0.000845,0.000371,-0.002039,-0.000565
7404.1915690000005,9.195,3.136013,0.000843,0.000371,-0.002039,-0.000564
7406.721808,9.195,3.304842,0.000847,0.000371,-0.002039,-0.000566
7407.971824,9.195,2.491223,0.000848,0.000371,-0.002038,-0.000566
7410.472312,9.195,3.137541,0.000848,0.00037,-0.002037,-0.000566
7412.972341000001,9.195,3.227693,0.000846,0.000371,-0.002038,-0.000566
7414.222409,9.195,3.464722,0.000847,0.000375,-0.002042,-0.000563
7416.754471,9.195,3.088775,0.000848,0.000374,-0.002038,-0.00056
7418.019195,9.195,2.873796,0.000853,0.000379,-0.002042,-0.000558
7420.518637,9.195,3.259138,0.000855,0.000379,-0.002044,-0.000557
7423.019447000001,9.195,3.693935,0.00085,0.000375,-0.002043,-0.000562
7424.284796,9.195,2.864411,0.000852,0.000377,-0.002037,-0.000563
7426.816986,9.195,3.121238,0.000854,0.000377,-0.002037,-0.000562
7428.081234,9.195,3.306827,0.000851,0.000374,-0.00204,-0.000562
7430.596578000001,9.195,3.092017,0.000852,0.00038,-0.00204,-0.000557
7433.127969,9.195,3.192636,0.000854,0.000379,-0.002033,-0.000559
7434.379199,9.195,3.153309,0.000854,0.000379,-0.00204,-0.000561
7436.893629,9.195,3.168237,0.00086,0.000381,-0.002038,-0.000561
7438.143793,9.195,2.57155,0.000859,0.000382,-0.002035,-0.000557
7440.675097,9.195,3.098436,0.000863,0.000386,-0.002041,-0.000555
7441.942189,9.195,2.991143,0.000861,0.000386,-0.002037,-0.000554
7444.4715830000005,9.195,3.303654,0.000859,0.000386,-0.002037,-0.000557
7446.971965000001,9.195,2.82112,0.000856,0.000382,-0.002036,-0.000557
7448.223726,9.195,3.127392,0.000856,0.00038,-0.002039,-0.000557
7450.737618,9.195,3.302784,0.00086,0.000378,-0.002038,-0.000557
7451.988713000001,9.195,2.997589,0.000858,0.000378,-0.002037,-0.000558
7454.504393,9.195,3.24624,0.000854,0.000376,-0.002037,-0.000561
7457.035946,9.195,3.014555,0.000859,0.000379,-0.002037,-0.000558
7458.299749,9.195,2.935183,0.000862,0.000382,-0.002038,-0.000552
7460.801331000001,9.195,2.633898,0.000857,0.000381,-0.00204,-0.000554
7462.066332,9.195,3.157415,0.000857,0.00038,-0.002043,-0.000555
7464.582408,9.195,3.039261,0.000853,0.00038,-0.002037,-0.000556
7467.080847,9.195,3.186302,0.00085,0.000379,-0.002038,-0.000559
7468.332011,9.195,3.125175,0.000854,0.000379,-0.002043,-0.000557
7470.8641800000005,9.195,3.041835,0.00086,0.000386,-0.002039,-0.000554
7472.129057,9.195,2.983291,0.000858,0.000382,-0.002039,-0.000555
7474.628379,9.195,3.090436,0.000855,0.000379,-0.002041,-0.000559
7477.129010000001,9.195,3.032407,0.000856,0.000381,-0.00204,-0.000555
7478.378817,9.195,3.070568,0.000855,0.00038,-0.002041,-0.000557
7480.879021000001,9.195,3.009663,0.000855,0.000379,-0.002041,-0.000559
7482.144106000001,9.195,2.552467,0.000855,0.000376,-0.002038,-0.000561
7484.645439,9.195,3.467104,0.000855,0.000379,-0.002035,-0.000557
7487.175351,9.195,3.187283,0.000857,0.000384,-0.002039,-0.000555
7488.424811,9.195,3.022513,0.000859,0.000384,-0.002038,-0.000555
7490.926211,9.195,3.017335,0.000861,0.000385,-0.002036,-0.000555
7492.175112,9.195,2.971853,0.000858,0.000387,-0.002034,-0.000553
7494.675312,9.195,3.054445,0.000862,0.000386,-0.002033,-0.000553
7497.191662,9.195,3.164884,0.000862,0.000386,-0.00203,-0.000552
7498.457121,9.195,2.903649,0.000864,0.000386,-0.002032,-0.00055
7500.97237,9.195,2.8968,0.000872,0.000392,-0.002032,-0.000545
7502.22242,9.195,3.087582,0.000875,0.000394,-0.002037,-0.000545
7504.739118,9.195,3.078425,0.000874,0.000395,-0.002032,-0.000546
7506.004352,9.195,3.451867,0.000872,0.000395,-0.002037,-0.000548
7508.504165,9.195,3.26822,0.000866,0.000389,-0.002039,-0.000547
7511.034251,9.195,3.391154,0.000863,0.000384,-0.002035,-0.00055
7512.2843680000005,9.195,3.08295,0.000863,0.000385,-0.002035,-0.000549
7514.785296,9.195,3.289224,0.000857,0.000382,-0.002032,-0.000555
7516.049618,9.195,3.019239,0.000859,0.00038,-0.002033,-0.000557
7518.551331000001,9.195,3.437957,0.000864,0.00038,-0.002034,-0.000554
7521.081552000001,9.195,3.083157,0.000862,0.00038,-0.002029,-0.000553
7522.331481,9.195,3.125864,0.000862,0.000381,-0.002035,-0.000552
7524.83267,9.195,3.090123,0.000862,0.000382,-0.002035,-0.000552
7526.080921000001,9.195,3.220197,0.000864,0.00038,-0.00203,-0.000553
7528.5816270000005,9.195,3.070753,0.000867,0.000381,-0.002031,-0.000554
7531.082283000001,9.195,3.126994,0.000865,0.000381,-0.002027,-0.000552
7532.347664,9.195,2.93817,0.000862,0.000383,-0.002025,-0.000548
7534.863477,9.195,3.048036,0.00086,0.000384,-0.00203,-0.000551
7536.128574,9.195,2.881451,0.000857,0.000377,-0.002026,-0.000557
7538.643654,9.195,3.054933,0.00086,0.000379,-0.00203,-0.000554
7541.159405,9.195,2.894009,0.000857,0.000378,-0.002028,-0.000556
7542.425098000001,9.195,2.825348,0.000852,0.000374,-0.002028,-0.000563
7544.925406,9.195,3.093916,0.000837,0.00036,-0.002033,-0.000575
7546.190958,9.195,3.137308,0.000834,0.000359,-0.002031,-0.000575
7548.707056,9.195,2.788302,0.000838,0.000359,-0.002035,-0.000576
7549.969654,9.195,3.090866,0.000826,0.000349,-0.002032,-0.000588
7552.472423,9.195,3.099954,0.000822,0.000345,-0.002036,-0.000589
7554.989264,9.195,3.103726,0.000814,0.000344,-0.002052,-0.000593
7556.253571,9.195,3.050233,0.000813,0.000346,-0.002046,-0.000591
7558.7692640000005,9.195,2.43894,0.000812,0.00034,-0.002054,-0.000595
7560.019821,9.195,3.313013,0.000809,0.000333,-0.002049,-0.000599
7562.535317,9.195,3.053671,0.000805,0.000328,-0.00206,-0.000607
7565.051929,9.195,3.122984,0.000815,0.000337,-0.00207,-0.000603
7566.316402,9.195,3.527843,0.000812,0.000336,-0.002069,-0.000603
7568.816532,9.195,3.090722,0.000801,0.000329,-0.002067,-0.000611
7570.065508000001,9.195,3.039288,0.000797,0.000326,-0.00206,-0.000613
7572.581522,9.195,2.963004,0.000809,0.000334,-0.002056,-0.000606
7575.096543000001,9.195,3.153834,0.000812,0.000333,-0.002061,-0.000607
7576.346506,9.195,3.55499,0.000804,0.000326,-0.002057,-0.00061
7578.862484,9.195,2.90749,0.000803,0.000329,-0.002064,-0.000606
7580.113864,9.195,3.223088,0.000807,0.000332,-0.002064,-0.000603
7582.644782,9.195,3.042339,0.000821,0.000338,-0.002076,-0.0006
7585.144654000001,9.195,3.180434,0.000811,0.000327,-0.002077,-0.000607
7586.409269,9.195,3.095433,0.000805,0.00032,-0.002071,-0.000616
7588.910426,9.195,3.036062,0.000793,0.000316,-0.002064,-0.000623
7590.161605,9.195,3.03985,0.000797,0.000315,-0.002063,-0.000621
7592.67658,9.195,2.988809,0.000805,0.000326,-0.002062,-0.000608
7593.942213,9.195,3.193761,0.000808,0.000329,-0.00207,-0.000607
7596.471903000001,9.195,3.043097,0.000818,0.000338,-0.002078,-0.000596
7598.972173,9.195,3.05523,0.000811,0.000335,-0.002082,-0.000597
7600.224187,9.195,3.723363,0.000804,0.000322,-0.002082,-0.000615
7602.738044000001,9.195,3.064366,0.000802,0.000327,-0.00208,-0.000613
7603.988872,9.195,3.039633,0.000807,0.000331,-0.002085,-0.00061
7606.520732,9.195,3.290906,0.000795,0.000319,-0.00207,-0.00062
7609.051424,9.195,3.004602,0.000777,0.000306,-0.002081,-0.000633
7610.316086,9.195,3.502192,0.000782,0.000307,-0.002077,-0.000633
7612.830975,9.195,3.120039,0.000792,0.000321,-0.002076,-0.000617
7614.0819360000005,9.195,3.09485,0.000796,0.000318,-0.002063,-0.000618
7616.582679,9.195,3.108882,0.00078,0.000306,-0.002062,-0.000633
7619.113951,9.195,3.138607,0.000787,0.000312,-0.002071,-0.00063
7620.378054,9.195,2.771203,0.000789,0.000309,-0.002069,-0.00063
7622.894242,9.195,3.310137,0.000794,0.000313,-0.00208,-0.000629
7624.160269,9.195,3.16289,0.000792,0.000314,-0.002078,-0.000626
7626.676331000001,9.195,3.139817,0.000786,0.000308,-0.00209,-0.000632
7627.942,9.195,3.014178,0.000773,0.000294,-0.002079,-0.000644
7630.456892,9.195,3.582907,0.000774,0.0003,-0.002085,-0.000638
7632.973382,9.195,3.561277,0.000784,0.000309,-0.002088,-0.000633
7634.23606,9.195,2.723652,0.000791,0.000319,-0.002089,-0.000623
7636.738155,9.195,4.449244,0.000789,0.000311,-0.002088,-0.00063
7638.004628000001,9.195,3.024895,0.000785,0.00031,-0.002076,-0.000627
7640.519387,9.195,3.236983,0.000795,0.000317,-0.002077,-0.000615
7643.019282,9.195,3.203671,0.000798,0.000319,-0.002091,-0.000616
7644.269212,9.195,2.972086,0.000803,0.00032,-0.002084,-0.000616
7646.784931,9.195,3.106691,0.000772,0.000299,-0.002082,-0.00064
7648.0498880000005,9.195,3.037558,0.000772,0.000299,-0.002082,-0.000635
7650.565719,9.195,3.006533,0.000784,0.000305,-0.002078,-0.000631
7653.082423,9.195,3.184625,0.000779,0.000308,-0.002081,-0.000629
7654.3470210000005,9.195,3.075226,0.000778,0.000306,-0.002078,-0.000634
7656.879161,9.195,2.757043,0.000782,0.000305,-0.002084,-0.000634
7658.123679,9.195,3.012014,0.000769,0.000296,-0.002075,-0.000642
7660.628544,9.195,3.459432,0.000792,0.000313,-0.002083,-0.000623
7663.128626000001,9.195,3.67925,0.000806,0.000319,-0.002093,-0.000618
7664.378175,9.195,3.176694,0.000797,0.000313,-0.002088,-0.000624
7666.879277,9.195,3.404258,0.000798,0.000314,-0.00208,-0.000623
7668.144007,9.195,3.274512,0.0008,0.00032,-0.002082,-0.000616
7670.6599320000005,9.195,2.986936,0.00081,0.000326,-0.002082,-0.000607
7673.175942,9.195,3.059352,0.000802,0.000317,-0.002086,-0.000618
7674.4408,9.195,2.863658,0.000801,0.000321,-0.002084,-0.000617
7676.941579,9.195,3.132655,0.000807,0.000328,-0.002087,-0.000605
7678.191418,9.195,3.434556,0.000802,0.000317,-0.002094,-0.000616
7680.691646,9.195,2.975503,0.000789,0.000308,-0.002091,-0.00063
7681.941478000001,9.195,3.089248,0.000784,0.000308,-0.002086,-0.00063
7684.4724400000005,9.195,3.332387,0.000787,0.000315,-0.002088,-0.000619
7686.971916,9.195,3.052334,0.000787,0.000312,-0.002085,-0.000628
7688.222163,9.195,2.956706,0.000782,0.000308,-0.002083,-0.000632
7690.722035,9.195,2.944228,0.000777,0.000304,-0.002085,-0.000634
7691.971672000001,9.195,3.178201,0.000781,0.000308,-0.002086,-0.000631
7694.4717040000005,9.195,3.002019,0.000789,0.000318,-0.002079,-0.000621
7696.987792,9.195,3.257684,0.000797,0.000328,-0.002075,-0.000612
7698.224134,9.195,3.182859,0.000802,0.000329,-0.002077,-0.00061
7700.754133,9.195,2.431677,0.000805,0.000329,-0.002071,-0.000607
7702.01814,9.195,3.435251,0.000804,0.000329,-0.002073,-0.000608
7704.5192640000005,9.195,1.996896,0.000804,0.000333,-0.002068,-0.000605
7707.01831,9.195,3.295521,0.000809,0.000342,-0.002062,-0.000598
7708.270042,9.195,3.031463,0.000811,0.000343,-0.002058,-0.000596
7710.801379,9.195,3.042079,0.00082,0.000345,-0.002057,-0.000596
7712.067050000001,9.195,3.293102,0.000826,0.000347,-0.002057,-0.000594
7714.582456,9.195,3.054307,0.000831,0.000352,-0.002056,-0.000592
7717.08155,9.195,2.998464,0.000824,0.000354,-0.002053,-0.000591
7718.331682,9.195,3.197591,0.000823,0.000351,-0.002054,-0.000593
7720.832274,9.195,3.060652,0.000824,0.000352,-0.002052,-0.000592
7722.083877,9.195,3.080441,0.000823,0.00035,-0.00205,-0.00059
7724.582147,9.195,3.248883,0.000828,0.000353,-0.002052,-0.000586
7727.112511,9.195,3.101094,0.00083,0.000351,-0.002055,-0.000587
7728.362462,9.195,3.070838,0.000831,0.00035,-0.002048,-0.000585
7730.863889,9.195,3.09503,0.000842,0.000361,-0.002046,-0.00058
7732.128729,9.195,3.042667,0.000844,0.000361,-0.002054,-0.000584
7734.628831,9.195,3.070451,0.000833,0.000354,-0.002055,-0.000588
7737.128377,9.195,2.921389,0.000821,0.000349,-0.002051,-0.000592
7738.378071,9.195,3.420089,0.00082,0.00035,-0.002057,-0.000592
7740.89382,9.195,3.023871,0.000823,0.000348,-0.002056,-0.000586
7742.143734,9.195,3.09251,0.000824,0.000349,-0.002055,-0.000588
7744.660484,9.195,3.10476,0.000824,0.000349,-0.002061,-0.00059
7747.190609,9.195,3.097274,0.000827,0.00035,-0.002047,-0.000589
7748.441675,9.195,3.318222,0.000827,0.000352,-0.002052,-0.000588
7750.941634,9.195,3.250251,0.000829,0.000355,-0.002049,-0.000587
7752.191837,9.195,3.137557,0.000827,0.000353,-0.002045,-0.000584
7754.691634,9.195,2.98102,0.000828,0.000352,-0.002043,-0.000584
7757.192178,9.195,3.520506,0.000829,0.000354,-0.002047,-0.000585
7758.442169,9.195,3.007987,0.000827,0.00035,-0.002043,-0.000588
7760.941462,9.195,3.084361,0.000828,0.000353,-0.002048,-0.000584
7762.18983,9.195,3.131143,0.00083,0.000355,-0.002051,-0.000583
7764.691400000001,9.195,3.452074,0.000834,0.000357,-0.002047,-0.000583
7767.1918780000005,9.195,3.074329,0.000838,0.000361,-0.002048,-0.000576
7768.4570140000005,9.195,3.137562,0.000836,0.000361,-0.002042,-0.000574
7770.988094,9.195,3.060679,0.000841,0.000365,-0.002047,-0.000571
7772.253594,9.195,3.031908,0.00084,0.000363,-0.002045,-0.000573
7774.769558,9.195,2.825359,0.000838,0.000363,-0.002044,-0.000573
7776.020359,9.195,3.060339,0.000836,0.000364,-0.002039,-0.000574
7778.550819,9.195,3.178376,0.000838,0.000364,-0.002045,-0.000575
7781.082445,9.195,3.076197,0.000845,0.000368,-0.002038,-0.000573
7782.347525,9.195,3.008273,0.000848,0.000368,-0.002042,-0.000573
7784.863697,9.195,2.914063,0.000843,0.000365,-0.002037,-0.000574
7786.12817,9.195,3.271043,0.000845,0.000366,-0.002038,-0.000571
7788.643584,9.195,3.200578,0.000843,0.000367,-0.002039,-0.000575
7791.143935,9.195,3.133382,0.000853,0.00037,-0.002037,-0.000575
7792.410614,9.195,3.059612,0.000851,0.000366,-0.002041,-0.000577
7794.924861,9.195,3.161309,0.000843,0.000361,-0.00204,-0.000579
7796.175375,9.195,3.601024,0.000845,0.000361,-0.002045,-0.000578
7798.706448,9.195,3.058764,0.000844,0.000361,-0.002034,-0.000579
7799.956572,9.195,3.043092,0.000846,0.000363,-0.002037,-0.000578
7802.472895,9.195,2.909118,0.000841,0.000368,-0.002037,-0.000571
7804.988153,9.195,3.473162,0.000847,0.000368,-0.002034,-0.000572
7806.2382130000005,9.195,2.988103,0.00085,0.000369,-0.002044,-0.000572
7808.754092,9.195,3.181803,0.00085,0.00037,-0.002044,-0.00057
7810.019143,9.195,3.272289,0.000852,0.00037,-0.002049,-0.000571
7812.519022,9.195,3.010231,0.000849,0.000371,-0.002049,-0.000566
7815.018764,9.195,3.071284,0.000853,0.000375,-0.002047,-0.000563
7816.26939,9.195,3.085104,0.00085,0.000372,-0.002044,-0.000565
7818.769271,9.195,2.96529,0.000848,0.000371,-0.002042,-0.000566
7820.019953,9.195,3.168879,0.000853,0.000375,-0.002049,-0.000565
7822.535383,9.196,2.778301,0.000845,0.000374,-0.002042,-0.000564
7825.06704,9.196,3.223948,0.000842,0.00037,-0.002046,-0.00057
7826.332155,9.196,2.855418,0.000842,0.000367,-0.002043,-0.000571
7828.848595,9.196,3.07209,0.000846,0.000366,-0.002045,-0.000572
7830.114396,9.196,3.058106,0.000847,0.000368,-0.002048,-0.000571
7832.614467,9.196,2.954924,0.000849,0.000371,-0.00204,-0.000566
7835.1283,9.196,3.523302,0.000844,0.00037,-0.002042,-0.000568
7836.37935,9.196,2.822542,0.000841,0.000369,-0.002043,-0.00057
7838.8929880000005,9.196,3.281436,0.000838,0.000367,-0.002039,-0.00057
7840.144537,9.196,3.015674,0.000839,0.000368,-0.002045,-0.000571
7842.660518000001,9.196,3.014353,0.000843,0.000374,-0.002042,-0.000565
7845.190993,9.196,3.256262,0.000847,0.000372,-0.002035,-0.000563
7846.4413970000005,9.196,3.073417,0.000849,0.000376,-0.00204,-0.000562
7848.9575,9.196,3.094632,0.000843,0.000374,-0.002037,-0.000565
7850.223016,9.196,3.005594,0.000843,0.000374,-0.002038,-0.000565
7852.7223650000005,9.196,3.541266,0.000843,0.000377,-0.002039,-0.000563
7853.9720210000005,9.196,2.85293,0.000842,0.000375,-0.002033,-0.000565
7856.472495,9.196,3.185819,0.000843,0.000375,-0.002037,-0.000563
7858.972281,9.196,3.206467,0.000844,0.00037,-0.002034,-0.000566
7860.222006,9.196,3.751603,0.000846,0.000373,-0.00204,-0.000564
7862.722426,9.196,3.139165,0.000847,0.000373,-0.002039,-0.000565
7863.972782,9.196,4.174161,0.000847,0.000374,-0.002034,-0.000563
7866.503602,9.196,3.102967,0.000844,0.000372,-0.002037,-0.000564
7869.004634,9.196,2.831492,0.000844,0.000372,-0.002037,-0.000565
7870.254142,9.196,3.19453,0.000846,0.000373,-0.002039,-0.000564
7872.754131000001,9.196,2.991201,0.000848,0.000376,-0.002039,-0.000559
7874.0194,9.196,3.089497,0.00085,0.000376,-0.00204,-0.00056
7876.535220000001,9.196,3.174031,0.000858,0.000379,-0.002046,-0.000557
7879.067553,9.196,3.230415,0.000862,0.00038,-0.00204,-0.000555
7880.33197,9.196,3.142831,0.000861,0.00038,-0.002039,-0.000555
7882.830211,9.196,3.194668,0.000857,0.00038,-0.002036,-0.000558
7884.08191,9.196,3.143366,0.000857,0.000377,-0.002037,-0.000561
7886.582026,9.196,3.058944,0.000858,0.000374,-0.002034,-0.000563
7889.097067000001,9.196,3.335841,0.000857,0.000377,-0.002037,-0.000559
7890.362636,9.196,3.056297,0.000856,0.000375,-0.002031,-0.000559
7892.86275,9.196,3.01586,0.000852,0.000377,-0.002028,-0.00056
7894.130154,9.196,3.441734,0.000846,0.000376,-0.002028,-0.000561
7896.628358,9.196,3.182593,0.000853,0.000381,-0.00203,-0.000556
7899.128345,9.196,3.033558,0.000859,0.000383,-0.002031,-0.000554
7900.378735,9.196,3.061252,0.000859,0.000384,-0.00203,-0.000555
7902.895718000001,9.196,1.904043,0.000862,0.000381,-0.002036,-0.000555
7904.1589890000005,9.196,3.052143,0.000854,0.000379,-0.002032,-0.000555
7906.660151,9.196,3.272157,0.00085,0.000376,-0.002032,-0.00056
7909.176739,9.196,2.959767,0.000853,0.000379,-0.002034,-0.000556
7910.442941,9.196,3.280337,0.000857,0.000382,-0.002037,-0.000554
7912.9421680000005,9.196,3.089852,0.000859,0.000382,-0.002032,-0.000552
7914.206279,9.196,2.759266,0.000863,0.000386,-0.002039,-0.000552
7916.722078,9.196,3.0109,0.000861,0.000385,-0.002035,-0.000553
7917.972769,9.196,3.097704,0.000857,0.000387,-0.002035,-0.000549
7920.503077,9.196,3.419033,0.000859,0.000386,-0.002035,-0.000552
7923.003705,9.196,3.110845,0.000859,0.000384,-0.002033,-0.000552
7924.253814000001,9.196,3.125981,0.000861,0.000385,-0.002033,-0.000553
7926.753741,9.196,3.050705,0.000863,0.000381,-0.002033,-0.000556
7928.003653000001,9.196,3.061459,0.000863,0.000384,-0.002037,-0.000556
7930.503346,9.196,3.330828,0.000864,0.000383,-0.002038,-0.000556
7933.01873,9.196,3.14777,0.000866,0.000382,-0.002032,-0.000557
7934.269104,9.196,2.976415,0.000867,0.000385,-0.002037,-0.000554
7936.770004,9.196,3.05679,0.000867,0.000387,-0.002033,-0.000553
7938.033494,9.196,3.040158,0.000864,0.000387,-0.002031,-0.000552
7940.550376,9.196,2.906322,0.000868,0.000391,-0.002032,-0.00055
7943.066258,9.196,3.014863,0.000865,0.000387,-0.002033,-0.000555
7944.316535,9.196,2.987243,0.000863,0.000385,-0.002032,-0.000556
7946.816594,9.196,2.97502,0.000862,0.000382,-0.002031,-0.000559
7948.066999000001,9.196,3.053145,0.000859,0.000383,-0.002035,-0.000557
7950.581184000001,9.196,3.065698,0.000859,0.000383,-0.002033,-0.000554
7953.082046,9.196,3.07261,0.000861,0.000382,-0.002034,-0.000554
7954.332092000001,9.196,3.226447,0.000857,0.000382,-0.002026,-0.000556
7956.8484690000005,9.196,2.345382,0.000856,0.000384,-0.00203,-0.000555
7958.113329,9.196,3.134225,0.000859,0.000384,-0.002027,-0.000555
7960.61376,9.196,3.18514,0.00086,0.000384,-0.002028,-0.000555
7963.128844,9.196,2.715535,0.000863,0.000381,-0.002033,-0.000558
7964.379347,9.196,2.915315,0.000864,0.000382,-0.002038,-0.000556
7966.894727,9.196,3.342738,0.000856,0.000383,-0.00203,-0.000553
7968.159871,9.196,3.070785,0.000858,0.000385,-0.002032,-0.000548
7970.675019,9.196,3.075019,0.000859,0.000384,-0.002027,-0.00055
7973.206507,9.196,3.184583,0.000862,0.000384,-0.002028,-0.00055
7974.457488,9.196,3.01212,0.000862,0.000382,-0.002032,-0.000552
7976.97227,9.196,3.063984,0.000858,0.000382,-0.002025,-0.000551
7978.221534,9.196,2.732406,0.000859,0.000381,-0.002031,-0.000554
7980.723628000001,9.196,2.942833,0.000864,0.000383,-0.002029,-0.000553
7981.989067,9.196,3.461332,0.000865,0.000379,-0.002024,-0.000553
7984.503657,9.196,3.150682,0.00086,0.000381,-0.002032,-0.000555
7987.0193420000005,9.196,3.001361,0.00086,0.000384,-0.002032,-0.000553
7988.269222,9.196,3.054938,0.000858,0.000381,-0.002031,-0.000554
7990.768682,9.196,2.952823,0.000853,0.000379,-0.002033,-0.000557
7992.019363,9.196,3.22764,0.000853,0.000378,-0.00203,-0.00056
7994.518804,9.196,3.148003,0.000851,0.000379,-0.002025,-0.000559
7997.01955,9.196,2.641993,0.000839,0.000366,-0.002032,-0.000573
7998.26937,9.196,3.141907,0.000832,0.000358,-0.00205,-0.000582
8000.769031,9.196,2.962707,0.000827,0.000352,-0.002051,-0.000584
8002.0193070000005,9.196,3.158953,0.000826,0.000351,-0.002044,-0.000583
8004.55183,9.196,2.909256,0.000807,0.000335,-0.00205,-0.0006
8007.066997,9.196,2.530763,0.000808,0.000338,-0.002057,-0.000596
8008.3328520000005,9.196,2.936584,0.000809,0.000338,-0.002062,-0.000596
8010.864307,9.196,3.000952,0.000812,0.000338,-0.002057,-0.000595
8012.114496,9.196,3.115238,0.00081,0.000338,-0.002054,-0.000596
8014.629463,9.196,2.954972,0.000815,0.000341,-0.002054,-0.000593
8017.1288700000005,9.196,3.029823,0.000802,0.000325,-0.002065,-0.000613
8018.379059,9.196,3.23311,0.000798,0.000323,-0.002065,-0.000612
8020.894553,9.196,3.113455,0.000807,0.000338,-0.002066,-0.000598
8022.159474,9.196,3.069194,0.000812,0.000339,-0.002064,-0.000596
8024.660115000001,9.196,3.091232,0.00081,0.000337,-0.002063,-0.000598
8027.191345,9.196,3.434821,0.000814,0.000339,-0.002073,-0.000603
8028.456258,9.196,3.138979,0.00081,0.00034,-0.002063,-0.000603
8030.9877050000005,9.196,3.09842,0.00081,0.000331,-0.002072,-0.00061
8032.252674,9.196,2.903606,0.000811,0.000332,-0.002071,-0.000606
8034.753721,9.196,3.055368,0.000806,0.000331,-0.002061,-0.000606
8036.003581,9.196,3.049745,0.000795,0.00032,-0.002073,-0.000619
8038.520462,9.196,3.064939,0.000801,0.000327,-0.00207,-0.000612
8041.0517070000005,9.196,3.039887,0.000812,0.000333,-0.002075,-0.000603
8042.316969,9.196,3.212674,0.000816,0.000339,-0.00207,-0.0006
8044.831822,9.196,3.306837,0.000802,0.000326,-0.002075,-0.000609
8046.082091,9.196,3.099301,0.000784,0.000315,-0.002079,-0.000625
8048.597324,9.196,3.004358,0.000775,0.000309,-0.00207,-0.000629
8051.113008,9.196,3.382092,0.000782,0.000315,-0.002075,-0.000624
8052.364328000001,9.196,3.210695,0.000783,0.000309,-0.00207,-0.000629
8054.864315,9.196,3.157643,0.000771,0.000303,-0.002068,-0.000632
8056.114197,9.196,3.091232,0.00077,0.000301,-0.002075,-0.000635
8058.627982,9.196,2.958266,0.000774,0.000302,-0.002083,-0.00064
8061.143326,9.196,3.123567,0.000788,0.000319,-0.002078,-0.000615
8062.394458000001,9.196,3.143902,0.00079,0.000316,-0.002068,-0.000617
8064.90921,9.196,3.026974,0.000773,0.000301,-0.002084,-0.000635
8066.158626,9.196,3.024767,0.000771,0.000304,-0.00208,-0.00063
8068.659792,9.196,3.276507,0.000781,0.000311,-0.002082,-0.000623
8071.176155,9.196,2.878937,0.000782,0.000307,-0.002083,-0.000629
8072.441337,9.196,3.225906,0.000798,0.000317,-0.002085,-0.000621
8074.9735820000005,9.196,3.131583,0.000796,0.000324,-0.00208,-0.000611
8076.23802,9.196,3.234786,0.000796,0.000316,-0.002088,-0.000621
8078.754054,9.196,3.104675,0.000793,0.000317,-0.002082,-0.000624
8080.018979,9.196,3.076902,0.000784,0.000312,-0.00208,-0.000627
8082.517912,9.196,2.989965,0.00077,0.000298,-0.00209,-0.000639
8085.019457,9.196,3.660634,0.000768,0.000298,-0.002096,-0.000643
8086.268577,9.196,3.1443,0.000772,0.000302,-0.002087,-0.000634
8088.768618,9.196,3.136708,0.000773,0.000298,-0.002076,-0.000638
8090.019113,9.196,3.02577,0.00078,0.000306,-0.002082,-0.00063
8092.519833,9.196,3.112431,0.000784,0.000308,-0.002082,-0.000634
8095.019042,9.196,3.333586,0.000791,0.000314,-0.002083,-0.000621
8096.269443,9.196,2.970993,0.000791,0.000314,-0.00208,-0.000619
8098.7841690000005,9.196,3.240458,0.000788,0.00032,-0.00208,-0.00061
8100.0347010000005,9.196,2.9619,0.000795,0.000323,-0.002088,-0.00061
8102.56639,9.196,3.150184,0.000799,0.000318,-0.002084,-0.000617
8105.067187000001,9.196,3.347237,0.000813,0.000328,-0.002082,-0.000607
8106.332044,9.196,3.001271,0.000823,0.000336,-0.002088,-0.0006
8108.831776,9.196,3.407483,0.00081,0.000329,-0.002084,-0.000606
8110.0971,9.196,3.06227,0.000802,0.000322,-0.002079,-0.000611
8112.612965,9.196,3.13527,0.000802,0.000329,-0.002082,-0.000606
8115.128331,9.196,3.195788,0.000808,0.000331,-0.002077,-0.000602
8116.378659,9.196,3.112633,0.000812,0.000331,-0.002087,-0.000605
8118.877892,9.196,2.918832,0.000807,0.000328,-0.00209,-0.000609
8120.128642000001,9.196,3.125779,0.000802,0.000325,-0.002084,-0.000612
8122.629448000001,9.196,2.956685,0.000806,0.000328,-0.002081,-0.00061
8125.144316,9.196,3.063098,0.000806,0.000329,-0.002082,-0.000607
8126.394681000001,9.196,2.850516,0.000799,0.000324,-0.002079,-0.000609
8128.910359,9.196,3.068143,0.000791,0.000316,-0.002077,-0.00062
8130.175555,9.196,3.224574,0.000793,0.000318,-0.002081,-0.000617
8132.706323,9.196,3.018109,0.000795,0.000321,-0.002078,-0.000616
8135.222437,9.196,3.388851,0.000796,0.000324,-0.002077,-0.000614
8136.472804,9.196,3.03967,0.000798,0.000327,-0.002072,-0.000611
8138.988626,9.196,3.137828,0.000803,0.000331,-0.002079,-0.000603
8140.238162000001,9.196,3.061788,0.000802,0.000332,-0.002071,-0.0006
8142.753625,9.196,2.995238,0.000807,0.000339,-0.002071,-0.000597
8144.004425,9.196,2.930541,0.000809,0.000342,-0.002072,-0.000596
8146.519425,9.196,2.993,0.000809,0.000342,-0.002061,-0.000594
8149.018715,9.196,3.031176,0.000817,0.000342,-0.002056,-0.000594
8150.269195,9.196,3.198175,0.000823,0.000347,-0.00206,-0.000594
8152.769313,9.196,3.332939,0.000822,0.000348,-0.002058,-0.000595
8154.0206960000005,9.196,3.011833,0.000821,0.000348,-0.002051,-0.000593
8156.551187,9.196,2.909771,0.000826,0.000357,-0.002054,-0.00059
8159.08218,9.196,3.071279,0.00082,0.000353,-0.002052,-0.000589
8160.332225,9.196,3.526485,0.000821,0.000352,-0.002055,-0.000591
8162.846817000001,9.196,3.097089,0.000818,0.000349,-0.002048,-0.000591
8164.096913,9.196,3.343502,0.000819,0.000349,-0.002053,-0.000589
8166.598631,9.196,2.983561,0.00082,0.000349,-0.002054,-0.000588
8169.113426,9.196,3.125413,0.00082,0.000353,-0.002053,-0.000586
8170.363008,9.196,3.115386,0.000821,0.000354,-0.002055,-0.000585
8172.878213,9.196,3.198499,0.000824,0.000356,-0.002054,-0.000584
8174.129322,9.196,3.066276,0.000826,0.000356,-0.002046,-0.000583
8176.659664,9.196,3.320408,0.000831,0.000364,-0.002055,-0.000578
8179.175491,9.196,3.06166,0.000833,0.000365,-0.002049,-0.000579
8180.4420660000005,9.196,2.988204,0.000839,0.000367,-0.002054,-0.000578
8182.956391000001,9.196,2.833747,0.00084,0.000367,-0.002045,-0.000578
8184.205697,9.196,3.305755,0.000847,0.000365,-0.002052,-0.000578
8186.706463,9.196,2.936451,0.000844,0.000363,-0.002049,-0.000581
8189.206291,9.196,3.152178,0.000841,0.000363,-0.002054,-0.000579
8190.456811,9.196,2.933894,0.000837,0.000361,-0.002047,-0.000577
8192.974481,9.196,2.964341,0.000838,0.000361,-0.002049,-0.000578
8194.237421,9.196,3.153107,0.000835,0.000362,-0.002048,-0.000577
8196.753292,9.196,3.06079,0.000839,0.000361,-0.002045,-0.000579
8198.004057,9.196,3.065984,0.000839,0.000361,-0.002044,-0.000578
8200.534626,9.196,3.073894,0.000835,0.000358,-0.002039,-0.000579
8203.035847,9.196,2.898115,0.000831,0.000358,-0.002038,-0.000581
8204.298815,9.196,2.892539,0.000829,0.000358,-0.002038,-0.000581
8206.801717,9.196,3.121631,0.000825,0.000355,-0.002036,-0.000582
8208.066902,9.196,2.995583,0.000827,0.000359,-0.002041,-0.000578
8210.582001,9.196,2.924679,0.00083,0.000362,-0.002039,-0.000576
8213.082403,9.196,3.057087,0.000828,0.000359,-0.00204,-0.000578
8214.332052,9.196,3.24328,0.000831,0.00036,-0.002049,-0.000578
8216.832591,9.196,3.074945,0.000839,0.000361,-0.002051,-0.000578
8218.082487,9.196,2.939958,0.000841,0.000364,-0.002043,-0.000575
8220.583315,9.196,3.178466,0.000847,0.00037,-0.002048,-0.000571
8223.082047,9.196,3.284481,0.000843,0.000371,-0.002034,-0.000567
8224.347709,9.196,3.036402,0.000843,0.000371,-0.002037,-0.000568
8226.863616999999,9.196,3.051734,0.000841,0.000373,-0.002031,-0.000568
8228.113918,9.196,2.523633,0.000843,0.000374,-0.002037,-0.000567
8230.613664,9.196,3.383594,0.000839,0.000372,-0.002039,-0.000569
8233.113311,9.196,3.073502,0.000841,0.000373,-0.002043,-0.000568
8234.364194,9.196,2.962123,0.000841,0.000372,-0.002038,-0.000569
8236.878456999999,9.196,3.294863,0.000844,0.000376,-0.002047,-0.00057
8238.12877,9.196,3.208255,0.000843,0.000374,-0.002038,-0.000567
8240.628229,9.196,3.01091,0.00085,0.000377,-0.002038,-0.000564
8243.129157,9.196,3.091709,0.000855,0.000382,-0.002042,-0.000563
8244.394336,9.196,2.904487,0.000856,0.000383,-0.002048,-0.000564
8246.925855,9.196,3.105169,0.000857,0.000384,-0.002051,-0.000563
8248.175319,9.196,2.586469,0.000852,0.000384,-0.002043,-0.000564
8250.676429,9.196,2.976086,0.00085,0.000382,-0.002048,-0.000563
8253.191483999999,9.196,3.085958,0.000852,0.000378,-0.002043,-0.000564
8254.457083,9.196,3.30549,0.000854,0.000377,-0.002049,-0.000568
8256.973603,9.196,2.978288,0.000852,0.000374,-0.002045,-0.00057
8258.238073,9.196,3.075597,0.000852,0.000375,-0.002051,-0.000569
8260.753627,9.196,3.337862,0.000856,0.000378,-0.002046,-0.000564
8262.003741,9.196,3.104044,0.000856,0.000381,-0.002052,-0.000563
8264.503466,9.196,3.071597,0.000856,0.000381,-0.00205,-0.000562
8267.00315,9.196,3.281924,0.000857,0.000386,-0.002047,-0.000559
8268.270790999999,9.196,3.143043,0.000858,0.000385,-0.00205,-0.000558
8270.769712,9.196,3.08582,0.000858,0.000385,-0.002041,-0.000555
8272.019581,9.196,3.333714,0.000858,0.000386,-0.002047,-0.000555
8274.51873,9.196,3.132098,0.000854,0.000388,-0.002047,-0.000555
8277.019629999999,9.196,2.76525,0.000857,0.000386,-0.002046,-0.000556
8278.269312,9.196,3.112034,0.000849,0.00038,-0.002037,-0.000559
8280.800408,9.196,3.353651,0.00084,0.000371,-0.002042,-0.000569
8282.067554,9.196,2.928551,0.000837,0.000368,-0.002035,-0.000572
8284.58195,9.196,3.008284,0.000841,0.00037,-0.002041,-0.000567
8287.096956,9.196,2.853715,0.000843,0.000374,-0.002038,-0.000563
8288.347924,9.196,3.102638,0.000839,0.000373,-0.002032,-0.000564
8290.862482,9.196,3.255509,0.000844,0.000372,-0.00204,-0.000567
8292.113201,9.196,3.110591,0.00084,0.000372,-0.002035,-0.000563
8294.628388,9.196,3.05288,0.000841,0.000374,-0.002033,-0.000564
8297.127937,9.196,3.360144,0.00084,0.000373,-0.002031,-0.000564
8298.393383,9.196,3.093635,0.000841,0.000371,-0.002032,-0.000566
8300.91103,9.196,3.133965,0.000841,0.000373,-0.002032,-0.000564
8302.176515,9.196,3.137053,0.000843,0.000373,-0.002038,-0.000566
8304.707897,9.196,3.161319,0.000847,0.000376,-0.002034,-0.000562
8307.191519,9.196,3.292555,0.000845,0.000377,-0.002031,-0.000562
8308.441746999999,9.196,3.236548,0.000846,0.000377,-0.002036,-0.000561
8310.942176,9.196,3.038768,0.000845,0.000378,-0.002039,-0.000561
8312.207323,9.196,3.307999,0.000844,0.000376,-0.002036,-0.000562
8314.722764,9.196,3.404937,0.000847,0.000378,-0.002041,-0.000559
8315.988209,9.196,2.546785,0.000849,0.000379,-0.002043,-0.000557
8318.488268,9.196,2.830924,0.000852,0.000381,-0.002046,-0.000559
8320.988656,9.196,3.184328,0.000854,0.00038,-0.002047,-0.000559
8322.238711,9.196,2.99987,0.000851,0.000378,-0.00204,-0.000557
8324.737915,9.196,3.031001,0.000851,0.000378,-0.002039,-0.000557
8326.004638,9.196,3.319734,0.000856,0.000381,-0.002044,-0.000557
8328.519284,9.196,2.930159,0.000853,0.000379,-0.002035,-0.000557
8331.018655,9.196,3.262385,0.000848,0.000378,-0.002034,-0.000559
8332.2658,9.196,3.251753,0.000851,0.000376,-0.002036,-0.00056
8334.76937,9.196,3.982546,0.000846,0.000375,-0.002039,-0.000559
8336.019896,9.196,3.307171,0.000848,0.000377,-0.002033,-0.000556
8338.549745,9.196,3.26413,0.000849,0.000381,-0.00204,-0.000555
8341.065929,9.196,2.892534,0.000848,0.000381,-0.002033,-0.000556
8342.316431,9.196,3.084446,0.000848,0.000383,-0.002036,-0.000556
8344.831796999999,9.196,3.296407,0.00085,0.000381,-0.002037,-0.000556
8346.096768,9.196,3.010629,0.000854,0.000381,-0.002035,-0.000554
8348.598261,9.196,3.083428,0.000856,0.000386,-0.002035,-0.000551
8351.114163,9.196,3.067761,0.000857,0.000387,-0.002038,-0.000552
8352.380406,9.196,3.346425,0.000858,0.000385,-0.002038,-0.000554
8354.878013,9.196,3.089136,0.000857,0.000383,-0.002033,-0.000552
8356.1299,9.196,3.22103,0.000857,0.000384,-0.002038,-0.000553
8358.628415,9.196,3.151298,0.000854,0.000386,-0.002036,-0.000554
8361.129671,9.196,3.051267,0.000853,0.000384,-0.002036,-0.000554
8362.379956,9.196,3.17419,0.000855,0.000386,-0.002029,-0.000553
8364.893595,9.196,2.977774,0.000857,0.00039,-0.002032,-0.000552
8366.143712,9.196,3.274682,0.000862,0.000391,-0.002036,-0.000549
8368.660512,9.196,2.887791,0.00087,0.000394,-0.00203,-0.000549
8371.160133,9.196,3.045851,0.000866,0.000387,-0.002035,-0.000555
8372.425302,9.196,3.142693,0.000855,0.000381,-0.002038,-0.000561
8374.941762,9.196,3.180561,0.000859,0.00038,-0.002034,-0.00056
8376.206911,9.196,3.033134,0.000856,0.000381,-0.002034,-0.000557
8378.721904,9.196,2.84963,0.000853,0.000384,-0.002032,-0.000555
8381.224146999999,9.196,3.200663,0.000853,0.000384,-0.002034,-0.000554
8382.488256,9.196,2.941003,0.000854,0.000383,-0.00203,-0.000553
8385.004804,9.196,3.0328,0.00085,0.000383,-0.002033,-0.000554
8386.268648,9.196,3.408751,0.000849,0.000382,-0.00203,-0.000555
8388.769074,9.196,3.02725,0.000847,0.000382,-0.002025,-0.000554
8390.019541,9.196,3.803457,0.000848,0.00038,-0.002028,-0.000556
8392.51875,9.196,2.992501,0.000845,0.000374,-0.002029,-0.000564
8395.034774,9.196,3.163097,0.000843,0.000374,-0.00203,-0.000566
8396.284462,9.196,3.12371,0.000842,0.000371,-0.002026,-0.000564
8398.801601,9.196,3.220643,0.000839,0.00037,-0.002033,-0.00057
8400.066927,9.196,2.940356,0.000838,0.00037,-0.002028,-0.000567
8402.581823,9.196,3.054758,0.000834,0.000367,-0.002038,-0.000571
8405.082029,9.196,3.04827,0.000824,0.000353,-0.002043,-0.000585
8406.332161,9.196,3.000385,0.000826,0.000357,-0.002048,-0.000582
8408.8645,9.196,3.081359,0.000815,0.000345,-0.002049,-0.000591
8410.128025,9.196,3.164333,0.000812,0.000345,-0.002047,-0.000593
8412.629222,9.196,3.033065,0.000817,0.000348,-0.002048,-0.000588
8415.129501,9.196,4.265725,0.000815,0.000345,-0.002048,-0.000593
8416.394635,9.196,3.208706,0.000818,0.000349,-0.002052,-0.000589
8418.909639,9.196,3.205135,0.000823,0.000351,-0.002054,-0.000584
8420.176636,9.196,3.223683,0.000813,0.000342,-0.002054,-0.000596
8422.675878,9.196,3.438545,0.000793,0.000325,-0.002071,-0.000615
8425.175353999999,9.196,3.126029,0.000788,0.000319,-0.002071,-0.000616
8426.426803,9.196,3.071162,0.000791,0.000322,-0.002066,-0.000615
8428.942652,9.196,3.404884,0.000786,0.000318,-0.002062,-0.000616
8430.206918,9.196,3.104914,0.000791,0.000324,-0.002061,-0.000612
8432.706662,9.196,3.176721,0.000783,0.000312,-0.002071,-0.000626
8435.221875,9.196,2.986464,0.000795,0.000324,-0.002062,-0.000612
8436.471945,9.196,3.077804,0.000802,0.00033,-0.002067,-0.000606
8438.972416999999,9.196,2.950213,0.000802,0.000336,-0.002066,-0.0006
8440.222364,9.196,3.271775,0.000799,0.000335,-0.002056,-0.000604
8442.753644,9.196,3.105874,0.000789,0.000326,-0.002064,-0.000612
8444.003605,9.196,3.250602,0.000785,0.000316,-0.002061,-0.000625
8446.503813,9.196,3.331974,0.000783,0.000313,-0.002072,-0.000625
8449.019375,9.196,3.069379,0.000779,0.000309,-0.002063,-0.000633
8450.269661,9.196,2.950451,0.000784,0.000317,-0.002071,-0.000629
8452.78487,9.196,3.498818,0.000779,0.000315,-0.002071,-0.000628
8454.050374999999,9.196,2.601074,0.00077,0.00031,-0.002072,-0.000629
8456.581966,9.196,3.118506,0.000769,0.000302,-0.002078,-0.000635
8459.114366,9.196,1.839415,0.00078,0.000312,-0.002069,-0.000623
8460.378305,9.196,2.766513,0.000785,0.000315,-0.00207,-0.000622
8462.879219999999,9.196,2.860501,0.000784,0.000314,-0.002072,-0.000624
8464.128768,9.196,3.048848,0.000783,0.000315,-0.002078,-0.000625
8466.628084,9.196,3.052212,0.000781,0.000311,-0.002079,-0.000628
8469.143447999999,9.196,3.026603,0.000777,0.000305,-0.002076,-0.000634
8470.3937,9.196,3.152157,0.000774,0.000301,-0.002068,-0.000638
8472.925276,9.196,2.974044,0.000777,0.000311,-0.002076,-0.000625
8474.191805999999,9.196,2.928445,0.00079,0.000318,-0.002074,-0.000619
8476.707,9.196,3.497773,0.000792,0.000321,-0.002076,-0.000619
8479.223111,9.196,3.13734,0.000773,0.000301,-0.002079,-0.000636
8480.484867,9.196,3.053687,0.000773,0.000299,-0.002072,-0.000635
8482.988151,9.196,2.987758,0.000782,0.000311,-0.002073,-0.000625
8484.253388,9.196,2.925692,0.000786,0.000312,-0.002074,-0.000623
8486.754085,9.196,3.144136,0.00078,0.000312,-0.00207,-0.000631
8488.004178,9.196,3.680417,0.000773,0.000306,-0.002072,-0.000635
8490.518404,9.196,3.050562,0.000784,0.000308,-0.002078,-0.000628
8493.01877,9.196,3.153924,0.000797,0.000324,-0.002086,-0.000612
8494.269871999999,9.196,3.500452,0.000796,0.000318,-0.00209,-0.000617
8496.767587,9.196,2.928037,0.000799,0.000314,-0.002084,-0.000619
8498.019909,9.196,3.148077,0.0008,0.000324,-0.002089,-0.000614
8500.550464,9.196,3.441262,0.000786,0.000317,-0.00208,-0.000625
8503.082088,9.196,2.968749,0.000796,0.000321,-0.002084,-0.000616
8504.332738,9.196,3.078743,0.000801,0.000324,-0.002079,-0.000613
8506.833483999999,9.196,3.127912,0.000794,0.000317,-0.002079,-0.000626
8508.082249,9.196,2.972283,0.000792,0.000318,-0.002073,-0.000624
8510.597212,9.196,3.098532,0.000785,0.000313,-0.002068,-0.000622
8513.098634,9.196,3.173888,0.000792,0.00032,-0.002077,-0.000611
8514.364074,9.196,3.027988,0.000802,0.000324,-0.002086,-0.000609
8516.878507,9.196,2.897818,0.000799,0.000325,-0.002082,-0.000607
8518.12748,9.196,3.373365,0.000805,0.000331,-0.002088,-0.000606
8520.643344,9.196,3.001064,0.000811,0.000331,-0.002086,-0.000606
8523.160834,9.196,2.999355,0.000816,0.000334,-0.002081,-0.000601
8524.426963,9.196,3.117371,0.000809,0.000333,-0.002081,-0.000599
8526.941725,9.196,3.134979,0.00081,0.000336,-0.002081,-0.000601
8528.191906,9.196,3.2186,0.000812,0.000336,-0.002082,-0.000601
8530.722378999999,9.196,2.852697,0.000785,0.000315,-0.002083,-0.000622
8533.238865,9.196,3.21617,0.000785,0.000316,-0.00208,-0.000619
8534.503596,9.196,3.107683,0.000784,0.000316,-0.00208,-0.000619
8537.018743999999,9.196,2.871615,0.000786,0.000315,-0.002075,-0.000623
8538.269640999999,9.196,3.057209,0.000784,0.000316,-0.002078,-0.000627
8540.76968,9.196,3.167792,0.00078,0.000314,-0.002079,-0.000629
8542.018798,9.196,3.132751,0.000781,0.000314,-0.002071,-0.000627
8544.535222,9.196,2.253723,0.000789,0.000317,-0.002071,-0.000621
8547.065732,9.196,3.016629,0.000795,0.000323,-0.002081,-0.000616
8548.316219,9.196,3.352149,0.000798,0.000325,-0.002074,-0.000609
8550.831187,9.196,3.182896,0.0008,0.000324,-0.002073,-0.000612
8552.081943,9.196,3.047798,0.000797,0.000324,-0.002068,-0.000611
8554.614183,9.196,3.102352,0.000792,0.000322,-0.00207,-0.000616
8557.127081999999,9.196,3.068228,0.000787,0.000317,-0.002086,-0.000622
8558.379732,9.196,3.063384,0.000786,0.000316,-0.002078,-0.000623
8560.893743999999,9.196,3.261912,0.000787,0.000318,-0.002084,-0.000619
8562.143809,9.196,2.952781,0.00079,0.00032,-0.002081,-0.000617
8564.644735,9.196,2.976458,0.000796,0.000327,-0.002079,-0.000611
8567.175357,9.196,3.229725,0.00078,0.000312,-0.002078,-0.000626
8568.425608,9.196,2.917447,0.00078,0.000312,-0.002081,-0.000625
8570.92569,9.196,3.10598,0.000782,0.000315,-0.002082,-0.000623
8572.191711,9.196,3.089645,0.000785,0.000317,-0.002085,-0.00062
8574.691611,9.196,3.055809,0.000786,0.000319,-0.002081,-0.000618
8577.207009,9.196,2.771426,0.000787,0.000318,-0.00208,-0.00062
8578.473629,9.196,3.246071,0.000787,0.000316,-0.00208,-0.000622
8580.987326,9.196,3.237333,0.000787,0.000319,-0.00208,-0.00062
8582.253616,9.196,3.210271,0.000789,0.00032,-0.002077,-0.000621
8584.769767,9.196,3.260947,0.000795,0.000327,-0.002079,-0.000617
8586.035905,9.196,3.097009,0.000792,0.000324,-0.002073,-0.000617
8588.566859999999,9.196,3.778713,0.000789,0.000322,-0.002072,-0.000617
8591.082773,9.196,3.529292,0.000791,0.000322,-0.002068,-0.000614
8592.347091,9.196,3.038131,0.000797,0.000327,-0.002073,-0.000612
8594.878678,9.196,3.043845,0.000793,0.000323,-0.002069,-0.000611
8596.128749,9.196,3.004385,0.000794,0.000323,-0.002071,-0.000614
8598.630090999999,9.196,3.312848,0.000796,0.000324,-0.002076,-0.00061
8601.159344,9.196,3.014698,0.000795,0.000325,-0.002072,-0.000611
8602.409442,9.196,2.997201,0.000797,0.00033,-0.00207,-0.000608
8604.909294,9.196,3.11519,0.000799,0.000332,-0.002068,-0.000605
8606.159204,9.196,2.422276,0.000802,0.000333,-0.002072,-0.000606
8608.659443999999,9.196,2.948266,0.000801,0.000332,-0.002077,-0.000604
8611.17637,9.196,3.296136,0.0008,0.000332,-0.002067,-0.0006
8612.425208999999,9.196,3.001939,0.000801,0.000333,-0.002066,-0.000603
8614.925419,9.196,3.19496,0.000804,0.000337,-0.00206,-0.0006
8616.191981,9.196,3.09529,0.000809,0.000339,-0.002054,-0.000598
8618.707116,9.196,3.279006,0.000812,0.000338,-0.002051,-0.000597
8621.222663999999,9.196,3.168991,0.000809,0.000339,-0.00206,-0.0006
8622.472357,9.196,3.584265,0.000807,0.000335,-0.002055,-0.000603
8624.972393,9.196,3.331485,0.000812,0.000337,-0.002058,-0.000598
8626.237473,9.196,3.216372,0.000808,0.000338,-0.002062,-0.000596
8628.753564,9.196,3.109047,0.000808,0.000341,-0.002063,-0.000598
8630.004576,9.196,3.161542,0.000812,0.000344,-0.002065,-0.000594
8632.534991,9.196,2.951433,0.000814,0.000343,-0.002059,-0.000593
8635.0659,9.196,2.941836,0.000817,0.000349,-0.002062,-0.000587
8636.316734,9.196,2.930711,0.00082,0.000349,-0.002054,-0.000587
8638.832099,9.196,3.054456,0.000821,0.000348,-0.002054,-0.00059
8640.093894,9.196,3.092436,0.000819,0.000347,-0.002047,-0.000589
8642.581818,9.196,2.980193,0.000824,0.000353,-0.002048,-0.000584
8645.082089,9.196,3.231619,0.000827,0.000355,-0.002045,-0.000581
8646.33377,9.196,3.111047,0.000828,0.000356,-0.002048,-0.000578
8648.831742,9.196,3.108951,0.000828,0.000358,-0.002048,-0.000578
8650.096956,9.196,3.385817,0.000829,0.000359,-0.002046,-0.000579
8652.612858999999,9.196,2.996756,0.000827,0.000359,-0.00205,-0.000575
8655.12769,9.196,3.045819,0.000828,0.000358,-0.002053,-0.000579
8656.379255,9.196,3.295065,0.000827,0.000358,-0.002046,-0.000576
8658.91037,9.196,3.029542,0.000831,0.00036,-0.002053,-0.000576
8660.175236,9.196,2.639765,0.000831,0.00036,-0.002044,-0.000574
8662.691273,9.196,3.013149,0.000833,0.00036,-0.002049,-0.000576
8665.220632999999,9.196,2.916312,0.00083,0.00036,-0.002041,-0.000577
8666.471868999999,9.196,3.118941,0.000831,0.000361,-0.002047,-0.000577
8668.988183,9.196,3.013292,0.000838,0.000362,-0.002044,-0.000575
8670.238604,9.196,3.356972,0.000834,0.000363,-0.002039,-0.000573
8672.738186999999,9.196,2.965731,0.000836,0.000366,-0.002037,-0.00057
8674.004169,9.196,3.376681,0.000833,0.000362,-0.002036,-0.00057
8676.519438,9.196,3.107598,0.000831,0.000362,-0.002038,-0.000572
8679.019562,9.196,2.601042,0.000837,0.000367,-0.002041,-0.000571
8680.269252,9.196,3.269196,0.000838,0.000368,-0.002037,-0.000568
8682.769174,9.196,2.906333,0.000833,0.000369,-0.002032,-0.000567
8684.019452,9.196,3.054387,0.000836,0.000369,-0.002041,-0.000568
8686.520594,9.196,2.978941,0.000838,0.000368,-0.002038,-0.000567
8689.050711,9.196,3.076717,0.000837,0.000366,-0.00203,-0.000567
8690.300894,9.196,3.013526,0.000839,0.000367,-0.002038,-0.000567
8692.816737,9.196,3.414725,0.000842,0.000369,-0.002034,-0.000566
8694.067437,9.196,3.317108,0.000842,0.000371,-0.002036,-0.000566
8696.581565,9.196,3.04532,0.000843,0.000372,-0.002037,-0.000562
8699.081642,9.196,2.499229,0.000848,0.00038,-0.002034,-0.000557
8700.331763,9.196,3.149849,0.00085,0.000381,-0.002027,-0.000557
8702.832703,9.196,3.06435,0.000849,0.000377,-0.002023,-0.000556
8704.095647,9.196,3.041766,0.000851,0.000377,-0.002022,-0.000556
8706.597088999999,9.196,3.193883,0.000851,0.000378,-0.002024,-0.000555
8709.114071,9.196,3.089364,0.00085,0.000378,-0.002026,-0.000557
8710.378209999999,9.196,3.079841,0.000851,0.00038,-0.002023,-0.000553
8712.878741,9.196,2.931899,0.000853,0.000381,-0.002022,-0.000555
8714.129237,9.196,3.139414,0.000855,0.000382,-0.00203,-0.000556
8716.643497,9.196,3.068069,0.000857,0.000383,-0.002024,-0.000553
8719.14469,9.196,3.102267,0.000853,0.000384,-0.002029,-0.00055
8720.410135,9.196,3.048355,0.000856,0.000387,-0.002033,-0.00055
8722.926822,9.196,3.198058,0.000852,0.00038,-0.002029,-0.000553
8724.175551,9.196,1.947255,0.000853,0.000383,-0.002031,-0.000551
8726.676075,9.196,2.878072,0.000857,0.000385,-0.002027,-0.000551
8729.206374,9.196,2.843519,0.000855,0.000385,-0.002022,-0.000548
8730.457245,9.196,3.159701,0.000856,0.000384,-0.002026,-0.000548
8732.988175,9.196,2.854867,0.00086,0.000389,-0.002023,-0.000546
8734.238368,9.196,3.227672,0.000862,0.00039,-0.002026,-0.000545
8736.753815,9.196,3.038142,0.000866,0.000393,-0.002028,-0.00054
8738.004315,9.196,3.048981,0.000866,0.000393,-0.002023,-0.000541
8740.518834999999,9.196,3.766076,0.000876,0.000396,-0.002024,-0.000541
8743.019329,9.196,2.997896,0.000876,0.000396,-0.002025,-0.000538
8744.269253,9.196,3.469279,0.000872,0.000397,-0.002018,-0.000536
8746.769337,9.196,3.108081,0.000865,0.000388,-0.002021,-0.000544
8748.019825,9.196,3.453756,0.000867,0.000388,-0.00203,-0.000545
8750.519827,9.196,3.078298,0.000862,0.000385,-0.002032,-0.000545
8753.052313,9.196,3.514241,0.000848,0.000376,-0.002035,-0.000557
8754.301325999999,9.196,3.477194,0.000845,0.000375,-0.002034,-0.000561
8756.831542,9.196,3.126225,0.000836,0.000368,-0.00203,-0.000569
8758.08153,9.196,2.488544,0.000839,0.000367,-0.002037,-0.000566
8760.61346,9.196,3.30498,0.000843,0.000366,-0.002033,-0.000566
8763.114551,9.196,3.154773,0.000843,0.000364,-0.002031,-0.000572
8764.37777,9.196,3.091094,0.000838,0.000362,-0.002028,-0.000572
8766.894214,9.196,3.047182,0.000839,0.000367,-0.00203,-0.000567
8768.143807,9.196,3.120464,0.00084,0.000367,-0.002037,-0.000566
8770.660582,9.196,3.102145,0.000832,0.000359,-0.002034,-0.000577
8773.177058,9.196,3.175315,0.000841,0.000368,-0.002041,-0.000566
8774.425431,9.196,3.040397,0.000839,0.000366,-0.002043,-0.000565
8776.925147,9.196,3.320795,0.000838,0.000363,-0.002046,-0.000568
8778.176538,9.196,3.112681,0.000839,0.000364,-0.002042,-0.000567
8780.691893,9.196,3.105057,0.000827,0.000354,-0.002043,-0.000578
8783.192723,9.196,3.355492,0.000818,0.000347,-0.002048,-0.000585
8784.455918,9.196,3.315755,0.000815,0.000349,-0.002044,-0.000585
8786.972346999999,9.196,3.152237,0.000818,0.000351,-0.002051,-0.000585
8788.222024,9.196,3.039458,0.000815,0.000346,-0.002044,-0.000586
8790.722177,9.196,3.355348,0.000819,0.000348,-0.002043,-0.000586
8793.222824,9.196,3.121907,0.000828,0.000351,-0.002045,-0.000582
8794.472308999999,9.196,3.171468,0.000831,0.00035,-0.002051,-0.000587
8796.972314,9.196,3.067231,0.000817,0.000345,-0.002049,-0.000592
8798.222317,9.196,2.922482,0.000818,0.000348,-0.002039,-0.000588
8800.722685,9.196,3.329411,0.000819,0.00035,-0.002043,-0.000585
8803.22377,9.196,3.005387,0.000814,0.000347,-0.002052,-0.000591
8804.472823,9.196,3.291447,0.000808,0.000342,-0.002048,-0.000593
8806.988166,9.196,3.015998,0.000804,0.000338,-0.002048,-0.000599
8808.238229999999,9.196,3.144942,0.000807,0.00034,-0.002051,-0.000594
8810.753902999999,9.196,3.098696,0.000811,0.000338,-0.002055,-0.000598
8812.00495,9.196,3.264873,0.000808,0.00034,-0.002047,-0.000595
8814.535877,9.196,3.19636,0.000822,0.000352,-0.002048,-0.000584
8817.050627999999,9.196,3.003138,0.000808,0.000341,-0.00205,-0.000594
8818.301705,9.196,2.989764,0.000806,0.000334,-0.002052,-0.0006
8820.81676,9.196,3.12762,0.000805,0.000337,-0.002059,-0.000599
8822.081521,9.196,2.835503,0.00081,0.000341,-0.002053,-0.000595
8824.581667999999,9.196,3.055103,0.000825,0.000343,-0.002052,-0.000592
8827.112646,9.196,2.93704,0.000825,0.000348,-0.002063,-0.000589
8828.363636,9.196,3.136809,0.000821,0.000345,-0.002059,-0.000592
8830.879278999999,9.196,3.103227,0.000806,0.00033,-0.002063,-0.000603
8832.144415,9.196,3.197644,0.000795,0.000327,-0.002057,-0.000609
8834.644774,9.196,3.105073,0.000789,0.000318,-0.002059,-0.000615
8837.158593,9.196,3.328361,0.000792,0.000322,-0.002069,-0.000613
8838.409954,9.196,3.31706,0.000788,0.000315,-0.002073,-0.00062
8840.941557,9.196,3.175622,0.00079,0.00032,-0.002071,-0.000613
8842.191211,9.196,3.119599,0.000795,0.000325,-0.002069,-0.000612
8844.691956,9.196,3.191904,0.000813,0.000335,-0.002071,-0.000603
8847.19132,9.196,3.054535,0.000807,0.000336,-0.002079,-0.000598
8848.441544,9.196,3.178047,0.000806,0.000337,-0.002077,-0.000599
8850.94159,9.196,3.304238,0.0008,0.000327,-0.002076,-0.00061
8852.191939,9.196,3.059963,0.000803,0.000325,-0.002075,-0.000611
8854.70631,9.196,3.095508,0.000803,0.000332,-0.002063,-0.000604
8857.222335999999,9.196,3.075406,0.0008,0.000324,-0.002068,-0.000617
8858.472281,9.196,2.984633,0.000802,0.000327,-0.00207,-0.000615
8861.0036,9.196,2.812419,0.000804,0.000333,-0.002071,-0.000599
8862.253746,9.196,3.018152,0.000809,0.000339,-0.002074,-0.000594
8864.75375,9.196,3.018438,0.000806,0.000336,-0.002075,-0.0006
8866.005219,9.196,3.00457,0.000807,0.000333,-0.00207,-0.000603
8868.520511,9.196,3.022736,0.000805,0.000333,-0.002078,-0.000601
8871.050662,9.196,2.678456,0.000792,0.000322,-0.002078,-0.000613
8872.317181,9.196,3.051193,0.000785,0.000314,-0.002083,-0.000624
8874.846636,9.196,3.224531,0.000782,0.000319,-0.002068,-0.000618
8876.096996,9.196,3.169898,0.000784,0.00032,-0.002073,-0.000614
8878.614253,9.196,3.030115,0.000803,0.000333,-0.002067,-0.000603
8881.14495,9.196,2.961619,0.000812,0.00034,-0.002067,-0.000593
8882.410299,9.196,3.200695,0.000811,0.000344,-0.002068,-0.000589
8884.925841,9.196,3.30976,0.000808,0.000339,-0.00207,-0.000597
8886.192090999999,9.196,3.099996,0.000813,0.000343,-0.002069,-0.000595
8888.721554,9.196,2.99448,0.000811,0.000344,-0.002075,-0.000598
8891.224032,9.196,3.336398,0.000815,0.000341,-0.002072,-0.000602
8892.47366,9.196,3.088759,0.000815,0.000343,-0.002072,-0.000593
8894.987473,9.196,3.333788,0.000802,0.000334,-0.002075,-0.000598
8896.238258,9.196,3.098049,0.000804,0.000336,-0.002082,-0.0006
8898.754527,9.196,3.42064,0.00079,0.000311,-0.002084,-0.000628
8900.018652,9.196,3.114384,0.000779,0.000308,-0.002084,-0.000631
8902.519146999999,9.196,2.192469,0.000788,0.000319,-0.002083,-0.000616
8905.018439,9.196,2.878321,0.0008,0.000329,-0.00208,-0.000608
8906.270147,9.196,3.081852,0.000801,0.000329,-0.002074,-0.000609
8908.785552,9.196,3.345274,0.000796,0.000324,-0.002077,-0.000611
8910.050174,9.196,3.103932,0.000797,0.000324,-0.002077,-0.000617
8912.565940999999,9.196,3.160778,0.0008,0.000333,-0.002077,-0.000603
8915.080815,9.196,3.244002,0.000792,0.000322,-0.002086,-0.000613
8916.331945,9.196,3.058276,0.000789,0.00032,-0.002083,-0.000616
8918.832903,9.196,3.134241,0.000801,0.000328,-0.002083,-0.00061
8920.096918,9.196,3.103858,0.000805,0.000331,-0.002084,-0.000607
8922.613782,9.196,3.414253,0.000805,0.000334,-0.002081,-0.000603
8925.12856,9.196,3.105657,0.000806,0.000336,-0.002076,-0.000597
8926.378621,9.196,2.959232,0.000802,0.00033,-0.002082,-0.000606
8928.894766,9.196,3.021409,0.000807,0.000333,-0.002079,-0.000604
8930.160742,9.196,3.339258,0.00081,0.000335,-0.002079,-0.000605
8932.659416,9.196,2.882194,0.000813,0.000339,-0.002077,-0.000599
8935.175694,9.196,3.010496,0.000811,0.000337,-0.002078,-0.0006
8936.42614,9.196,2.979853,0.000808,0.000335,-0.002076,-0.000603
8938.94189,9.196,3.327888,0.000803,0.000334,-0.002079,-0.000604
8940.191773999999,9.196,3.656713,0.000803,0.000333,-0.002072,-0.000606
8942.706705999999,9.196,2.998236,0.000799,0.00033,-0.002076,-0.000606
8945.222287,9.196,2.707556,0.000796,0.000328,-0.002079,-0.000608
8946.488022,9.196,3.060785,0.000798,0.00033,-0.002073,-0.000607
8949.004702,9.196,3.141552,0.000802,0.000337,-0.002073,-0.000602
8950.269792,9.196,3.356155,0.000802,0.000341,-0.002065,-0.000598
8952.784931,9.196,3.02673,0.000809,0.000345,-0.002067,-0.000592
8954.051449,9.196,2.941836,0.000812,0.000345,-0.002055,-0.000588
8956.567627999999,9.196,3.347051,0.000821,0.000353,-0.002055,-0.000583
8959.081748999999,9.196,1.691462,0.000825,0.000358,-0.002051,-0.000583
8960.331541,9.196,3.104638,0.000822,0.000356,-0.002047,-0.000585
8962.831863,9.196,2.590967,0.000828,0.000359,-0.002046,-0.000585
8964.082559999999,9.196,3.108569,0.00083,0.000362,-0.002052,-0.000583
8966.613306,9.196,3.318562,0.000826,0.000357,-0.002046,-0.000586
8969.114109,9.196,3.251302,0.000825,0.000358,-0.002046,-0.000587
8970.362823,9.196,3.069682,0.000826,0.000358,-0.002052,-0.000585
8972.862881,9.196,2.994437,0.000824,0.000359,-0.002053,-0.000584
8974.113820999999,9.196,3.514506,0.000824,0.000357,-0.002049,-0.000584
8976.644242,9.196,3.114676,0.000827,0.000359,-0.002055,-0.000582
8979.160281,9.196,3.087088,0.00083,0.000364,-0.002048,-0.000578
8980.410185,9.196,2.972675,0.000831,0.000364,-0.002052,-0.000578
8982.909747,9.196,3.415096,0.000829,0.000364,-0.002051,-0.000581
8984.175912,9.196,2.444845,0.00083,0.000364,-0.002045,-0.000579
8986.692038,9.196,3.116994,0.00083,0.000365,-0.002049,-0.000575
8989.191619,9.196,3.081332,0.000826,0.000363,-0.002051,-0.00058
8990.441835,9.196,3.034407,0.000826,0.000363,-0.002048,-0.000577
8992.956203,9.196,3.395987,0.000829,0.000367,-0.002046,-0.000576
8994.206603,9.196,3.346414,0.000836,0.00037,-0.002051,-0.000571
8996.705941,9.196,3.067454,0.000845,0.000374,-0.002048,-0.000569
8999.20725,9.196,3.220181,0.000848,0.000378,-0.002046,-0.000568
9000.473291,9.196,3.276931,0.000846,0.000376,-0.002041,-0.000568
9003.004148,9.196,2.9659,0.000845,0.000374,-0.002039,-0.000573
9004.253682,9.196,3.314981,0.000847,0.000373,-0.002042,-0.000575
9006.769791,9.196,3.230484,0.000845,0.000376,-0.002048,-0.000571
9008.019535,9.196,3.185554,0.000847,0.000377,-0.00204,-0.00057
9010.550571,9.196,3.196398,0.000854,0.000379,-0.002047,-0.000568
9013.067383,9.196,3.109301,0.000857,0.00038,-0.00205,-0.000565
9014.331794,9.196,3.036179,0.000858,0.000383,-0.002052,-0.000563
9016.832785,9.196,3.066021,0.000861,0.000383,-0.00205,-0.000564
9018.08268,9.196,3.068578,0.00086,0.000383,-0.002045,-0.000562
9020.597760999999,9.196,3.078531,0.000863,0.000386,-0.002046,-0.00056
9023.097759,9.196,3.385037,0.00086,0.000378,-0.002043,-0.000566
9024.348235,9.196,3.220786,0.000858,0.00038,-0.002049,-0.000565
9026.864083,9.196,2.940037,0.000858,0.000379,-0.002042,-0.000564
9028.128664,9.196,3.185363,0.00086,0.000377,-0.002046,-0.000566
9030.64461,9.196,2.590612,0.000856,0.000378,-0.002044,-0.000565
9033.143876,9.196,2.706627,0.000855,0.00038,-0.002045,-0.000566
9034.393895,9.196,3.215709,0.000855,0.000382,-0.002046,-0.000563
9036.89401,9.196,3.412131,0.000857,0.000378,-0.002044,-0.000564
9038.158508999999,9.196,3.147048,0.00086,0.000379,-0.002044,-0.000565
9040.659739,9.196,3.142809,0.000855,0.000379,-0.002041,-0.000563
9043.159193,9.196,3.098171,0.000856,0.000378,-0.002039,-0.000566
9044.409857,9.196,2.987562,0.000852,0.000378,-0.002048,-0.000568
9046.910946,9.196,2.974521,0.000847,0.000372,-0.002047,-0.000569
9048.175057999999,9.196,3.317092,0.000847,0.00037,-0.002038,-0.000572
9050.691381,9.196,3.149749,0.000851,0.000369,-0.002044,-0.000573
9053.206909,9.196,3.019064,0.000844,0.000373,-0.002046,-0.000565
9054.472736,9.196,4.192289,0.000842,0.000377,-0.002044,-0.000564
9056.972378999999,9.196,3.052079,0.000843,0.000377,-0.002044,-0.000563
9058.221513999999,9.196,3.571087,0.000841,0.000376,-0.002044,-0.000561
9060.722715,9.196,3.324286,0.000839,0.000376,-0.002044,-0.000563
9063.223698,9.196,3.103529,0.00084,0.000376,-0.002045,-0.000566
9064.487634,9.196,3.204775,0.000843,0.000377,-0.002048,-0.000565
9067.018951,9.196,4.044947,0.000841,0.00038,-0.002037,-0.000561
9068.269102,9.196,2.95799,0.000842,0.00038,-0.002044,-0.000561
9070.768762,9.196,3.170922,0.000846,0.000381,-0.002042,-0.00056
9072.020263,9.196,2.8896,0.000848,0.000379,-0.002041,-0.000559
9074.534511,9.196,3.117036,0.000847,0.000374,-0.002036,-0.000562
9077.0348,9.196,3.147531,0.000849,0.000376,-0.002037,-0.000563
9078.301363999999,9.196,2.984416,0.000849,0.000377,-0.002037,-0.000562
9080.800024,9.196,2.973959,0.000842,0.000377,-0.002034,-0.000563
9082.051743,9.196,3.058891,0.000838,0.000377,-0.002036,-0.000563
9084.566553999999,9.196,3.306535,0.000843,0.00038,-0.002038,-0.000559
9087.081857,9.196,3.751683,0.000847,0.000381,-0.002033,-0.000557
9088.331657,9.196,3.050259,0.00085,0.000384,-0.00204,-0.000556
9090.831584,9.196,3.41794,0.000851,0.000384,-0.002042,-0.000557
9092.08175,9.196,2.763956,0.000848,0.000378,-0.002036,-0.00056
9094.580887,9.196,3.16533,0.000845,0.000375,-0.00204,-0.000565
9097.081614,9.196,3.100802,0.000844,0.000373,-0.002042,-0.000565
9098.331901,9.196,3.070631,0.000842,0.000376,-0.002042,-0.000565
9100.846951,9.196,3.144836,0.000845,0.000378,-0.002041,-0.000561
9102.097097,9.196,2.968452,0.000843,0.000377,-0.002035,-0.000559
9104.628148,9.196,3.090144,0.000847,0.000378,-0.002042,-0.000558
9107.129996,9.196,3.512978,0.000851,0.000381,-0.002035,-0.000556
9108.378623999999,9.196,3.095439,0.000849,0.000379,-0.002036,-0.000553
9110.893838,9.196,3.837193,0.00085,0.000379,-0.002038,-0.000555
9112.144078,9.196,3.000714,0.00085,0.000379,-0.002039,-0.000557
9114.644472,9.196,3.051617,0.000852,0.000382,-0.002038,-0.000555
9117.159873999999,9.196,3.101529,0.00085,0.000381,-0.002037,-0.000555
9118.425301,9.196,3.025829,0.000852,0.000382,-0.00204,-0.000555
9120.925501,9.196,3.05713,0.000851,0.000381,-0.002041,-0.000556
9122.176754,9.196,3.04037,0.000849,0.000379,-0.002035,-0.000558
9124.67538,9.196,3.058742,0.000852,0.000381,-0.002031,-0.00056
9127.192321999999,9.196,3.341422,0.000852,0.000381,-0.002033,-0.000557
9128.456762,9.196,2.885828,0.000849,0.000382,-0.002031,-0.000558
9130.956726999999,9.196,3.075289,0.00085,0.000383,-0.002028,-0.000554
9132.22212,9.196,3.445941,0.000852,0.000383,-0.00203,-0.000554
9134.722421,9.196,3.015329,0.000854,0.000385,-0.00203,-0.000551
9137.222051,9.196,3.623243,0.000857,0.000385,-0.002032,-0.000551
9138.473555,9.196,3.102818,0.000861,0.000389,-0.002033,-0.000549
9141.004105,9.196,2.723657,0.000856,0.000388,-0.002034,-0.00055
9142.269735,9.196,3.078223,0.000853,0.000386,-0.002034,-0.000551
9144.784857999999,9.196,3.067634,0.000851,0.000384,-0.002034,-0.000555
9146.033508,9.196,3.087247,0.000854,0.000384,-0.002033,-0.000551
9148.518628,9.196,3.3579,0.000854,0.000384,-0.002027,-0.000552
9151.020118999999,9.196,2.970426,0.000854,0.000385,-0.002028,-0.000553
9152.285260999999,9.196,2.870777,0.000856,0.000386,-0.002033,-0.000554
9154.800758,9.196,3.484876,0.00085,0.000381,-0.00203,-0.000554
9156.051373,9.196,3.546046,0.000853,0.000382,-0.002035,-0.000553
9158.581016,9.196,3.022168,0.000857,0.000384,-0.002034,-0.000553
9161.078578999999,9.196,3.584668,0.000859,0.000387,-0.002036,-0.000549
9162.332116,9.196,3.080855,0.000862,0.000387,-0.002037,-0.000547
9164.832292,9.196,3.32175,0.000857,0.000393,-0.002031,-0.000543
9166.096623,9.196,3.074584,0.000857,0.000389,-0.002027,-0.00055
9168.596539,9.196,3.188583,0.000852,0.000388,-0.002027,-0.00055
9171.113596,9.196,3.195581,0.000848,0.000384,-0.002035,-0.000555
9172.362368,9.196,3.129355,0.000846,0.000384,-0.002027,-0.000554
9174.863202999999,9.196,3.266422,0.000844,0.00038,-0.002025,-0.000555
9176.112409,9.196,3.059607,0.000848,0.000381,-0.002031,-0.000557
9178.62927,9.196,3.300959,0.000848,0.000379,-0.002028,-0.000559
9181.143708,9.196,3.151186,0.000839,0.000372,-0.002027,-0.000565
9182.394715999999,9.196,2.954685,0.000829,0.000365,-0.00204,-0.000573
9184.894697,9.196,3.710997,0.000818,0.000359,-0.002049,-0.000581
9186.1592,9.196,3.065761,0.000823,0.000356,-0.002046,-0.000579
9188.674683,9.196,3.076945,0.000822,0.000355,-0.002046,-0.000579
9191.191072,9.196,3.05018,0.000817,0.000351,-0.002045,-0.000584
9192.456928,9.196,2.916259,0.000817,0.000351,-0.002054,-0.000585
9194.972442999999,9.196,2.708362,0.000816,0.00035,-0.002049,-0.000586
9196.221565,9.196,3.396316,0.000816,0.00035,-0.002051,-0.000586
9198.722185999999,9.196,2.682637,0.000815,0.00035,-0.002049,-0.000587
9201.223322,9.196,2.956096,0.000809,0.000339,-0.002054,-0.000594
9202.488675999999,9.196,3.089438,0.000804,0.000332,-0.002057,-0.000605
9205.0186,9.196,3.000507,0.000804,0.000338,-0.002067,-0.000598
9206.269585,9.196,3.121365,0.000796,0.000332,-0.002059,-0.000602
9208.769833999999,9.196,3.323177,0.000798,0.000333,-0.002065,-0.000602
9210.035534999999,9.196,3.186281,0.000804,0.000341,-0.002068,-0.0006
9212.566581,9.196,3.056185,0.000806,0.000337,-0.002062,-0.000599
9215.082451,9.196,3.311235,0.00081,0.000344,-0.00206,-0.000596
9216.331742999999,9.196,3.024794,0.000807,0.000338,-0.002064,-0.000606
9218.846136999999,9.196,2.942536,0.00081,0.000337,-0.002061,-0.000607
9220.096986999999,9.196,3.009064,0.000814,0.000339,-0.002069,-0.000602
9222.597219,9.196,3.198833,0.000812,0.000337,-0.002074,-0.000602
9225.097098999999,9.196,3.109201,0.000803,0.000334,-0.002075,-0.000605
9226.348302999999,9.196,3.036577,0.000796,0.00033,-0.002074,-0.000607
9228.862745999999,9.196,2.600543,0.00079,0.000322,-0.002072,-0.000617
9230.113072,9.196,3.07147,0.000797,0.000329,-0.00208,-0.00061
9232.613588999999,9.196,3.124867,0.000781,0.000316,-0.002079,-0.000622
9235.126197,9.196,3.069613,0.00079,0.000323,-0.002078,-0.000617
9236.377353,9.196,2.75378,0.000793,0.000321,-0.00207,-0.000619
9238.878153,9.196,2.773999,0.000788,0.000317,-0.002071,-0.000619
9240.129213,9.196,2.864013,0.000787,0.00032,-0.002078,-0.000619
9242.644687,9.196,3.076112,0.000787,0.000323,-0.002072,-0.000616
9245.159737,9.196,2.666413,0.000795,0.000324,-0.002073,-0.000614
9246.425883,9.196,3.202806,0.000797,0.000329,-0.002082,-0.000616
9248.941836,9.196,3.105598,0.000803,0.000335,-0.002078,-0.000605
9250.192211,9.196,3.064499,0.000801,0.000331,-0.002082,-0.000605
9252.706929999998,9.196,3.227227,0.000807,0.000334,-0.002088,-0.000598
9255.221721,9.196,3.202971,0.000802,0.000331,-0.002086,-0.000606
9256.473369,9.196,3.131101,0.000803,0.000337,-0.002082,-0.000599
9259.004135,9.196,3.030412,0.000798,0.000327,-0.002083,-0.000605
9260.254857999998,9.196,2.911941,0.000798,0.000329,-0.002076,-0.000606
9262.769848999998,9.196,2.520132,0.000799,0.000334,-0.002079,-0.000605
9264.034721,9.196,3.111556,0.000808,0.00034,-0.002085,-0.0006
9266.547562,9.196,3.089051,0.00081,0.00034,-0.002086,-0.000597
9269.067222,9.196,3.084987,0.000805,0.000334,-0.002082,-0.000601
9270.316636,9.196,2.993689,0.000804,0.000335,-0.00208,-0.000603
9272.815836,9.196,3.269552,0.000795,0.000317,-0.002089,-0.000622
9274.06662,9.196,3.363041,0.000777,0.000306,-0.00208,-0.000633
9276.582193,9.196,3.059108,0.000778,0.000308,-0.002081,-0.000626
9279.112641,9.196,2.999064,0.000765,0.000296,-0.002091,-0.000642
9280.363829,9.196,3.093089,0.000765,0.0003,-0.00209,-0.000634
9282.878695,9.196,3.081274,0.000775,0.000309,-0.002091,-0.000627
9284.128800999999,9.196,3.074467,0.000791,0.00032,-0.002085,-0.000617
9286.628513,9.196,2.894805,0.000807,0.000334,-0.002083,-0.000606
9289.144080999999,9.196,3.26683,0.000807,0.000336,-0.00208,-0.000603
9290.394334999999,9.196,3.071549,0.000812,0.000339,-0.002086,-0.0006
9292.893669,9.196,3.102383,0.000804,0.000333,-0.002092,-0.000601
9294.143612,9.196,3.080298,0.000801,0.000331,-0.002085,-0.000602
9296.644156999999,9.196,3.124342,0.000799,0.000333,-0.002083,-0.000605
9299.161062,9.196,3.431617,0.000803,0.000332,-0.002077,-0.000604
9300.42663,9.196,3.274369,0.000806,0.000337,-0.002078,-0.000599
9302.926797999999,9.196,3.063666,0.00081,0.000341,-0.00208,-0.000596
9304.192336,9.196,3.042063,0.000811,0.000339,-0.002076,-0.000597
9306.722206999999,9.196,3.072987,0.000811,0.000341,-0.002075,-0.000597
9309.222457,9.196,2.853572,0.000802,0.000334,-0.002072,-0.000604
9310.472547,9.196,3.086287,0.000799,0.000334,-0.002068,-0.000606
9313.003803,9.196,3.112416,0.000805,0.000334,-0.002068,-0.000603
9314.254648999999,9.196,3.186859,0.000805,0.000337,-0.002066,-0.000602
9316.768581999999,9.196,4.064634,0.000812,0.000342,-0.002067,-0.000597
9319.269866999999,9.196,3.03298,0.000811,0.000342,-0.002059,-0.0006
9320.51865,9.196,3.574381,0.000806,0.000335,-0.002065,-0.000606
9323.019816999999,9.196,3.364834,0.000798,0.00033,-0.002061,-0.000611
9324.284501,9.196,3.301983,0.000796,0.000326,-0.002056,-0.000613
9326.799866,9.196,2.921692,0.00079,0.000323,-0.00207,-0.000616
9328.06661,9.196,3.171044,0.000793,0.000326,-0.002068,-0.000615
9330.567202999999,9.196,3.065432,0.000792,0.000326,-0.002067,-0.000617
9333.081909999999,9.196,3.247445,0.000791,0.000329,-0.002071,-0.000615
9334.331477,9.196,2.789888,0.000789,0.000325,-0.002066,-0.000619
9336.831922,9.196,3.918947,0.000784,0.000319,-0.00207,-0.000622
9338.09795,9.196,3.030168,0.000783,0.000318,-0.002069,-0.000623
9340.613387,9.196,3.110341,0.000785,0.000319,-0.002079,-0.00062
9343.128555,9.196,3.31635,0.000784,0.000317,-0.002073,-0.000623
9344.378714999999,9.196,3.094075,0.000786,0.000319,-0.002073,-0.00062
9346.893721999999,9.196,3.244124,0.000788,0.000322,-0.002076,-0.000622
9348.144468999999,9.196,3.100468,0.000787,0.00032,-0.002071,-0.000621
9350.660614999999,9.196,3.096505,0.000782,0.000319,-0.002071,-0.000622
9353.175964999999,9.196,3.103073,0.000782,0.000315,-0.002073,-0.000624
9354.442138999999,9.196,3.234564,0.000782,0.000317,-0.002072,-0.000621
9356.972698,9.196,3.192477,0.000787,0.000322,-0.002074,-0.00062
9358.222002999999,9.196,3.125079,0.00079,0.000325,-0.002065,-0.000616
9360.722296999998,9.196,3.112559,0.000791,0.000326,-0.002065,-0.000613
9363.236001,9.196,3.523392,0.000797,0.000331,-0.002062,-0.000606
9364.487227,9.196,3.031712,0.000801,0.000332,-0.002068,-0.000608
9367.020558,9.196,3.055262,0.000796,0.000329,-0.002065,-0.000611
9368.285285999998,9.196,3.390697,0.000797,0.000332,-0.002072,-0.000611
9370.815493999999,9.196,3.026306,0.000795,0.00033,-0.002064,-0.000606
9372.064954,9.196,3.121201,0.000799,0.000333,-0.00207,-0.000605
9374.566412,9.196,3.061549,0.000796,0.000328,-0.002074,-0.00061
9377.080677999998,9.196,3.48973,0.000797,0.000332,-0.002073,-0.000609
9378.332572,9.196,3.234988,0.000795,0.000331,-0.002067,-0.000608
9380.815778999999,9.196,3.00057,0.000795,0.00033,-0.002066,-0.000606
9382.067065,9.196,3.132183,0.000796,0.00033,-0.002065,-0.000608
9384.596936,9.196,3.72608,0.000798,0.000335,-0.002066,-0.000603
9387.124611,9.196,2.975885,0.000798,0.000334,-0.002056,-0.000605
9388.362721,9.196,2.893956,0.000802,0.000336,-0.002064,-0.000605
9390.878482,9.196,3.164025,0.000797,0.000334,-0.002067,-0.000604
9392.12926,9.196,3.04619,0.000799,0.000334,-0.00206,-0.0006
9394.645278999998,9.196,3.198424,0.000802,0.000337,-0.002059,-0.0006
9397.159324999999,9.196,3.114851,0.000805,0.000339,-0.002063,-0.000599
9398.410109999999,9.196,3.065629,0.000806,0.00034,-0.002059,-0.0006
9400.94282,9.196,3.340876,0.000805,0.00034,-0.002065,-0.000598
9402.191847999999,9.196,3.143398,0.000803,0.000338,-0.002064,-0.000599
9404.706694999999,9.196,3.082425,0.000805,0.00034,-0.002061,-0.000595
9407.223698,9.196,2.822271,0.000812,0.000345,-0.002056,-0.00059
9408.487881,9.196,3.437049,0.000812,0.000347,-0.002056,-0.000589
9411.003632999998,9.196,3.191925,0.000817,0.000349,-0.002049,-0.00059
9412.252625,9.196,2.902672,0.000818,0.000351,-0.002055,-0.000591
9414.754624,9.196,3.124517,0.000815,0.000349,-0.002054,-0.000589
9417.284991999999,9.196,3.03402,0.000815,0.000349,-0.002053,-0.000589
9418.549970999999,9.196,3.139456,0.000818,0.000349,-0.002054,-0.000588
9421.067158,9.196,3.015197,0.000818,0.00035,-0.002051,-0.000587
9422.332182,9.196,3.04114,0.000818,0.00035,-0.002046,-0.000588
9424.831887999999,9.196,3.099736,0.00082,0.000354,-0.002048,-0.000582
9426.081565999999,9.196,3.074462,0.000822,0.000354,-0.002051,-0.000581
9428.596947,9.196,3.03454,0.000822,0.000353,-0.002048,-0.000582
9431.128096999999,9.196,3.024608,0.000824,0.000358,-0.002051,-0.000577
9432.378439999999,9.196,3.269181,0.000823,0.000361,-0.002045,-0.000576
9434.893578,9.196,3.182217,0.000824,0.00036,-0.002043,-0.000577
9436.144021,9.196,3.088839,0.000827,0.000362,-0.002048,-0.000577
9438.660237,9.196,3.182944,0.000828,0.000362,-0.002048,-0.000575
9441.175894,9.196,2.644147,0.00083,0.000362,-0.002041,-0.000574
9442.426574,9.196,2.542377,0.000831,0.000367,-0.002045,-0.000573
9444.909665,9.196,3.079274,0.000833,0.000366,-0.002041,-0.000568
9446.160349,9.196,3.019887,0.000834,0.000371,-0.002043,-0.000566
9448.67601,9.196,2.993387,0.000834,0.000368,-0.002035,-0.000566
9451.192101999999,9.196,3.041081,0.000837,0.00037,-0.002037,-0.000565
9452.456187,9.196,3.105307,0.000839,0.00037,-0.002034,-0.00056
9454.972043,9.196,3.15482,0.000832,0.000369,-0.002033,-0.000569
9456.22216,9.196,3.355455,0.000834,0.000369,-0.00204,-0.000569
9458.723759999999,9.196,2.86309,0.000838,0.000371,-0.002042,-0.000568
9461.254922,9.196,3.167511,0.00084,0.000372,-0.002038,-0.000561
9462.503026999999,9.196,3.16472,0.00084,0.000374,-0.002041,-0.000561
9465.004773999999,9.196,3.10155,0.000837,0.000372,-0.002035,-0.000562
9466.269435,9.196,3.085804,0.000838,0.000372,-0.002032,-0.000562
9468.75368,9.196,3.068255,0.000844,0.000378,-0.002032,-0.000557
9471.254309999998,9.196,3.098919,0.000845,0.000381,-0.002033,-0.000553
9472.519972999999,9.196,3.163426,0.000845,0.00038,-0.002035,-0.000553
9475.035554,9.196,3.187177,0.000846,0.000382,-0.002037,-0.000553
9476.301818,9.196,3.089401,0.000845,0.00038,-0.002027,-0.000556
9478.816947,9.196,3.027165,0.000849,0.00038,-0.002027,-0.000552
9480.082418999998,9.196,3.381387,0.000851,0.000382,-0.002022,-0.00055
9482.597087999999,9.196,3.03237,0.000853,0.000385,-0.002032,-0.00055
9485.113566,9.196,2.855663,0.000854,0.000387,-0.002027,-0.00055
9486.37869,9.196,3.087035,0.000853,0.000386,-0.002026,-0.000548
9488.894123,9.196,3.182694,0.000859,0.000392,-0.002032,-0.000546
9490.141979999999,9.196,3.213937,0.00086,0.000391,-0.002031,-0.000548
9492.644123999999,9.196,3.038869,0.000857,0.000391,-0.002035,-0.000549
9495.160538999999,9.196,3.072573,0.000854,0.000386,-0.002033,-0.000553
9496.425287,9.196,3.060679,0.000852,0.000383,-0.002033,-0.000554
9498.925776,9.196,2.916328,0.00085,0.000383,-0.00203,-0.000554
9500.176678,9.196,3.029818,0.000848,0.000382,-0.002028,-0.000556
9502.675442,9.196,3.273154,0.000851,0.000383,-0.002034,-0.000554
9505.159754999999,9.196,2.989901,0.000853,0.000387,-0.002029,-0.000549
9506.425942,9.196,3.235115,0.000854,0.000388,-0.002026,-0.000545
9508.940665999999,9.196,2.984761,0.000858,0.00039,-0.00203,-0.000544
9510.191574999999,9.196,3.094526,0.000859,0.000392,-0.002029,-0.000542
9512.72216,9.196,3.047686,0.000862,0.00039,-0.002024,-0.000543
9515.238129,9.196,3.375402,0.000863,0.000393,-0.002023,-0.000543
9516.488331999999,9.196,3.118331,0.000861,0.000393,-0.002029,-0.000543
9519.019932,9.196,3.256984,0.000851,0.000386,-0.002019,-0.000548
9520.285146999999,9.196,3.130798,0.000856,0.000386,-0.002023,-0.000549
9522.815778999999,9.196,3.34808,0.00085,0.000386,-0.002018,-0.000546
9524.067055,9.196,3.096006,0.000855,0.000391,-0.002023,-0.000545
9526.582430999999,9.196,2.982299,0.000844,0.000378,-0.00202,-0.000558
9529.076717,9.196,3.067427,0.000841,0.000379,-0.002025,-0.000556
9530.332024,9.196,3.435484,0.000848,0.000382,-0.002019,-0.000551
9532.848236,9.196,3.186349,0.000857,0.000382,-0.002022,-0.000551
9534.113389999999,9.196,2.998857,0.000852,0.000379,-0.002023,-0.000553
9536.612105999999,9.196,3.139658,0.000839,0.000372,-0.002023,-0.000561
9539.128149999999,9.196,3.253519,0.000839,0.000371,-0.002024,-0.000562
9540.378765,9.196,3.352393,0.00084,0.00037,-0.002032,-0.000563
9542.895363,9.196,3.028805,0.000834,0.000366,-0.002034,-0.000569
9544.160009,9.196,3.033755,0.000832,0.000363,-0.002036,-0.00057
9546.676432,9.196,3.030227,0.000829,0.000363,-0.002034,-0.000572
9549.191719999999,9.196,3.159192,0.00083,0.000361,-0.002029,-0.000572
9550.442153999998,9.196,3.073045,0.00083,0.000361,-0.00203,-0.000571
9552.971668999999,9.196,3.108532,0.000838,0.00037,-0.002033,-0.000564
9554.220226,9.196,3.10563,0.000843,0.000377,-0.002041,-0.000559
9556.722738999999,9.196,3.18028,0.000838,0.000367,-0.002037,-0.000565
9559.253712,9.196,3.277759,0.000829,0.000356,-0.002042,-0.000577
9560.503483999999,9.196,2.945194,0.000818,0.000352,-0.002046,-0.000584
9563.004089999999,9.196,3.087173,0.000815,0.00035,-0.002039,-0.000584
9564.254250999998,9.196,2.993302,0.000817,0.000352,-0.002045,-0.000585
9566.770446999999,9.196,3.148433,0.00081,0.000343,-0.002048,-0.00059
9568.035065,9.196,3.10624,0.000808,0.000343,-0.002052,-0.000593
9570.551859,9.196,3.046275,0.000808,0.000341,-0.002051,-0.000593
9573.081488,9.196,2.896996,0.000809,0.000345,-0.002046,-0.000589
9574.332384,9.196,3.018125,0.000813,0.000352,-0.002046,-0.000582
9576.831575,9.196,3.110447,0.000815,0.000348,-0.002047,-0.000591
9578.097034999999,9.196,2.991663,0.000808,0.000337,-0.002053,-0.000599
9580.610665,9.196,3.064504,0.000809,0.000345,-0.002055,-0.00059
9583.129304999999,9.196,3.257106,0.000805,0.000344,-0.002044,-0.00059
9584.380206,9.196,3.25109,0.000812,0.000349,-0.002046,-0.000588
9586.878282,9.196,3.123753,0.000823,0.000356,-0.002049,-0.000583
9588.128186999998,9.196,3.088314,0.000827,0.000357,-0.002045,-0.000579
9590.62868,9.196,3.17245,0.000829,0.000358,-0.002053,-0.000576
9593.144081999999,9.196,3.329777,0.000825,0.000354,-0.002055,-0.000581
9594.393747999999,9.196,3.234818,0.000823,0.000354,-0.002061,-0.000583
9596.894373,9.196,3.216876,0.000823,0.000354,-0.002059,-0.000584
9598.144017999999,9.196,3.879752,0.000813,0.000343,-0.002053,-0.000593
9600.644257,9.196,3.094335,0.000812,0.000338,-0.002057,-0.000596
9603.174778999999,9.196,3.092521,0.000811,0.000341,-0.002059,-0.000592
9604.425448,9.196,3.026035,0.000814,0.000341,-0.002052,-0.000595
9606.924906999999,9.196,3.304445,0.000822,0.00035,-0.002055,-0.000586
9608.176692,9.196,3.067098,0.000817,0.000353,-0.002054,-0.000585
9610.692351,9.196,4.486089,0.000809,0.000345,-0.002056,-0.000594
9613.206173999999,9.196,3.447548,0.000801,0.000339,-0.002047,-0.000596
9614.457031,9.196,3.074441,0.000804,0.000333,-0.002048,-0.0006
9616.971521,9.196,2.838776,0.000797,0.000328,-0.002054,-0.000609
9618.239311,9.196,3.150088,0.000796,0.000331,-0.002059,-0.000605
9620.769403999999,9.196,2.836283,0.000808,0.000341,-0.002061,-0.000597
9623.284689999999,9.196,3.031834,0.000814,0.000344,-0.002066,-0.000592
9624.550776999999,9.196,3.637254,0.000812,0.000342,-0.002063,-0.000592
9627.067148,9.196,3.093099,0.000815,0.000343,-0.002064,-0.000593
9628.332101999998,9.196,2.985339,0.000818,0.000348,-0.002067,-0.000586
9630.862368,9.196,3.347645,0.000816,0.000354,-0.002066,-0.00058
9632.114378999999,9.196,3.06296,0.000815,0.000348,-0.002067,-0.000587
9634.628214999999,9.196,3.13527,0.000792,0.000329,-0.002062,-0.000611
9637.127724,9.196,2.946499,0.000795,0.000328,-0.002055,-0.000604
9638.379787,9.196,3.00578,0.000798,0.000327,-0.002057,-0.000609
9640.89453,9.196,3.248389,0.000776,0.000311,-0.002081,-0.000622
9642.159149,9.196,3.217019,0.000781,0.000318,-0.002082,-0.000618
9644.676845,9.196,2.801491,0.000778,0.000312,-0.002079,-0.000619
9647.177106,9.196,3.198546,0.000779,0.000312,-0.002073,-0.000619
9648.424474,9.196,3.149356,0.000784,0.000318,-0.00207,-0.000616
9650.956621,9.196,3.04479,0.000808,0.000334,-0.002073,-0.000602
9652.221967,9.196,3.040169,0.000807,0.000338,-0.002072,-0.000597
9654.738732,9.196,3.306938,0.000804,0.000341,-0.002072,-0.000596
9657.253875999999,9.196,3.068228,0.000776,0.00031,-0.002084,-0.000625
9658.504135,9.196,3.065952,0.000777,0.000316,-0.002079,-0.000619
9661.004089999999,9.196,3.440726,0.000781,0.000319,-0.002069,-0.000617
9662.254051,9.196,3.109025,0.000783,0.000317,-0.002071,-0.000622
9664.769161,9.196,2.449858,0.000787,0.000317,-0.002071,-0.00062
9667.269393999999,9.196,3.143281,0.0008,0.000329,-0.002076,-0.000614
9668.519247,9.196,3.10876,0.000801,0.000325,-0.002077,-0.000617
9671.03543,9.196,3.077491,0.000778,0.000308,-0.002073,-0.000637
9672.301796,9.196,3.12223,0.000773,0.000307,-0.002071,-0.000632
9674.816726,9.196,3.030455,0.000763,0.000299,-0.002084,-0.00064
9676.06525,9.196,3.087969,0.000762,0.000298,-0.002079,-0.000636
9678.56674,9.196,3.157834,0.00077,0.000307,-0.002077,-0.000631
9681.081075999999,9.196,2.194294,0.000761,0.000301,-0.002084,-0.000638
9682.331403,9.196,3.024805,0.000765,0.000305,-0.002076,-0.000635
9684.848278,9.196,3.217619,0.000782,0.00032,-0.002081,-0.00062
9686.114238999999,9.196,3.441962,0.000783,0.000326,-0.002079,-0.000617
9688.628841,9.196,3.034349,0.000766,0.000305,-0.002077,-0.000642
9691.160328999998,9.196,3.1595,0.000774,0.000317,-0.002078,-0.000628
9692.425631999999,9.196,3.203247,0.000784,0.000319,-0.002073,-0.000617
9694.956986,9.196,3.087332,0.000791,0.000324,-0.002078,-0.000615
9696.223617,9.196,2.885823,0.000792,0.000323,-0.002078,-0.000612
9698.738485,9.196,3.086961,0.000795,0.00033,-0.00208,-0.000609
9701.23862,9.196,3.121732,0.000794,0.000324,-0.002085,-0.000612
9702.488401999999,9.196,3.270836,0.000793,0.000325,-0.002075,-0.000612
9705.020397999999,9.196,2.979158,0.000794,0.000326,-0.00208,-0.00062
9706.285636999999,9.196,3.256055,0.000802,0.000331,-0.002078,-0.000608
9708.801689999998,9.196,2.896099,0.000816,0.000344,-0.002087,-0.000595
9710.06552,9.196,3.099816,0.000815,0.000344,-0.00208,-0.000593
9712.577733999999,9.196,3.854743,0.000803,0.000339,-0.002078,-0.000599
9715.082118999999,9.196,3.148306,0.000805,0.000338,-0.002085,-0.000598
9716.331694999999,9.196,3.562412,0.000802,0.000332,-0.002075,-0.000601
9718.864623,9.196,3.284964,0.000804,0.000332,-0.002081,-0.000604
9720.114028,9.196,3.131313,0.000806,0.000334,-0.002076,-0.000601
9722.628089,9.196,3.376389,0.000812,0.000342,-0.002081,-0.000593
9725.129226,9.196,3.290906,0.000812,0.000342,-0.002078,-0.000595
9726.378118999999,9.196,3.097264,0.000812,0.000343,-0.002074,-0.000594
9728.878788999999,9.196,3.349003,0.000804,0.000335,-0.002074,-0.000604
9730.129535999999,9.196,3.03863,0.0008,0.00033,-0.002071,-0.000607
9732.643895,9.196,3.217794,0.000799,0.00033,-0.002077,-0.000607
9735.14534,9.196,3.157303,0.000795,0.000328,-0.002077,-0.000613
9736.410275,9.196,2.77342,0.00079,0.000325,-0.002076,-0.000615
9738.941417999999,9.196,2.687746,0.000787,0.000321,-0.002079,-0.000617
9740.192434999999,9.196,3.145982,0.000789,0.000325,-0.002077,-0.000613
9742.722372,9.196,3.119869,0.000794,0.000332,-0.002073,-0.000605
9745.223463999999,9.196,3.433452,0.000797,0.000339,-0.002069,-0.000602
9746.473601,9.196,3.168052,0.0008,0.00034,-0.002067,-0.000598
9748.987791,9.196,3.271722,0.00081,0.000349,-0.002068,-0.000594
9750.239728999999,9.196,3.221417,0.000811,0.00035,-0.002066,-0.000592
9752.753515999999,9.196,3.084202,0.000817,0.000348,-0.002055,-0.00059
9755.269172999999,9.196,3.097609,0.000822,0.000354,-0.002054,-0.00059
9756.519251,9.196,3.099068,0.00082,0.000353,-0.002049,-0.000594
9759.034608,9.196,3.081794,0.000828,0.000354,-0.002055,-0.00059
9760.299619,9.196,3.111959,0.000828,0.000354,-0.002053,-0.00059
9762.816463,9.196,3.255583,0.000832,0.000359,-0.002058,-0.000585
9764.066669,9.196,3.266708,0.000833,0.000362,-0.002062,-0.000583
9766.583584,9.196,3.027149,0.000831,0.000362,-0.002057,-0.000578
9769.114755999999,9.196,2.919151,0.000839,0.000363,-0.002059,-0.00058
9770.364093999999,9.196,3.077852,0.000835,0.000365,-0.002057,-0.000579
9772.878842999999,9.196,3.413473,0.000833,0.000361,-0.00206,-0.00058
9774.144746,9.196,3.045012,0.000828,0.000362,-0.002057,-0.000582
9776.676453999999,9.196,3.090834,0.000833,0.000363,-0.002057,-0.000584
9779.176397,9.196,3.017154,0.000835,0.000367,-0.002055,-0.000579
9780.427023999999,9.196,3.142146,0.000833,0.000364,-0.00205,-0.000582
9782.927244999999,9.196,2.990915,0.000837,0.000363,-0.002056,-0.000581
9784.175398,9.196,2.738629,0.00084,0.000361,-0.002058,-0.000581
9786.676408,9.196,3.349597,0.000837,0.000358,-0.002049,-0.000582
9789.176988,9.196,3.168577,0.000833,0.000359,-0.002054,-0.00058
9790.423127,9.196,3.097317,0.000838,0.000362,-0.002055,-0.000578
9792.926421,9.196,3.201677,0.000832,0.000358,-0.00205,-0.000583
9794.191626,9.196,3.033038,0.000833,0.00036,-0.002051,-0.00058
9796.707219,9.196,3.020046,0.000841,0.000369,-0.002047,-0.000575
9799.221942999999,9.196,3.114564,0.000834,0.000364,-0.00205,-0.00058
9800.473135,9.196,3.358892,0.000834,0.000364,-0.002045,-0.000578
9802.972228999999,9.196,3.090568,0.00083,0.000363,-0.002042,-0.000577
9804.221565,9.196,3.056275,0.000835,0.000365,-0.002048,-0.000576
9806.737286,9.196,3.061591,0.000846,0.000375,-0.002047,-0.000568
9809.252955999998,9.196,3.211778,0.000851,0.000377,-0.002046,-0.000567
9810.50316,9.196,3.262586,0.000852,0.000379,-0.002048,-0.000567
9813.004316999999,9.196,3.155537,0.00085,0.000376,-0.002045,-0.000567
9814.269371999999,9.196,3.040179,0.000846,0.000374,-0.002039,-0.000567
9816.769491,9.196,3.325496,0.000851,0.000375,-0.002038,-0.000565
9819.301376,9.196,3.084414,0.00085,0.000374,-0.002046,-0.000567
9820.567745999999,9.196,3.080871,0.000849,0.000376,-0.002048,-0.00057
9823.081435,9.196,3.177071,0.000851,0.000373,-0.002046,-0.000572
9824.33237,9.196,3.054689,0.000852,0.000376,-0.002042,-0.000569
9826.832209999999,9.196,3.105057,0.000855,0.000378,-0.002045,-0.000567
9828.081735,9.196,3.217497,0.000856,0.000376,-0.002047,-0.000567
9830.598191,9.196,3.258618,0.00085,0.000376,-0.002048,-0.000569
9833.128725999999,9.196,3.086409,0.000847,0.000377,-0.002041,-0.000566
9834.378732,9.196,3.038397,0.00085,0.000378,-0.002046,-0.000565
9836.894262,9.196,3.054504,0.000847,0.000376,-0.002048,-0.000568
9838.160402,9.196,2.969232,0.000849,0.000376,-0.002044,-0.00057
9840.676969999999,9.196,2.75255,0.000849,0.000376,-0.002044,-0.000568
9843.191726,9.196,3.045251,0.000848,0.000375,-0.002051,-0.000569
9844.454717999999,9.196,3.004374,0.000845,0.000373,-0.002043,-0.000569
9846.956847,9.196,3.377875,0.000845,0.000372,-0.002043,-0.000571
9848.221977,9.196,3.081396,0.000845,0.000372,-0.002044,-0.00057
9850.721795,9.196,3.094601,0.000844,0.000369,-0.002039,-0.000571
9853.239257,9.196,2.90237,0.000831,0.000371,-0.002045,-0.000572
9854.48762,9.196,3.092982,0.000833,0.000369,-0.002042,-0.000571
9857.001524,9.196,3.137265,0.000836,0.000373,-0.002044,-0.000568
9858.253778999999,9.196,2.993944,0.000835,0.000373,-0.002045,-0.000568
9860.769449,9.196,3.080271,0.000842,0.000372,-0.002042,-0.000566
9863.268748999999,9.196,2.722002,0.000845,0.000373,-0.002042,-0.000566
9864.519477,9.196,3.377344,0.000848,0.000375,-0.002035,-0.000563
9867.018606,9.196,3.152545,0.000845,0.000377,-0.002036,-0.000558
9868.26952,9.196,3.04541,0.000845,0.00038,-0.002045,-0.000559
9870.769715999999,9.196,2.803231,0.00084,0.00038,-0.002043,-0.000561
9873.301795,9.196,3.052424,0.000842,0.000378,-0.002043,-0.000564
9874.567025999999,9.196,3.051708,0.000841,0.000373,-0.002042,-0.000564
9877.097053,9.196,2.962118,0.000839,0.000371,-0.002036,-0.000567
9878.363408,9.196,3.161892,0.000839,0.000374,-0.002042,-0.000564
9880.864496,9.196,3.109705,0.00084,0.000378,-0.002043,-0.000562
9882.128826,9.196,3.212483,0.00084,0.000377,-0.002035,-0.000559
9884.644634999999,9.196,3.132528,0.000844,0.000378,-0.002038,-0.000557
9887.174911999999,9.196,3.039458,0.000844,0.00038,-0.002037,-0.000558
9888.427013999999,9.196,2.981816,0.000844,0.000384,-0.00204,-0.000555
9890.92691,9.196,2.964372,0.000845,0.000385,-0.002034,-0.000551
9892.175134,9.196,3.067077,0.000851,0.000386,-0.00204,-0.000551
9894.675838,9.196,3.385397,0.000854,0.000387,-0.002041,-0.000552
9897.175388,9.196,3.111614,0.000858,0.000385,-0.002039,-0.000556
9898.440308,9.196,2.966245,0.000853,0.000383,-0.002037,-0.000555
9900.956825,9.196,3.233306,0.000853,0.000386,-0.002041,-0.000555
9902.222812999998,9.196,3.286486,0.000849,0.000386,-0.002035,-0.000555
9904.724019,9.196,2.826213,0.000858,0.000391,-0.002039,-0.000552
9907.222945,9.196,3.096548,0.000858,0.000389,-0.002035,-0.000549
9908.488170999999,9.196,2.557757,0.000855,0.00039,-0.002041,-0.000551
9911.004334,9.196,3.016237,0.000851,0.000387,-0.002033,-0.000553
9912.251403,9.196,3.236415,0.000852,0.000387,-0.002032,-0.000548
9914.76945,9.197,3.154985,0.000857,0.000388,-0.002037,-0.000547
9917.285004,9.197,3.054827,0.000854,0.00039,-0.002033,-0.000543
9918.532035,9.197,3.091168,0.000857,0.00039,-0.00203,-0.00054
9921.019307999999,9.197,3.052562,0.00086,0.000391,-0.002026,-0.000532
9922.269139999999,9.197,3.060493,0.000863,0.000396,-0.002031,-0.000531
9924.769832999998,9.197,2.92522,0.000866,0.000396,-0.002029,-0.000531
9927.285628,9.197,3.258851,0.000871,0.000398,-0.002031,-0.000534
9928.550974,9.197,3.023102,0.000873,0.0004,-0.002032,-0.00053
9931.082244,9.197,3.135833,0.00087,0.000397,-0.002032,-0.000533
9932.332686,9.197,3.618102,0.000869,0.000397,-0.002034,-0.000533
9934.8313,9.197,3.045633,0.000869,0.000397,-0.002033,-0.000534
9936.082139,9.197,3.282799,0.00087,0.000397,-0.002033,-0.000536
9938.576887,9.197,2.945523,0.00087,0.0004,-0.002032,-0.000534
9941.082135999999,9.197,2.736061,0.000871,0.000398,-0.002028,-0.000537
9942.332332,9.197,3.11806,0.000872,0.000397,-0.002031,-0.000535
9944.846807,9.197,3.025813,0.000872,0.000398,-0.002034,-0.000541
9946.114156,9.197,3.004252,0.000869,0.000397,-0.002028,-0.000541
9948.629804,9.197,3.05245,0.000868,0.000397,-0.002026,-0.00054
9951.14408,9.197,3.035765,0.000865,0.000393,-0.002031,-0.000539
9952.390949999999,9.197,2.875287,0.000861,0.000394,-0.002027,-0.00054
9954.877869,9.197,3.196467,0.000858,0.000394,-0.002027,-0.000539
9956.129378,9.197,3.301877,0.000858,0.000395,-0.00203,-0.00054
9958.614028999998,9.197,3.021452,0.000856,0.000394,-0.002031,-0.000543
9961.144476,9.197,3.092303,0.000857,0.000394,-0.002034,-0.000545
9962.393673999999,9.197,3.111296,0.000857,0.000393,-0.002034,-0.000543
9964.910425999999,9.197,3.129902,0.000862,0.000396,-0.002039,-0.000544
9966.159799,9.197,3.319803,0.000862,0.000397,-0.002034,-0.000542
9968.675459999999,9.197,3.197151,0.000863,0.000399,-0.002034,-0.00054
9971.207159,9.198,3.238108,0.00086,0.000401,-0.00204,-0.000544
9972.471784,9.199,3.161049,0.000852,0.000399,-0.002039,-0.000548
9974.970653999999,9.2,3.259997,0.000851,0.000394,-0.002039,-0.000554
9976.22206,9.2,3.25006,0.00085,0.000396,-0.002035,-0.000553
9978.722328,9.201,3.64023,0.000851,0.000399,-0.002038,-0.000553
9981.23826,9.202,3.63614,0.000845,0.0004,-0.002034,-0.000551
9982.501339999999,9.203,3.329347,0.000846,0.000404,-0.002042,-0.00055
9985.019338,9.204,3.628882,0.000841,0.000401,-0.002035,-0.000551
9986.270179,9.204,4.093983,0.00084,0.000401,-0.002041,-0.000553
9988.801719,9.205,3.63484,0.000836,0.000402,-0.002035,-0.000555
9991.316932,9.206,3.722053,0.00083,0.000396,-0.002035,-0.000561
9992.582397999999,9.207,3.547277,0.000813,0.000383,-0.002035,-0.000575
9995.097259999999,9.207,3.74007,0.000796,0.000382,-0.002041,-0.000578
9996.346866,9.208,3.179861,0.000791,0.000375,-0.002038,-0.000586
9998.863997999999,9.209,3.746802,0.000775,0.000361,-0.002043,-0.000601
10000.128599,9.209,4.157837,0.000763,0.000353,-0.002049,-0.000609
10002.644300999998,9.211,3.556927,0.000762,0.000353,-0.002053,-0.000611
10005.159995,9.212,3.629635,0.000763,0.000357,-0.002051,-0.000607
10006.425545999999,9.212,3.665865,0.000764,0.00036,-0.002054,-0.000607
10008.941788,9.213,3.807579,0.000766,0.000362,-0.00205,-0.000608
10010.191694,9.213,3.645864,0.000749,0.00035,-0.002058,-0.000617
10012.707235,9.214,4.08125,0.000748,0.000356,-0.002054,-0.000615
10015.222115999999,9.215,3.951144,0.00075,0.000354,-0.002056,-0.000619
10016.470873999999,9.216,3.853697,0.00074,0.00035,-0.00206,-0.000626
10018.973087999999,9.217,3.755312,0.000734,0.000345,-0.002067,-0.000631
10020.222699,9.217,3.765784,0.000726,0.000341,-0.002057,-0.000638
10022.739307,9.218,4.085192,0.000732,0.000347,-0.00206,-0.000629
10025.254659999999,9.219,3.969267,0.000743,0.000358,-0.002053,-0.000618
10026.503952,9.22,3.941356,0.000738,0.000355,-0.002053,-0.000627
10029.019011999999,9.221,3.73356,0.000738,0.000357,-0.002056,-0.000629
10030.26882,9.221,4.015932,0.00074,0.000362,-0.002065,-0.000627
10032.785628,9.222,4.134807,0.000739,0.000366,-0.002067,-0.00062
10035.316707,9.223,4.17988,0.000743,0.00037,-0.002061,-0.000615
10036.581644,9.224,4.223893,0.000739,0.000369,-0.002069,-0.000617
10039.08237,9.225,4.124897,0.000728,0.000362,-0.002075,-0.000632
10040.332409999999,9.225,4.138924,0.000729,0.000361,-0.002068,-0.000632
10042.861520999999,9.226,4.718236,0.000722,0.000357,-0.002064,-0.000638
10044.113702999999,9.227,4.214747,0.000725,0.000361,-0.002063,-0.000633
10046.629105,9.228,4.531253,0.000722,0.000362,-0.00207,-0.000634
10049.158759,9.229,4.155508,0.000714,0.000357,-0.002075,-0.000642
10050.410952999999,9.229,4.225718,0.000715,0.000358,-0.002073,-0.000645
10052.925103,9.23,4.509644,0.000708,0.00036,-0.002073,-0.000644
10054.192375999999,9.231,4.438485,0.0007,0.000354,-0.002071,-0.000647
10056.705931999999,9.232,4.485065,0.00069,0.000343,-0.002072,-0.00066
10059.207292,9.233,4.56796,0.000696,0.000352,-0.002069,-0.000659
10060.455558,9.234,4.28555,0.000692,0.000352,-0.002066,-0.000658
10062.958068999998,9.235,4.878736,0.000681,0.000342,-0.002071,-0.000668
10064.222831,9.235,4.553529,0.000678,0.000342,-0.00207,-0.000668
10066.722576999999,9.236,4.659454,0.000678,0.000345,-0.002073,-0.000669
10069.223925999999,9.237,4.564379,0.000668,0.000341,-0.002067,-0.000673
10070.473480999999,9.238,4.899676,0.000675,0.000346,-0.002072,-0.000667
10072.988357999999,9.239,4.598783,0.00068,0.00035,-0.002083,-0.000663
10074.238077999998,9.24,5.178095,0.000662,0.000337,-0.002083,-0.00068
10076.738152,9.241,5.341873,0.000661,0.00034,-0.002082,-0.000678
10079.254079999999,9.242,4.809025,0.000671,0.00036,-0.002071,-0.000659
10080.50457,9.242,4.7674,0.000681,0.000364,-0.002076,-0.000656
10083.035217999999,9.243,5.038228,0.000677,0.000364,-0.002075,-0.000653
10084.300424,9.244,5.039343,0.000676,0.000365,-0.00208,-0.000653
10086.80128,9.245,4.659502,0.000675,0.000365,-0.002085,-0.000654
10089.317404,9.246,5.259211,0.000674,0.000369,-0.002081,-0.000655
10090.581541,9.246,4.81736,0.000674,0.000372,-0.002081,-0.000656
10093.081689999999,9.247,4.882588,0.000663,0.000363,-0.002086,-0.000664
10094.33176,9.248,4.840369,0.000662,0.000362,-0.002085,-0.000666
10096.832064999999,9.249,4.460709,0.000658,0.00036,-0.002085,-0.000664
10099.332687,9.25,5.35095,0.000655,0.00036,-0.00208,-0.000667
10100.582319,9.25,5.060858,0.000651,0.000359,-0.002081,-0.000669
10103.097817,9.251,5.172358,0.000631,0.000346,-0.002076,-0.000691
10104.364554,9.252,5.026648,0.000629,0.000346,-0.002077,-0.000695
10106.879783999999,9.252,5.183832,0.000634,0.000348,-0.002079,-0.000693
10108.12867,9.253,5.356528,0.000636,0.00035,-0.002087,-0.00069
10110.629519,9.254,5.473871,0.000644,0.00036,-0.002083,-0.000684
10113.145423,9.255,5.027925,0.000651,0.000365,-0.002078,-0.000679
10114.409942999999,9.255,5.309144,0.000654,0.000364,-0.002076,-0.000679
10116.926900999999,9.256,5.407364,0.000656,0.000375,-0.002073,-0.000669
10118.175836999999,9.257,5.389675,0.000649,0.000378,-0.002076,-0.000666
10120.707104,9.258,5.225372,0.000645,0.000379,-0.002089,-0.000666
10123.237407999999,9.259,5.902714,0.000637,0.000377,-0.002075,-0.000669
10124.487978,9.259,5.27095,0.000638,0.000377,-0.002081,-0.000672
10127.003745,9.26,5.317643,0.000632,0.000371,-0.002082,-0.00068
10128.268887,9.261,5.913603,0.000622,0.000362,-0.002086,-0.000687
10130.769595,9.262,5.706061,0.000613,0.000359,-0.002088,-0.000695
10133.282933999999,9.263,5.394296,0.000604,0.000354,-0.002089,-0.000699
10134.535549999999,9.263,5.939526,0.000599,0.000354,-0.002085,-0.000705
10137.066686999999,9.264,5.712701,0.000594,0.00035,-0.002087,-0.000709
10138.317127999999,9.265,5.424097,0.000595,0.000352,-0.00208,-0.00071
10140.832537999999,9.266,5.745689,0.000586,0.000346,-0.002082,-0.000715
10142.098563,9.266,5.552224,0.000585,0.000348,-0.002085,-0.000716
10144.594906999999,9.267,6.213257,0.000589,0.000356,-0.002084,-0.000707
10147.113824999999,9.269,5.710257,0.000597,0.000366,-0.002082,-0.000696
10148.379664,9.269,5.893206,0.000597,0.000371,-0.002076,-0.000697
10150.894660999998,9.27,5.695065,0.000596,0.000371,-0.002077,-0.000698
10152.159676,9.27,5.766193,0.000597,0.000369,-0.002071,-0.000702
10154.676775999998,9.271,5.949938,0.000588,0.000365,-0.002075,-0.000709
10157.207256,9.272,6.154293,0.000588,0.000368,-0.002072,-0.000704
10158.456989999999,9.273,5.67881,0.000586,0.000366,-0.002077,-0.000709
10160.957029,9.274,6.04513,0.000574,0.00036,-0.002081,-0.000718
10162.206847,9.274,6.073762,0.00057,0.000359,-0.002075,-0.000719
10164.723941999999,9.275,6.351159,0.000568,0.000362,-0.002075,-0.000721
10167.223688,9.276,5.43504,0.000568,0.00036,-0.002083,-0.000719
10168.471942,9.277,6.259047,0.000568,0.000364,-0.002076,-0.000718
10170.988045,9.278,6.701384,0.000573,0.000369,-0.002074,-0.000716
10172.238195,9.278,6.142235,0.000569,0.000367,-0.002082,-0.000719
10174.738153999999,9.279,6.170973,0.000563,0.000362,-0.002081,-0.000723
10177.253837,9.28,5.692887,0.000564,0.000368,-0.00208,-0.000721
10178.504098,9.28,6.409486,0.000561,0.000368,-0.002083,-0.000721
10181.019545,9.281,6.069778,0.000561,0.000369,-0.002082,-0.00072
10184.817027,9.283,5.95371,0.000559,0.000372,-0.002081,-0.000724
10187.347823,9.284,6.639285,0.000555,0.000368,-0.002079,-0.000728
10188.614028,9.284,6.23833,0.000553,0.00037,-0.002074,-0.000727
10191.129406,9.285,6.514983,0.00055,0.000372,-0.002077,-0.000728
10192.378721,9.286,6.575541,0.000552,0.000375,-0.002076,-0.000727
10194.909984,9.287,6.340004,0.000547,0.000375,-0.002069,-0.000728
10196.175398,9.287,6.552008,0.000545,0.000377,-0.002069,-0.000727
10198.690299,9.288,6.612354,0.000544,0.000375,-0.00207,-0.000726
10201.206939,9.289,6.88566,0.000545,0.000381,-0.002071,-0.000724
10202.472521,9.29,6.534851,0.000544,0.000377,-0.002068,-0.000728
10204.987885999999,9.291,6.919604,0.000541,0.000378,-0.002067,-0.000731
10206.252081999999,9.291,6.771184,0.00054,0.000379,-0.002066,-0.000733
10208.753365999999,9.292,7.1936,0.000542,0.000385,-0.002063,-0.000726
10211.254643999999,9.293,6.849804,0.000539,0.000389,-0.002066,-0.000726
10212.504323,9.293,6.804862,0.000543,0.000392,-0.002071,-0.000724
10215.004056,9.294,6.892619,0.000543,0.000396,-0.002067,-0.000721
10216.254558999999,9.295,6.442421,0.000541,0.000394,-0.002063,-0.000722
10218.753836,9.295,7.602417,0.000532,0.00039,-0.002064,-0.000726
10221.254691,9.297,6.510096,0.000535,0.000394,-0.002065,-0.000726
10222.520422,9.298,7.013043,0.000534,0.000394,-0.002056,-0.000727
10225.019430999999,9.299,6.777612,0.000535,0.000396,-0.002064,-0.000727
10226.269317999999,9.299,7.573307,0.000533,0.000395,-0.002055,-0.000728
10228.800239999999,9.3,6.706537,0.000534,0.000399,-0.002058,-0.000728
10231.332022999999,9.301,6.881145,0.000536,0.000407,-0.00205,-0.00072
10232.582292,9.301,6.893681,0.00054,0.00041,-0.002056,-0.000719
10235.082478999999,9.301,6.940481,0.000538,0.000405,-0.00206,-0.000725
10236.347571999999,9.301,6.687944,0.000537,0.000403,-0.002055,-0.000723
10238.862267999999,9.301,6.40274,0.000538,0.000406,-0.002059,-0.000721
10240.113351999998,9.301,8.267487,0.000536,0.000404,-0.002052,-0.00072
10242.629046999999,9.301,7.206987,0.000539,0.000405,-0.002051,-0.000718
10245.143976,9.301,7.38271,0.00054,0.000406,-0.002056,-0.000719
10246.410429,9.301,7.323055,0.000541,0.000407,-0.00205,-0.000719
10248.909522,9.301,6.740162,0.000538,0.000405,-0.002049,-0.000719
10250.160445,9.301,6.599232,0.000539,0.000406,-0.002054,-0.00072
10252.675932999999,9.301,7.298938,0.00054,0.000408,-0.002049,-0.000717
10255.175361,9.301,6.816709,0.000544,0.000409,-0.002052,-0.000717
10256.441438,9.301,7.113866,0.000545,0.000412,-0.002053,-0.000714
10258.956908,9.301,6.971078,0.000546,0.000413,-0.002049,-0.000711
10260.207898999999,9.301,6.574744,0.000546,0.000411,-0.002043,-0.000713
10262.737951,9.301,6.669192,0.000547,0.000413,-0.00205,-0.000714
10265.237964,9.301,6.882791,0.000548,0.000413,-0.002049,-0.000712
10266.504073999999,9.301,6.819047,0.000548,0.000414,-0.002044,-0.00071
10269.005009999999,9.301,7.144995,0.000552,0.000419,-0.002049,-0.000706
10270.25427,9.301,6.779524,0.000554,0.00042,-0.002046,-0.000705
10272.770041,9.301,6.468609,0.000556,0.000422,-0.00204,-0.000703
10275.301286999998,9.301,7.043747,0.000554,0.00042,-0.002041,-0.000705
10276.565628999999,9.301,6.604332,0.000555,0.000422,-0.002037,-0.000704
10279.066657,9.301,7.015965,0.000556,0.000423,-0.002031,-0.000701
10280.327135,9.301,6.853416,0.000559,0.000426,-0.002037,-0.000698
10282.815923,9.301,6.96635,0.000562,0.000428,-0.002036,-0.000696
10285.316847,9.301,7.533678,0.000562,0.000427,-0.002038,-0.000696
10286.581768,9.301,6.753335,0.000562,0.00043,-0.002035,-0.000695
10289.09714,9.302,7.320824,0.000563,0.000429,-0.002034,-0.000699
10290.364035999999,9.302,6.918435,0.000561,0.000427,-0.002028,-0.000697
10292.893348,9.302,7.146535,0.000564,0.000429,-0.002034,-0.000696
10294.144069999998,9.302,6.549246,0.000563,0.000428,-0.002028,-0.000696
10296.643649,9.302,6.914877,0.000565,0.000431,-0.002031,-0.000692
10299.17554,9.302,6.907068,0.000567,0.000431,-0.002032,-0.000692
10300.441765,9.302,7.217664,0.000568,0.000431,-0.002027,-0.000692
10302.973246,9.302,6.743084,0.00057,0.000434,-0.00203,-0.00069
10304.224068,9.302,7.000241,0.000573,0.000436,-0.002024,-0.000687
10306.738540999999,9.302,6.583403,0.000575,0.000438,-0.002023,-0.000682
10309.254245,9.302,7.417982,0.000574,0.000439,-0.002027,-0.000684
10310.518644,9.302,7.021436,0.000574,0.000441,-0.002025,-0.000683
10313.03507,9.302,7.31599,0.000576,0.000444,-0.002024,-0.000679
10314.28503,9.302,6.715514,0.000578,0.000445,-0.002032,-0.000678
10316.817,9.302,6.940587,0.00058,0.000445,-0.002029,-0.000677
10319.331999,9.302,7.317212,0.000578,0.000445,-0.002027,-0.000677
10320.597136999999,9.302,6.631105,0.000577,0.000444,-0.002025,-0.000679
10323.113765999999,9.302,6.955461,0.000585,0.000444,-0.002033,-0.000679
10324.363892,9.302,6.767625,0.000584,0.000443,-0.002033,-0.000677
10326.87876,9.302,7.191741,0.000585,0.000444,-0.002027,-0.000677
10328.129272,9.302,6.937931,0.000584,0.000442,-0.00203,-0.000676
10330.627037999999,9.302,7.08226,0.000587,0.000446,-0.00203,-0.000674
10333.129474,9.302,6.895646,0.000588,0.000447,-0.002036,-0.000675
10334.394631,9.302,7.226907,0.000588,0.000446,-0.00203,-0.000673
10336.927017999998,9.302,6.954557,0.000587,0.000446,-0.002023,-0.000672
10338.176769,9.302,6.75206,0.000588,0.000449,-0.002022,-0.000671
10340.707418,9.302,6.599977,0.000586,0.000447,-0.00202,-0.000673
10343.222896,9.302,7.014371,0.000583,0.000444,-0.002011,-0.000677
10344.488765999999,9.302,7.058089,0.000586,0.000446,-0.002014,-0.000677
10347.004062999998,9.302,6.808262,0.000586,0.000446,-0.002015,-0.000674
10348.253907999999,9.302,6.902021,0.000586,0.000449,-0.002021,-0.000674
10350.754605999999,9.302,7.433705,0.000584,0.000447,-0.002021,-0.000674
10353.269607,9.302,6.843961,0.000592,0.000447,-0.002023,-0.000674
10354.535047,9.302,6.587493,0.000592,0.000448,-0.002027,-0.000674
10357.050237,9.302,7.141277,0.000582,0.000441,-0.002025,-0.00068
10358.316353999999,9.302,6.9357,0.000581,0.000442,-0.00203,-0.000683
10360.816965999999,9.302,6.698249,0.000583,0.000442,-0.002028,-0.000684
10363.347009,9.302,7.003907,0.000582,0.00044,-0.002026,-0.000684
10364.612722,9.302,7.221063,0.000582,0.000442,-0.002032,-0.000682
10367.113824999999,9.302,6.907227,0.000577,0.000437,-0.002035,-0.000685
10368.378078,9.302,6.67886,0.000578,0.000438,-0.002035,-0.000686
10370.894607,9.302,7.18935,0.000578,0.000437,-0.002035,-0.000687
10372.160500999998,9.302,7.5485,0.000574,0.000431,-0.002032,-0.000691
10374.677092,9.302,7.257345,0.00056,0.000423,-0.002032,-0.0007
10377.176243,9.302,7.093096,0.000563,0.000426,-0.002033,-0.000698
10378.441367,9.302,6.856497,0.000562,0.000424,-0.002031,-0.000699
10380.95674,9.302,6.964278,0.000566,0.000427,-0.002032,-0.000697
10382.224479999999,9.302,6.904624,0.000568,0.000427,-0.002029,-0.000698
10384.738838,9.302,6.893363,0.000564,0.000424,-0.002029,-0.000701
10387.254275,9.302,6.990414,0.000554,0.00042,-0.002041,-0.000708
10388.504544,9.302,7.133361,0.000555,0.000419,-0.002038,-0.000707
10391.018892,9.302,6.976337,0.00056,0.000423,-0.002037,-0.000704
10392.269959,9.302,6.749936,0.000553,0.000416,-0.002044,-0.000712
10394.800502,9.302,6.75222,0.000546,0.000412,-0.002044,-0.000714
10397.299823,9.302,7.149616,0.000551,0.000416,-0.002038,-0.00071
10398.567132999999,9.302,6.922791,0.000558,0.000419,-0.002043,-0.000706
10401.097216,9.302,6.636577,0.000546,0.000408,-0.002036,-0.00072
10402.347005,9.302,6.918329,0.000547,0.000409,-0.002038,-0.000719
10404.831889,9.302,7.048794,0.000552,0.00041,-0.002047,-0.000719
10407.346877,9.302,7.066589,0.000555,0.00041,-0.002045,-0.000718
10408.598482,9.302,6.590946,0.000555,0.000415,-0.002048,-0.000713
10411.09709,9.302,6.96242,0.000563,0.000425,-0.002046,-0.000705
10412.348622,9.302,7.073335,0.00056,0.000425,-0.002043,-0.0007
10414.848108999999,9.302,7.173042,0.000555,0.000417,-0.00205,-0.000706
10417.363761999999,9.302,6.682207,0.000548,0.00041,-0.002052,-0.000718
10418.629471,9.302,6.63918,0.000545,0.000405,-0.002055,-0.000721
10421.144140999999,9.302,6.976708,0.000537,0.000403,-0.002045,-0.000719
10422.410297999999,9.302,6.596045,0.000541,0.000409,-0.002059,-0.000719
10424.941963,9.302,7.005447,0.000551,0.000414,-0.002054,-0.000711
10426.191918999999,9.302,6.740215,0.000556,0.000416,-0.002058,-0.000711
10428.721684999999,9.302,6.717745,0.000561,0.00042,-0.00205,-0.000704
10431.254383,9.302,7.510252,0.000557,0.000418,-0.00205,-0.000711
10432.518719,9.302,7.093468,0.000556,0.000417,-0.00205,-0.000708
10435.035439,9.302,6.991423,0.000558,0.000423,-0.002053,-0.000702
10436.300372,9.302,6.789032,0.000547,0.00041,-0.002056,-0.000713
10438.816992,9.302,7.076682,0.00055,0.000407,-0.002052,-0.000719
10441.331984999999,9.302,7.711526,0.000547,0.000413,-0.002057,-0.000719
10442.582086999999,9.302,7.268606,0.000543,0.000412,-0.002056,-0.000722
10445.113109999998,9.302,6.620322,0.00054,0.000403,-0.002057,-0.000725
10446.363419,9.302,6.991264,0.000532,0.000394,-0.002056,-0.000737
10448.878009,9.302,6.655753,0.000526,0.00039,-0.002062,-0.000737
10450.129825999999,9.302,6.775062,0.00053,0.000397,-0.002059,-0.000732
10452.659684999999,9.302,6.482633,0.000542,0.000399,-0.002066,-0.000727
10455.17671,9.302,7.258673,0.000537,0.000392,-0.00207,-0.000734
10456.425540999999,9.302,6.865208,0.000536,0.000394,-0.002071,-0.000736
10458.926694,9.302,7.164649,0.000518,0.00038,-0.002068,-0.000748
10460.175088,9.302,6.764651,0.000519,0.000383,-0.002064,-0.000744
10462.677075,9.302,7.124225,0.000536,0.000395,-0.00206,-0.000734
10465.207061,9.302,6.796045,0.000524,0.000386,-0.002066,-0.000741
10466.456966,9.302,7.165552,0.000518,0.00038,-0.002063,-0.000746
10468.988307,9.302,6.616763,0.000516,0.000382,-0.002071,-0.000748
10470.238341,9.302,7.019737,0.000514,0.000383,-0.002063,-0.000744
10472.768877999999,9.302,6.770493,0.000517,0.000382,-0.002068,-0.000743
10475.285571999999,9.302,6.710892,0.000511,0.000378,-0.002073,-0.00075
10476.551913,9.302,6.94473,0.000511,0.000376,-0.002069,-0.000749
10479.066684,9.302,7.024995,0.000517,0.000381,-0.002079,-0.000748
10480.331607,9.302,6.615382,0.000521,0.000383,-0.002071,-0.000744
10482.847042,9.302,7.232112,0.000527,0.000392,-0.002069,-0.00074
10484.113973,9.302,7.090228,0.000524,0.00039,-0.002063,-0.000738
10486.628835,9.302,6.733097,0.000503,0.000374,-0.002062,-0.000754
10489.143832,9.302,6.716523,0.000507,0.000374,-0.002074,-0.000756
10490.394682,9.302,7.029405,0.000511,0.000379,-0.002066,-0.000748
10492.909652999999,9.302,7.272165,0.000525,0.000379,-0.002067,-0.000753
10494.176609999999,9.302,7.019524,0.000514,0.000366,-0.002078,-0.000764
10496.676411999999,9.302,6.749989,0.000509,0.000372,-0.002075,-0.000753
10499.191455,9.302,6.438862,0.000512,0.000378,-0.002076,-0.000748
10500.455946999999,9.302,7.498141,0.000509,0.000373,-0.002075,-0.000756
10502.973739,9.302,6.520827,0.0005,0.000371,-0.002089,-0.000764
10504.223553,9.302,7.49421,0.000508,0.000375,-0.002089,-0.000756
10506.738113,9.302,7.289217,0.000507,0.000376,-0.002075,-0.000754
10509.254712999998,9.302,6.750042,0.000518,0.000382,-0.002065,-0.000746
10510.520611999998,9.302,6.835461,0.000515,0.000384,-0.00207,-0.000746
10513.035564,9.302,6.716895,0.000507,0.00038,-0.002069,-0.000752
10514.300862,9.302,6.921038,0.000509,0.000379,-0.002074,-0.000754
10516.801791,9.302,6.744624,0.000503,0.000371,-0.002082,-0.000763
10519.332456999999,9.302,6.725022,0.000509,0.000373,-0.002075,-0.000755
10520.597025,9.302,6.940587,0.000514,0.000378,-0.002071,-0.000751
10523.113612,9.302,6.968315,0.000528,0.00039,-0.002069,-0.000742
10524.379097,9.302,6.540694,0.000521,0.000384,-0.002075,-0.00075
10526.895575999999,9.302,6.935221,0.000507,0.000377,-0.002071,-0.000752
10528.160697,9.302,7.310412,0.000515,0.000381,-0.002072,-0.000748
10530.692045,9.302,7.243427,0.000521,0.000381,-0.002074,-0.00075
10533.206983,9.302,7.262338,0.000527,0.000388,-0.002081,-0.000745
10534.471824999999,9.302,6.702552,0.000529,0.000389,-0.00208,-0.000739
10536.971974,9.302,7.497504,0.000525,0.000388,-0.002079,-0.000739
10538.222128,9.302,6.963535,0.000533,0.00039,-0.002085,-0.00074
10540.720432,9.302,7.019099,0.000537,0.000397,-0.002087,-0.000733
10543.223817999999,9.302,6.677427,0.000528,0.000392,-0.002079,-0.000738
10544.488209,9.302,6.698356,0.000531,0.000389,-0.002074,-0.000737
10546.988910999999,9.302,6.771609,0.000538,0.000393,-0.002069,-0.000734
10548.253429999999,9.302,6.994504,0.000538,0.000396,-0.002077,-0.000736
10550.768833999999,9.302,7.097292,0.000531,0.000387,-0.00207,-0.000741
10553.285574,9.302,7.195406,0.000529,0.000391,-0.002076,-0.00074
10554.533776,9.302,7.095433,0.000528,0.000396,-0.002075,-0.000736
10557.050334,9.302,6.801569,0.000528,0.000389,-0.002078,-0.000735
10558.300846,9.302,7.029405,0.000526,0.00039,-0.00208,-0.000737
10560.817077,9.302,7.066058,0.000524,0.000389,-0.002081,-0.000737
10563.332487,9.302,6.737665,0.000529,0.000396,-0.002075,-0.000736
10564.581371,9.302,6.795035,0.000527,0.000398,-0.00207,-0.000731
10567.097047,9.302,7.129058,0.000531,0.000401,-0.002074,-0.000729
10568.346878999999,9.302,6.527839,0.000532,0.0004,-0.00207,-0.00073
10570.863737,9.302,6.77469,0.000535,0.000403,-0.002066,-0.000732
10572.114426,9.302,6.879658,0.000538,0.000402,-0.002066,-0.000731
10574.644026999998,9.302,7.123534,0.000542,0.000404,-0.002054,-0.000725
10577.160176,9.302,7.382975,0.000541,0.000404,-0.00205,-0.000722
10578.426507,9.302,7.163056,0.000539,0.000404,-0.002052,-0.000725
10580.941558999999,9.302,6.739949,0.000541,0.000405,-0.002048,-0.000722
10582.191594999998,9.302,6.664784,0.000546,0.000407,-0.002057,-0.000721
10584.706981,9.302,7.307332,0.000548,0.000409,-0.002055,-0.000721
10587.222375,9.302,7.398912,0.000545,0.000409,-0.00205,-0.000722
10588.487599999999,9.302,7.383401,0.000551,0.000413,-0.002055,-0.00072
10591.003897999999,9.302,7.894421,0.000556,0.000416,-0.00205,-0.000716
10592.269075,9.302,6.875939,0.00056,0.000417,-0.002055,-0.000717
10594.785301999998,9.302,7.523267,0.000568,0.000423,-0.002053,-0.00071
10597.301652999999,9.302,7.53166,0.00056,0.000421,-0.002052,-0.000711
10598.565977999999,9.302,7.395618,0.00056,0.000423,-0.00205,-0.000709
10601.081717,9.302,7.435884,0.000564,0.000425,-0.002051,-0.000709
10602.332005999999,9.302,7.169855,0.000566,0.000424,-0.002056,-0.000711
10604.846732999998,9.302,6.853788,0.000562,0.00042,-0.002049,-0.000712
10606.113752,9.302,6.920029,0.000559,0.00042,-0.002052,-0.000713
10608.629226,9.302,6.744677,0.000559,0.000418,-0.002051,-0.000715
10611.144892999999,9.302,7.261116,0.000554,0.000418,-0.002045,-0.000715
10612.409211999999,9.302,7.302285,0.000554,0.000416,-0.002048,-0.000716
10614.910364,9.302,6.661278,0.000555,0.000417,-0.002049,-0.000714
10616.176175999999,9.302,7.263666,0.000555,0.000416,-0.002053,-0.000717
10618.70694,9.302,7.073548,0.000561,0.000418,-0.002046,-0.000713
10621.221647999999,9.302,7.211768,0.000563,0.000418,-0.002046,-0.000713
10622.473431999999,9.302,6.600985,0.000565,0.000418,-0.002046,-0.000714
10624.987524999999,9.302,7.372882,0.000563,0.000419,-0.002036,-0.000711
10626.25432,9.302,7.148448,0.000565,0.000418,-0.002046,-0.000711
10628.753189,9.302,7.056815,0.000558,0.000421,-0.002048,-0.00071
10631.269192,9.302,6.81469,0.000554,0.00042,-0.002041,-0.000711
10632.51933,9.302,7.05793,0.000555,0.000424,-0.002045,-0.00071
10635.019803,9.302,6.569219,0.000559,0.000424,-0.002045,-0.000705
10636.285227999999,9.302,6.845022,0.000558,0.000424,-0.00204,-0.000705
10638.800422999999,9.303,6.675779,0.000569,0.000429,-0.002048,-0.000701
10641.315818,9.303,6.641729,0.000576,0.000435,-0.002044,-0.000694
10642.567581,9.303,6.89299,0.000578,0.000435,-0.002044,-0.000692
10645.082445999999,9.303,6.809749,0.000567,0.000428,-0.002047,-0.000703
10646.332089,9.303,7.360718,0.000563,0.000427,-0.002039,-0.000703
10648.847316,9.303,7.306747,0.000568,0.000426,-0.002039,-0.0007
10651.362705,9.303,6.99562,0.000575,0.000432,-0.002041,-0.000698
10652.628369,9.303,6.664943,0.000572,0.000426,-0.002036,-0.000701
10655.128932,9.303,6.892088,0.000572,0.00043,-0.002036,-0.000698
10656.393622,9.303,7.28024,0.000576,0.000431,-0.002037,-0.000695
10658.925291,9.303,6.986536,0.000584,0.000434,-0.002039,-0.000691
10660.177077999999,9.303,7.035141,0.000583,0.000436,-0.002032,-0.000691
10662.692606999999,9.303,7.049909,0.000586,0.00044,-0.002038,-0.00069
10665.191719999999,9.303,7.301275,0.000587,0.000443,-0.002038,-0.000686
10666.457502,9.303,6.781436,0.000587,0.000441,-0.002044,-0.000685
10668.972195999999,9.303,6.836098,0.000587,0.000439,-0.002035,-0.000685
10670.221512999999,9.303,6.804809,0.00059,0.000442,-0.002043,-0.000685
10672.738505,9.303,6.552805,0.000589,0.000441,-0.002044,-0.000682
10675.269215999999,9.303,7.246774,0.00059,0.000441,-0.002037,-0.000685
10676.518804,9.303,6.889378,0.000591,0.000442,-0.002044,-0.000686
10679.018826,9.303,6.709777,0.000587,0.000438,-0.002041,-0.000688
10680.269177,9.303,6.893044,0.000586,0.00044,-0.002036,-0.000689
10682.768884,9.303,6.471531,0.000585,0.00044,-0.002039,-0.00069
10685.270187999999,9.303,7.637848,0.000578,0.000439,-0.002042,-0.000693
10686.535526,9.303,6.79307,0.000579,0.000437,-0.002043,-0.000695
10689.066909,9.303,7.085234,0.000575,0.000436,-0.002045,-0.000694
10690.331916,9.303,7.131927,0.000577,0.000436,-0.002046,-0.000695
10692.848495,9.303,7.111317,0.000579,0.000439,-0.002045,-0.000692
10695.378109,9.303,7.351209,0.000583,0.000437,-0.002037,-0.000695
10696.628786,9.303,6.955088,0.000584,0.000436,-0.002044,-0.000696
10699.143714,9.303,6.684438,0.000576,0.000432,-0.002044,-0.000697
10700.394436999999,9.303,6.628289,0.000575,0.00043,-0.002041,-0.000698
10702.911032,9.303,6.915248,0.000576,0.00043,-0.002043,-0.000697
10704.175946,9.303,6.379898,0.000574,0.000429,-0.002038,-0.000699
10706.675651,9.303,7.078488,0.000578,0.000431,-0.002039,-0.000698
10709.19098,9.303,6.885395,0.000581,0.000434,-0.002039,-0.000695
10710.442879999999,9.303,7.00805,0.000583,0.000438,-0.002045,-0.000692
10712.971964999999,9.303,7.428606,0.000574,0.000435,-0.002036,-0.000694
10714.222311,9.303,6.784145,0.000577,0.000435,-0.002041,-0.000694
10716.754447,9.303,7.068395,0.00058,0.000435,-0.002034,-0.000694
10719.285294,9.303,7.163268,0.000584,0.000438,-0.00204,-0.000694
10720.535176,9.303,7.435352,0.000584,0.000436,-0.002032,-0.000691
10723.066949,9.303,6.932406,0.000585,0.000439,-0.002031,-0.000691
10724.331796999999,9.303,6.995036,0.000581,0.000439,-0.002029,-0.000688
10726.847190999999,9.303,7.09878,0.000588,0.000442,-0.002034,-0.000684
10729.378635,9.303,7.461222,0.000588,0.000442,-0.002034,-0.000685
10730.644171,9.303,7.635829,0.000587,0.000447,-0.002036,-0.000684
10733.145594,9.303,7.07461,0.000579,0.000446,-0.002028,-0.000682
10734.394768999999,9.303,6.744836,0.000584,0.000447,-0.002027,-0.000681
10736.926707999999,9.303,6.575594,0.000588,0.000445,-0.002029,-0.000681
10738.175401999999,9.303,6.953283,0.00059,0.000444,-0.002028,-0.000682
10740.692206,9.303,5.986166,0.000581,0.000444,-0.00203,-0.000682
10743.224155,9.303,6.941118,0.000583,0.000447,-0.002032,-0.000682
10744.48777,9.303,7.663081,0.000583,0.000446,-0.002034,-0.00068
10747.003652,9.303,6.727785,0.000587,0.000447,-0.002033,-0.000681
10748.254433999999,9.303,6.821331,0.000583,0.000445,-0.002026,-0.000685
10750.75462,9.303,7.024995,0.000585,0.000443,-0.002026,-0.000685
10753.269779,9.303,6.518118,0.000587,0.000444,-0.002029,-0.000686
10754.535928,9.303,7.150625,0.000587,0.000443,-0.002026,-0.000683
10757.051791,9.303,7.252405,0.000595,0.000444,-0.002029,-0.000681
10758.317104,9.303,7.010759,0.000592,0.000445,-0.002029,-0.000683
10760.847645,9.303,6.748076,0.000591,0.000441,-0.002032,-0.000686
10763.364945,9.303,6.934531,0.000579,0.000435,-0.002026,-0.000692
10764.613839,9.303,6.840985,0.000575,0.000434,-0.002026,-0.000695
10767.128718,9.303,6.65894,0.000572,0.000432,-0.002034,-0.000699
10768.37941,9.303,6.823881,0.000567,0.000427,-0.002031,-0.000698
10770.879186999999,9.303,6.71222,0.000556,0.000416,-0.002038,-0.00071
10772.144671,9.303,6.746165,0.000553,0.000418,-0.00204,-0.000707
10774.659678,9.303,6.702552,0.000549,0.000415,-0.002038,-0.000708
10777.175725,9.303,6.984836,0.00054,0.000405,-0.002041,-0.00072
10778.426255999999,9.303,7.881088,0.000539,0.000402,-0.002051,-0.000726
10780.957037999999,9.303,6.472646,0.000529,0.000397,-0.002052,-0.000732
10782.222054,9.303,6.937134,0.000526,0.000399,-0.002056,-0.000729
10784.722554999998,9.303,7.183295,0.000534,0.000405,-0.002052,-0.000721
10787.238796,9.303,7.001782,0.000549,0.00041,-0.002054,-0.000714
10788.504665999999,9.303,6.918011,0.000557,0.000416,-0.002058,-0.000712
10791.033521,9.303,6.355781,0.000552,0.000408,-0.002055,-0.000717
10792.285136999999,9.303,7.351741,0.000545,0.000405,-0.002067,-0.000725
10794.800502999999,9.303,6.461756,0.000545,0.000408,-0.002067,-0.000725
10797.316740999999,9.303,6.747439,0.00055,0.000413,-0.00206,-0.000714
10798.567513,9.303,6.941543,0.000549,0.000407,-0.002066,-0.000716
10801.066786,9.303,6.794345,0.000538,0.000399,-0.002063,-0.000725
10802.331502,9.303,6.770015,0.000538,0.000399,-0.002063,-0.000727
10804.846013999999,9.303,7.012034,0.000521,0.000387,-0.002068,-0.000738
10807.347522999999,9.303,7.027917,0.000513,0.000377,-0.002067,-0.000754
10808.613142,9.303,7.033707,0.000517,0.00038,-0.002066,-0.000752
10811.127688999999,9.303,7.323108,0.000516,0.000385,-0.002064,-0.000747
10812.379823,9.303,7.079975,0.000511,0.000378,-0.002069,-0.000754
10814.894111,9.303,7.109404,0.000507,0.000377,-0.002073,-0.000756
10816.144736999999,9.303,6.69809,0.000511,0.000381,-0.002068,-0.000752
10818.644042999998,9.303,7.060373,0.000491,0.000362,-0.002074,-0.000768
10821.175459999999,9.303,7.137452,0.000504,0.000376,-0.002077,-0.000753
10822.426505,9.303,7.021224,0.000514,0.000384,-0.002075,-0.000742
10824.92613,9.303,7.138621,0.000518,0.000386,-0.002067,-0.000742
10826.191428,9.303,6.699365,0.000515,0.000381,-0.002065,-0.000748
10828.722366999998,9.303,7.184942,0.000517,0.000382,-0.002065,-0.000749
10831.238236,9.303,7.321249,0.000501,0.000365,-0.002082,-0.000769
10832.489216,9.303,7.203799,0.000505,0.000372,-0.002083,-0.000761
10835.020074,9.303,7.08465,0.000517,0.000377,-0.00207,-0.000749
10836.284404999999,9.303,6.890281,0.0005,0.000369,-0.002073,-0.000755
10838.80127,9.303,6.50505,0.000512,0.000377,-0.00207,-0.000752
10841.33197,9.303,7.590146,0.000527,0.000383,-0.002084,-0.000742
10842.581564999999,9.303,6.659365,0.000519,0.000375,-0.002079,-0.00075
10845.081896,9.303,7.253679,0.000497,0.000362,-0.002076,-0.000766
10846.331764999999,9.303,7.057505,0.000499,0.000364,-0.002083,-0.000764
10848.847184999999,9.303,6.917426,0.000495,0.000368,-0.002077,-0.000768
10851.363486999999,9.303,6.994611,0.000492,0.00036,-0.002076,-0.000768
10852.612691999999,9.303,7.30919,0.000499,0.000368,-0.002083,-0.000765
10855.113732,9.303,6.790307,0.000507,0.000371,-0.002073,-0.000761
10856.379398,9.303,7.045288,0.000508,0.000376,-0.002073,-0.000761
10858.878148,9.303,6.974318,0.000523,0.000385,-0.002074,-0.000747
10861.379658,9.303,6.89145,0.000521,0.000385,-0.00208,-0.000745
10862.628712,9.303,7.061224,0.000515,0.000379,-0.002083,-0.000753
10865.128230999999,9.303,7.943824,0.000513,0.000375,-0.00208,-0.000759
10866.378778999999,9.303,6.992008,0.000521,0.000379,-0.002077,-0.000755
10868.894154,9.303,7.043747,0.00051,0.000372,-0.002071,-0.00076
10870.144432,9.303,6.984677,0.000511,0.000376,-0.00208,-0.000757
10872.660050999999,9.303,7.393493,0.000513,0.000372,-0.002078,-0.000758
10875.176981999999,9.303,7.145314,0.000509,0.000375,-0.002081,-0.000758
10876.425142,9.303,6.942021,0.000516,0.000379,-0.002081,-0.000753
10878.941904,9.303,6.903615,0.000516,0.00038,-0.002078,-0.000754
10880.206659,9.303,6.772778,0.000521,0.000382,-0.002075,-0.00075
10882.722678,9.303,6.793708,0.000537,0.000395,-0.00208,-0.000735
10885.237524999999,9.303,6.818197,0.000535,0.000396,-0.002081,-0.000731
10886.485911,9.303,7.211768,0.000533,0.000392,-0.002076,-0.000734
10888.972185999999,9.303,6.949564,0.000533,0.000391,-0.00208,-0.000737
10890.221921999999,9.303,7.416919,0.000532,0.000393,-0.002078,-0.000736
10892.722412,9.303,7.002738,0.000536,0.000393,-0.002078,-0.000732
10895.222509,9.303,6.751052,0.000538,0.000393,-0.002076,-0.000738
10896.473779999998,9.303,6.886563,0.000539,0.000396,-0.002082,-0.000736
10899.003539,9.303,6.938621,0.00053,0.000396,-0.002071,-0.000734
10900.254767999999,9.303,6.741277,0.000529,0.000398,-0.002079,-0.000736
10902.784592,9.303,7.359815,0.000528,0.000397,-0.002068,-0.000735
10905.316939999999,9.303,6.595302,0.000529,0.000395,-0.002073,-0.000739
10906.566648999999,9.303,6.870998,0.000531,0.000396,-0.002071,-0.00074
10909.082804,9.303,6.703668,0.000532,0.000397,-0.002068,-0.000734
10910.347386,9.303,7.081516,0.000534,0.000401,-0.002071,-0.000732
10912.848139,9.303,7.026376,0.000541,0.000403,-0.002063,-0.000727
10915.361884,9.303,6.886563,0.000544,0.000405,-0.002053,-0.000722
10916.613,9.303,7.071795,0.000547,0.000411,-0.002062,-0.000722
10919.128933999998,9.303,7.006456,0.000551,0.000414,-0.002064,-0.000718
10920.378251,9.303,7.344357,0.000554,0.000415,-0.002058,-0.000715
10922.893299,9.303,6.671318,0.000561,0.000418,-0.002061,-0.000712
10924.144612999999,9.303,7.186641,0.000563,0.000422,-0.002063,-0.000711
10926.676957,9.303,6.462819,0.000559,0.000419,-0.002065,-0.000712
10929.191727,9.303,6.819153,0.000563,0.000423,-0.002059,-0.000713
10930.456752,9.303,6.9723,0.000567,0.000426,-0.002059,-0.000709
10932.972362999999,9.303,6.828556,0.000568,0.00043,-0.002057,-0.000706
10934.222480999999,9.303,7.015275,0.000572,0.00043,-0.002061,-0.000706
10936.737756999999,9.303,6.811025,0.00057,0.000431,-0.002057,-0.000708
10939.253542999999,9.303,6.959232,0.000564,0.000427,-0.002052,-0.00071
10940.504417999999,9.303,6.621862,0.00056,0.000424,-0.002055,-0.000713
10943.019728,9.303,6.989511,0.000562,0.000422,-0.002052,-0.000712
10944.269626,9.303,6.799391,0.00056,0.000421,-0.002039,-0.000711
10946.800834,9.303,6.914558,0.000563,0.000417,-0.002047,-0.000712
10949.317084999999,9.303,6.40582,0.000554,0.000415,-0.002049,-0.000714
10950.581623999999,9.303,6.949829,0.000553,0.000415,-0.002047,-0.000714
10953.08212,9.303,7.015646,0.00055,0.000417,-0.002045,-0.000712
10954.334094,9.303,7.262125,0.000554,0.000418,-0.002043,-0.000709
10956.832002,9.303,7.169377,0.000563,0.000423,-0.002047,-0.000706
10959.346807,9.303,7.467916,0.000566,0.000427,-0.00204,-0.000701
10960.597995999999,9.303,6.461438,0.000567,0.000427,-0.002046,-0.000703
10963.114008999999,9.303,7.190572,0.00057,0.000432,-0.002045,-0.000702
10964.378160999999,9.303,6.987971,0.000568,0.000431,-0.002044,-0.000702
10966.894448,9.303,6.686403,0.000567,0.00043,-0.002043,-0.000706
10969.394466,9.303,6.839232,0.00056,0.000426,-0.002044,-0.000706
10970.645601,9.303,6.677639,0.000558,0.000425,-0.002039,-0.000709
10973.176485,9.303,7.257504,0.000567,0.000428,-0.002042,-0.000706
10974.44269,9.303,7.017931,0.00057,0.000428,-0.002038,-0.000702
10976.956406,9.303,7.305154,0.00057,0.00043,-0.002044,-0.000701
10978.207107,9.303,6.758701,0.000573,0.000431,-0.002043,-0.000702
10980.723068,9.303,7.03291,0.000576,0.000433,-0.002036,-0.000699
10983.238594999999,9.303,7.333573,0.000579,0.000435,-0.002037,-0.000695
10984.503535,9.303,7.023933,0.000577,0.000434,-0.002035,-0.000695
10987.004090999999,9.303,7.026483,0.000574,0.000431,-0.002037,-0.000698
10988.254464,9.303,6.769856,0.000577,0.000432,-0.002042,-0.000698
10990.784746,9.303,7.295698,0.00058,0.000438,-0.002042,-0.000691
10993.301797999999,9.303,6.952751,0.000577,0.000437,-0.002038,-0.000692
10994.54811,9.303,7.555936,0.000578,0.000434,-0.002042,-0.000696
10997.066507,9.303,6.831052,0.000578,0.000434,-0.00204,-0.000697
10998.332585999999,9.303,7.027173,0.000581,0.000436,-0.002044,-0.000698
11000.848236,9.303,6.677639,0.000581,0.000435,-0.002041,-0.000695
11003.378732,9.303,6.800241,0.00058,0.000436,-0.00204,-0.000693
11004.628932,9.303,6.476152,0.00058,0.000437,-0.002044,-0.000694
11007.143698,9.303,7.016921,0.000579,0.000439,-0.002036,-0.000691
11008.394332,9.303,6.799498,0.000578,0.00044,-0.002043,-0.000691
11010.895617999999,9.303,6.653204,0.000579,0.00044,-0.002034,-0.000687
11012.144445999998,9.303,7.145632,0.000578,0.000438,-0.002036,-0.000687
11014.659830999999,9.303,6.881676,0.000579,0.000438,-0.002039,-0.000689
11017.159539999999,9.303,7.004491,0.000583,0.000442,-0.002038,-0.000685
11018.425237,9.303,6.658409,0.000579,0.000443,-0.002039,-0.000686
11020.939331,9.303,6.68566,0.000581,0.000443,-0.002038,-0.000685
11022.191750999998,9.303,7.136283,0.000582,0.000441,-0.002045,-0.000687
11024.706677999999,9.303,7.204065,0.000584,0.000443,-0.002039,-0.000686
11027.223622,9.303,7.068608,0.000582,0.000442,-0.002039,-0.000687
11028.473579,9.303,7.416282,0.000582,0.00044,-0.002032,-0.000687
11030.974198999998,9.303,6.691662,0.000582,0.000441,-0.002041,-0.000687
11032.234057,9.303,7.156575,0.00058,0.000441,-0.002044,-0.00069
11034.723753,9.303,7.015858,0.000584,0.000443,-0.002037,-0.000686
11037.253604,9.303,6.908077,0.000587,0.000443,-0.00204,-0.000684
11038.504411,9.303,6.996735,0.000584,0.000444,-0.002037,-0.000687
11041.019622,9.303,6.481889,0.000581,0.000441,-0.002032,-0.000685
11042.285307,9.303,7.009962,0.000584,0.000443,-0.002037,-0.000683
11044.816345,9.303,6.769963,0.000584,0.000447,-0.002032,-0.000678
11047.332472999999,9.303,6.983773,0.000586,0.00045,-0.002035,-0.000679
11048.582143,9.303,7.061064,0.000587,0.000449,-0.002037,-0.000678
11051.098714,9.303,6.520295,0.000589,0.000448,-0.002033,-0.000679
11052.36373,9.303,6.709936,0.000591,0.000448,-0.002037,-0.000681
11054.878444999998,9.303,6.998382,0.000584,0.000446,-0.002031,-0.000682
11057.378638999999,9.303,7.166828,0.000586,0.000447,-0.002032,-0.000679
11058.643814,9.303,6.882951,0.00059,0.000448,-0.002036,-0.000677
11061.161606,9.303,6.627493,0.000586,0.000449,-0.002035,-0.000679
11062.426738999999,9.303,6.849644,0.000588,0.00045,-0.002034,-0.000679
11064.924782,9.303,6.666749,0.000587,0.000446,-0.002036,-0.00068
11066.176962,9.303,7.010599,0.000585,0.000443,-0.002032,-0.000683
11068.676617,9.303,6.763641,0.000582,0.000438,-0.002032,-0.000686
11071.192422,9.304,7.266588,0.000578,0.00044,-0.002034,-0.000685
11072.441368,9.304,6.975275,0.000577,0.00044,-0.002037,-0.00069
11074.956977,9.304,6.766138,0.000577,0.000439,-0.002031,-0.00069
11076.206928,9.304,7.1621,0.000574,0.000439,-0.002026,-0.000687
11078.721980999999,9.304,7.331501,0.00058,0.00044,-0.002029,-0.000685
11081.222630999999,9.304,6.886563,0.000573,0.000429,-0.002029,-0.000696
11082.488856999998,9.304,7.350041,0.000567,0.000424,-0.002034,-0.000697
11085.019038999999,9.304,7.224569,0.000563,0.000428,-0.002038,-0.000697
11086.269612,9.304,6.975752,0.000566,0.000427,-0.002037,-0.000698
11088.78488,9.304,7.342285,0.000566,0.000427,-0.002039,-0.000697
11091.301561999999,9.304,6.887148,0.000565,0.000424,-0.002049,-0.000703
11092.550537,9.304,7.348925,0.000566,0.000425,-0.00205,-0.0007
11095.050847999999,9.304,6.819525,0.000569,0.000425,-0.002056,-0.000701
11096.301572999999,9.304,6.494107,0.000566,0.000422,-0.002053,-0.000701
11098.816972999999,9.304,6.893363,0.00055,0.000414,-0.002057,-0.000717
11101.331993,9.304,6.992964,0.000529,0.000393,-0.002059,-0.000735
11102.582139,9.304,6.744995,0.000534,0.000399,-0.002056,-0.000728
11105.098123,9.304,6.677427,0.000547,0.000408,-0.002052,-0.000718
11106.362326999999,9.304,7.158594,0.000552,0.000416,-0.002058,-0.000711
11108.864067999999,9.304,6.522367,0.000545,0.000411,-0.002068,-0.000715
11111.394198,9.304,6.642898,0.000546,0.00041,-0.002063,-0.000715
11112.64368,9.304,7.100905,0.000549,0.000415,-0.002069,-0.000711
11115.175732,9.304,7.289642,0.000552,0.000416,-0.002069,-0.000712
11116.427091,9.304,6.908183,0.000554,0.000414,-0.002063,-0.00072
11118.941680999998,9.304,6.972406,0.000556,0.000416,-0.002069,-0.000719
11120.191364999999,9.304,7.174476,0.000556,0.000415,-0.002064,-0.000718
11122.689742999999,9.304,7.390306,0.000545,0.000404,-0.002066,-0.000724
11125.191671999999,9.304,7.005872,0.000539,0.000401,-0.002064,-0.000727
11126.441996,9.304,6.821809,0.000529,0.000395,-0.002062,-0.000733
11128.9571,9.304,6.856018,0.000521,0.000381,-0.002077,-0.000745
11130.221667,9.304,6.919179,0.000517,0.000376,-0.002072,-0.000751
11132.723682,9.304,6.733363,0.000509,0.000374,-0.002073,-0.000752
11135.238777999999,9.304,6.890707,0.000523,0.000388,-0.002076,-0.000745
11136.489608,9.304,6.792698,0.000522,0.000386,-0.00208,-0.000741
11139.004753,9.304,7.202152,0.000535,0.000393,-0.002082,-0.000741
11140.23872,9.304,7.440717,0.000535,0.000398,-0.002071,-0.000734
11142.754439999999,9.304,7.654846,0.000521,0.00039,-0.002072,-0.00074
11145.270504,9.304,6.824837,0.000522,0.000393,-0.002081,-0.000736
11146.52034,9.304,7.135805,0.000528,0.000392,-0.002081,-0.000736
11149.051521,9.304,7.066961,0.000519,0.000382,-0.002082,-0.000749
11150.300588,9.304,7.134052,0.000519,0.000378,-0.002087,-0.000752
11152.817450999999,9.304,6.785686,0.000532,0.000391,-0.002081,-0.000744
11155.331531,9.304,6.754292,0.000536,0.000404,-0.002076,-0.000725
11156.596349,9.304,7.197106,0.000516,0.000394,-0.002078,-0.000733
11159.097834999999,9.304,6.765075,0.000522,0.000391,-0.002086,-0.000736
11160.346061,9.304,7.166349,0.000524,0.000385,-0.002081,-0.000738
11162.830667999999,9.304,6.998966,0.000523,0.000375,-0.002083,-0.000756
11165.331935999999,9.304,6.824199,0.000502,0.000366,-0.002082,-0.000765
11166.566309,9.304,6.843854,0.000491,0.000359,-0.002082,-0.000767
11169.08108,9.304,6.956948,0.000491,0.000361,-0.002085,-0.000764
11170.331725,9.304,7.047891,0.000493,0.000364,-0.002092,-0.000764
11172.831014,9.304,6.709299,0.00051,0.000382,-0.002086,-0.00075
11175.332220999999,9.304,7.39105,0.00052,0.000389,-0.002073,-0.000741
11175.599384,9.304,7.095965,0.000541,0.000397,-0.002075,-0.000738
11176.846034999999,9.304,7.278328,0.00054,0.0004,-0.002076,-0.000731
11178.112560999998,9.304,6.860109,0.000537,0.000402,-0.002079,-0.000728
11180.612931,9.304,7.461328,0.000527,0.000384,-0.00208,-0.000739
11181.860545,9.304,6.898568,0.000514,0.000375,-0.002091,-0.00075
11184.361535999999,9.304,6.750095,0.000509,0.000374,-0.002084,-0.000754
11186.861567999998,9.304,6.991264,0.000517,0.000383,-0.002083,-0.000739
11188.112372999998,9.304,7.230359,0.000527,0.000391,-0.002087,-0.000732
11190.611276999998,9.304,6.785633,0.000532,0.000395,-0.002082,-0.000727
11191.878659999998,9.304,7.149935,0.000533,0.000391,-0.002079,-0.00073
11194.378681999999,9.304,7.004862,0.000538,0.000393,-0.002077,-0.000723
11196.878392999999,9.304,6.830574,0.000541,0.000387,-0.002075,-0.000728
11198.128046999998,9.304,6.934053,0.000535,0.000383,-0.002075,-0.000732
11200.643109999999,9.304,7.377238,0.000529,0.000378,-0.002081,-0.000738
11201.890985999999,9.304,6.235355,0.000527,0.000374,-0.00208,-0.000739
11204.410423999998,9.304,7.157,0.000533,0.00038,-0.002079,-0.000731
11206.909059,9.303,6.459313,0.000541,0.00038,-0.002073,-0.00073
11208.174486999998,9.302,6.271796,0.000542,0.000381,-0.002071,-0.000726
11210.674608999998,9.301,6.764916,0.000548,0.000384,-0.002069,-0.00072
11211.924495,9.301,6.612141,0.000549,0.000386,-0.002067,-0.000718
11214.440534,9.3,7.066748,0.000556,0.000384,-0.002074,-0.000717
11216.956756999998,9.299,6.342607,0.000557,0.000382,-0.002074,-0.000716
11218.222138,9.298,6.314719,0.000558,0.000382,-0.002074,-0.000715
11220.721322999998,9.297,6.116046,0.00056,0.000381,-0.002069,-0.000712
11221.968783999999,9.297,6.926775,0.000566,0.000383,-0.002073,-0.000712
11224.472552,9.296,5.796473,0.000574,0.000387,-0.00207,-0.000702
11226.971781999999,9.295,5.958225,0.000573,0.000386,-0.002076,-0.000699
11228.236379999998,9.295,6.062129,0.000575,0.000387,-0.002075,-0.000695
11230.753109,9.294,6.202208,0.000585,0.00039,-0.002078,-0.000694
11232.003373999998,9.293,6.421279,0.000583,0.000391,-0.002068,-0.000692
11234.501913999999,9.292,6.198011,0.000579,0.000382,-0.002071,-0.000701
11237.002250999998,9.292,5.657987,0.000575,0.000374,-0.002066,-0.000705
11238.253439999999,9.291,5.764759,0.000577,0.000375,-0.002071,-0.000704
11240.752727,9.29,6.369433,0.000584,0.000374,-0.00207,-0.0007
11242.003370999999,9.29,5.878863,0.000584,0.000374,-0.002069,-0.0007
11244.501643,9.289,5.953391,0.000581,0.00037,-0.002069,-0.000702
11247.002547999999,9.288,6.081624,0.000584,0.000371,-0.002074,-0.000699
11248.253233,9.288,5.649488,0.000584,0.000371,-0.002069,-0.000698
11250.753695,9.286,5.855384,0.000595,0.000376,-0.00207,-0.000691
11252.003230999999,9.286,5.808425,0.000597,0.000376,-0.002073,-0.000689
11254.502537999999,9.285,5.360193,0.000596,0.000374,-0.002072,-0.00069
11257.002642999998,9.284,5.75865,0.000598,0.000371,-0.002071,-0.000687
11258.252730999999,9.284,5.436049,0.000593,0.000363,-0.00207,-0.000694
11260.752551,9.283,5.204283,0.000598,0.000366,-0.002074,-0.000689
11262.003626999998,9.283,5.653525,0.000605,0.000373,-0.002076,-0.000683
11264.518681999998,9.282,5.543034,0.000608,0.000371,-0.002074,-0.000681
11267.018386999998,9.281,5.561945,0.000612,0.000374,-0.002071,-0.000677
11268.268025,9.28,5.425425,0.000618,0.000375,-0.002064,-0.000673
11270.768011999999,9.28,4.850926,0.000631,0.000385,-0.002067,-0.000662
11272.033379999999,9.279,5.43334,0.000634,0.000388,-0.002065,-0.000662
11274.533527,9.278,5.213685,0.000634,0.000381,-0.002065,-0.000667
11277.032932999999,9.277,5.576606,0.000635,0.000381,-0.002062,-0.000664
11278.284387999998,9.277,5.235306,0.000637,0.000381,-0.002055,-0.000661
11280.800455999999,9.276,5.265745,0.000641,0.000381,-0.002062,-0.000656
11282.049916999998,9.276,5.161255,0.000641,0.00038,-0.002065,-0.000654
11284.550645,9.275,5.166339,0.000638,0.000374,-0.002065,-0.000661
11285.800412999999,9.274,5.297723,0.000639,0.000373,-0.002062,-0.000658
11288.299809999999,9.273,5.038058,0.000642,0.000375,-0.002061,-0.000659
11290.799468,9.272,5.306488,0.000647,0.000376,-0.002056,-0.000651
11292.050575,9.272,5.017511,0.000651,0.000377,-0.002059,-0.000653
11294.550567999999,9.271,5.549356,0.00066,0.000381,-0.002058,-0.000647
11295.799299999999,9.27,5.022811,0.00066,0.000381,-0.002051,-0.000643
11298.298969999998,9.269,4.805906,0.000663,0.000381,-0.002058,-0.000641
11300.800400999999,9.268,4.943269,0.000669,0.000384,-0.002056,-0.000634
11302.050361999998,9.268,4.882508,0.000675,0.000387,-0.002051,-0.00063
11304.564425999999,9.267,4.907432,0.000681,0.000386,-0.002058,-0.000632
11305.814153,9.266,4.09567,0.000682,0.000385,-0.002049,-0.000629
11308.315650999999,9.266,4.793847,0.000683,0.000386,-0.002048,-0.000629
11310.815530999998,9.266,4.837047,0.000678,0.000387,-0.002046,-0.00063
11312.064393999999,9.266,4.892137,0.000679,0.000384,-0.002048,-0.000633
11314.566561,9.266,4.89645,0.000676,0.000383,-0.002046,-0.000635
11315.816394,9.266,5.280565,0.000677,0.000387,-0.002053,-0.000632
11318.330552999998,9.266,5.609434,0.000686,0.000395,-0.002051,-0.000628
11320.846250999999,9.266,5.00803,0.000685,0.000397,-0.002043,-0.000624
11322.098138999998,9.266,5.008906,0.000689,0.000398,-0.002049,-0.000624
11324.595608999998,9.266,5.109516,0.000686,0.000396,-0.002048,-0.000627
11325.846117,9.266,5.142823,0.000681,0.000396,-0.00204,-0.000629
11328.346382999998,9.266,5.07435,0.000679,0.000395,-0.002042,-0.000633
11330.845588999999,9.266,4.780127,0.000674,0.000393,-0.002039,-0.000636
11332.095852999999,9.266,4.973758,0.000675,0.000395,-0.002039,-0.000634
11334.612447999998,9.266,5.047206,0.000675,0.0004,-0.002041,-0.00063
11335.861759999998,9.266,4.950543,0.000676,0.0004,-0.002039,-0.000632
11338.362603999998,9.266,5.022451,0.000674,0.000405,-0.00204,-0.000632
11340.877502,9.267,5.520458,0.000672,0.000403,-0.002033,-0.000633
11342.127492,9.267,5.271641,0.000672,0.000408,-0.002034,-0.000631
11344.643025999998,9.268,5.226966,0.00067,0.000411,-0.002036,-0.000631
11345.909909999998,9.268,5.858624,0.000671,0.000412,-0.002035,-0.000629
11348.407867999998,9.269,5.487736,0.00067,0.000416,-0.002032,-0.000626
11350.908501999998,9.27,5.433075,0.000669,0.000416,-0.002034,-0.000629
11352.158548,9.271,5.473127,0.00067,0.000417,-0.002039,-0.000633
11354.658286999998,9.272,5.697933,0.000665,0.000414,-0.002038,-0.000636
11355.908656999998,9.272,5.535756,0.000662,0.000413,-0.002033,-0.000638
11358.405717,9.273,5.475305,0.000658,0.000414,-0.002033,-0.000639
11360.909190999999,9.274,5.300114,0.000661,0.000419,-0.002038,-0.000638
11362.158952999998,9.274,5.507602,0.000662,0.000419,-0.002037,-0.000639
11364.658244999999,9.275,5.500697,0.000656,0.000419,-0.002032,-0.000641
11365.908438999999,9.276,5.83881,0.000653,0.000419,-0.002033,-0.000642
11368.409899999999,9.277,5.416979,0.000651,0.000421,-0.002032,-0.000641
11370.907212999999,9.277,6.145634,0.000648,0.000424,-0.002032,-0.00064
11372.158624999998,9.278,5.688106,0.000649,0.000423,-0.002026,-0.000639
11374.657954999999,9.279,5.872063,0.000647,0.000425,-0.002022,-0.000644
11375.908226999998,9.279,5.95201,0.000644,0.000423,-0.002028,-0.000645
11378.408639999998,9.28,6.213523,0.00064,0.000424,-0.002027,-0.000646
11380.910391,9.281,5.982023,0.000638,0.000422,-0.002031,-0.000651
11382.158605999999,9.281,6.601252,0.000632,0.000421,-0.002023,-0.000652
11384.657366999998,9.282,6.186219,0.000636,0.000426,-0.002023,-0.000652
11385.924286,9.283,6.255276,0.000633,0.000425,-0.002024,-0.000653
11388.424599999998,9.284,6.281145,0.000625,0.000424,-0.002038,-0.000657
11390.940369999998,9.284,6.283801,0.000616,0.000419,-0.002034,-0.000663
11392.190738,9.285,6.228822,0.000612,0.000416,-0.002038,-0.000667
11394.690384,9.286,6.145582,0.000599,0.00041,-0.002038,-0.000677
11395.940132999998,9.286,6.313922,0.000603,0.000412,-0.002042,-0.000675
11398.45611,9.287,6.379845,0.000602,0.000416,-0.002037,-0.000673
11400.987480999998,9.288,6.669033,0.000597,0.000413,-0.002032,-0.000682
11402.236243999998,9.288,6.59238,0.000593,0.000413,-0.002031,-0.000682
11404.752196999998,9.289,6.820163,0.000591,0.000411,-0.002035,-0.000683
11406.002715999999,9.29,6.502182,0.000588,0.000411,-0.002043,-0.000684
11408.504358999999,9.29,6.768953,0.000579,0.000405,-0.002049,-0.000697
11411.003100999998,9.291,6.564173,0.000577,0.000408,-0.002052,-0.000698
11412.253399,9.292,6.943189,0.000577,0.000413,-0.002041,-0.000691
11414.751875999998,9.293,7.023455,0.000572,0.000403,-0.002044,-0.000699
11416.000505999998,9.293,6.573735,0.000574,0.00041,-0.002051,-0.000699
11418.503015999999,9.294,6.911318,0.000567,0.000407,-0.002052,-0.000703
11420.986028,9.295,6.626696,0.000556,0.0004,-0.002044,-0.000712
11422.237975999999,9.295,6.435302,0.000559,0.000405,-0.002055,-0.000711
11424.753058999999,9.296,6.678542,0.000559,0.000407,-0.002041,-0.000707
11426.00241,9.297,7.128315,0.000561,0.00041,-0.002046,-0.000707
11428.503361,9.298,6.210229,0.000544,0.000399,-0.002048,-0.000718
11431.003664999998,9.298,6.680561,0.000549,0.000403,-0.002049,-0.000721
11432.253308999998,9.299,6.923482,0.000545,0.000398,-0.002056,-0.000724
11434.769204999999,9.3,6.483695,0.000532,0.000393,-0.002054,-0.000732
11436.018112999998,9.3,7.164278,0.000528,0.000394,-0.00206,-0.000733
11438.517933,9.301,7.033813,0.000536,0.000402,-0.002054,-0.000728
11441.019473999999,9.302,6.765288,0.000532,0.000401,-0.002056,-0.00073
11442.267694999999,9.303,7.100639,0.000529,0.000403,-0.002047,-0.00073
11444.768108999999,9.304,7.114663,0.00053,0.000399,-0.002052,-0.000738
11446.017963999999,9.304,6.699525,0.000528,0.000399,-0.002062,-0.000739
11448.517808999999,9.305,6.956523,0.000506,0.000388,-0.002061,-0.000751
11451.034563,9.306,7.166987,0.000511,0.000395,-0.002065,-0.000743
11452.283624,9.307,6.861331,0.000516,0.000399,-0.00206,-0.000741
11454.812294999998,9.308,6.471796,0.000511,0.000402,-0.002061,-0.00074
11456.064376999999,9.308,6.899578,0.000506,0.000395,-0.002052,-0.000743
11458.563203999998,9.308,7.461754,0.000507,0.000392,-0.002057,-0.000747
11459.815507,9.308,7.240771,0.00051,0.000396,-0.002065,-0.000744
11462.314836999998,9.308,6.91817,0.000503,0.000392,-0.002054,-0.000746
11464.815641,9.308,7.442842,0.000503,0.000391,-0.002059,-0.000748
11466.065477999999,9.308,7.056284,0.000498,0.000388,-0.002053,-0.000747
11468.580544999999,9.308,7.307065,0.000507,0.000393,-0.002057,-0.000743
11469.829801999998,9.308,7.385047,0.000512,0.000399,-0.002055,-0.000737
11472.330203,9.308,6.934106,0.000518,0.000401,-0.002055,-0.000731
11474.845544999998,9.308,7.237902,0.000509,0.000391,-0.002054,-0.000739
11476.096093999999,9.308,7.139895,0.000522,0.000395,-0.00206,-0.000733
11478.596521999998,9.308,7.162259,0.000529,0.0004,-0.002066,-0.000728
11479.845816,9.308,6.958701,0.000531,0.000396,-0.002061,-0.00073
11482.363196999999,9.308,6.784571,0.000525,0.000393,-0.00206,-0.000729
11484.863736,9.308,6.949564,0.000526,0.000387,-0.002062,-0.000733
11486.112726,9.308,6.390947,0.000534,0.000384,-0.002065,-0.000734
11488.612824999998,9.307,7.113866,0.000544,0.000389,-0.002064,-0.000731
11489.863684999998,9.306,6.284598,0.000537,0.000386,-0.002056,-0.000732
11492.362845999998,9.306,6.624147,0.00053,0.000387,-0.002055,-0.00073
11494.862065,9.305,7.063242,0.000547,0.000397,-0.002061,-0.000716
11496.112619,9.304,6.698515,0.000551,0.0004,-0.002066,-0.000715
11498.613293999999,9.303,7.409536,0.000543,0.000388,-0.002063,-0.000723
11499.862308999998,9.303,6.280667,0.000545,0.000388,-0.002054,-0.000717
11502.362716,9.302,7.063932,0.000547,0.000391,-0.002053,-0.000714
11504.862313999998,9.301,6.300748,0.000545,0.000385,-0.002061,-0.00072
11506.112135999998,9.301,6.401943,0.000544,0.00038,-0.002073,-0.000724
11508.611627999999,9.3,6.453151,0.000547,0.000382,-0.002075,-0.000721
11509.861040999998,9.299,6.469194,0.00055,0.00038,-0.002066,-0.000718
11512.377932999998,9.298,6.329858,0.000553,0.000372,-0.002067,-0.000722
11514.893736999999,9.297,6.238596,0.000556,0.000375,-0.002066,-0.000719
11516.159152999999,9.297,6.603748,0.000566,0.000382,-0.002073,-0.00071
11518.674410999998,9.296,6.354506,0.000567,0.000384,-0.002072,-0.000711
11519.924299999999,9.295,6.032275,0.00056,0.000373,-0.00207,-0.000721
11522.424105999999,9.294,6.459578,0.000568,0.000375,-0.002072,-0.000715
11524.924328,9.294,6.233124,0.00058,0.000386,-0.002079,-0.0007
11526.174785,9.293,6.142872,0.000584,0.00039,-0.002075,-0.000691
11528.690646,9.292,5.53565,0.000587,0.000386,-0.002068,-0.000697
11529.955489999998,9.292,5.916206,0.000591,0.000391,-0.002068,-0.000692
11532.454284999998,9.291,6.061757,0.000604,0.000398,-0.00207,-0.00068
11534.955704999998,9.29,6.359978,0.0006,0.000401,-0.002077,-0.000674
11536.220538,9.289,6.226803,0.000593,0.000395,-0.002074,-0.00068
11538.721368999999,9.288,5.990681,0.000584,0.000375,-0.002074,-0.000695
11539.971248999998,9.288,5.862449,0.000581,0.000372,-0.002071,-0.000699
11542.470419999998,9.287,6.197427,0.000581,0.000372,-0.002063,-0.000698
11544.955557,9.286,5.473712,0.00057,0.000354,-0.002077,-0.000715
11546.220782999999,9.286,6.093576,0.000576,0.000355,-0.002073,-0.000712
11548.737441999998,9.285,5.508612,0.000594,0.00037,-0.002072,-0.000695
11549.986114,9.285,5.752064,0.00059,0.000364,-0.00207,-0.000698
11552.487072999998,9.284,5.556633,0.000594,0.00037,-0.002076,-0.000691
11554.987254999998,9.283,5.921997,0.000584,0.000359,-0.002075,-0.000701
11556.236460999999,9.282,5.664627,0.000579,0.000351,-0.00208,-0.000708
11558.736599999998,9.282,5.662768,0.000589,0.000358,-0.002077,-0.000698
11559.988327,9.281,5.50739,0.000594,0.00036,-0.002071,-0.000693
11562.485940999999,9.28,5.381069,0.000612,0.00037,-0.002073,-0.000683
11564.986556999998,9.279,5.59881,0.000611,0.000369,-0.002076,-0.000682
11566.236335999998,9.279,5.282637,0.000607,0.000356,-0.002074,-0.000691
11568.753063999999,9.278,5.11998,0.0006,0.000356,-0.002082,-0.000689
11570.019240999998,9.277,5.432437,0.000607,0.000362,-0.002077,-0.00068
11572.549562999999,9.277,5.298891,0.000624,0.000366,-0.002079,-0.000671
11575.044865999998,9.276,5.217829,0.000631,0.000374,-0.002082,-0.000664
11576.283934,9.275,5.313659,0.000639,0.000377,-0.002081,-0.000658
11578.799491999998,9.274,5.119228,0.000639,0.000373,-0.002087,-0.000663
11580.050270999998,9.274,5.375811,0.00064,0.000373,-0.002078,-0.000662
11582.548965999998,9.273,4.937985,0.000631,0.000369,-0.002077,-0.000662
11585.049286,9.272,5.037166,0.000631,0.000363,-0.002074,-0.000666
11586.300575,9.272,4.92869,0.000636,0.000363,-0.002079,-0.000665
11588.798357,9.271,5.06601,0.000635,0.00036,-0.002079,-0.000666
11590.049303999998,9.27,5.102612,0.000633,0.000357,-0.002073,-0.000667
11592.550557999999,9.269,4.941131,0.000639,0.000361,-0.002078,-0.000662
11593.800958999998,9.269,4.985759,0.00064,0.000366,-0.002082,-0.000659
11596.330079999998,9.268,5.123009,0.000656,0.000371,-0.002074,-0.00065
11598.830348,9.267,4.382854,0.00066,0.000378,-0.002072,-0.000643
11600.081003,9.267,4.718937,0.000652,0.000365,-0.002071,-0.000655
11602.597230999998,9.266,4.795698,0.000643,0.000361,-0.002069,-0.00066
11603.846081999998,9.266,4.904944,0.000641,0.000357,-0.002068,-0.000661
11606.347273999998,9.266,5.191906,0.000641,0.000355,-0.002074,-0.000666
11608.845487999999,9.266,4.862794,0.000634,0.00035,-0.002081,-0.000672
11610.112689999998,9.266,4.767899,0.000634,0.000351,-0.002078,-0.000669
11612.611686999999,9.266,3.999375,0.000638,0.000355,-0.002072,-0.000666
11613.861174999998,9.266,4.935088,0.000638,0.000357,-0.002079,-0.000667
11616.361556999998,9.266,5.096183,0.000643,0.000361,-0.002081,-0.000666
11618.862710999998,9.266,5.381653,0.000636,0.000358,-0.002083,-0.000667
11620.111750999999,9.266,5.028932,0.000635,0.000358,-0.00208,-0.000667
11622.611824,9.266,4.766652,0.000633,0.000361,-0.002074,-0.00067
11623.861539999998,9.266,5.361362,0.000633,0.000362,-0.002075,-0.000671
11626.393547999998,9.266,4.778483,0.000634,0.000366,-0.002073,-0.000672
11628.893487999998,9.266,5.203698,0.000625,0.000359,-0.002072,-0.000679
11630.144228,9.266,4.81798,0.000619,0.000356,-0.00207,-0.000683
11632.675352999999,9.267,5.520086,0.000627,0.000363,-0.002074,-0.000679
11633.924323,9.267,5.186328,0.000626,0.000366,-0.002075,-0.000676
11636.439596999999,9.268,5.276634,0.000625,0.000368,-0.002076,-0.000674
11638.940535999998,9.269,5.283062,0.000615,0.00036,-0.002073,-0.000687
11640.190443999998,9.27,5.4599,0.000608,0.000356,-0.00207,-0.00069
11642.705570999999,9.27,5.259582,0.000611,0.000361,-0.002077,-0.000686
11643.955402,9.271,5.728,0.000611,0.000367,-0.002071,-0.000682
11646.455219,9.272,5.078493,0.000607,0.000363,-0.002071,-0.000686
11648.956833999999,9.273,5.877429,0.000602,0.000362,-0.002077,-0.00069
11650.221387,9.273,5.412729,0.000598,0.000362,-0.002077,-0.000688
11652.721735,9.274,5.336714,0.000606,0.000371,-0.002076,-0.000691
11653.987603999998,9.275,5.523805,0.0006,0.000368,-0.002077,-0.000695
11656.487317,9.276,6.133151,0.000601,0.00037,-0.002077,-0.000693
11658.986178,9.276,5.569541,0.0006,0.000374,-0.002072,-0.000688
11660.238075999998,9.277,6.073391,0.000597,0.00037,-0.002069,-0.00069
11662.736869999999,9.278,5.623034,0.000596,0.000374,-0.002066,-0.000691
11664.003224999999,9.278,6.238117,0.000595,0.000374,-0.002066,-0.00069
11666.501733,9.279,5.864255,0.000598,0.000382,-0.002072,-0.000688
11669.018570999999,9.28,5.905742,0.000596,0.000383,-0.002061,-0.000691
11670.269336,9.28,6.019951,0.000595,0.000383,-0.002066,-0.000688
11672.767655999998,9.281,5.49156,0.000594,0.000383,-0.002061,-0.00069
11674.019567,9.282,5.9161,0.000592,0.000382,-0.002056,-0.000692
11676.518984999999,9.283,5.869036,0.000588,0.000387,-0.002058,-0.000692
11679.015518999999,9.284,6.116577,0.000594,0.000391,-0.002059,-0.000691
11680.251295999999,9.284,5.920669,0.000593,0.000392,-0.002061,-0.000691
11682.767672999998,9.285,6.159659,0.000589,0.000397,-0.002063,-0.000691
11684.018489999999,9.285,6.231902,0.000589,0.000396,-0.00206,-0.000691
11686.519174,9.286,6.270733,0.000587,0.000397,-0.002057,-0.000692
11689.016923,9.287,5.948185,0.000588,0.000401,-0.00205,-0.00069
11690.268063,9.287,6.245289,0.000586,0.000403,-0.00205,-0.000687
11692.769031999998,9.288,6.263775,0.000591,0.000411,-0.002055,-0.000683
11694.033639,9.289,6.450229,0.000592,0.000414,-0.002057,-0.000683
11696.550420999998,9.29,5.940695,0.00059,0.000413,-0.002048,-0.000684
11699.049742,9.29,6.373895,0.00059,0.000414,-0.00205,-0.000682
11700.314591999999,9.291,6.010549,0.000588,0.000411,-0.002049,-0.000687
11702.813761,9.292,7.008475,0.00058,0.000408,-0.00205,-0.000695
11704.065690999998,9.292,6.202686,0.000579,0.00041,-0.002054,-0.000695
11706.564139999999,9.293,6.661278,0.000579,0.000414,-0.002055,-0.000693
11707.814487,9.294,6.629246,0.000578,0.000414,-0.002046,-0.000691
11710.330559999999,9.294,6.628502,0.000577,0.00041,-0.002047,-0.000696
11712.830439,9.295,7.095645,0.000575,0.000417,-0.00205,-0.000696
11714.080853,9.296,6.50659,0.000574,0.00042,-0.002051,-0.000693
11716.595726999998,9.297,6.728369,0.000567,0.000417,-0.002042,-0.0007
11717.844802,9.297,6.77469,0.000562,0.000416,-0.002038,-0.000699
11720.347054999998,9.298,6.736284,0.000563,0.000419,-0.002041,-0.000699
11722.847306,9.299,6.689113,0.000563,0.00042,-0.00204,-0.0007
11724.097312999998,9.3,6.960188,0.000564,0.000423,-0.002043,-0.0007
11726.613131999999,9.3,6.749352,0.000564,0.000427,-0.00204,-0.0007
11727.861578999999,9.301,6.922154,0.000563,0.000427,-0.00204,-0.000701
11730.360808999998,9.302,6.984571,0.000565,0.000431,-0.002042,-0.000698
11732.862495,9.303,6.708768,0.000566,0.000433,-0.002041,-0.000695
11734.111233999998,9.303,7.170387,0.00057,0.000434,-0.002035,-0.000693
11736.612674999998,9.304,7.350891,0.000571,0.000437,-0.002036,-0.000693
11737.861824999998,9.304,6.984571,0.000569,0.000438,-0.002042,-0.000693
11740.361448999998,9.305,7.213467,0.000568,0.000441,-0.002038,-0.000693
11742.860705,9.306,7.131077,0.000565,0.00044,-0.002034,-0.000695
11744.112818999998,9.307,7.871474,0.000563,0.00044,-0.002034,-0.000699
11746.628122999999,9.308,6.774637,0.000564,0.000441,-0.00204,-0.000698
11747.878074999999,9.308,7.178832,0.000566,0.000441,-0.002034,-0.000695
11750.377654999998,9.308,7.546428,0.000567,0.000445,-0.002033,-0.000693
11752.878555,9.308,6.900534,0.000566,0.000447,-0.002037,-0.00069
11754.128046999998,9.308,7.868764,0.000563,0.000443,-0.002034,-0.000691
11756.627880999999,9.308,7.283799,0.000561,0.000445,-0.002036,-0.000691
11757.893526999998,9.308,6.827653,0.000561,0.000445,-0.002035,-0.000687
11760.393924999998,9.308,7.577344,0.000561,0.000444,-0.002034,-0.000687
11762.907318999998,9.308,6.717745,0.000559,0.00044,-0.002032,-0.000689
11764.158625999999,9.308,7.471528,0.000562,0.000441,-0.002035,-0.000686
11766.674040999998,9.308,7.058037,0.000565,0.000439,-0.002028,-0.000685
11767.925696999999,9.308,7.231422,0.000567,0.000441,-0.002034,-0.000685
11770.424571999998,9.308,7.280718,0.000571,0.000443,-0.00203,-0.000679
11772.923931,9.308,6.528211,0.00058,0.000445,-0.002027,-0.000673
11774.174512999998,9.308,6.777186,0.000586,0.000446,-0.002024,-0.000672
11776.690523999998,9.308,6.477055,0.000587,0.000443,-0.00203,-0.00067
11777.940400999998,9.308,7.169909,0.000588,0.000444,-0.002027,-0.000668
11780.437837,9.307,6.605926,0.000594,0.000447,-0.002023,-0.000663
11782.955489999998,9.306,6.929697,0.0006,0.000446,-0.00202,-0.00066
11784.203473,9.306,7.102445,0.000606,0.000449,-0.002025,-0.000657
11786.706046,9.305,6.81299,0.000605,0.000445,-0.002029,-0.000659
11787.955456999998,9.305,6.610972,0.000605,0.00044,-0.002029,-0.00066
11790.455154,9.304,6.466484,0.000605,0.000444,-0.002028,-0.000656
11792.955499,9.303,6.346857,0.000607,0.000441,-0.002031,-0.000657
11794.206148,9.302,6.181385,0.000604,0.000438,-0.002026,-0.00066
11796.705297999999,9.301,6.73878,0.0006,0.000429,-0.002032,-0.000666
11797.956302999999,9.301,6.467228,0.000594,0.000423,-0.002037,-0.00067
11800.455278999998,9.3,6.522261,0.000594,0.000422,-0.002031,-0.000668
11802.970276999999,9.299,6.415914,0.000596,0.000424,-0.002036,-0.000667
11804.221405999999,9.299,6.533045,0.000597,0.000425,-0.00203,-0.000664
11806.720264999998,9.297,6.434452,0.000598,0.000413,-0.002034,-0.000672
11807.971363999999,9.297,6.009114,0.000595,0.000411,-0.002038,-0.000674
11810.470414999998,9.296,6.801675,0.000595,0.000414,-0.002034,-0.000669
11812.971343,9.295,6.251026,0.000596,0.000412,-0.002044,-0.000671
11814.238575,9.294,6.070682,0.000595,0.00041,-0.002043,-0.000669
11816.738451,9.294,6.165608,0.000602,0.000406,-0.002043,-0.000672
11817.986815999999,9.293,6.216126,0.000598,0.000405,-0.002041,-0.000671
11820.503561999998,9.292,6.026751,0.000607,0.000408,-0.00204,-0.000668
11823.002443,9.291,5.952754,0.000608,0.000407,-0.002038,-0.000667
11824.252924999999,9.291,6.099792,0.000603,0.000403,-0.002041,-0.000669
11826.783323999998,9.29,5.896286,0.000608,0.000402,-0.002044,-0.000667
11828.033457,9.289,6.068079,0.00061,0.000401,-0.002039,-0.000669
11830.534505,9.288,5.828717,0.000603,0.000396,-0.002039,-0.000669
11833.050168999998,9.288,5.75865,0.000606,0.000394,-0.002042,-0.00067
11836.816142999998,9.286,6.053629,0.000624,0.000397,-0.002041,-0.000663
11838.066415,9.286,5.656446,0.000624,0.0004,-0.002049,-0.000659
11840.566143999999,9.285,5.429091,0.000626,0.000401,-0.00205,-0.000656
11841.828612999998,9.285,5.431534,0.000631,0.000408,-0.002045,-0.00065
11844.332117999998,9.284,5.71302,0.000623,0.000395,-0.002041,-0.000659
11846.830133999998,9.283,5.480723,0.000616,0.000384,-0.002061,-0.000664
11848.080359,9.282,5.710736,0.000611,0.000381,-0.00206,-0.000665
11850.580191,9.281,5.583193,0.000625,0.000387,-0.002055,-0.000663
11851.829638,9.281,5.547974,0.00063,0.000392,-0.00206,-0.000658
11854.331289999998,9.28,5.731506,0.000639,0.000397,-0.002054,-0.000651
11856.831024,9.279,5.334801,0.000643,0.000395,-0.002051,-0.000648
11858.096236,9.279,5.605557,0.000646,0.000396,-0.002053,-0.000647
11860.596258,9.278,5.248799,0.00064,0.000392,-0.002054,-0.000649
11861.845319999999,9.278,5.119609,0.000637,0.000386,-0.002062,-0.000656
11864.346091999998,9.277,5.411879,0.000622,0.000367,-0.002063,-0.000669
11866.846649,9.276,4.769352,0.000628,0.000371,-0.002064,-0.000664
11868.096806,9.275,5.106116,0.000621,0.000367,-0.002057,-0.000666
11870.612769,9.274,5.179848,0.000634,0.000376,-0.002056,-0.000656
11871.861610999998,9.274,5.014323,0.000636,0.000376,-0.002055,-0.000658
11874.36193,9.274,5.294429,0.00063,0.000372,-0.002057,-0.000659
11876.861298999998,9.274,4.806786,0.000632,0.000375,-0.002057,-0.000662
11878.113405999999,9.274,5.374535,0.000632,0.000377,-0.00206,-0.000659
11880.612465999999,9.274,5.237961,0.000625,0.000371,-0.002063,-0.000666
11881.861474,9.274,5.601519,0.000627,0.000372,-0.002058,-0.000666
11884.361595999999,9.274,5.314828,0.000622,0.000369,-0.002063,-0.000669
11886.893682999998,9.274,5.027763,0.000621,0.000369,-0.002057,-0.00067
11888.159585,9.274,5.182132,0.000625,0.000371,-0.002064,-0.00067
11890.673671999999,9.274,5.502981,0.000629,0.000374,-0.002058,-0.000673
11891.940089,9.274,5.253633,0.000629,0.000375,-0.00206,-0.000674
11894.455528999999,9.274,5.318122,0.000626,0.000379,-0.00206,-0.00067
11896.98664,9.274,5.273978,0.000609,0.000365,-0.002063,-0.000687
11898.252385999998,9.274,5.438652,0.000603,0.000363,-0.002067,-0.000692
11900.751793999998,9.274,5.957959,0.000608,0.000371,-0.002067,-0.000687
11902.01752,9.274,5.505212,0.000604,0.000368,-0.002064,-0.000688
11904.518429999998,9.274,5.654162,0.000582,0.00035,-0.002068,-0.000706
11907.018208999998,9.275,5.626752,0.000588,0.00036,-0.002071,-0.000698
11908.267494999998,9.276,6.00529,0.000586,0.00036,-0.002073,-0.000699
11910.768650999998,9.276,5.545265,0.000586,0.000365,-0.002073,-0.000696
11912.018535,9.277,5.472968,0.000587,0.000367,-0.002069,-0.000697
11914.535120999999,9.278,5.68885,0.000579,0.000363,-0.002072,-0.000703
11917.033474999998,9.278,6.095595,0.000573,0.000358,-0.002075,-0.000712
11918.283024999999,9.279,5.774322,0.000569,0.000358,-0.002073,-0.000711
11920.800549999998,9.28,5.926246,0.000575,0.000363,-0.002069,-0.00071
11922.050733999999,9.28,5.906432,0.000576,0.000369,-0.002067,-0.000703
11924.565600999998,9.281,6.202633,0.000589,0.000383,-0.002065,-0.000691
11925.831447999999,9.282,6.019208,0.000593,0.000386,-0.002064,-0.000693
11928.330675,9.283,6.15594,0.000576,0.00037,-0.002059,-0.00071
11930.847385,9.284,5.841944,0.00056,0.000363,-0.002073,-0.000719
11932.097269999998,9.284,6.770281,0.000556,0.000363,-0.002067,-0.000718
11934.613511,9.285,6.290069,0.00057,0.000372,-0.002066,-0.000712
11935.859613999999,9.285,6.24497,0.000581,0.00038,-0.00207,-0.000708
11938.378010999999,9.286,6.252142,0.000576,0.000383,-0.002069,-0.000705
11940.876917999998,9.287,6.24821,0.000573,0.000389,-0.002071,-0.000698
11942.128569999999,9.288,6.261331,0.000577,0.000396,-0.002077,-0.000692
11944.628209999999,9.288,6.431318,0.000576,0.000394,-0.00208,-0.000698
11945.878563999999,9.289,6.286404,0.000566,0.000383,-0.002077,-0.000712
11948.392461,9.29,6.359659,0.000564,0.000387,-0.002076,-0.000713
11950.908113,9.291,6.738887,0.000567,0.000397,-0.002076,-0.000705
11952.158395999999,9.291,6.388291,0.00056,0.000388,-0.002076,-0.000711
11954.658785999998,9.292,6.165449,0.000553,0.000382,-0.002078,-0.00072
11955.908408,9.292,6.493469,0.000555,0.000387,-0.002077,-0.000717
11958.423792999998,9.293,6.667758,0.000547,0.000384,-0.002077,-0.000727
11960.924125999998,9.294,6.231478,0.000534,0.000378,-0.002077,-0.000733
11962.17398,9.294,7.037957,0.000544,0.000384,-0.002079,-0.000728
11964.674436999998,9.295,7.118435,0.000532,0.000371,-0.002082,-0.000748
11965.924665999999,9.296,7.071369,0.000524,0.00037,-0.002077,-0.000746
11968.440401999998,9.297,7.297026,0.000519,0.000372,-0.002078,-0.000749
11970.939870999999,9.298,6.645819,0.000518,0.000378,-0.002088,-0.000747
11972.190695999998,9.298,6.677427,0.000516,0.000373,-0.002086,-0.000755
11974.705408999998,9.299,6.628662,0.000512,0.000367,-0.002088,-0.00076
11975.968502999998,9.3,7.005394,0.000512,0.000372,-0.002086,-0.000755
11978.470013999999,9.3,6.884279,0.00053,0.00039,-0.002084,-0.000738
11980.971701999999,9.301,6.984996,0.000531,0.000398,-0.002081,-0.000729
11982.236883999998,9.302,7.604966,0.000529,0.000398,-0.002078,-0.000729
11984.753542999999,9.302,7.099311,0.000523,0.000393,-0.002087,-0.000736
11986.003260999998,9.302,6.926191,0.000522,0.00039,-0.002086,-0.000742
11988.502482999998,9.302,6.95902,0.000523,0.000395,-0.002088,-0.000738
11991.018492,9.303,7.032804,0.000526,0.0004,-0.002087,-0.000731
11992.283247,9.303,6.66064,0.000527,0.000401,-0.002078,-0.000726
11994.801387999998,9.303,6.789511,0.000531,0.000404,-0.002081,-0.000721
11996.048891999999,9.303,6.823987,0.000531,0.000401,-0.002077,-0.000729
11998.563901999998,9.303,6.689166,0.000528,0.000401,-0.002077,-0.00073
12001.065475,9.303,6.398968,0.000531,0.000401,-0.002081,-0.000722
12002.315482999998,9.303,6.656231,0.000526,0.000394,-0.002092,-0.000723
12004.831215999999,9.303,6.774796,0.000533,0.000394,-0.002086,-0.000722
12006.080562,9.303,6.516789,0.000537,0.000395,-0.002084,-0.00072
12008.579785999998,9.303,6.793017,0.000539,0.000394,-0.002079,-0.000724
12009.831076999999,9.303,7.204118,0.000543,0.000397,-0.002082,-0.00072
12012.330413,9.303,6.748289,0.000547,0.000397,-0.002077,-0.00072
12014.829716999999,9.303,7.047625,0.00055,0.000393,-0.002077,-0.000719
12016.078123,9.303,6.818091,0.000553,0.000395,-0.002068,-0.000713
12018.580440999998,9.302,6.47509,0.000562,0.000397,-0.002066,-0.000709
12019.830332,9.302,6.630096,0.000559,0.000394,-0.002076,-0.000715
12022.329918999998,9.301,6.475674,0.000545,0.000383,-0.002075,-0.000721
12026.080130999999,9.3,6.321571,0.000551,0.000389,-0.002069,-0.000712
12028.596001999998,9.299,6.487467,0.000559,0.000394,-0.002063,-0.000705
12029.84738,9.298,6.114931,0.000565,0.0004,-0.002062,-0.000699
12032.347569999998,9.297,6.927253,0.000575,0.000397,-0.00206,-0.000696
12034.861239999998,9.296,6.595886,0.000583,0.000401,-0.002067,-0.000691
12036.111803999998,9.296,6.5357,0.000583,0.000399,-0.002065,-0.000689
12038.611638999999,9.295,6.407361,0.000586,0.000402,-0.00206,-0.000683
12039.862888999998,9.294,6.281623,0.000588,0.000403,-0.002059,-0.000681
12042.362045999998,9.293,6.276949,0.000593,0.000404,-0.002056,-0.000678
12044.862404999998,9.293,6.210866,0.0006,0.000406,-0.002054,-0.000675
12046.111391999999,9.292,6.021916,0.000602,0.00041,-0.00206,-0.000674
12048.613608999998,9.291,6.054799,0.000608,0.000409,-0.002059,-0.000674
12049.863700999998,9.291,6.003059,0.000608,0.000405,-0.00205,-0.000672
12052.361791,9.29,5.178679,0.000612,0.000406,-0.002057,-0.00067
12054.876739,9.289,5.814747,0.000618,0.000408,-0.002049,-0.000665
12056.128830999998,9.288,5.661121,0.000618,0.000409,-0.002053,-0.000666
12058.660961,9.287,6.391053,0.000625,0.000408,-0.002054,-0.000663
12059.907630999998,9.287,5.414589,0.000628,0.000407,-0.002052,-0.000662
12062.408898999998,9.286,5.938305,0.00063,0.000411,-0.002055,-0.000656
12064.925113999998,9.286,5.618784,0.000621,0.000404,-0.002055,-0.000659
12066.174369999999,9.285,6.046936,0.000624,0.000404,-0.002058,-0.000661
12068.673961999999,9.284,5.448213,0.000624,0.000401,-0.002055,-0.000657
12069.940390999998,9.284,5.81294,0.000628,0.000406,-0.002051,-0.000652
12072.439384,9.283,5.513605,0.000641,0.000409,-0.00205,-0.000648
12074.956329999999,9.282,5.493844,0.000647,0.000411,-0.002055,-0.000645
12078.705446999998,9.28,5.661333,0.000647,0.000409,-0.002052,-0.000642
12079.955992,9.28,5.383141,0.00065,0.000408,-0.002054,-0.000642
12082.45676,9.279,5.650869,0.000655,0.000407,-0.002053,-0.000639
12084.954506999999,9.278,5.147232,0.000652,0.000406,-0.002046,-0.000637
12086.20726,9.278,5.302132,0.000658,0.000407,-0.002051,-0.000636
12088.705292999999,9.277,5.362796,0.000666,0.000412,-0.002053,-0.000633
12089.956494999999,9.277,5.192809,0.000668,0.000412,-0.002047,-0.000629
12092.455262,9.276,5.129955,0.000669,0.000411,-0.002047,-0.000627
12094.955354999998,9.275,5.231657,0.000683,0.000413,-0.002052,-0.000625
12096.205772999998,9.274,5.23164,0.000683,0.000413,-0.002049,-0.000621
12098.720339,9.273,5.15334,0.000689,0.000415,-0.002055,-0.000614
12099.971416999999,9.273,5.14185,0.000692,0.000416,-0.002053,-0.000611
12102.486355,9.272,4.762307,0.0007,0.000419,-0.002052,-0.000605
12104.986431999998,9.271,5.113234,0.000704,0.000416,-0.00205,-0.000604
12106.251647,9.27,5.033713,0.000704,0.000417,-0.002056,-0.000605
12108.752983999999,9.27,5.327152,0.000702,0.000417,-0.002054,-0.000608
12110.018788999998,9.269,5.251212,0.000692,0.000414,-0.002049,-0.000608
12112.550568999999,9.268,5.207099,0.00069,0.000406,-0.002042,-0.000615
12115.048615,9.267,5.079822,0.000696,0.000407,-0.002037,-0.00061
12116.298599999998,9.267,5.17666,0.000695,0.000409,-0.002042,-0.00061
12118.799081,9.266,4.750179,0.000697,0.000405,-0.00204,-0.000612
12120.050989,9.265,4.822193,0.000699,0.000406,-0.002045,-0.00061
12122.550362999998,9.264,4.463377,0.000702,0.000406,-0.002046,-0.000605
12125.050890999999,9.264,4.86855,0.000698,0.000407,-0.002046,-0.000606
12126.300979,9.264,5.281309,0.000698,0.000405,-0.00204,-0.000609
12128.800110999999,9.264,4.343569,0.000696,0.000403,-0.002042,-0.000611
12130.048469,9.264,4.794515,0.000698,0.000407,-0.002046,-0.000608
12132.549554,9.264,4.546197,0.0007,0.000406,-0.002042,-0.00061
12135.064557999998,9.264,4.669417,0.000705,0.000408,-0.002043,-0.000613
12136.330150999998,9.264,4.722974,0.000702,0.000405,-0.002042,-0.000617
12138.830084,9.263,4.729531,0.000693,0.000399,-0.002033,-0.000622
12140.080579,9.263,4.925741,0.000698,0.000401,-0.002039,-0.000622
12142.610996,9.263,4.788801,0.000697,0.000403,-0.002036,-0.000621
12143.862577999998,9.263,5.063726,0.0007,0.000404,-0.002044,-0.000624
12146.378084999998,9.263,4.797348,0.000701,0.000405,-0.002047,-0.000618
12148.877422,9.263,5.368697,0.0007,0.00041,-0.002037,-0.000616
12150.127357999998,9.263,5.111216,0.000699,0.000412,-0.002037,-0.000617
12152.628794999999,9.263,4.999956,0.000695,0.000413,-0.002031,-0.00062
12153.878412999999,9.263,5.207523,0.000695,0.000412,-0.002031,-0.000621
12156.378798999998,9.264,4.973223,0.000693,0.000411,-0.002036,-0.000625
12158.877956999999,9.264,5.338765,0.000691,0.000413,-0.002039,-0.000627
12160.142419999998,9.264,4.909708,0.000693,0.000416,-0.00204,-0.000627
12162.644578,9.265,5.248215,0.000695,0.000421,-0.002038,-0.000622
12163.892843999998,9.266,5.112703,0.000693,0.000423,-0.002039,-0.000621
12166.408172999998,9.267,5.570763,0.000688,0.000423,-0.002031,-0.000624
12168.909386,9.268,5.08099,0.00068,0.00042,-0.002031,-0.000626
12170.159171,9.268,5.180219,0.000681,0.000421,-0.002042,-0.000628
12172.658430999998,9.269,4.995696,0.00067,0.000419,-0.002041,-0.000635
12173.924457,9.269,5.535172,0.000667,0.000418,-0.002032,-0.000636
12176.424575,9.27,5.518864,0.000671,0.000422,-0.002038,-0.000629
12178.940336999998,9.271,5.421547,0.000668,0.000423,-0.002028,-0.00063
12180.190413999999,9.272,6.047839,0.000667,0.000423,-0.002034,-0.000629
12182.689854999999,9.272,5.743352,0.000663,0.000427,-0.002032,-0.000627
12183.939674,9.273,5.58229,0.00066,0.000427,-0.002026,-0.000628
12186.441469,9.274,5.649966,0.00066,0.000426,-0.002022,-0.00063
12188.94027,9.275,5.698624,0.000654,0.000428,-0.002022,-0.000631
12190.191496999998,9.275,5.849646,0.000654,0.000428,-0.002026,-0.000635
12192.689573,9.276,5.7263,0.00065,0.000428,-0.002031,-0.000637
12193.954607999998,9.277,6.077799,0.000646,0.000428,-0.002023,-0.000637
12196.471399999999,9.277,5.624681,0.000646,0.00043,-0.002027,-0.00064
12198.970275,9.278,5.895224,0.000645,0.00043,-0.002031,-0.000638
12200.221472,9.279,5.883591,0.000646,0.000431,-0.002031,-0.000639
12202.736404,9.28,5.815862,0.000645,0.000435,-0.002032,-0.00064
12203.986071,9.28,6.113922,0.000646,0.000434,-0.002029,-0.000641
12206.486207999998,9.281,5.932992,0.000647,0.000436,-0.002026,-0.000643
12208.987772999999,9.282,6.032488,0.000646,0.000437,-0.002029,-0.000639
12210.253329,9.282,5.723697,0.000643,0.000436,-0.002029,-0.000645
12212.753472999999,9.283,6.030416,0.000631,0.000436,-0.002029,-0.000651
12214.003154999999,9.284,5.973736,0.000624,0.000432,-0.002025,-0.000653
12216.502701999998,9.285,6.407468,0.000625,0.000432,-0.002027,-0.000654
12219.003448999998,9.285,5.990256,0.00063,0.000436,-0.002031,-0.000652
12220.252830999998,9.286,5.9927,0.000628,0.000439,-0.002028,-0.000651
12222.76782,9.287,6.272593,0.000624,0.000439,-0.002029,-0.000655
12224.018438,9.287,6.213523,0.000619,0.000434,-0.002029,-0.000662
12226.517569999998,9.288,6.183032,0.000611,0.000434,-0.002027,-0.000664
12229.018192,9.289,6.404333,0.000609,0.000437,-0.00203,-0.000663
12230.269086999999,9.289,6.515727,0.000608,0.000439,-0.002036,-0.00066
12232.785312999998,9.29,7.130599,0.000605,0.000437,-0.002031,-0.000663
12236.550194,9.292,7.392909,0.00061,0.000443,-0.002033,-0.000659
12239.049286999998,9.292,6.824677,0.000612,0.000446,-0.002033,-0.000658
12240.298894999998,9.293,6.424148,0.00061,0.000448,-0.002027,-0.000659
12242.800385999999,9.294,6.484971,0.000605,0.000448,-0.002031,-0.000661
12244.049793999999,9.294,6.744995,0.000602,0.000447,-0.002034,-0.000663
12246.549664999999,9.295,7.034238,0.000602,0.000446,-0.002033,-0.000668
12249.049916999998,9.296,6.518808,0.000594,0.000443,-0.002032,-0.000672
12250.299390999999,9.296,7.113335,0.000591,0.000443,-0.002026,-0.000674
12252.800442,9.297,7.239603,0.000585,0.000442,-0.002024,-0.000675
12254.064196,9.298,6.455542,0.000583,0.000444,-0.002021,-0.000675
12256.564295999999,9.299,6.926457,0.000579,0.000439,-0.002025,-0.000683
12259.066061,9.3,6.467653,0.00056,0.000426,-0.002033,-0.000701
12260.315848999999,9.3,7.326455,0.000552,0.000421,-0.002038,-0.000705
12262.81448,9.301,6.558542,0.000548,0.000425,-0.002041,-0.000705
12264.065446999999,9.301,6.885448,0.00055,0.000427,-0.002043,-0.000704
12266.597321,9.302,7.161887,0.00055,0.000428,-0.00204,-0.000704
12267.861326999999,9.303,6.917001,0.00054,0.00042,-0.002041,-0.000713
12270.361696999998,9.304,6.973628,0.000532,0.000414,-0.002051,-0.000723
12272.863272999999,9.304,6.677002,0.000524,0.00041,-0.002046,-0.000727
12274.1292,9.305,7.028501,0.000509,0.000403,-0.002056,-0.000735
12276.627464,9.306,6.854531,0.000505,0.000401,-0.002059,-0.000742
12277.878528,9.307,7.004969,0.000504,0.000402,-0.002058,-0.00074
12280.376940999999,9.308,7.908392,0.000503,0.000406,-0.00205,-0.000741
12282.893117,9.308,7.320984,0.000493,0.000397,-0.002061,-0.000751
12284.144181999998,9.308,7.365233,0.000486,0.000388,-0.002062,-0.000759
12286.658462,9.308,7.286189,0.0005,0.000399,-0.002062,-0.000745
12287.908314999999,9.308,7.394875,0.000505,0.000403,-0.002059,-0.000742
12290.424903,9.308,7.243905,0.000494,0.000391,-0.002049,-0.000755
12292.940770999998,9.308,7.532935,0.000496,0.000392,-0.002062,-0.000752
12294.206156999999,9.308,7.233122,0.000498,0.000393,-0.002063,-0.000749
12296.706293,9.308,7.009272,0.000505,0.000398,-0.002055,-0.000739
12297.955654,9.309,7.11291,0.000511,0.0004,-0.002061,-0.000737
12300.456315999998,9.309,7.069988,0.000496,0.000389,-0.002066,-0.000751
12302.955741999998,9.309,7.006828,0.000498,0.000389,-0.002067,-0.000745
12304.221306999998,9.309,6.892353,0.000512,0.000399,-0.002071,-0.000736
12306.721791999998,9.309,6.943243,0.000515,0.000388,-0.002057,-0.000747
12307.986422999998,9.309,6.932884,0.000504,0.000381,-0.002067,-0.000749
12310.488603999998,9.309,6.756523,0.000482,0.000366,-0.002069,-0.000761
12313.002541999998,9.309,6.592486,0.000498,0.000381,-0.002071,-0.000746
12314.253512,9.309,7.022286,0.00051,0.000386,-0.002064,-0.000737
12316.767939,9.308,6.440243,0.000523,0.000386,-0.002074,-0.000731
12318.017558999998,9.308,6.869989,0.00052,0.00038,-0.002073,-0.000736
12320.511923999999,9.307,6.646244,0.000531,0.00039,-0.002079,-0.000729
12323.018624999999,9.306,6.382872,0.000533,0.000395,-0.002079,-0.00072
12324.282925,9.305,6.158277,0.000535,0.000391,-0.002076,-0.000718
12326.799685999998,9.304,6.671423,0.00054,0.00039,-0.00208,-0.000722
12328.050382999998,9.304,6.634345,0.000541,0.000384,-0.002083,-0.000727
12330.550422999999,9.304,6.316206,0.000526,0.00037,-0.002079,-0.00074
12333.066393,9.302,6.404333,0.000532,0.000374,-0.002069,-0.000729
12334.316299999999,9.301,6.386166,0.000537,0.000378,-0.002069,-0.000725
12336.813653,9.301,7.014531,0.000544,0.000385,-0.002067,-0.000714
12338.065407999999,9.3,6.322262,0.000541,0.000386,-0.002073,-0.000716
12340.564911,9.299,6.624412,0.000559,0.00039,-0.002071,-0.000714
12343.081660999998,9.298,6.336392,0.000563,0.000395,-0.002068,-0.000702
12344.330176999998,9.298,5.956738,0.00056,0.000389,-0.002074,-0.000704
12346.830665,9.297,6.281358,0.000572,0.000389,-0.002075,-0.0007
12348.097563,9.296,6.383085,0.000573,0.00039,-0.00208,-0.000694
12350.612317,9.295,5.959978,0.000563,0.000373,-0.002087,-0.000723
12351.863317,9.295,6.320509,0.000564,0.000377,-0.002083,-0.000719
12354.392775999999,9.294,6.315569,0.000574,0.000388,-0.002081,-0.000697
12356.908516,9.293,6.097826,0.000576,0.000387,-0.002081,-0.000692
12358.158464999999,9.293,5.998703,0.000574,0.000379,-0.002078,-0.000697
12360.674587999998,9.292,5.936765,0.000583,0.000388,-0.002083,-0.000693
12361.924889999998,9.291,5.643113,0.000583,0.00039,-0.00208,-0.000686
12364.423843999999,9.29,5.967096,0.00059,0.000389,-0.002082,-0.000687
12366.923819999998,9.289,5.840829,0.000582,0.000386,-0.002088,-0.000685
12368.175275999998,9.289,6.158968,0.000583,0.000382,-0.002086,-0.00069
12370.674909999998,9.288,6.13501,0.000579,0.000374,-0.002082,-0.000692
12371.924776999998,9.288,5.980111,0.000579,0.000377,-0.002091,-0.000693
12374.424431,9.287,6.417985,0.000591,0.000378,-0.002091,-0.000689
12376.923824,9.286,5.653738,0.000597,0.000386,-0.002087,-0.000679
12378.190548999999,9.285,5.514455,0.000595,0.000386,-0.002085,-0.000678
12380.6904,9.285,5.455916,0.000594,0.000379,-0.002085,-0.000683
12381.95517,9.284,6.173736,0.000602,0.000381,-0.002082,-0.000679
12384.455439,9.284,5.711798,0.000611,0.000387,-0.002085,-0.000669
12386.956323999999,9.283,5.987069,0.000617,0.000382,-0.002087,-0.000675
12388.206489999999,9.282,5.627762,0.000618,0.000384,-0.002084,-0.000671
12390.736442999998,9.281,5.690178,0.000616,0.000382,-0.002083,-0.00067
12391.986534,9.281,5.368745,0.000613,0.000378,-0.002076,-0.000674
12394.485526999999,9.28,5.400086,0.000614,0.00038,-0.002083,-0.000668
12396.98835,9.279,5.158865,0.000616,0.000379,-0.002077,-0.000668
12398.237791999998,9.279,5.288587,0.000617,0.00038,-0.002078,-0.00066
12400.752412999998,9.278,5.377617,0.000618,0.000379,-0.002075,-0.000662
12402.002894,9.277,5.620325,0.000618,0.000372,-0.002078,-0.000669
12404.518558,9.277,5.007473,0.000619,0.000371,-0.002082,-0.00067
12407.034071999999,9.276,5.336235,0.000613,0.000365,-0.002076,-0.000672
12408.283941999998,9.275,5.27265,0.000615,0.000363,-0.002072,-0.000673
12410.800457999998,9.274,5.596367,0.000613,0.00036,-0.002067,-0.000676
12412.050205999998,9.273,5.135439,0.000619,0.000362,-0.002072,-0.000673
12414.56548,9.272,4.855711,0.000616,0.000356,-0.002072,-0.000673
12417.080292999999,9.272,4.741404,0.000615,0.000353,-0.002076,-0.000672
12418.346915999999,9.271,5.00828,0.000619,0.000357,-0.002079,-0.000671
12420.861023,9.27,5.189674,0.000627,0.00036,-0.002078,-0.000665
12422.111512999998,9.27,5.092155,0.000634,0.000365,-0.002077,-0.00066
12424.627325,9.269,5.100219,0.000636,0.000364,-0.002073,-0.000661
12425.878410999998,9.268,4.999839,0.000639,0.000363,-0.002075,-0.00066
12428.394416,9.268,4.924329,0.000636,0.00036,-0.00207,-0.000663
12432.142775999999,9.267,4.761426,0.000642,0.000361,-0.002069,-0.000655
12434.660119999999,9.265,4.697392,0.000646,0.000359,-0.00207,-0.000653
12435.908211999998,9.265,4.566522,0.000648,0.000361,-0.002076,-0.000652
12438.409439,9.264,4.727887,0.000645,0.000358,-0.00208,-0.000653
12440.908581,9.263,4.585791,0.000644,0.000354,-0.002085,-0.000659
12442.173867,9.263,4.941497,0.00064,0.000351,-0.002083,-0.000661
12444.690556999998,9.263,4.728184,0.000642,0.000357,-0.002086,-0.000658
12445.955541,9.263,4.65347,0.000643,0.000359,-0.002079,-0.000657
12448.455027999998,9.263,4.955291,0.000646,0.00036,-0.002076,-0.000657
12450.956661999999,9.263,4.795136,0.000643,0.000358,-0.002071,-0.000659
12452.206141999999,9.263,5.089861,0.000649,0.000359,-0.002076,-0.00066
12454.705409999999,9.263,4.923374,0.000644,0.000358,-0.002076,-0.000666
12455.956130999999,9.263,5.176235,0.00064,0.000358,-0.002069,-0.000663
12458.454886999998,9.263,4.901416,0.000646,0.000363,-0.002066,-0.000661
12460.956302999999,9.263,4.833387,0.00064,0.000361,-0.002068,-0.000665
12462.206997,9.263,5.444973,0.000637,0.000361,-0.002069,-0.000668
12464.722139999998,9.263,5.113022,0.000637,0.000362,-0.002066,-0.000667
12465.971215999998,9.263,5.634667,0.000638,0.000366,-0.002071,-0.000664
12468.470545999999,9.263,5.018149,0.000638,0.000365,-0.002065,-0.000664
12471.004300999999,9.263,5.252677,0.000641,0.000374,-0.002063,-0.00066
12472.252260999998,9.263,5.256449,0.000642,0.000381,-0.002064,-0.000659
12474.768794999998,9.264,5.571559,0.000645,0.000384,-0.002065,-0.000657
12476.033392,9.265,5.237643,0.000648,0.000383,-0.002063,-0.000658
12478.533769999998,9.266,5.181973,0.00064,0.00038,-0.002062,-0.000662
12481.051049999998,9.267,5.006356,0.000642,0.000385,-0.002062,-0.000661
12482.300577999998,9.267,5.572304,0.000641,0.000387,-0.002064,-0.00066
12484.798406999998,9.268,5.185265,0.000631,0.000383,-0.002056,-0.000665
12486.050415999998,9.268,5.3484,0.000631,0.000386,-0.002058,-0.000664
12488.550340999998,9.269,5.480405,0.00063,0.000383,-0.002056,-0.000665
12491.050158999999,9.27,5.692887,0.000627,0.000384,-0.002054,-0.000664
12492.300550999998,9.271,5.120512,0.000627,0.000385,-0.00206,-0.000668
12494.815169999998,9.272,5.453366,0.000624,0.000388,-0.00206,-0.000666
12496.066748,9.272,5.586486,0.00062,0.000387,-0.002062,-0.000669
12498.565306999999,9.273,5.359662,0.000621,0.00039,-0.002059,-0.000667
12501.065641999998,9.274,5.449329,0.000624,0.000394,-0.002056,-0.000665
12502.329553999998,9.275,5.527098,0.000623,0.000394,-0.002056,-0.000667
12504.830446999998,9.276,5.585584,0.000621,0.000396,-0.002052,-0.00067
12506.081306999999,9.276,5.572834,0.00062,0.000397,-0.002055,-0.000668
12508.596155,9.277,5.512914,0.000617,0.000398,-0.002045,-0.000669
12511.111339,9.278,6.38096,0.000616,0.000399,-0.002045,-0.000671
12512.363186999999,9.278,6.088318,0.000615,0.0004,-0.002051,-0.00067
12514.878960999999,9.279,6.336339,0.000609,0.0004,-0.002046,-0.000672
12516.127471999998,9.279,5.997216,0.000609,0.000402,-0.002046,-0.000672
12518.626495999999,9.28,6.203961,0.000609,0.000407,-0.002048,-0.000666
12519.87826,9.281,5.982129,0.00061,0.000408,-0.002044,-0.000667
12522.377878,9.282,6.232009,0.000606,0.000405,-0.002041,-0.000674
12524.892899999999,9.283,6.040881,0.000608,0.000407,-0.002045,-0.000672
12526.143673999999,9.283,6.269459,0.000608,0.00041,-0.002045,-0.000671
12528.658236,9.284,6.192274,0.000602,0.000411,-0.00204,-0.000673
12529.908666,9.284,6.161836,0.000602,0.000413,-0.002045,-0.000671
12532.408953999999,9.285,6.056498,0.000598,0.000411,-0.002044,-0.000678
12534.924407999999,9.286,6.16821,0.000593,0.000409,-0.002046,-0.000679
12536.19039,9.286,5.816234,0.000593,0.000411,-0.002044,-0.000679
12538.705635999999,9.287,6.316206,0.000595,0.000416,-0.002045,-0.000679
12539.971067999999,9.288,6.310522,0.000592,0.000416,-0.002045,-0.000678
12542.471254999999,9.289,6.220375,0.000591,0.000419,-0.00204,-0.00068
12544.971528999999,9.29,6.767412,0.000589,0.00042,-0.002045,-0.000679
12546.237646999998,9.29,6.208742,0.00059,0.000422,-0.002044,-0.000678
12548.753378999998,9.291,6.277692,0.000589,0.000425,-0.002038,-0.00068
12550.002253999999,9.291,6.675886,0.000591,0.000424,-0.002042,-0.000679
12552.503722999998,9.292,6.640932,0.000586,0.000424,-0.002043,-0.000681
12555.003141999998,9.293,6.305954,0.000583,0.000425,-0.002044,-0.000683
12556.251666999999,9.294,6.623349,0.000581,0.000425,-0.002038,-0.000684
12558.768122999998,9.294,7.127625,0.000578,0.000425,-0.00204,-0.000685
12560.018783,9.295,7.387438,0.000579,0.000429,-0.002042,-0.000683
12562.534989,9.296,6.715302,0.000574,0.000432,-0.002032,-0.000683
12565.033368999999,9.297,6.745262,0.000577,0.000435,-0.002029,-0.000681
12566.282539999998,9.297,6.823775,0.000579,0.000437,-0.002033,-0.000683
12568.784980999999,9.298,6.535435,0.00058,0.000438,-0.002034,-0.000683
12570.033645999998,9.298,6.402793,0.000579,0.00044,-0.002032,-0.000684
12572.533764999998,9.299,6.804278,0.000584,0.000442,-0.002027,-0.000682
12575.049490999998,9.3,6.469353,0.000591,0.000449,-0.002034,-0.000677
12576.300270999998,9.301,7.412829,0.00059,0.00045,-0.002025,-0.000674
12578.800404999998,9.302,6.949564,0.000587,0.000449,-0.002025,-0.000679
12580.051232999998,9.302,7.082631,0.000587,0.000452,-0.002033,-0.000678
12582.550396999999,9.303,6.960029,0.000575,0.000448,-0.002033,-0.000684
12585.049767999999,9.304,7.336495,0.000572,0.000445,-0.002034,-0.000686
12586.315519999998,9.304,6.788023,0.000568,0.000444,-0.002035,-0.000687
12588.845879999999,9.304,6.908768,0.000566,0.000443,-0.002041,-0.00069
12590.097136999999,9.304,7.26526,0.000558,0.000437,-0.002039,-0.000695
12592.596242,9.304,6.658143,0.000554,0.000434,-0.002041,-0.000699
12595.111694,9.304,7.079231,0.000555,0.000434,-0.002039,-0.000698
12596.377862999998,9.304,6.697718,0.000553,0.000434,-0.002036,-0.000697
12598.878411999998,9.304,6.973149,0.000543,0.000424,-0.002044,-0.00071
12600.143483999998,9.304,6.811609,0.000543,0.000424,-0.002039,-0.000709
12602.643245,9.304,6.617294,0.000543,0.000426,-0.002042,-0.000709
12603.893344999999,9.304,6.697612,0.000547,0.000427,-0.002041,-0.000706
12606.408171,9.304,7.029829,0.000529,0.000412,-0.00205,-0.000723
12608.909260999999,9.304,7.200452,0.00053,0.000414,-0.00205,-0.000721
12610.159507999999,9.304,7.352431,0.000535,0.000416,-0.002048,-0.000719
12612.658995999998,9.304,6.895168,0.000524,0.000407,-0.002044,-0.000725
12613.908338999998,9.304,7.756572,0.000529,0.000412,-0.00205,-0.000724
12616.407737,9.304,6.961357,0.000524,0.000408,-0.002053,-0.000728
12618.908263,9.304,6.936018,0.000528,0.000409,-0.002051,-0.000731
12620.158196999999,9.304,7.070148,0.000523,0.000408,-0.002046,-0.000727
12622.658201999999,9.304,6.401731,0.000535,0.000413,-0.002043,-0.000724
12623.910361999999,9.304,7.178301,0.000533,0.000414,-0.002049,-0.000722
12626.408362999999,9.304,6.945527,0.00054,0.000419,-0.002049,-0.000719
12628.908338999998,9.304,6.986111,0.000542,0.000422,-0.002043,-0.000713
12630.173550999998,9.304,7.202312,0.000547,0.000425,-0.002044,-0.000711
12632.675433999999,9.304,7.067651,0.000537,0.000419,-0.002052,-0.000718
12633.940392999999,9.304,7.045978,0.000534,0.000413,-0.002054,-0.000725
12636.455622999998,9.304,6.941277,0.00052,0.000403,-0.002056,-0.000731
12638.971650999998,9.304,7.592536,0.000522,0.000406,-0.002051,-0.000729
12640.220737999998,9.304,6.821915,0.000524,0.000403,-0.002058,-0.000733
12642.754433999999,9.304,7.21182,0.00054,0.000413,-0.002053,-0.000722
12644.002546,9.304,7.018196,0.000538,0.000415,-0.002056,-0.000719
12646.514431,9.304,6.99153,0.000534,0.000418,-0.002061,-0.000721
12649.018683999999,9.304,7.727356,0.00053,0.000411,-0.002059,-0.000728
12650.268283999998,9.304,7.133468,0.000519,0.000402,-0.002053,-0.000736
12652.769592999999,9.304,7.026642,0.000519,0.000408,-0.002055,-0.000732
12654.019032999999,9.304,7.358912,0.000516,0.000405,-0.002059,-0.000733
12656.518065999999,9.304,6.990467,0.000524,0.000404,-0.002059,-0.000735
12659.018229,9.304,7.31445,0.00052,0.0004,-0.002061,-0.000742
12660.268149999998,9.304,6.576816,0.000519,0.0004,-0.002058,-0.000737
12662.768127,9.304,7.010812,0.00053,0.000404,-0.002059,-0.000734
12664.018085,9.304,7.360824,0.000527,0.0004,-0.002064,-0.000736
12666.533773,9.304,6.878011,0.000515,0.000396,-0.002064,-0.000739
12669.033760999999,9.304,7.550783,0.000527,0.000407,-0.002062,-0.000731
12670.283902,9.304,7.066908,0.000531,0.000409,-0.002057,-0.000725
12672.782847999999,9.304,7.287836,0.000533,0.000414,-0.002061,-0.000719
12674.033472,9.304,7.029032,0.000527,0.000406,-0.002065,-0.000728
12676.550299999999,9.304,7.381488,0.000537,0.000415,-0.00207,-0.000725
12679.048859999999,9.304,6.99716,0.000532,0.000415,-0.002068,-0.000719
12680.299133999999,9.304,7.147863,0.00053,0.000414,-0.002064,-0.000719
12682.799153999998,9.304,6.745633,0.000528,0.000411,-0.002063,-0.000722
12684.048841999998,9.304,6.355196,0.00053,0.000413,-0.002068,-0.000722
12686.564717,9.304,7.034557,0.00053,0.000416,-0.002069,-0.000721
12689.081135999999,9.304,7.54,0.000536,0.000418,-0.002062,-0.000715
12690.330305,9.304,6.524864,0.000535,0.000416,-0.002067,-0.000717
12692.829472,9.304,7.234875,0.000497,0.000383,-0.002069,-0.000747
12694.080338999998,9.304,6.642366,0.000497,0.000386,-0.002065,-0.000746
12696.580551,9.304,7.404117,0.000505,0.000392,-0.00207,-0.000746
12699.096902999998,9.304,6.821544,0.000519,0.000396,-0.002068,-0.000745
12700.345494999998,9.304,6.951955,0.000527,0.000403,-0.002069,-0.000734
12702.847478999998,9.304,6.718966,0.000532,0.000411,-0.00207,-0.000724
12704.096415999998,9.304,6.717851,0.000531,0.000414,-0.002065,-0.000721
12706.611831999999,9.304,6.90898,0.000532,0.000411,-0.002073,-0.00073
12709.111589999999,9.304,7.790942,0.000516,0.000403,-0.00207,-0.000732
12710.362389999998,9.304,7.151848,0.000519,0.000406,-0.002068,-0.00073
12712.876358999998,9.304,7.532457,0.000522,0.000406,-0.002072,-0.000729
12714.142960999998,9.304,7.192697,0.000515,0.000402,-0.002072,-0.000736
12716.643229,9.304,7.491661,0.000507,0.000389,-0.002073,-0.000745
12717.893127,9.304,6.541915,0.000502,0.000386,-0.002069,-0.00075
12720.392622,9.304,7.457238,0.000501,0.000378,-0.002066,-0.000762
12722.925100999999,9.304,7.370439,0.000503,0.000389,-0.002069,-0.000749
12724.174232,9.304,7.085925,0.000509,0.000393,-0.002071,-0.000743
12726.674243,9.304,7.166774,0.000516,0.000396,-0.002077,-0.000747
12727.924670999999,9.304,7.081569,0.000519,0.000398,-0.00208,-0.000744
12730.441277999998,9.304,6.665739,0.000524,0.000405,-0.002076,-0.000735
12732.955372999999,9.304,7.547012,0.00052,0.000399,-0.002079,-0.000733
12734.206107999998,9.304,7.571713,0.000511,0.000396,-0.002084,-0.000743
12736.721145,9.304,7.297026,0.000512,0.000386,-0.00208,-0.000754
12737.970462,9.304,7.286295,0.000513,0.000389,-0.002076,-0.000745
12740.487979999998,9.304,6.901065,0.000516,0.000398,-0.002084,-0.000739
12742.986840999998,9.304,7.031104,0.000508,0.000392,-0.002078,-0.000746
12744.238259999998,9.304,6.790255,0.000504,0.000385,-0.002077,-0.000753
12746.736218999999,9.304,7.270997,0.000499,0.000385,-0.002068,-0.000756
12747.986975999998,9.304,6.702074,0.000505,0.000391,-0.002074,-0.000754
12750.487856999998,9.304,6.461119,0.000506,0.000389,-0.002067,-0.000752
12753.002198999999,9.304,7.002578,0.000517,0.000398,-0.002079,-0.000744
12754.252462999999,9.304,7.67652,0.000507,0.000389,-0.002078,-0.000752
12756.752951999999,9.304,6.42096,0.000484,0.000372,-0.002089,-0.00077
12758.020094999998,9.304,7.346588,0.000487,0.000372,-0.002086,-0.000773
12760.518267,9.304,7.34186,0.000493,0.000379,-0.002084,-0.000764
12763.01888,9.304,7.041569,0.000498,0.000388,-0.002085,-0.000755
12764.268326999998,9.304,6.836949,0.000505,0.000391,-0.002077,-0.000748
12766.767860999998,9.304,6.664093,0.000511,0.000394,-0.002082,-0.000741
12768.017977,9.304,7.736175,0.000514,0.000394,-0.002086,-0.000741
12770.519326999998,9.304,6.922791,0.000513,0.000395,-0.002084,-0.000745
12773.018466999998,9.304,7.301807,0.000513,0.000393,-0.002085,-0.000746
12774.265868999999,9.304,6.571557,0.000517,0.000396,-0.002082,-0.000743
12776.783071999998,9.304,7.324808,0.000516,0.000396,-0.002083,-0.000744
12778.033882,9.304,6.996948,0.000512,0.000391,-0.002083,-0.000751
12780.533199,9.304,7.06882,0.00051,0.000392,-0.002084,-0.000746
12783.050247,9.304,7.300691,0.00051,0.000395,-0.002084,-0.000741
12784.315386999999,9.304,7.097611,0.000511,0.000393,-0.002084,-0.000744
12786.815545,9.304,7.060586,0.000513,0.000396,-0.002084,-0.000745
12788.064983999999,9.304,7.665258,0.000506,0.00039,-0.002078,-0.000747
12790.580557,9.304,7.224145,0.000499,0.000383,-0.002083,-0.000756
12793.097215999998,9.304,7.162418,0.000498,0.000383,-0.002083,-0.000757
12794.345333,9.304,7.278965,0.000495,0.000383,-0.002077,-0.000757
12796.861595999999,9.304,7.174689,0.000492,0.000381,-0.00208,-0.000759
12798.112097,9.304,7.033388,0.000493,0.000382,-0.002083,-0.000757
12800.611077999998,9.304,6.920719,0.000494,0.000385,-0.002084,-0.000753
12803.111241999999,9.304,6.214692,0.000484,0.000373,-0.002086,-0.000765
12804.362206999998,9.304,6.708342,0.000486,0.000377,-0.002081,-0.000762
12806.862567999999,9.304,6.968103,0.000489,0.000378,-0.002079,-0.000757
12808.111691999999,9.304,6.587228,0.000492,0.000378,-0.002082,-0.000758
12810.628094999998,9.304,7.172511,0.000486,0.000378,-0.002088,-0.000762
12813.128625,9.304,7.267225,0.000501,0.000388,-0.00208,-0.000751
12814.391794,9.304,6.867493,0.000501,0.000386,-0.002085,-0.00075
12816.908236,9.304,6.222182,0.000493,0.000379,-0.002088,-0.00076
12818.158179999999,9.304,6.654797,0.000494,0.000382,-0.002076,-0.000756
12820.658546999999,9.304,6.90813,0.000497,0.000382,-0.002073,-0.000757
12821.908331999999,9.304,6.639552,0.000497,0.000385,-0.002079,-0.000752
12824.409099999999,9.304,7.008262,0.000497,0.000384,-0.002077,-0.000754
12826.906659999999,9.304,7.445924,0.000495,0.00038,-0.002075,-0.000756
12828.174504999999,9.304,7.133627,0.000498,0.000383,-0.002077,-0.000752
12830.705923,9.304,7.033654,0.000503,0.000389,-0.002076,-0.000749
12831.955525,9.304,7.880451,0.000505,0.000392,-0.002069,-0.000742
12834.455457999999,9.304,6.820588,0.000496,0.00038,-0.002073,-0.000754
12836.987114,9.304,7.26356,0.00049,0.000377,-0.00208,-0.000759
12838.236648999999,9.304,6.958648,0.000493,0.00038,-0.002079,-0.000757
12840.752971999998,9.304,7.216761,0.000497,0.000384,-0.00207,-0.000753
12842.002600999998,9.304,7.07291,0.000499,0.000388,-0.002069,-0.000752
12844.503325999998,9.304,6.568954,0.000505,0.000392,-0.002075,-0.000748
12847.003234999998,9.304,7.083959,0.000503,0.000386,-0.002064,-0.000753
12848.268068,9.304,7.399868,0.000499,0.000387,-0.002065,-0.000755
12850.768069999998,9.304,7.335326,0.000504,0.00039,-0.002064,-0.000748
12852.017694999999,9.304,6.627015,0.000505,0.00039,-0.002071,-0.000751
12854.533591,9.304,6.648316,0.000505,0.000393,-0.002068,-0.000745
12857.050309999999,9.304,7.170439,0.000507,0.000399,-0.00206,-0.000739
12858.299458999998,9.304,7.466162,0.000511,0.000403,-0.002064,-0.000739
12860.799933999999,9.304,7.073654,0.000515,0.000403,-0.002065,-0.000736
12862.066327999999,9.304,6.86574,0.000514,0.000399,-0.002062,-0.00074
12864.565623999999,9.304,6.89485,0.000519,0.000402,-0.002063,-0.000735
12867.064117999998,9.304,6.86643,0.000527,0.000411,-0.002065,-0.000726
12868.315455999998,9.304,6.874505,0.000526,0.000413,-0.002061,-0.000727
12870.830574999998,9.304,7.094477,0.000525,0.00041,-0.002056,-0.000728
12872.096780999998,9.304,6.784145,0.000527,0.000413,-0.002054,-0.000723
12874.596569999998,9.304,6.606298,0.000532,0.000417,-0.002063,-0.000723
12877.113199,9.304,7.444064,0.000531,0.00042,-0.002061,-0.000719
12878.377811999999,9.304,7.258301,0.000536,0.00042,-0.002063,-0.000719
12880.876753999999,9.304,6.840029,0.000531,0.00041,-0.002063,-0.000726
12882.127857,9.304,6.955142,0.000524,0.000405,-0.00206,-0.000729
12884.627429999999,9.304,6.690175,0.00052,0.000404,-0.002062,-0.00073
12887.128469,9.304,7.269244,0.000521,0.000405,-0.002056,-0.000729
12888.379459999998,9.304,6.652247,0.000522,0.000406,-0.002058,-0.00073
12890.878595999999,9.304,7.066429,0.000526,0.000409,-0.002055,-0.000726
12892.128384999998,9.304,7.089962,0.000526,0.000408,-0.002055,-0.000727
12894.660217999999,9.304,6.73979,0.000526,0.000411,-0.002049,-0.000727
12895.909437999999,9.304,7.05214,0.000526,0.000412,-0.002051,-0.000727
12898.424527,9.304,6.696497,0.000529,0.000411,-0.002056,-0.000724
12900.941241999999,9.304,7.117531,0.000529,0.000412,-0.002053,-0.000723
12902.190558999999,9.304,7.195512,0.000527,0.00041,-0.002047,-0.000725
12904.705186,9.304,7.10558,0.000531,0.000412,-0.002053,-0.000723
12905.956450999998,9.304,7.08125,0.00053,0.000413,-0.002053,-0.000723
12908.472172999998,9.304,7.180905,0.000532,0.000414,-0.002043,-0.000716
12910.971639,9.304,6.964278,0.000533,0.000414,-0.002046,-0.000718
12912.221628,9.304,7.117797,0.000535,0.000417,-0.002046,-0.000717
12914.738146999998,9.304,7.426588,0.000536,0.000417,-0.002048,-0.000716
12915.985913999999,9.304,6.911477,0.000532,0.000415,-0.002043,-0.000716
12918.486057999999,9.304,7.30441,0.000534,0.000419,-0.002043,-0.000713
12920.985669999998,9.304,7.902549,0.00054,0.000425,-0.002049,-0.000708
12922.237286999998,9.304,7.381222,0.000543,0.000426,-0.002046,-0.000708
12924.738323999998,9.304,7.009112,0.000543,0.000424,-0.00204,-0.000709
12925.987079999999,9.304,7.117212,0.000546,0.000427,-0.002045,-0.000706
12928.503405,9.304,7.449005,0.000547,0.000428,-0.002045,-0.000707
12931.018074,9.304,7.302975,0.000545,0.000428,-0.002037,-0.000705
12932.268611999998,9.304,7.494635,0.000548,0.000429,-0.002039,-0.000703
12934.78429,9.304,7.462922,0.000552,0.000432,-0.002044,-0.000703
12936.034531999998,9.304,7.198859,0.000551,0.000432,-0.002037,-0.000701
12938.533388999998,9.304,7.039975,0.000564,0.000435,-0.002037,-0.000696
12941.050557999999,9.304,7.357902,0.000563,0.000438,-0.002039,-0.000693
12942.314369999998,9.304,7.215964,0.000562,0.00044,-0.002038,-0.000693
12944.815347999998,9.304,6.882898,0.00056,0.000443,-0.002039,-0.000691
12946.064731999999,9.304,6.889378,0.000559,0.00044,-0.002035,-0.000693
12948.565052999998,9.304,7.714767,0.00056,0.00044,-0.002032,-0.000693
12951.065440999999,9.304,7.069829,0.000562,0.000443,-0.002034,-0.00069
12952.330725999998,9.304,7.520664,0.000565,0.000443,-0.002036,-0.00069
12954.847174999999,9.304,6.700959,0.000567,0.000445,-0.002031,-0.000688
12956.128405,9.304,7.287571,0.000568,0.000446,-0.002036,-0.000688
12958.642805999998,9.304,7.143242,0.000566,0.000446,-0.002031,-0.000687
12959.893017999999,9.304,6.79971,0.000569,0.000446,-0.002036,-0.000688
12962.408174999999,9.304,7.004491,0.000564,0.000442,-0.002038,-0.00069
12964.908886999998,9.304,7.182976,0.000559,0.00044,-0.002037,-0.000695
12966.159705999999,9.304,6.849538,0.000557,0.000438,-0.002031,-0.000697
12968.658488,9.304,7.514608,0.000559,0.000443,-0.002034,-0.000694
12969.924067999998,9.304,7.030573,0.00056,0.000445,-0.002034,-0.000691
12972.425338,9.304,7.773147,0.000562,0.000443,-0.002033,-0.000689
12974.924165999999,9.304,6.882366,0.000564,0.000445,-0.002032,-0.00069
12976.174979999998,9.304,7.585312,0.000562,0.000443,-0.002023,-0.000689
12978.674632999999,9.304,6.895168,0.000572,0.000448,-0.002028,-0.000686
12979.940132999998,9.304,6.792008,0.000571,0.000448,-0.002028,-0.000684
12982.439244999998,9.304,7.565658,0.000568,0.000449,-0.002025,-0.000682
12984.940529999998,9.305,7.410492,0.000573,0.000452,-0.002025,-0.00068
12986.207048999999,9.305,6.682154,0.00057,0.000447,-0.002023,-0.000683
12988.705924999998,9.305,7.152804,0.000567,0.000446,-0.00202,-0.000687
12989.971077999999,9.305,7.513546,0.000569,0.000446,-0.002021,-0.000686
12992.471913,9.305,7.103773,0.000569,0.000444,-0.002026,-0.000689
12994.971333,9.305,6.727572,0.000563,0.000442,-0.00203,-0.000688
12996.221200999998,9.305,6.877745,0.000563,0.000439,-0.002035,-0.000692
12998.721077999999,9.305,7.213255,0.000559,0.000437,-0.002035,-0.000695
12999.971177999998,9.305,6.881835,0.000561,0.00044,-0.002031,-0.000694
13002.487157,9.305,6.78813,0.000563,0.000438,-0.002029,-0.000695
13004.987404999998,9.305,6.599339,0.000564,0.000439,-0.002035,-0.000693
13006.252238,9.305,6.896762,0.000555,0.000434,-0.002038,-0.000698
13008.768605,9.306,6.879126,0.000543,0.000424,-0.002036,-0.000707
13010.033570999998,9.306,7.497132,0.00054,0.000424,-0.002041,-0.000709
13012.533199999998,9.306,6.937771,0.000546,0.000428,-0.002035,-0.000703
13015.051086,9.306,6.901437,0.000557,0.000435,-0.002036,-0.000698
13016.299436,9.306,6.672008,0.00056,0.000437,-0.002037,-0.000696
13018.814166999999,9.306,7.051502,0.000533,0.000414,-0.002038,-0.000717
13020.064256999998,9.306,7.094371,0.000529,0.000415,-0.002047,-0.000718
13022.565113999999,9.306,7.132777,0.000527,0.000413,-0.002051,-0.000722
13025.064244999998,9.306,7.008422,0.000526,0.000415,-0.002049,-0.000719
13026.316302,9.306,7.107757,0.000527,0.000414,-0.002042,-0.000719
13028.814562999998,9.306,7.418354,0.000533,0.000418,-0.002044,-0.000717
13030.065062999998,9.306,7.194237,0.000532,0.000418,-0.002038,-0.000715
13032.564008,9.306,7.330545,0.000536,0.000418,-0.002037,-0.000719
13035.064755,9.306,7.080135,0.000541,0.000419,-0.002039,-0.000718
13036.314492,9.306,6.915036,0.000544,0.000423,-0.002048,-0.000717
13038.815201,9.306,6.971184,0.000545,0.000424,-0.00205,-0.000709
13040.064036999998,9.306,7.440877,0.000546,0.000428,-0.002047,-0.000706
13042.56563,9.306,7.095327,0.000548,0.000428,-0.002048,-0.000707
13045.081079999998,9.306,6.794716,0.00055,0.000428,-0.002052,-0.000708
13046.329515999998,9.306,7.082418,0.00056,0.00043,-0.002055,-0.000707
13048.831288,9.306,6.688263,0.000554,0.000427,-0.002054,-0.000708
13050.081369,9.306,7.096708,0.000544,0.000421,-0.002056,-0.000713
13052.580063999998,9.306,7.220745,0.000543,0.00042,-0.002053,-0.000714
13055.079902999998,9.306,7.529748,0.000542,0.000423,-0.002054,-0.000708
13056.330585,9.306,7.004597,0.000534,0.000416,-0.002052,-0.000718
13058.846521,9.306,6.907865,0.000534,0.000414,-0.002054,-0.000726
13060.113033999998,9.306,6.580269,0.000529,0.000414,-0.002057,-0.000726
13062.613371999998,9.306,6.484386,0.000526,0.000411,-0.002062,-0.000726
13065.128331999998,9.306,7.030626,0.000518,0.000402,-0.002065,-0.000735
13066.391392,9.306,6.847997,0.00052,0.000403,-0.00206,-0.000732
13068.893653,9.306,7.10372,0.000513,0.000401,-0.002055,-0.000735
13070.158763999998,9.306,7.028182,0.000512,0.0004,-0.002055,-0.000737
13072.658024999999,9.306,7.092671,0.000521,0.000407,-0.002049,-0.000729
13073.909305999998,9.306,6.700162,0.000529,0.000412,-0.002047,-0.000724
13076.439927,9.306,7.192644,0.000522,0.000404,-0.002044,-0.000732
13078.955423,9.306,7.171342,0.000505,0.000389,-0.00205,-0.000747
13080.205662999999,9.306,6.896549,0.000511,0.000396,-0.002058,-0.000742
13082.720615999999,9.306,7.259947,0.000514,0.000403,-0.002059,-0.000734
13083.970669999999,9.306,7.295273,0.000512,0.000396,-0.002066,-0.000742
13086.471770999999,9.306,7.121356,0.000503,0.000392,-0.002057,-0.000747
13088.987071999998,9.306,6.989192,0.000529,0.000409,-0.002072,-0.000731
13090.235776,9.306,7.191635,0.000525,0.000406,-0.002066,-0.00073
13092.736211,9.306,6.863349,0.000513,0.000399,-0.002065,-0.000735
13093.988146,9.306,7.083959,0.000507,0.000392,-0.002067,-0.000745
13096.503705,9.306,7.025792,0.000498,0.000381,-0.002064,-0.000756
13099.002896999998,9.306,7.033282,0.000502,0.000392,-0.002066,-0.000744
13100.252771999998,9.306,6.856656,0.000506,0.000394,-0.002063,-0.000743
13102.753943,9.306,6.973309,0.00051,0.000395,-0.002061,-0.000741
13104.003539,9.306,7.128156,0.000512,0.000395,-0.002067,-0.000741
13106.501787,9.306,7.040825,0.000514,0.000403,-0.002064,-0.000739
13109.003073999998,9.306,7.085287,0.000516,0.000402,-0.00206,-0.000739
13110.248510999998,9.306,7.377717,0.000512,0.000398,-0.002055,-0.000742
13112.734228999998,9.306,7.26016,0.000509,0.000391,-0.002063,-0.000745
13113.987221,9.306,6.682207,0.000512,0.000396,-0.002072,-0.000745
13116.503525999999,9.306,7.743292,0.000498,0.000383,-0.00207,-0.000756
13119.003039,9.306,7.58494,0.000497,0.000387,-0.002071,-0.000751
13120.252868,9.306,7.091928,0.000504,0.000393,-0.002066,-0.000745
13122.753204999999,9.306,7.420266,0.000514,0.000394,-0.002061,-0.000743
13124.003616999998,9.306,6.792751,0.000513,0.000393,-0.002061,-0.000742
13126.501696,9.306,7.187598,0.000519,0.000394,-0.002063,-0.000746
13129.003647999998,9.306,7.161887,0.000514,0.000395,-0.002065,-0.000741
13130.253782999998,9.306,7.161568,0.000512,0.000394,-0.002066,-0.000742
13132.752761999998,9.306,7.315831,0.000518,0.000398,-0.002064,-0.000736
13134.017648,9.306,7.042419,0.000521,0.000399,-0.002066,-0.00074
13136.518122999998,9.306,6.305688,0.000528,0.000405,-0.002071,-0.000735
13139.032887,9.306,7.110732,0.000515,0.000397,-0.002071,-0.000742
13140.299541999999,9.306,6.94574,0.000512,0.000388,-0.002068,-0.000752
13142.799170999999,9.306,7.130174,0.000495,0.000378,-0.002065,-0.000758
13144.049378,9.306,7.089696,0.000487,0.000376,-0.002074,-0.000767
13146.550369999999,9.306,6.963216,0.000474,0.000364,-0.002077,-0.000777
13149.065018,9.306,7.242736,0.000488,0.00038,-0.002078,-0.000762
13150.314967999999,9.306,7.0804,0.000494,0.00038,-0.002076,-0.000757
13152.815712,9.306,7.171874,0.000491,0.000371,-0.002066,-0.000769
13154.080576999999,9.306,6.810334,0.00049,0.000373,-0.00207,-0.000764
13156.596763999998,9.306,7.303985,0.000511,0.000384,-0.002068,-0.000757
13159.112465999999,9.306,6.755354,0.000509,0.000395,-0.002079,-0.000748
13160.361792,9.306,6.947227,0.000507,0.000391,-0.002078,-0.00075
13162.863180999999,9.306,7.09453,0.000501,0.000382,-0.00207,-0.000751
13164.111765999998,9.306,6.567838,0.00051,0.000392,-0.002072,-0.000744
13166.611368999998,9.306,6.733256,0.000516,0.000397,-0.002083,-0.000745
13169.111119,9.306,7.375538,0.000507,0.000393,-0.002087,-0.000753
13170.361678,9.306,7.850065,0.000504,0.000385,-0.00208,-0.000757
13172.861289999999,9.306,6.841836,0.000509,0.00039,-0.002074,-0.000751
13174.111281999998,9.306,7.18866,0.000507,0.000388,-0.002079,-0.000751
13176.611598,9.306,7.262392,0.000508,0.000384,-0.002079,-0.000758
13179.111109,9.306,6.980427,0.000509,0.00039,-0.002076,-0.000749
13180.363465999999,9.306,6.938887,0.000506,0.000389,-0.002069,-0.000748
13182.86286,9.306,7.116947,0.000516,0.000403,-0.002068,-0.000733
13184.111254,9.306,7.505578,0.000524,0.000408,-0.002071,-0.000731
13186.627739,9.306,7.364011,0.000527,0.000408,-0.002072,-0.000726
13189.126498999998,9.306,6.723375,0.000526,0.000406,-0.002073,-0.000727
13190.378276,9.306,7.007306,0.000526,0.000406,-0.002074,-0.000729
13192.893204999998,9.306,6.44428,0.000526,0.000403,-0.002074,-0.000734
13194.143627,9.306,7.178939,0.000524,0.000402,-0.002078,-0.000733
13196.643401,9.306,7.296813,0.00052,0.0004,-0.002072,-0.000734
13199.128659999998,9.306,6.765872,0.000517,0.000399,-0.00207,-0.000737
13200.377034,9.306,7.342072,0.000521,0.000401,-0.002073,-0.000736
13202.876601999998,9.306,6.713229,0.000522,0.000401,-0.002072,-0.000737
13204.128352,9.306,7.617078,0.000517,0.0004,-0.002068,-0.000736
13206.644146999999,9.306,7.858883,0.000515,0.000402,-0.002069,-0.000736
13209.143637999998,9.306,7.13198,0.000516,0.000403,-0.002058,-0.000736
13210.378290999999,9.306,7.562417,0.000519,0.000405,-0.002064,-0.000737
13212.876967999999,9.306,6.68481,0.000521,0.000407,-0.002054,-0.000733
13214.128206999998,9.306,6.809909,0.000522,0.000408,-0.002055,-0.000731
13216.628026999999,9.306,7.107651,0.000529,0.000411,-0.002058,-0.000725
13219.128408999999,9.306,6.296871,0.000534,0.000416,-0.002057,-0.000722
13220.376792,9.306,6.961038,0.000534,0.000416,-0.002052,-0.00072
13222.878607999999,9.306,6.898728,0.000539,0.000418,-0.002052,-0.000721
13224.128573999998,9.306,7.405233,0.000542,0.000419,-0.002061,-0.000724
13226.627894999998,9.306,7.350731,0.000541,0.000421,-0.002062,-0.000722
13229.141045999999,9.306,7.395671,0.000535,0.000421,-0.00206,-0.000721
13230.409501999999,9.306,7.180905,0.000534,0.00042,-0.002059,-0.000722
13232.907882,9.306,7.270572,0.000533,0.00042,-0.002057,-0.000723
13234.159629999998,9.306,7.498513,0.000533,0.000418,-0.002053,-0.000725
13236.674678,9.306,7.181223,0.000534,0.000419,-0.002057,-0.000724
13237.924433999999,9.306,7.596998,0.000533,0.00042,-0.002054,-0.000726
13240.424244999998,9.306,7.138355,0.000535,0.000419,-0.00205,-0.000725
13242.924443,9.306,6.832965,0.000544,0.000423,-0.002049,-0.000718
13244.174128999999,9.306,7.263719,0.000546,0.000424,-0.002054,-0.000719
13246.690163,9.306,6.790839,0.00055,0.000426,-0.002052,-0.000713
13247.940708999999,9.306,6.792963,0.000551,0.000428,-0.002052,-0.00071
13250.455632999998,9.306,7.166084,0.000552,0.000432,-0.002055,-0.000709
13252.955982,9.306,7.142392,0.000549,0.000427,-0.002055,-0.000713
13254.207236999999,9.306,6.701384,0.000549,0.000428,-0.002049,-0.000711
13256.706782,9.306,6.612354,0.000556,0.000429,-0.00205,-0.00071
13257.955834999999,9.306,6.842101,0.000556,0.000429,-0.002057,-0.000709
13260.457255999998,9.306,6.831265,0.00055,0.000432,-0.002049,-0.000708
13262.955612999998,9.306,7.066377,0.00055,0.000432,-0.002049,-0.000706
13264.205997999998,9.306,7.239921,0.000546,0.00043,-0.002046,-0.000706
13266.721015,9.306,7.002313,0.000545,0.000428,-0.002041,-0.000708
13267.971282999999,9.306,7.121675,0.000546,0.000428,-0.002046,-0.000709
13270.487217999998,9.306,7.245658,0.000545,0.000431,-0.002045,-0.000705
13272.986627999999,9.306,7.346004,0.00055,0.000434,-0.002048,-0.000704
13274.252628999999,9.306,7.228182,0.000552,0.000435,-0.002049,-0.000703
13276.768334999999,9.306,6.685607,0.000549,0.000431,-0.00205,-0.000709
13278.018215999999,9.306,7.162897,0.000549,0.000431,-0.002043,-0.000706
13280.518095,9.306,7.043269,0.000548,0.000433,-0.002044,-0.000703
13283.018503,9.306,6.872061,0.000557,0.000438,-0.002046,-0.000702
13284.268307999999,9.306,6.991051,0.000558,0.000439,-0.002044,-0.000703
13286.768257,9.306,7.120188,0.000554,0.000438,-0.002041,-0.000701
13288.018640999999,9.306,6.698728,0.000557,0.000441,-0.002047,-0.000699
13290.518618999999,9.306,6.843004,0.000559,0.000438,-0.00204,-0.000702
13293.017856999999,9.306,6.755832,0.000561,0.000439,-0.002046,-0.000701
13294.267947999999,9.306,7.153282,0.000561,0.00044,-0.002038,-0.000698
13296.768098999999,9.306,6.951158,0.000559,0.00044,-0.00204,-0.0007
13298.017741999998,9.306,7.069298,0.000557,0.000441,-0.00204,-0.000699
13300.518230999998,9.306,6.800772,0.000558,0.000442,-0.002046,-0.000698
13303.018564999998,9.306,7.29915,0.00056,0.000442,-0.00204,-0.000696
13304.269129999999,9.306,7.208899,0.000557,0.000442,-0.002034,-0.000696
13306.767859,9.306,7.102764,0.000558,0.00044,-0.002036,-0.000696
13308.017487,9.306,7.0038,0.000565,0.000443,-0.002041,-0.000694
13310.533855999998,9.306,7.153441,0.000556,0.000441,-0.00204,-0.000696
13313.034552,9.306,6.531026,0.000562,0.000442,-0.002046,-0.000695
13314.300627999999,9.306,7.350678,0.000564,0.000442,-0.002047,-0.000697
13316.799862999998,9.306,7.039869,0.000567,0.000445,-0.002047,-0.000696
13318.050227,9.306,7.32842,0.000564,0.000447,-0.00204,-0.000694
13320.549434999999,9.306,6.838277,0.000553,0.000439,-0.002042,-0.000698
13323.04984,9.306,7.293892,0.000556,0.00044,-0.002042,-0.0007
13324.300482999999,9.306,7.306907,0.000558,0.000443,-0.002049,-0.000696
13326.814266999998,9.306,7.318805,0.000558,0.000444,-0.002046,-0.000693
13328.065362999998,9.306,6.916842,0.000559,0.000444,-0.002049,-0.000694
13330.581294999998,9.306,7.259523,0.000561,0.000446,-0.002048,-0.000694
13333.096307,9.306,7.590358,0.000568,0.000449,-0.002046,-0.000689
13334.345984999998,9.306,7.320292,0.000567,0.000449,-0.002055,-0.00069
13336.846103999998,9.306,7.618512,0.000567,0.000447,-0.002051,-0.000691
13338.096357999999,9.306,7.068554,0.000568,0.000444,-0.002041,-0.000691
13340.596246999998,9.306,7.270306,0.000566,0.00044,-0.00204,-0.000695
13343.09645,9.306,7.077903,0.00056,0.000435,-0.00204,-0.000702
13344.345657999998,9.306,7.21878,0.00056,0.000436,-0.002043,-0.000699
13346.846645999998,9.306,7.063402,0.000558,0.000443,-0.002042,-0.000696
13348.096234999999,9.306,6.616497,0.000557,0.000444,-0.00204,-0.000692
13350.596845999999,9.306,7.057239,0.00056,0.000447,-0.002041,-0.00069
13353.095473999998,9.306,7.639601,0.000561,0.000447,-0.002035,-0.000693
13354.345655,9.306,6.741277,0.00056,0.000445,-0.00204,-0.000693
13356.845691999999,9.306,7.167624,0.000558,0.000443,-0.002038,-0.000696
13358.096698,9.306,7.649004,0.000561,0.000444,-0.002037,-0.000693
13360.597111,9.306,7.459098,0.000564,0.000447,-0.002039,-0.00069
13363.111426,9.306,6.964225,0.000561,0.000448,-0.002039,-0.000689
13364.363351999998,9.306,7.014796,0.00056,0.000446,-0.002032,-0.000688
13366.861574999999,9.306,6.845607,0.000565,0.00045,-0.002035,-0.000684
13368.111805999999,9.306,6.745686,0.000567,0.000449,-0.002039,-0.000686
13370.629135,9.306,7.097771,0.00057,0.000448,-0.002035,-0.000688
13373.129013999998,9.306,6.912486,0.00057,0.00045,-0.002032,-0.000683
13374.376590999998,9.306,7.000985,0.000568,0.000449,-0.002034,-0.000686
13376.878493999999,9.306,6.699205,0.000567,0.000446,-0.002033,-0.000689
13378.144562999998,9.306,7.225791,0.000567,0.000446,-0.002036,-0.000688
13380.659066999999,9.306,7.193122,0.000567,0.00045,-0.002034,-0.000684
13383.159565999998,9.306,6.417613,0.00057,0.000451,-0.002037,-0.000683
13384.408940999998,9.306,7.656122,0.000568,0.000449,-0.002033,-0.000684
13386.907691999999,9.306,7.388394,0.000571,0.000451,-0.002033,-0.000684
13388.158770999999,9.306,7.575219,0.000571,0.000451,-0.002039,-0.000683
13390.658512999998,9.306,6.788449,0.000571,0.000452,-0.002037,-0.000686
13393.160208,9.306,6.483324,0.000572,0.000452,-0.002036,-0.000683
13394.410104999999,9.306,6.826802,0.00057,0.000452,-0.00203,-0.000683
13396.908832999998,9.306,7.092246,0.000571,0.000449,-0.002033,-0.000683
13398.157842999999,9.306,6.836471,0.000565,0.000448,-0.002036,-0.000688
13400.656030999999,9.306,6.906802,0.000555,0.000442,-0.002034,-0.000695
13403.158825999999,9.306,6.922579,0.000559,0.000444,-0.002036,-0.000693
13404.408088999999,9.306,6.869034,0.000558,0.000444,-0.002032,-0.00069
13406.908309999999,9.306,6.992061,0.000542,0.000427,-0.002038,-0.000709
13408.159333999998,9.306,7.109564,0.000535,0.000422,-0.002043,-0.000715
13410.658390999999,9.306,6.982765,0.000528,0.000418,-0.002047,-0.00072
13411.921783999998,9.306,7.223613,0.000531,0.00042,-0.002046,-0.000718
13414.423943999998,9.306,6.888847,0.000536,0.000422,-0.002045,-0.000714
13416.924556999998,9.306,7.077797,0.000542,0.000428,-0.002041,-0.000709
13418.171644999999,9.306,7.393387,0.00054,0.000425,-0.002046,-0.000712
13420.690112999999,9.306,6.714292,0.000538,0.000425,-0.002052,-0.000711
13421.940862,9.306,7.323373,0.000543,0.000429,-0.002053,-0.000711
13424.440383,9.306,7.320665,0.000562,0.000435,-0.002055,-0.000703
13426.957197999998,9.306,7.336123,0.000555,0.00043,-0.002053,-0.000703
13428.206282,9.306,7.597264,0.000554,0.000429,-0.002056,-0.000707
13430.703947999998,9.306,7.020958,0.000541,0.00042,-0.002059,-0.000714
13431.955541,9.306,7.734687,0.000533,0.000415,-0.002059,-0.000721
13434.472826999998,9.306,7.392378,0.000541,0.000413,-0.002062,-0.000728
13436.971055999998,9.306,7.056549,0.000528,0.000403,-0.002064,-0.000734
13438.221677999998,9.306,7.281515,0.000529,0.000405,-0.002059,-0.00073
13440.721247999998,9.306,6.998754,0.000534,0.000406,-0.002054,-0.000726
13441.971221999998,9.306,7.126243,0.000528,0.000403,-0.002062,-0.000734
13444.487275,9.306,7.424781,0.000521,0.000405,-0.002064,-0.000732
13447.018349999998,9.306,6.544784,0.000521,0.000402,-0.002059,-0.00073
13448.268471,9.306,7.520452,0.000522,0.000403,-0.002067,-0.000729
13450.784070999998,9.306,6.922366,0.000518,0.0004,-0.00207,-0.000731
13452.034097,9.306,7.013999,0.000515,0.0004,-0.002076,-0.000733
13454.548728999998,9.306,6.980481,0.000516,0.000398,-0.002066,-0.000742
13457.049407999999,9.306,6.850441,0.000518,0.000404,-0.002068,-0.000735
13458.300184,9.306,6.71886,0.000515,0.000403,-0.002072,-0.000735
13460.814423,9.306,6.766244,0.000513,0.000398,-0.002079,-0.000742
13462.065446999999,9.306,7.386428,0.000514,0.0004,-0.002069,-0.000741
13464.580547999998,9.306,6.955514,0.000506,0.000389,-0.002071,-0.000752
13467.080134,9.306,6.954717,0.000509,0.000389,-0.002071,-0.000753
13468.331037999998,9.306,7.316043,0.000515,0.000389,-0.002067,-0.000755
13470.831040999998,9.306,7.198009,0.000513,0.000395,-0.002072,-0.000743
13472.080069,9.306,6.932778,0.000509,0.000392,-0.002078,-0.000749
13474.579407,9.306,6.41246,0.00052,0.000404,-0.002075,-0.000736
13477.081341999998,9.306,6.854585,0.000522,0.000409,-0.002081,-0.00073
13478.346672999998,9.306,7.181701,0.000519,0.000402,-0.002077,-0.000738
13480.861502,9.306,6.742127,0.000502,0.000388,-0.002074,-0.000758
13482.128179,9.306,7.415432,0.00051,0.000391,-0.002078,-0.000755
13484.643041,9.306,6.962313,0.000514,0.000394,-0.002074,-0.000745
13487.143984999999,9.306,6.922845,0.00052,0.000403,-0.002078,-0.000738
13488.393494999998,9.306,6.981649,0.000519,0.000403,-0.002075,-0.000734
13490.910125999999,9.306,6.933681,0.00052,0.000405,-0.002082,-0.000735
13492.158995999998,9.306,6.652035,0.000522,0.000407,-0.002077,-0.000731
13494.658979999998,9.306,7.194981,0.000521,0.000405,-0.002074,-0.000732
13497.158704999998,9.306,7.292139,0.000514,0.000402,-0.002078,-0.000736
13498.407715999998,9.306,7.184092,0.000512,0.000397,-0.002079,-0.000745
13500.907809999999,9.306,6.991582,0.000498,0.000381,-0.002065,-0.000761
13502.158244999999,9.306,7.152272,0.000508,0.000386,-0.002074,-0.000761
13504.658435,9.306,7.229828,0.000514,0.000399,-0.002076,-0.000742
13507.158676,9.306,7.112325,0.000513,0.000402,-0.002082,-0.000735
13508.408164999999,9.306,6.944677,0.000513,0.000401,-0.002076,-0.000742
13510.920693999999,9.306,6.955938,0.000516,0.000404,-0.00208,-0.000732
13512.158833999998,9.306,6.920029,0.000511,0.000401,-0.002084,-0.000733
13514.674457,9.306,6.702128,0.000505,0.000396,-0.002085,-0.000741
13515.924598999998,9.306,6.728953,0.000512,0.0004,-0.002089,-0.000741
13518.440099,9.306,6.854319,0.000509,0.000402,-0.002075,-0.000737
13520.940582,9.306,7.10611,0.000511,0.000398,-0.002076,-0.000741
13522.189971,9.306,6.599286,0.000512,0.0004,-0.002083,-0.000741
13524.690211,9.306,7.263453,0.000513,0.000396,-0.002085,-0.00074
13525.939960999998,9.306,7.417982,0.000515,0.000394,-0.002079,-0.000742
13528.455570999999,9.306,7.236362,0.000511,0.000393,-0.002084,-0.00075
13530.957201999998,9.306,7.479549,0.000502,0.000385,-0.002082,-0.000753
13532.205682,9.306,6.69639,0.00049,0.00038,-0.002076,-0.000759
13534.706202,9.306,7.389881,0.000488,0.000376,-0.002082,-0.000766
13535.971608999998,9.306,6.961251,0.000489,0.000378,-0.002089,-0.000763
13538.486778999999,9.306,6.813255,0.000492,0.000382,-0.002085,-0.000757
13540.987014999999,9.306,7.920822,0.000501,0.000388,-0.00208,-0.000748
13542.253424999999,9.306,7.006881,0.000504,0.000393,-0.002079,-0.000746
13544.752687999999,9.306,7.240452,0.000518,0.0004,-0.002073,-0.000738
13546.003566,9.306,6.878755,0.00052,0.000401,-0.002072,-0.000736
13548.502819999998,9.306,6.990361,0.00052,0.000403,-0.002069,-0.000735
13551.018607999998,9.306,7.321462,0.000523,0.000409,-0.002063,-0.000729
13552.283906999999,9.306,7.087677,0.000527,0.000412,-0.002061,-0.000726
13554.799820999999,9.306,7.712483,0.000533,0.000415,-0.002056,-0.000721
13556.048767999999,9.306,7.066005,0.000537,0.000416,-0.002062,-0.000721
13558.565537999999,9.306,7.014902,0.000537,0.000421,-0.002055,-0.000715
13561.066442,9.306,7.243587,0.000553,0.000426,-0.002061,-0.000715
13562.33075,9.306,7.548605,0.000552,0.00043,-0.002061,-0.000714
13564.831054999999,9.306,6.744836,0.000551,0.00043,-0.002062,-0.000713
13566.079528999999,9.306,6.918861,0.000554,0.000431,-0.00206,-0.000709
13568.597929,9.306,6.848688,0.000559,0.000432,-0.002065,-0.000709
13571.112020999999,9.306,6.969272,0.000562,0.00043,-0.002064,-0.000711
13572.378702999998,9.306,7.279284,0.00056,0.000429,-0.002063,-0.000711
13574.877457999999,9.306,7.618512,0.000557,0.000428,-0.00206,-0.000712
13576.127928999998,9.306,7.329961,0.000558,0.00043,-0.00206,-0.00071
13578.627561999998,9.306,7.117266,0.000554,0.000433,-0.002057,-0.000709
13581.128213999998,9.306,6.930228,0.00055,0.00043,-0.002054,-0.000709
13582.378185999998,9.306,7.261913,0.000552,0.000432,-0.002062,-0.00071
13584.878071,9.306,7.035088,0.000554,0.000434,-0.002058,-0.000707
13586.127814,9.306,7.016868,0.000555,0.000432,-0.002047,-0.000708
13588.627514999998,9.306,6.483802,0.000556,0.000435,-0.002046,-0.000708
13591.128169,9.306,6.928741,0.000561,0.000435,-0.002046,-0.000708
13592.37847,9.306,7.379098,0.000562,0.000436,-0.002055,-0.000709
13594.892699999999,9.306,7.253255,0.000554,0.000433,-0.002048,-0.00071
13596.142770999999,9.306,6.943136,0.000552,0.000432,-0.002054,-0.000708
13598.643575999999,9.306,6.897506,0.000549,0.000431,-0.002049,-0.00071
13601.158929,9.306,7.244065,0.000547,0.000432,-0.002048,-0.000713
13602.408076,9.306,7.376654,0.000548,0.000431,-0.00205,-0.00071
13604.907780999998,9.306,7.458991,0.000547,0.000429,-0.002053,-0.000715
13606.159811999998,9.306,6.971078,0.000545,0.000427,-0.002049,-0.000716
13608.673708999999,9.306,7.364649,0.000547,0.00043,-0.002049,-0.000711
13611.174192999999,9.306,6.772884,0.000556,0.000432,-0.002048,-0.000707
13612.424605999999,9.306,7.006244,0.000559,0.000435,-0.002056,-0.000706
13614.939991,9.306,6.840561,0.00056,0.000439,-0.002047,-0.0007
13616.185242,9.306,7.333095,0.000561,0.000442,-0.002048,-0.000699
13618.674743,9.306,7.0821,0.00056,0.000443,-0.00205,-0.000695
13621.174479999998,9.306,6.817453,0.000562,0.000445,-0.002055,-0.000693
13622.423963999998,9.306,7.105473,0.000563,0.000444,-0.002049,-0.000696
13624.92356,9.306,6.929219,0.000564,0.000444,-0.00205,-0.000697
13626.174927999999,9.306,6.810281,0.000565,0.000441,-0.002053,-0.000698
13628.690175999998,9.306,6.977771,0.000566,0.000444,-0.002052,-0.000699
13629.955211999999,9.306,7.613838,0.000568,0.000443,-0.002051,-0.000695
13632.471171999998,9.306,7.175752,0.000567,0.000447,-0.002045,-0.000695
13634.972149,9.306,6.664305,0.00057,0.000449,-0.002046,-0.000694
13636.221716999999,9.306,7.670676,0.000569,0.000447,-0.002046,-0.000695
13638.736868999998,9.306,7.668552,0.000571,0.000448,-0.002052,-0.000691
13639.987505999998,9.306,6.767519,0.000572,0.000445,-0.002045,-0.000691
13642.487082999998,9.306,6.849538,0.000571,0.000445,-0.002048,-0.000694
13644.986286,9.306,7.374901,0.000572,0.000444,-0.002049,-0.000698
13646.236872999998,9.306,6.488689,0.000574,0.000444,-0.002048,-0.000697
13648.737492999999,9.306,7.023721,0.000572,0.000441,-0.002043,-0.000698
13649.986631,9.306,6.642898,0.000568,0.000441,-0.002044,-0.000697
13652.487777999999,9.306,7.332085,0.000564,0.000439,-0.002045,-0.0007
13654.987912999999,9.306,6.754823,0.000553,0.000434,-0.002045,-0.000706
13656.237126999999,9.306,6.976708,0.000555,0.000433,-0.002035,-0.000706
13658.736678999998,9.306,7.307332,0.000549,0.000434,-0.002037,-0.000707
13659.987987999999,9.306,7.190253,0.00055,0.000434,-0.002042,-0.000704
13662.503912999999,9.306,7.316202,0.000551,0.000434,-0.002041,-0.000703
13665.017917999998,9.306,6.948874,0.000555,0.000436,-0.002043,-0.000701
13666.267725999998,9.306,7.098302,0.000552,0.000435,-0.002049,-0.000702
13668.783825999999,9.306,6.973415,0.000553,0.000438,-0.00204,-0.000696
13670.033956,9.306,7.198381,0.000555,0.00044,-0.002047,-0.0007
13672.534437999999,9.306,7.091236,0.000552,0.000437,-0.002045,-0.0007
13675.04985,9.306,6.893522,0.000554,0.000436,-0.002047,-0.0007
13676.314584,9.306,7.060215,0.000556,0.000437,-0.002046,-0.0007
13678.815666999999,9.306,6.749511,0.000555,0.000442,-0.002047,-0.000698
13680.079437999999,9.306,7.392696,0.000554,0.000441,-0.002044,-0.000697
13682.579898999998,9.306,6.518436,0.000558,0.000446,-0.002046,-0.000692
13685.095698999998,9.306,7.259257,0.000564,0.000445,-0.00204,-0.000692
13686.346145,9.306,6.93979,0.000565,0.000444,-0.002038,-0.000695
13688.862555999998,9.306,7.201834,0.000564,0.000447,-0.002041,-0.000693
13690.111789999999,9.306,6.873601,0.000561,0.000446,-0.002034,-0.00069
13692.627632999998,9.306,6.83068,0.000557,0.000445,-0.002035,-0.000691
13695.127034999998,9.306,6.791211,0.000563,0.000446,-0.002037,-0.000689
13696.378138999999,9.306,6.679763,0.000565,0.000448,-0.002035,-0.000687
13698.892995999999,9.306,7.327145,0.000564,0.000447,-0.002032,-0.00069
13700.143454999998,9.306,7.19514,0.000565,0.000446,-0.002034,-0.000692
13702.658725,9.306,6.769856,0.000569,0.000446,-0.002035,-0.000692
13705.158465999999,9.306,7.498035,0.000576,0.000451,-0.002041,-0.000688
13706.42392,9.306,6.617559,0.000574,0.000452,-0.002043,-0.000688
13708.923913999999,9.306,7.475299,0.000573,0.000453,-0.002039,-0.000688
13710.190459999998,9.306,6.70882,0.000574,0.00045,-0.002038,-0.000688
13712.706660999998,9.306,6.993335,0.000578,0.000455,-0.002045,-0.000686
13713.955525999998,9.306,7.091449,0.000579,0.000453,-0.002041,-0.000685
13716.456019,9.306,6.865208,0.000582,0.000454,-0.002038,-0.000689
13718.972297999999,9.306,6.665899,0.000578,0.000454,-0.002042,-0.000688
13720.220043,9.306,6.924703,0.000574,0.000454,-0.002037,-0.000689
13722.721714,9.306,6.689059,0.000572,0.000448,-0.002036,-0.000691
13723.971787999999,9.306,7.247199,0.000572,0.000446,-0.002041,-0.000693
13726.486515999999,9.306,7.13623,0.000565,0.000443,-0.002033,-0.000697
13729.001994999999,9.306,7.399178,0.000556,0.000437,-0.002031,-0.0007
13730.268961999998,9.306,6.707811,0.000552,0.000436,-0.002037,-0.000704
13732.768665,9.306,6.946271,0.00055,0.000432,-0.002043,-0.000707
13734.018662999999,9.306,6.807412,0.000543,0.000424,-0.002038,-0.000712
13736.550478999998,9.306,6.790839,0.000528,0.000416,-0.002053,-0.000723
13739.064161999999,9.306,7.294316,0.000534,0.00042,-0.002043,-0.000715
13740.315838999999,9.306,7.104411,0.000528,0.000417,-0.002044,-0.000721
13742.814167999999,9.306,7.220373,0.000522,0.000413,-0.002053,-0.000725
13744.064967999999,9.306,7.112857,0.000524,0.000412,-0.002046,-0.000722
13746.580616,9.306,6.95222,0.00053,0.000416,-0.002062,-0.000725
13749.080297999999,9.306,7.499894,0.000526,0.000416,-0.002066,-0.000723
13750.345635999998,9.306,7.07562,0.000523,0.000412,-0.002066,-0.000726
13750.612509999999,9.306,7.021755,0.000522,0.000405,-0.002063,-0.000731
13751.857529999997,9.306,6.998063,0.000519,0.000405,-0.002062,-0.00073
13753.109345999997,9.306,7.089271,0.000518,0.000404,-0.002069,-0.000733
13755.624542999998,9.306,7.140532,0.000511,0.000397,-0.002076,-0.000737
13756.889615999999,9.306,6.773575,0.000511,0.000394,-0.002073,-0.00074
13759.404739999998,9.306,7.217345,0.000509,0.000396,-0.002069,-0.000744
13761.936000999998,9.306,7.401886,0.000519,0.000406,-0.002059,-0.000731
13763.187443999997,9.306,7.041569,0.000516,0.000396,-0.002068,-0.000739
13765.702226999998,9.306,6.562367,0.000518,0.0004,-0.00207,-0.000731
13766.952915999998,9.306,6.694372,0.000519,0.000398,-0.002072,-0.000731
13769.484205999997,9.306,6.652832,0.000529,0.000407,-0.002073,-0.000722
13771.983748999999,9.306,6.847945,0.00052,0.0004,-0.002079,-0.000723
13773.249722999999,9.306,6.685022,0.000515,0.000397,-0.002084,-0.000728
13775.749576999999,9.306,6.63323,0.000521,0.000393,-0.002081,-0.000732
13777.014091,9.306,6.823987,0.000522,0.00039,-0.002077,-0.000732
13779.530215999997,9.306,6.975328,0.000524,0.000397,-0.002077,-0.000724
13782.031358999999,9.306,7.003907,0.000519,0.000387,-0.002082,-0.00073
13783.293613999998,9.306,6.58234,0.000511,0.000379,-0.002071,-0.000734
13785.795578999998,9.306,7.067333,0.000514,0.00038,-0.002078,-0.000736
13787.045692999998,9.305,6.688104,0.000518,0.000384,-0.002077,-0.000729
13789.545699999999,9.304,6.953813,0.000528,0.000386,-0.002066,-0.000727
13792.046743999997,9.303,7.138726,0.000524,0.000378,-0.00208,-0.000735
13793.310969999999,9.303,6.677905,0.000528,0.000382,-0.002075,-0.000727
13795.812314999997,9.302,6.545103,0.000529,0.000375,-0.002078,-0.000732
13797.077330999999,9.302,6.406245,0.000532,0.000378,-0.002078,-0.000729
13799.593349999997,9.3,7.120613,0.000546,0.000385,-0.002069,-0.000715
13800.858809999998,9.3,6.253629,0.000544,0.000382,-0.002074,-0.000718
13803.359813999998,9.299,6.141704,0.000532,0.000374,-0.00208,-0.000727
13805.889316999997,9.298,6.134851,0.000524,0.000362,-0.002067,-0.000732
13807.139665999997,9.298,6.561889,0.000524,0.000364,-0.002077,-0.000727
13809.640023999998,9.297,6.31695,0.000546,0.000373,-0.002084,-0.000717
13810.904705999998,9.296,6.35355,0.000549,0.000373,-0.002079,-0.000717
13813.404879999998,9.295,6.422448,0.000545,0.000364,-0.002077,-0.000726
13815.922250999998,9.294,6.043271,0.000565,0.000378,-0.002082,-0.000713
13817.185756999997,9.294,6.096286,0.00057,0.000385,-0.002081,-0.000705
13819.686025999998,9.293,6.035197,0.000569,0.000389,-0.002083,-0.000695
13820.936884999997,9.293,5.934958,0.000574,0.000391,-0.002087,-0.000691
13823.452314999999,9.292,6.163377,0.000576,0.000386,-0.002092,-0.00069
13825.968104999998,9.291,6.413576,0.000577,0.000381,-0.002092,-0.000694
13827.233154999998,9.29,5.978305,0.000587,0.000381,-0.002093,-0.000693
13829.732570999999,9.289,5.907282,0.000583,0.000381,-0.002088,-0.000691
13830.999996999999,9.289,5.904998,0.000581,0.000381,-0.002089,-0.000691
13833.514955999999,9.288,6.095808,0.000581,0.000379,-0.002087,-0.00069
13836.014291999998,9.287,5.719926,0.000587,0.000387,-0.002078,-0.000681
13837.280606999999,9.287,6.024892,0.000595,0.000388,-0.002078,-0.000677
13839.811414999998,9.286,5.860005,0.000599,0.000383,-0.002078,-0.000676
13841.078176999998,9.285,5.527204,0.000592,0.000379,-0.002079,-0.000678
13843.577344999998,9.284,5.767043,0.000585,0.000364,-0.00208,-0.000694
13844.827577999999,9.284,5.610126,0.000579,0.000364,-0.00209,-0.000693
13847.327404999998,9.283,5.577191,0.000582,0.000362,-0.002095,-0.000688
13849.859816999999,9.282,5.452251,0.000596,0.000376,-0.002083,-0.000676
13851.108449999998,9.282,5.477058,0.000601,0.00038,-0.002085,-0.000673
13853.625299999998,9.281,5.618784,0.00061,0.000378,-0.002079,-0.000675
13854.890634999998,9.281,5.770869,0.000618,0.000378,-0.002072,-0.000673
13857.404495999997,9.279,5.267285,0.000613,0.000367,-0.002075,-0.000677
13859.921918999999,9.279,5.550046,0.000602,0.000362,-0.002082,-0.000679
13861.185698999998,9.278,5.202955,0.000596,0.000358,-0.002079,-0.000685
13863.685491999999,9.277,5.063714,0.000597,0.000358,-0.002088,-0.000684
13864.936082999999,9.277,5.116581,0.000602,0.000362,-0.002083,-0.000681
13867.436539999999,9.276,5.692994,0.000611,0.00037,-0.002083,-0.000669
13869.937059999998,9.274,5.177404,0.000619,0.000371,-0.002079,-0.000666
13871.186490999999,9.274,5.032809,0.000623,0.00037,-0.002079,-0.000664
13873.686288999997,9.273,4.941476,0.000631,0.000374,-0.002073,-0.000657
13874.935455999997,9.273,5.016714,0.000638,0.000377,-0.002072,-0.000653
13877.435909999998,9.272,5.059954,0.000641,0.000384,-0.002066,-0.000648
13879.952451999998,9.271,5.032331,0.000649,0.000386,-0.002058,-0.000647
13881.202314999999,9.271,5.003115,0.000654,0.000387,-0.002058,-0.000643
13883.702787999999,9.27,5.177616,0.000671,0.000393,-0.002064,-0.000634
13884.968892999997,9.269,5.071003,0.000675,0.000393,-0.002063,-0.000629
13887.499561999999,9.268,4.997213,0.000684,0.000399,-0.002068,-0.000627
13890.014809999999,9.268,5.082318,0.000684,0.000397,-0.002067,-0.000625
13891.279657999998,9.267,4.887617,0.000688,0.000401,-0.002062,-0.000622
13893.796309999998,9.266,4.951195,0.000699,0.000405,-0.002064,-0.000618
13895.061283999998,9.266,4.663794,0.000699,0.000403,-0.002061,-0.000617
13897.592495999997,9.264,4.985711,0.000706,0.000408,-0.002067,-0.000615
13898.842185999998,9.264,5.01443,0.000712,0.000407,-0.002061,-0.000614
13901.358388999999,9.263,4.488816,0.000714,0.000409,-0.00206,-0.000611
13903.875296999999,9.262,5.005272,0.000714,0.000408,-0.00206,-0.000607
13905.139682999998,9.261,4.350179,0.000714,0.000404,-0.00206,-0.000606
13907.672325999998,9.261,4.456565,0.000709,0.000404,-0.002062,-0.000609
13908.937419999998,9.26,4.699986,0.000714,0.000405,-0.002064,-0.000609
13911.435839999998,9.259,4.395162,0.000713,0.000402,-0.002055,-0.000606
13913.951351999998,9.258,4.319297,0.000721,0.000403,-0.002057,-0.000606
13915.217203999999,9.258,4.477144,0.000722,0.000403,-0.002057,-0.000605
13917.717538999997,9.257,4.56571,0.000724,0.000402,-0.00206,-0.000603
13918.983242999999,9.256,4.329902,0.000728,0.0004,-0.002063,-0.000603
13921.512652999998,9.255,5.421909,0.000728,0.000401,-0.002057,-0.000602
13924.013580999997,9.254,4.359272,0.000726,0.000398,-0.002053,-0.000599
13925.264409999998,9.254,4.941396,0.000728,0.000398,-0.002059,-0.000599
13927.792434999998,9.253,5.431427,0.000732,0.000398,-0.002058,-0.000596
13929.045192999998,9.252,4.071478,0.000733,0.000395,-0.002059,-0.000593
13931.546375999998,9.251,4.039965,0.000737,0.000393,-0.002055,-0.000593
13934.046372999997,9.25,4.077622,0.000739,0.000395,-0.002051,-0.000595
13935.308375999999,9.25,3.88702,0.000744,0.000393,-0.002052,-0.000594
13937.827299999999,9.249,4.193101,0.000751,0.000398,-0.00205,-0.000587
13939.074607999999,9.248,3.914973,0.000753,0.000399,-0.002048,-0.000585
13941.593160999999,9.247,3.960047,0.000758,0.000404,-0.002048,-0.00058
13942.859338999999,9.246,3.985252,0.00076,0.000404,-0.002054,-0.00058
13945.389469999998,9.246,3.941436,0.000765,0.000403,-0.002045,-0.000575
13947.874366999999,9.245,4.339691,0.000755,0.000399,-0.002049,-0.000579
13949.125173999999,9.244,3.73703,0.000754,0.000399,-0.002045,-0.000575
13951.639925999998,9.243,3.318472,0.000752,0.000399,-0.002045,-0.000574
13952.889810999997,9.242,4.171641,0.000751,0.000399,-0.002033,-0.000572
13955.389275999998,9.241,3.832264,0.000755,0.000395,-0.002037,-0.000571
13957.905781999998,9.24,3.865284,0.000765,0.000393,-0.002039,-0.000574
13959.170469999997,9.24,3.949256,0.000768,0.000395,-0.002037,-0.000569
13961.686228999999,9.237,3.66656,0.000769,0.000393,-0.00204,-0.000572
13962.938396999998,9.237,4.322464,0.000771,0.000396,-0.002038,-0.000568
13965.436351999999,9.236,3.513822,0.000775,0.000399,-0.002046,-0.000567
13967.952435999998,9.235,3.849135,0.000774,0.000395,-0.002037,-0.000567
13969.202562999999,9.235,3.774145,0.000774,0.000396,-0.002039,-0.000564
13971.702291999998,9.234,3.71131,0.000776,0.000396,-0.002043,-0.000561
13972.952686999999,9.234,3.523429,0.00078,0.000398,-0.002043,-0.000558
13975.483098999997,9.233,3.499089,0.000783,0.000396,-0.002042,-0.000556
13977.983482999998,9.232,3.470186,0.000779,0.000393,-0.002038,-0.000559
13979.234185999998,9.231,3.426306,0.000782,0.000393,-0.00204,-0.000559
13981.749287999999,9.23,3.464817,0.00079,0.000394,-0.002036,-0.000555
13983.014729999999,9.23,3.324414,0.000795,0.000396,-0.002041,-0.000555
13985.529282999998,9.229,3.079518,0.000799,0.000396,-0.002039,-0.00055
13988.016088999999,9.228,3.949744,0.000809,0.000398,-0.002044,-0.00055
13989.281241999997,9.227,3.056472,0.000811,0.000399,-0.002045,-0.000548
13991.795779999999,9.226,3.378601,0.000813,0.000398,-0.002042,-0.000546
13993.045809999998,9.226,2.919846,0.000811,0.0004,-0.00204,-0.000543
13995.546671999999,9.225,3.213634,0.000813,0.000397,-0.00204,-0.000541
13996.811357999999,9.224,3.225009,0.000816,0.000396,-0.002039,-0.00054
13999.328253999998,9.223,3.106033,0.00082,0.000395,-0.002043,-0.000543
14001.827906999999,9.222,3.057559,0.000827,0.000397,-0.002044,-0.000542
14003.092177999999,9.222,3.140841,0.000831,0.000398,-0.002041,-0.000542
14005.606519999998,9.221,3.129626,0.00084,0.0004,-0.002048,-0.000541
14006.859403999999,9.22,3.06556,0.000838,0.000398,-0.002044,-0.000538
14009.373179999999,9.22,3.146449,0.00084,0.000397,-0.002041,-0.000539
14011.874747999998,9.218,2.941056,0.000844,0.000399,-0.002042,-0.000538
14013.139660999997,9.218,3.062875,0.000847,0.000397,-0.002043,-0.000539
14015.671352999998,9.217,2.73405,0.000847,0.000398,-0.00204,-0.000536
14016.921896999998,9.216,2.842723,0.000849,0.0004,-0.002042,-0.000535
14019.451983999998,9.215,2.892019,0.000848,0.000398,-0.002039,-0.000535
14021.966950999999,9.214,2.762815,0.000856,0.000396,-0.002042,-0.000535
14023.217649999999,9.214,2.882035,0.000856,0.000397,-0.002037,-0.000535
14025.702551999999,9.213,3.03072,0.000853,0.000395,-0.002042,-0.000536
14026.967411999998,9.212,3.252135,0.000853,0.000392,-0.002039,-0.000537
14029.467405999998,9.211,2.837259,0.000851,0.000388,-0.002038,-0.000539
14031.967649999999,9.21,2.779819,0.000856,0.00039,-0.002035,-0.000534
14033.232304999998,9.21,2.900837,0.000859,0.000392,-0.002033,-0.000531
14035.734331999998,9.209,2.761218,0.000863,0.000394,-0.002034,-0.000527
14036.998999999998,9.208,2.777267,0.000866,0.000395,-0.002038,-0.000527
14039.499245999998,9.207,3.203618,0.000863,0.000394,-0.002038,-0.000522
14042.014370999997,9.206,2.602984,0.000861,0.000395,-0.00203,-0.000522
14043.265504999998,9.205,2.632078,0.000864,0.000396,-0.002034,-0.000519
14045.779394999998,9.204,2.65966,0.000872,0.000397,-0.002036,-0.000513
14047.029625999998,9.204,2.972893,0.000873,0.000397,-0.002033,-0.000513
14049.530535999998,9.203,2.573603,0.000876,0.000396,-0.002032,-0.000514
14052.030275999998,9.202,2.51645,0.000881,0.000395,-0.002033,-0.000512
14053.281400999998,9.201,2.556276,0.000885,0.000396,-0.00204,-0.000512
14055.796114999997,9.2,2.529289,0.000889,0.000396,-0.002034,-0.000509
14057.045292999997,9.2,2.6017,0.000897,0.000397,-0.00204,-0.000508
14059.560597999998,9.199,2.420504,0.000893,0.000396,-0.002038,-0.000511
14060.810184999998,9.198,2.452336,0.000887,0.000391,-0.00203,-0.000514
14063.311960999998,9.197,2.334947,0.00089,0.000391,-0.002029,-0.000515
14065.827522999998,9.196,2.342172,0.000898,0.000393,-0.002034,-0.000509
14067.092373999998,9.196,2.514248,0.000901,0.000393,-0.002031,-0.000507
14069.592114,9.195,2.345292,0.000904,0.000393,-0.002033,-0.000507
14070.843059999997,9.194,2.306877,0.000908,0.000394,-0.002037,-0.000508
14073.359036999998,9.193,2.318702,0.000912,0.000392,-0.002032,-0.000508
14075.874108999998,9.192,2.346172,0.000914,0.000393,-0.002033,-0.000505
14077.124402999998,9.192,2.301725,0.000916,0.000392,-0.002036,-0.000504
14079.639497999999,9.191,2.326363,0.000919,0.000392,-0.002029,-0.000505
14080.890720999998,9.19,2.223213,0.000919,0.000394,-0.002035,-0.000503
14083.418125999999,9.189,2.012095,0.000926,0.000396,-0.002027,-0.000503
14085.937277999998,9.188,2.134764,0.000931,0.000393,-0.002029,-0.000501
14087.202044999998,9.188,2.114089,0.000933,0.000394,-0.002028,-0.000497
14089.703138999997,9.187,2.089738,0.000932,0.000392,-0.002032,-0.000499
14090.967126999998,9.186,2.058803,0.000931,0.00039,-0.002035,-0.000503
14093.467973999997,9.186,1.286857,0.000932,0.000391,-0.002034,-0.000503
14095.998748999998,9.184,2.107394,0.000938,0.000388,-0.002029,-0.000504
14097.249492999998,9.183,2.053821,0.000934,0.000387,-0.002029,-0.000506
14099.781354999997,9.182,2.00931,0.000925,0.000383,-0.00203,-0.000507
14101.046067999998,9.182,2.037714,0.000919,0.000381,-0.002029,-0.000507
14103.561354999998,9.181,1.865893,0.000923,0.000379,-0.002037,-0.000511
14104.811511999998,9.18,1.910807,0.000911,0.000365,-0.002045,-0.000527
14107.327421999998,9.18,1.680782,0.000901,0.000355,-0.002041,-0.000534
14109.859218999998,9.178,1.877475,0.000908,0.000358,-0.002044,-0.00053
14111.109036999998,9.177,1.955621,0.000909,0.000357,-0.00204,-0.00053
14113.639595999999,9.176,1.772287,0.000913,0.000358,-0.002053,-0.000527
14114.890274999998,9.175,1.808872,0.000908,0.000355,-0.002047,-0.00053
14117.421852999998,9.174,1.812024,0.000907,0.000349,-0.002053,-0.000537
14119.937454999997,9.173,1.746759,0.000901,0.000341,-0.002049,-0.000547
14121.186469999999,9.173,1.674559,0.000903,0.000337,-0.002054,-0.000547
14123.685993999998,9.172,1.587903,0.000896,0.000328,-0.002053,-0.000554
14124.952156999998,9.171,1.718673,0.000891,0.000329,-0.00205,-0.000552
14127.468337999999,9.17,1.666877,0.000904,0.000334,-0.002057,-0.000549
14129.999280999999,9.169,1.733798,0.000893,0.000324,-0.00206,-0.000557
14131.249649999998,9.168,1.684676,0.000889,0.000317,-0.002061,-0.000563
14133.779749999998,9.167,1.714046,0.000901,0.000325,-0.002072,-0.000556
14135.029867999998,9.167,0.800557,0.000903,0.000324,-0.002068,-0.000555
14137.545877999999,9.166,1.62017,0.000905,0.000328,-0.002068,-0.00055
14138.811445999998,9.166,1.787482,0.000903,0.000329,-0.002061,-0.00055
14141.311980999999,9.166,1.681361,0.00092,0.000339,-0.002061,-0.000546
14143.812210999999,9.166,1.613055,0.000926,0.000341,-0.002062,-0.000542
14145.076851999998,9.166,1.659073,0.000921,0.00034,-0.002065,-0.000539
14147.594578999999,9.166,1.653975,0.000919,0.00034,-0.002073,-0.000545
14148.842619,9.165,1.664654,0.000915,0.00034,-0.002074,-0.000542
14151.359651999997,9.165,1.790575,0.000915,0.00034,-0.002077,-0.00054
14153.859622999998,9.165,1.70716,0.000907,0.000335,-0.002075,-0.000549
14155.124895999998,9.165,1.646808,0.000914,0.000342,-0.002083,-0.000549
14157.639336999999,9.165,1.721553,0.000912,0.000339,-0.002074,-0.000548
14158.889953999998,9.165,1.513847,0.000909,0.00034,-0.002079,-0.00055
14161.389590999997,9.165,1.735755,0.000911,0.000342,-0.002079,-0.000542
14163.889172999998,9.165,1.270374,0.000906,0.000336,-0.002082,-0.000549
14165.139220999998,9.165,1.732418,0.000899,0.000332,-0.002074,-0.00056
14167.639295999998,9.165,1.798357,0.000894,0.000338,-0.002077,-0.000549
14168.889012999998,9.166,1.865739,0.000884,0.000333,-0.002074,-0.000554
14171.390214999998,9.167,1.527524,0.000872,0.000327,-0.002081,-0.000565
14173.888821999999,9.168,1.894871,0.000874,0.00033,-0.00208,-0.000563
14175.140392999998,9.168,1.791583,0.00087,0.00033,-0.002074,-0.000563
14177.639164999999,9.17,1.756568,0.000876,0.000334,-0.002077,-0.000561
14178.889634999998,9.17,1.682072,0.000883,0.000337,-0.002072,-0.000559
14181.403584999998,9.171,1.949875,0.000861,0.00033,-0.002076,-0.00057
14183.921869999998,9.172,1.757915,0.000853,0.000314,-0.002081,-0.000583
14185.186081999998,9.173,2.093892,0.000846,0.000313,-0.002077,-0.000587
14187.687360999998,9.174,1.998418,0.000843,0.000307,-0.002084,-0.000593
14188.936892999998,9.174,2.32223,0.000843,0.000311,-0.002089,-0.000587
14191.436382999998,9.175,2.240412,0.000848,0.000319,-0.002083,-0.00058
14193.936248999998,9.176,2.111723,0.000845,0.000326,-0.002084,-0.000577
14195.186991999999,9.177,1.529275,0.000848,0.000327,-0.002094,-0.000574
14197.686806999998,9.178,2.01973,0.000848,0.000325,-0.002089,-0.000575
14198.951871999998,9.179,2.289104,0.00085,0.000328,-0.002087,-0.000573
14201.468300999999,9.18,2.221446,0.000842,0.000332,-0.002085,-0.000578
14203.998918999998,9.181,2.386349,0.00083,0.000319,-0.002091,-0.000588
14205.249608999999,9.181,2.502078,0.00083,0.000318,-0.00209,-0.000586
14207.780014999998,9.182,2.36568,0.000835,0.000323,-0.002094,-0.000582
14209.030638999999,9.183,2.50063,0.000826,0.000324,-0.002085,-0.000583
14211.546380999998,9.184,2.574601,0.000817,0.00032,-0.002093,-0.000591
14214.046621999998,9.185,2.464443,0.000824,0.000325,-0.002091,-0.000587
14215.311668999999,9.185,2.412499,0.000833,0.00033,-0.002088,-0.000586
14217.811824999999,9.186,2.410918,0.00082,0.000324,-0.002087,-0.000591
14219.061759999999,9.187,2.542615,0.000821,0.000326,-0.002093,-0.000591
14221.561874999998,9.188,2.499913,0.000824,0.000331,-0.002088,-0.000588
14222.812263999998,9.188,2.541114,0.000826,0.000333,-0.00208,-0.000583
14225.326043999998,9.189,2.550128,0.000828,0.000342,-0.002088,-0.000576
14227.825167999998,9.19,2.562346,0.00081,0.000326,-0.002087,-0.000593
14229.077412999999,9.191,2.571683,0.000803,0.000321,-0.00209,-0.000597
14231.593091999997,9.192,2.647511,0.000804,0.000332,-0.002088,-0.00059
14232.843085999999,9.192,2.709481,0.000808,0.000337,-0.002087,-0.000585
14235.373482999998,9.193,2.77237,0.000815,0.000343,-0.002088,-0.000579
14237.874386999998,9.194,2.508359,0.000822,0.000349,-0.00209,-0.000575
14239.124915999999,9.195,2.679555,0.000819,0.000349,-0.002082,-0.000579
14241.639874999999,9.196,2.665506,0.000791,0.000324,-0.002083,-0.000602
14242.889980999998,9.196,2.861206,0.00078,0.00032,-0.002087,-0.000611
14245.405589999998,9.198,2.888486,0.000776,0.000323,-0.002083,-0.000609
14247.921331999998,9.198,3.040667,0.000785,0.000332,-0.002088,-0.000605
14249.171873999998,9.199,3.036879,0.000778,0.000323,-0.002085,-0.000614
14251.686249999999,9.2,3.002809,0.000771,0.000319,-0.002083,-0.000621
14252.936192999998,9.201,2.901627,0.000771,0.000326,-0.002088,-0.000613
14255.452370999998,9.202,3.051352,0.000762,0.000317,-0.00209,-0.000619
14257.968126999998,9.203,3.350006,0.000765,0.000328,-0.002089,-0.000614
14259.219107999998,9.203,3.091789,0.000772,0.000334,-0.002092,-0.000606
14261.733757999998,9.205,3.589623,0.000772,0.000335,-0.002081,-0.000603
14262.998000999998,9.205,3.252915,0.000774,0.000335,-0.002085,-0.000606
14265.499644999998,9.206,3.044636,0.000771,0.000337,-0.002084,-0.000606
14268.014345999998,9.207,3.061199,0.000765,0.000332,-0.002079,-0.000614
14269.279494999999,9.208,3.043829,0.000764,0.000333,-0.002081,-0.000617
14271.779884999998,9.209,2.933178,0.000762,0.000335,-0.002078,-0.000616
14273.029862999998,9.209,3.265048,0.000759,0.000336,-0.002078,-0.000617
14275.561085999998,9.21,3.297611,0.000759,0.000339,-0.002077,-0.000616
14278.061788999998,9.212,3.214197,0.000766,0.000348,-0.002077,-0.000608
14279.326783999999,9.212,3.079093,0.000766,0.000348,-0.002081,-0.000607
14281.827356999998,9.213,3.338456,0.000758,0.00034,-0.002081,-0.000617
14283.077496999998,9.214,3.632187,0.000749,0.000334,-0.002079,-0.000622
14285.609380999998,9.215,3.573363,0.000744,0.000337,-0.002088,-0.000624
14286.871679999998,9.215,3.716397,0.000745,0.000338,-0.002084,-0.000623
14289.358174999998,9.216,3.382469,0.00074,0.000335,-0.002086,-0.000631
14291.843138999999,9.217,3.676343,0.000736,0.000338,-0.002083,-0.000629
14293.093140999998,9.218,3.389536,0.000736,0.000335,-0.002087,-0.000632
14295.608090999998,9.219,3.702683,0.000737,0.00034,-0.002081,-0.000626
14296.858174999998,9.219,3.625651,0.000738,0.00034,-0.002087,-0.000625
14299.374471999998,9.22,3.611831,0.000735,0.000343,-0.002086,-0.000626
14301.887930999997,9.221,3.802136,0.00073,0.000341,-0.002076,-0.00063
14303.138639999997,9.221,4.12486,0.00073,0.000341,-0.002083,-0.000632
14305.639605999999,9.222,3.883922,0.000727,0.000343,-0.002082,-0.00063
14306.904358999998,9.223,3.734648,0.000725,0.000344,-0.002077,-0.000631
14309.404379999998,9.224,3.710662,0.000719,0.000344,-0.002078,-0.000632
14311.921834999997,9.225,4.218959,0.000723,0.000348,-0.002083,-0.000632
14313.185929999998,9.225,3.845931,0.000721,0.000347,-0.002077,-0.000631
14315.701822999998,9.227,3.685187,0.000722,0.000351,-0.002081,-0.000629
14316.951954999999,9.227,3.83263,0.000718,0.000349,-0.002071,-0.000629
14319.452216999998,9.23,4.190544,0.000725,0.000356,-0.002071,-0.000626
14321.967817999997,9.23,4.006621,0.000727,0.000365,-0.00207,-0.000621
14323.234320999998,9.23,3.894177,0.000728,0.000364,-0.002069,-0.00062
14325.733284999998,9.231,3.907456,0.000723,0.00036,-0.002063,-0.000625
14326.982842999998,9.231,3.998552,0.000718,0.000359,-0.002067,-0.00063
14329.514734999999,9.232,3.666714,0.000719,0.000362,-0.002064,-0.000629
14332.030192999999,9.233,4.031482,0.000727,0.000372,-0.002065,-0.000622
14333.280351999998,9.234,4.189419,0.000732,0.000376,-0.002066,-0.000623
14335.779694999997,9.235,4.041976,0.000725,0.000379,-0.00206,-0.000617
14337.029834999998,9.235,4.00972,0.000728,0.00038,-0.00206,-0.000614
14339.545817999999,9.236,4.331133,0.000727,0.000382,-0.00206,-0.000614
14340.812363999998,9.237,4.232997,0.000726,0.00038,-0.002058,-0.000614
14343.342842999999,9.238,4.225076,0.000727,0.000387,-0.002059,-0.000613
14345.874736999998,9.238,4.359341,0.000718,0.000383,-0.002053,-0.000622
14347.139608999998,9.239,4.705466,0.000715,0.00038,-0.00205,-0.000624
14349.655300999999,9.24,4.422479,0.000707,0.000376,-0.002054,-0.000628
14350.921236999999,9.24,4.443986,0.000707,0.000381,-0.00205,-0.000627
14353.438334999999,9.241,4.440634,0.000711,0.000385,-0.002059,-0.000622
14355.951709999998,9.242,4.637538,0.000708,0.000383,-0.002059,-0.000624
14357.202220999998,9.243,4.494774,0.000705,0.000385,-0.002053,-0.000624
14359.701175999999,9.244,4.554702,0.000707,0.00039,-0.002051,-0.00062
14360.951717999998,9.244,4.295503,0.000708,0.000389,-0.002052,-0.000626
14363.467874999998,9.245,4.675709,0.000706,0.00039,-0.002049,-0.000626
14365.998228999999,9.246,4.528706,0.000706,0.000391,-0.002056,-0.000628
14367.248289999998,9.246,4.443138,0.000706,0.000393,-0.002049,-0.000628
14369.749337999998,9.247,4.531014,0.000704,0.000394,-0.002045,-0.000627
14370.999837999998,9.247,4.695286,0.000702,0.000395,-0.00205,-0.000627
14373.499438999997,9.248,4.873632,0.000698,0.000397,-0.002048,-0.000629
14376.031346999998,9.249,4.622185,0.000697,0.000398,-0.002042,-0.000626
14377.281456999997,9.25,5.055121,0.0007,0.000399,-0.002041,-0.000623
14379.779000999999,9.251,4.704029,0.000702,0.000401,-0.002045,-0.000627
14381.029626999998,9.251,4.767469,0.000698,0.000401,-0.002043,-0.000627
14383.529711999998,9.252,4.751346,0.000696,0.000403,-0.002042,-0.000625
14386.029470999998,9.253,4.617898,0.000696,0.000407,-0.002041,-0.000625
14387.280140999997,9.253,4.790319,0.000696,0.000408,-0.002037,-0.000623
14389.795948999998,9.254,5.027817,0.000694,0.000408,-0.002037,-0.000625
14391.061837999998,9.254,5.095026,0.000693,0.000407,-0.002037,-0.000629
14393.576753999998,9.255,5.107019,0.000687,0.000407,-0.002034,-0.000628
14394.826385999999,9.256,5.400777,0.000686,0.00041,-0.00204,-0.000629
14397.343576999998,9.257,5.27435,0.000681,0.000406,-0.002034,-0.000631
14399.874685999997,9.258,5.377669,0.000682,0.000408,-0.002037,-0.000633
14401.137269999997,9.258,4.83865,0.000679,0.000408,-0.002031,-0.000632
14403.640654999997,9.259,5.959978,0.000679,0.000412,-0.002032,-0.00063
14404.905218999998,9.26,5.014801,0.000679,0.000413,-0.00203,-0.000629
14407.421235999998,9.261,5.269941,0.000682,0.000418,-0.00203,-0.000628
14409.936839999998,9.261,5.119396,0.000679,0.00042,-0.002036,-0.000629
14411.201298999998,9.262,5.399236,0.00068,0.000421,-0.002038,-0.00063
14413.701422999999,9.263,5.324815,0.000679,0.000425,-0.002039,-0.000629
14414.952109999998,9.263,5.465106,0.000678,0.000425,-0.002032,-0.000627
14417.465285999999,9.264,5.171166,0.000677,0.000427,-0.002035,-0.000631
14419.983435999999,9.265,5.465212,0.000676,0.000428,-0.002036,-0.000629
14421.231940999998,9.266,5.592542,0.000674,0.000428,-0.00203,-0.000632
14423.734062999998,9.267,5.680404,0.000665,0.000428,-0.002034,-0.000634
14424.999326999998,9.268,5.916472,0.000664,0.000427,-0.002032,-0.000634
14427.531439999999,9.269,5.581918,0.000661,0.000428,-0.002034,-0.000634
14430.014801999998,9.27,5.467602,0.000665,0.000431,-0.00203,-0.000634
14431.281335999998,9.27,5.630683,0.000664,0.000432,-0.002026,-0.000635
14433.79583,9.271,5.692728,0.00066,0.00043,-0.002032,-0.000636
14435.045979999999,9.272,5.728425,0.000656,0.000431,-0.002028,-0.000638
14437.561418999998,9.272,5.893949,0.00065,0.000428,-0.002028,-0.00064
14438.812294999998,9.273,5.939154,0.00065,0.000432,-0.002033,-0.000641
14441.342511999997,9.274,5.743192,0.000652,0.000431,-0.002029,-0.000642
14443.874079999998,9.275,5.806938,0.000652,0.000432,-0.002028,-0.000645
14445.124538999999,9.275,6.164014,0.000645,0.00043,-0.002022,-0.000647
14447.655291,9.276,6.017667,0.00065,0.000433,-0.002032,-0.000649
14448.921482999998,9.277,5.887522,0.000649,0.000433,-0.002031,-0.000648
14451.435898999998,9.277,5.994878,0.000632,0.000427,-0.002025,-0.000655
14453.936865999998,9.278,5.785211,0.000614,0.000419,-0.002033,-0.000666
14455.198804999998,9.279,6.290335,0.000611,0.000417,-0.002031,-0.000667
14457.702657999998,9.28,5.827229,0.000617,0.000424,-0.002033,-0.000665
14458.953110999999,9.28,6.124918,0.000614,0.000422,-0.002027,-0.000665
14461.484212999998,9.281,6.31355,0.000601,0.000411,-0.002038,-0.00068
14463.999898999999,9.282,6.699578,0.000602,0.000413,-0.002041,-0.000681
14465.264395999999,9.283,6.022501,0.000603,0.000418,-0.002042,-0.000674
14467.780184999998,9.284,6.631902,0.000606,0.000423,-0.00204,-0.000674
14469.030287999998,9.284,6.338888,0.000601,0.000422,-0.00204,-0.000678
14471.529830999998,9.285,6.755885,0.000584,0.000411,-0.002048,-0.00069
14474.032412999999,9.286,6.098835,0.000577,0.000408,-0.002046,-0.000696
14475.281675999999,9.286,6.802579,0.000577,0.000409,-0.002044,-0.000696
14477.795817999999,9.287,6.346963,0.000573,0.000406,-0.002041,-0.000703
14479.061931999999,9.288,6.382979,0.000574,0.00041,-0.002041,-0.000699
14481.591763999999,9.288,6.729538,0.000586,0.00042,-0.002043,-0.000694
14482.843592999998,9.289,6.835089,0.000584,0.000421,-0.002036,-0.00069
14485.358873999998,9.29,6.69145,0.000577,0.000417,-0.00204,-0.000696
14487.890335999999,9.29,6.637107,0.000564,0.000412,-0.002043,-0.000703
14489.140436999998,9.291,6.62319,0.000556,0.000407,-0.00204,-0.000709
14491.669960999998,9.292,6.457082,0.00055,0.000401,-0.002049,-0.000716
14492.935484999998,9.293,6.762844,0.000554,0.000407,-0.002052,-0.000712
14495.452318999998,9.294,6.367945,0.000552,0.000406,-0.002049,-0.000716
14497.968522999998,9.295,6.707015,0.000549,0.000408,-0.002049,-0.000718
14499.234372999998,9.295,6.942446,0.000556,0.000413,-0.00205,-0.000715
14501.764566999998,9.296,6.558277,0.000539,0.000403,-0.002053,-0.000725
14503.030810999999,9.297,6.661172,0.000535,0.000403,-0.002051,-0.000725
14505.561218999997,9.298,7.059948,0.000542,0.000414,-0.002057,-0.000716
14508.077186999999,9.298,6.785261,0.000546,0.000414,-0.002058,-0.000718
14509.327488999998,9.299,6.631742,0.000554,0.000418,-0.002058,-0.000717
14511.859312999999,9.3,7.204436,0.000553,0.000422,-0.002057,-0.000716
14513.124786999999,9.3,6.778939,0.000547,0.000414,-0.002059,-0.000723
14515.639922999999,9.3,6.914133,0.000532,0.000406,-0.002061,-0.00073
14516.885147999998,9.3,7.205605,0.000529,0.000401,-0.002059,-0.000733
14519.389306999998,9.3,7.199815,0.000523,0.000399,-0.002056,-0.00073
14521.889163999998,9.3,6.706164,0.000528,0.000399,-0.002058,-0.000729
14523.139492999999,9.3,6.776709,0.000537,0.000402,-0.002059,-0.000727
14525.640160999998,9.301,7.058833,0.000533,0.0004,-0.002063,-0.000729
14526.889197999999,9.301,6.968315,0.000522,0.000391,-0.002061,-0.000734
14529.389585999998,9.301,6.950679,0.000519,0.000392,-0.002064,-0.000736
14531.905584999999,9.301,7.224092,0.000532,0.000397,-0.002063,-0.000729
14533.170555999997,9.301,6.738302,0.000545,0.000403,-0.00206,-0.00072
14535.672375999999,9.301,6.813468,0.000539,0.000396,-0.002054,-0.000721
14536.936290999998,9.301,6.202898,0.000528,0.000387,-0.002061,-0.000732
14539.452672999998,9.301,6.78218,0.00054,0.000395,-0.002061,-0.00072
14541.967552999999,9.301,6.827121,0.000533,0.000393,-0.002057,-0.000722
14543.233567999998,9.301,6.655647,0.000533,0.000391,-0.002056,-0.00072
14545.750439999998,9.301,6.943402,0.00053,0.00038,-0.002063,-0.000731
14547.014830999999,9.3,6.403005,0.000525,0.000373,-0.002066,-0.000734
14549.545775999999,9.299,6.355888,0.000532,0.00038,-0.002076,-0.000724
14552.046258999999,9.298,6.379314,0.000543,0.000386,-0.00207,-0.000719
14553.312199999998,9.298,6.328424,0.000551,0.000389,-0.002061,-0.000715
14555.812700999999,9.297,6.420322,0.000565,0.000401,-0.002055,-0.0007
14557.077199999998,9.296,6.272805,0.000565,0.000401,-0.002061,-0.000699
14559.577428999999,9.295,6.178463,0.000555,0.000382,-0.00207,-0.000711
14560.842890999998,9.295,6.23238,0.000558,0.000386,-0.002069,-0.000711
14563.358014999998,9.294,6.11339,0.00056,0.000387,-0.002066,-0.000706
14565.889627999999,9.293,6.160562,0.000569,0.000387,-0.00207,-0.000705
14567.139799999999,9.293,6.266431,0.000578,0.000392,-0.002073,-0.000697
14569.655425999998,9.292,5.810018,0.000589,0.000403,-0.002071,-0.000685
14570.889771999999,9.291,5.591427,0.000592,0.000405,-0.002065,-0.000681
14573.405169999998,9.29,6.001359,0.000602,0.000406,-0.002072,-0.000673
14575.937787999997,9.289,6.176497,0.0006,0.000407,-0.002069,-0.00067
14577.187195999999,9.289,6.019526,0.000595,0.000401,-0.002071,-0.000674
14579.702577999999,9.288,5.805025,0.00059,0.000385,-0.002078,-0.000695
14580.952544999998,9.287,6.132036,0.00058,0.000381,-0.002072,-0.000701
14583.468471999999,9.287,6.031479,0.00059,0.000387,-0.002073,-0.000688
14585.984256999998,9.286,5.804441,0.000605,0.000392,-0.002077,-0.000678
14587.233547999998,9.285,6.099207,0.000603,0.000391,-0.002073,-0.000675
14589.764164999999,9.285,5.908345,0.000589,0.000377,-0.002077,-0.000688
14591.014627999999,9.284,5.543194,0.000584,0.000377,-0.002069,-0.000689
14593.530165999999,9.283,5.710311,0.00058,0.000367,-0.002068,-0.0007
14596.046376999999,9.282,6.133204,0.000602,0.000378,-0.002083,-0.000688
14597.312553999998,9.282,5.441839,0.000608,0.000374,-0.002076,-0.000686
14599.843711999998,9.281,6.098569,0.000604,0.00038,-0.002082,-0.000679
14601.108167999999,9.28,5.673658,0.000608,0.000376,-0.002081,-0.000685
14603.623724999998,9.28,5.439024,0.000609,0.000372,-0.00208,-0.000693
14604.888774999998,9.279,5.611666,0.00061,0.000379,-0.002077,-0.000683
14607.390270999998,9.278,5.428825,0.000613,0.000373,-0.002072,-0.000685
14609.904751999999,9.278,5.143991,0.000611,0.000366,-0.002076,-0.000689
14611.172371999997,9.277,5.454269,0.000612,0.000368,-0.002073,-0.000683
14613.671553999999,9.276,5.160883,0.000619,0.000366,-0.002072,-0.000681
14614.936067999999,9.276,5.127896,0.000619,0.00037,-0.002069,-0.000676
14617.450636999998,9.275,5.519554,0.000626,0.000374,-0.002077,-0.000668
14619.967802999998,9.274,5.032491,0.000625,0.000375,-0.002071,-0.000673
14621.217544999998,9.273,5.370658,0.000623,0.000376,-0.002067,-0.000669
14623.732313999999,9.272,5.016169,0.000632,0.000378,-0.002074,-0.000662
14624.998193999998,9.272,5.124124,0.000631,0.000369,-0.002075,-0.000671
14627.499742999998,9.271,4.989457,0.000623,0.000357,-0.002079,-0.000682
14630.029386999999,9.27,5.055671,0.000632,0.000362,-0.00209,-0.000672
14631.280773999999,9.269,4.979695,0.000638,0.000368,-0.002087,-0.000666
14633.812300999998,9.269,5.351428,0.000655,0.000381,-0.002088,-0.000655
14635.061856999999,9.268,4.932038,0.000655,0.00038,-0.002078,-0.000651
14637.577283999999,9.267,4.554208,0.000657,0.00038,-0.00208,-0.000648
14638.843326999999,9.267,5.167789,0.00066,0.000379,-0.002076,-0.000646
14641.374750999998,9.266,4.919687,0.000668,0.000384,-0.002078,-0.000638
14643.904707999998,9.265,5.186717,0.000674,0.000389,-0.002075,-0.000631
14645.171155999999,9.264,4.83075,0.000677,0.000392,-0.00208,-0.000624
14647.670363999998,9.263,4.659953,0.000674,0.000382,-0.002081,-0.000632
14648.921414999999,9.263,4.606062,0.000673,0.000379,-0.002073,-0.000633
14651.436277999997,9.262,5.08253,0.000664,0.000367,-0.002077,-0.000646
14653.936278999998,9.261,4.627182,0.00065,0.000356,-0.002075,-0.000661
14655.187052999998,9.261,4.597754,0.00065,0.000357,-0.002074,-0.000659
14657.717296999997,9.26,4.369416,0.000647,0.000348,-0.002082,-0.000663
14658.965624999999,9.259,4.379973,0.000645,0.000345,-0.00208,-0.000663
14661.467855999997,9.258,4.414908,0.000655,0.000352,-0.002087,-0.000656
14663.982630999999,9.257,4.473691,0.000665,0.00036,-0.002078,-0.000647
14665.235270999998,9.257,4.11357,0.000668,0.000358,-0.00208,-0.000648
14667.734684,9.256,4.528674,0.000671,0.000357,-0.002083,-0.000645
14668.983037999998,9.256,4.335701,0.000669,0.000356,-0.002079,-0.000644
14671.499465999997,9.254,4.530711,0.000664,0.00035,-0.002074,-0.000645
14674.029671999999,9.253,4.172076,0.000674,0.000356,-0.002084,-0.00064
14675.280144999999,9.253,4.276086,0.000674,0.000351,-0.002081,-0.00064
14677.780158999998,9.252,4.160712,0.000678,0.000352,-0.002079,-0.000641
14679.029406999998,9.252,4.220593,0.000684,0.000356,-0.002078,-0.000638
14681.529830999998,9.251,3.929175,0.000691,0.000362,-0.002071,-0.000632
14684.042809999999,9.25,4.322215,0.000683,0.00035,-0.002065,-0.000637
14685.296146999997,9.249,4.112918,0.000683,0.000351,-0.002066,-0.000636
14687.811726999998,9.248,3.661737,0.000688,0.000347,-0.00207,-0.000639
14689.076326999999,9.248,4.025195,0.000689,0.00035,-0.002074,-0.000637
14691.562160999998,9.247,3.707681,0.000694,0.000352,-0.00208,-0.000635
14694.062675999998,9.246,3.923997,0.000696,0.000351,-0.002074,-0.000633
14695.311756999998,9.245,3.667913,0.000701,0.000347,-0.002074,-0.000633
14697.828225999998,9.244,3.933393,0.0007,0.000349,-0.002074,-0.000633
14699.093287999998,9.244,3.948216,0.000702,0.000354,-0.002074,-0.000626
14701.624778999998,9.243,3.861003,0.000709,0.000353,-0.002066,-0.000623
14702.889738999998,9.242,4.104556,0.000711,0.00035,-0.002062,-0.000622
14705.389531999997,9.241,4.077834,0.000715,0.000351,-0.00206,-0.000623
14707.889752999998,9.24,4.548861,0.000719,0.000355,-0.002062,-0.000619
14709.138348999999,9.24,3.910543,0.000724,0.000358,-0.002069,-0.000617
14711.639722999998,9.239,3.74381,0.000729,0.000357,-0.002066,-0.000614
14712.889998999999,9.238,3.734186,0.000728,0.000358,-0.00207,-0.000613
14715.389826999999,9.238,3.863655,0.000728,0.000357,-0.002071,-0.000612
14717.889655999998,9.236,3.725698,0.000731,0.000356,-0.002071,-0.000606
14719.139756999999,9.236,3.698911,0.00073,0.000351,-0.002065,-0.00061
14721.639157999998,9.235,3.640352,0.000729,0.000348,-0.002062,-0.000612
14722.890142999999,9.234,3.681118,0.000736,0.000352,-0.002067,-0.000609
14725.389471999999,9.233,3.603014,0.000744,0.000355,-0.002071,-0.000606
14727.904666999999,9.232,3.945149,0.000752,0.00036,-0.002069,-0.000598
14729.170055999999,9.232,3.682088,0.000753,0.00036,-0.002069,-0.000597
14731.671344999999,9.231,3.562418,0.000757,0.000358,-0.002061,-0.000598
14732.936049999998,9.23,3.591135,0.000757,0.000359,-0.002057,-0.000595
14735.452488999998,9.229,4.434156,0.000758,0.000363,-0.002052,-0.000591
14737.984541999998,9.228,3.49763,0.000772,0.00037,-0.00205,-0.000582
14739.233085999998,9.228,3.385769,0.000775,0.00037,-0.002051,-0.00058
14741.749426999999,9.227,3.267037,0.000781,0.00037,-0.002051,-0.000579
14743.015513999999,9.226,3.281589,0.000779,0.000367,-0.002053,-0.000581
14745.525356999999,9.225,3.561054,0.00078,0.000362,-0.002055,-0.000583
14748.014776999999,9.224,3.263504,0.000782,0.000364,-0.002057,-0.00058
14749.278956999999,9.224,3.193517,0.000784,0.000363,-0.002058,-0.000578
14751.780274999997,9.223,3.03611,0.000786,0.000363,-0.002051,-0.000577
14753.029515999999,9.222,2.611292,0.000788,0.000364,-0.002054,-0.000576
14755.530981999998,9.221,3.021452,0.000795,0.000366,-0.002054,-0.000571
14758.030583999998,9.22,3.056763,0.000801,0.000368,-0.002051,-0.00057
14759.295277999998,9.22,3.035012,0.000798,0.000364,-0.002044,-0.000571
14761.827264999998,9.219,2.520593,0.000803,0.000369,-0.00205,-0.000566
14763.093035999998,9.218,3.325586,0.000803,0.000371,-0.002047,-0.000564
14766.874970999997,9.217,2.996862,0.000808,0.000371,-0.002048,-0.000563
14769.389276999998,9.216,2.888481,0.000811,0.000369,-0.002049,-0.000561
14771.890121999999,9.215,2.929183,0.000814,0.000367,-0.002043,-0.00056
14773.140271999999,9.214,2.801045,0.000818,0.000369,-0.002048,-0.000559
14775.654899999998,9.213,2.786779,0.000825,0.000374,-0.002048,-0.000555
14776.905754999998,9.213,2.923188,0.000828,0.000374,-0.002038,-0.00055
14779.435914999998,9.212,2.272488,0.000832,0.000374,-0.002043,-0.000553
14781.937095999998,9.211,3.044508,0.000838,0.000375,-0.002036,-0.00055
14783.202338,9.21,2.735302,0.000839,0.000377,-0.00203,-0.000543
14785.717118999997,9.209,2.828728,0.000844,0.000382,-0.002032,-0.000538
14786.968135999998,9.209,2.921421,0.000847,0.000382,-0.002039,-0.000539
14789.483158,9.208,2.766051,0.000853,0.000382,-0.002037,-0.000537
14791.999638999998,9.207,2.786142,0.000854,0.00038,-0.002034,-0.000533
14793.264598999998,9.206,2.576718,0.000859,0.000379,-0.002041,-0.000536
14795.780030999998,9.205,2.446468,0.000865,0.000383,-0.002035,-0.000533
14797.030016999997,9.205,2.513903,0.000865,0.000383,-0.002034,-0.000532
14799.529600999998,9.203,2.680159,0.00087,0.000384,-0.002035,-0.000532
14802.045831999998,9.202,2.549905,0.000874,0.000384,-0.002037,-0.000529
14803.311730999998,9.202,2.50846,0.000871,0.000383,-0.002032,-0.000528
14805.827102999998,9.201,2.497404,0.000873,0.000385,-0.002034,-0.000529
14807.093166999999,9.2,2.603854,0.000877,0.000386,-0.002037,-0.000526
14809.609399999998,9.199,2.573736,0.000878,0.000388,-0.002036,-0.000522
14810.874679999999,9.198,2.458145,0.000881,0.000387,-0.002038,-0.000522
14813.389718999999,9.197,2.383267,0.000885,0.000386,-0.002038,-0.000521
14815.889501999998,9.196,2.374009,0.000887,0.000388,-0.002039,-0.00052
14817.139548999998,9.196,2.376078,0.000887,0.000388,-0.002038,-0.000517
14819.640043999998,9.195,2.388567,0.000889,0.000384,-0.002035,-0.000518
14820.890012999998,9.194,2.389739,0.000894,0.000385,-0.002039,-0.000517
14823.404513999998,9.193,2.385315,0.000899,0.000388,-0.002034,-0.000514
14825.936175999997,9.192,2.310145,0.000898,0.000382,-0.002029,-0.000515
14827.187548999998,9.192,1.516123,0.000902,0.000384,-0.002037,-0.000515
14829.717281999998,9.19,2.456087,0.000909,0.000383,-0.002035,-0.000513
14830.967211999998,9.19,2.520264,0.00092,0.000388,-0.002038,-0.000511
14833.468256999999,9.189,2.167688,0.000917,0.000383,-0.002035,-0.000511
14835.979457999998,9.188,1.661461,0.000907,0.000379,-0.002032,-0.000514
14837.218243999998,9.187,1.993729,0.000908,0.000375,-0.002027,-0.000517
14839.718463999998,9.186,2.077636,0.000911,0.000381,-0.002031,-0.000512
14840.983116999998,9.186,2.082714,0.000916,0.000382,-0.002033,-0.000512
14843.484632999998,9.185,2.046617,0.000901,0.000369,-0.002033,-0.000522
14845.982567999998,9.183,2.051025,0.000893,0.000359,-0.002033,-0.000531
14847.233264999999,9.183,1.985118,0.000895,0.00036,-0.002039,-0.000531
14849.749471,9.182,2.099855,0.000906,0.000361,-0.002042,-0.000529
14851.000218999998,9.181,1.940687,0.000911,0.000364,-0.002039,-0.000526
14853.499621999998,9.18,1.920299,0.000909,0.000359,-0.002033,-0.000529
14856.014989999998,9.179,1.724827,0.000912,0.000363,-0.002036,-0.000525
14857.280203999999,9.179,1.831176,0.000911,0.00036,-0.002034,-0.000529
14859.779944999998,9.177,1.556464,0.000899,0.00035,-0.002043,-0.000535
14861.029700999998,9.177,1.969266,0.000904,0.000351,-0.002045,-0.000535
14863.529854999999,9.175,1.801997,0.000903,0.000347,-0.002044,-0.000539
14866.029422999998,9.175,2.29972,0.000917,0.000353,-0.002043,-0.00053
14867.280011999997,9.174,1.765247,0.000916,0.000352,-0.002043,-0.00053
14869.779453,9.173,1.951584,0.000912,0.000348,-0.002053,-0.000539
14871.029625,9.172,1.445075,0.000912,0.000347,-0.002053,-0.000537
14873.529750999998,9.171,1.757422,0.000905,0.000334,-0.002057,-0.00055
14876.029598999998,9.17,1.756122,0.000901,0.000333,-0.002056,-0.00055
14877.280119999998,9.169,1.799084,0.000904,0.000335,-0.002059,-0.000545
14879.796060999997,9.168,1.698995,0.000904,0.000333,-0.002051,-0.00055
14881.046218999998,9.168,1.613438,0.000901,0.000329,-0.002059,-0.000552
14883.562453999999,9.168,1.854264,0.000902,0.00033,-0.002058,-0.000551
14886.062071999999,9.168,1.695361,0.000909,0.000341,-0.002059,-0.00054
14887.311762999998,9.168,1.612695,0.000914,0.000345,-0.002049,-0.000537
14889.827064999998,9.168,2.227441,0.000912,0.000338,-0.002052,-0.000543
14891.077379999999,9.168,1.661508,0.000914,0.000341,-0.002056,-0.00054
14893.609023999998,9.168,1.543827,0.000913,0.000343,-0.002053,-0.000539
14894.859618999999,9.168,1.742817,0.000911,0.000343,-0.002057,-0.00054
14897.374996999999,9.168,1.684395,0.000909,0.000339,-0.002059,-0.000542
14899.890114999998,9.168,0.817682,0.000907,0.000345,-0.002049,-0.00054
14901.139580999998,9.168,1.703202,0.000894,0.000342,-0.002051,-0.000545
14903.639748999998,9.168,1.654155,0.000897,0.000338,-0.002053,-0.000551
14904.889734999999,9.168,1.832964,0.000888,0.000332,-0.002048,-0.000549
14907.404717999998,9.168,1.681069,0.000889,0.000338,-0.002049,-0.000546
14909.921703999998,9.168,1.82274,0.000903,0.00035,-0.002052,-0.000536
14911.186131999999,9.168,2.721609,0.000906,0.000356,-0.00205,-0.000533
14913.702343999998,9.169,1.966502,0.000895,0.000349,-0.00205,-0.000542
14914.967624999997,9.17,1.785025,0.000883,0.000338,-0.00205,-0.000549
14917.499145999998,9.171,2.004435,0.000865,0.00033,-0.002066,-0.000564
14919.999671999998,9.172,2.019486,0.000875,0.000337,-0.002065,-0.000559
14921.264844999998,9.172,2.041285,0.00086,0.00033,-0.002062,-0.000562
14923.780371999997,9.173,1.999188,0.000861,0.000333,-0.002064,-0.000565
14925.031796999998,9.174,2.116216,0.000862,0.000336,-0.002061,-0.000561
14927.561704999998,9.175,2.095043,0.000865,0.00034,-0.002064,-0.000556
14930.061709999998,9.176,1.094817,0.000849,0.000325,-0.002069,-0.000571
14931.312400999997,9.177,2.124567,0.000848,0.000328,-0.002069,-0.000573
14933.842335999998,9.178,2.159247,0.000843,0.000326,-0.002059,-0.000572
14935.107287999997,9.178,2.08152,0.000833,0.000324,-0.002058,-0.000578
14937.623719999998,9.18,2.300064,0.000838,0.000332,-0.00206,-0.000571
14938.874587999999,9.18,2.31572,0.000846,0.00034,-0.002065,-0.000565
14941.389988999998,9.181,2.298839,0.00086,0.000347,-0.002068,-0.000559
14943.919065999999,9.182,2.359526,0.00083,0.000328,-0.002067,-0.000578
14945.172158999998,9.183,2.384025,0.000825,0.000327,-0.002069,-0.000581
14947.685720999998,9.184,2.735387,0.000822,0.000325,-0.002069,-0.000583
14948.936797999999,9.184,2.414674,0.000827,0.000329,-0.002074,-0.000582
14951.452241999998,9.185,2.466968,0.000823,0.000328,-0.00207,-0.000584
14953.966917999998,9.186,2.461949,0.000828,0.000337,-0.002067,-0.000573
14955.216921999998,9.187,2.422558,0.000823,0.00033,-0.00207,-0.000581
14957.732954,9.188,2.436728,0.000833,0.00034,-0.002067,-0.000575
14958.983948999998,9.188,2.782344,0.000837,0.000344,-0.002062,-0.00057
14961.499970999997,9.189,2.585317,0.000823,0.000338,-0.002063,-0.000581
14964.000048999998,9.19,2.859997,0.000823,0.000336,-0.002064,-0.000585
14965.265491999999,9.191,2.500195,0.000822,0.000338,-0.002071,-0.00058
14967.781212999998,9.192,2.599254,0.000819,0.00034,-0.002069,-0.000585
14969.045477999998,9.192,2.711508,0.000812,0.000337,-0.002073,-0.000591
14971.562304,9.193,2.680923,0.000817,0.000342,-0.002069,-0.000582
14974.093144999999,9.194,2.794599,0.000822,0.000354,-0.002078,-0.000571
14975.359240999998,9.195,2.334904,0.000817,0.000352,-0.002075,-0.000571
14977.888226,9.196,2.790986,0.000815,0.000349,-0.002084,-0.000583
14979.141687999998,9.196,2.924615,0.000817,0.000351,-0.002079,-0.000583
14981.639729999999,9.197,2.804382,0.000809,0.00035,-0.002066,-0.000585
14982.889697999999,9.198,2.794297,0.0008,0.000337,-0.002072,-0.000598
14985.421247999999,9.199,2.935676,0.000789,0.00034,-0.002073,-0.000599
14987.936076999998,9.2,2.822192,0.000796,0.000344,-0.002079,-0.000596
14989.202487999999,9.2,2.896693,0.0008,0.000348,-0.002087,-0.00059
14991.718575999997,9.201,2.984182,0.000786,0.000336,-0.002078,-0.000603
14992.984658999998,9.202,2.86352,0.000779,0.000328,-0.002083,-0.000615
14995.514935999998,9.203,2.939295,0.000759,0.000317,-0.002079,-0.000627
14998.029953999998,9.204,3.253238,0.00076,0.000322,-0.002087,-0.000626
14999.280077999998,9.205,3.109996,0.000759,0.000325,-0.002078,-0.00062
15001.779965999998,9.206,2.897945,0.000763,0.000328,-0.00208,-0.000622
15003.029569999999,9.206,3.333411,0.000764,0.000325,-0.002089,-0.000625
15005.529513999998,9.207,2.985307,0.000761,0.000326,-0.002082,-0.000621
15008.045748999999,9.208,3.258793,0.000782,0.000344,-0.002083,-0.00061
15009.296026999999,9.209,3.430582,0.000781,0.000349,-0.002084,-0.000602
15011.796389999998,9.21,3.184211,0.000766,0.000339,-0.002089,-0.000618
15013.061347999997,9.21,3.261636,0.000767,0.000338,-0.002082,-0.000624
15015.561380999998,9.212,3.56142,0.000766,0.000344,-0.002075,-0.000615
15018.062141999999,9.213,3.332446,0.000768,0.000354,-0.00208,-0.000603
15019.327467,9.213,3.273069,0.000769,0.000355,-0.002086,-0.000606
15021.826701999998,9.214,3.010534,0.000769,0.000358,-0.002082,-0.000599
15023.077205999998,9.214,3.409887,0.000767,0.00036,-0.002082,-0.000598
15025.576553999997,9.215,3.031914,0.000762,0.000358,-0.002083,-0.000601
15028.092823999998,9.216,3.512787,0.000773,0.000366,-0.002083,-0.000597
15029.359105999998,9.217,3.497375,0.000775,0.000367,-0.002083,-0.000597
15031.859440999999,9.218,3.631375,0.00076,0.000359,-0.002076,-0.0006
15033.124059999998,9.218,3.587559,0.000762,0.00036,-0.002078,-0.000602
15035.654337999998,9.22,3.456705,0.000753,0.000358,-0.002084,-0.000609
15036.921535999998,9.22,3.518639,0.000748,0.000355,-0.002077,-0.000609
15039.435735,9.221,3.277377,0.000746,0.000358,-0.002081,-0.000611
15041.935793999997,9.222,3.750208,0.000737,0.000349,-0.00208,-0.000625
15043.186262999998,9.222,3.552136,0.000738,0.000348,-0.002077,-0.000629
15045.701676999997,9.223,3.586928,0.000739,0.000355,-0.002075,-0.000621
15046.966856,9.223,3.757847,0.000736,0.000353,-0.002075,-0.000623
15049.468454999998,9.224,3.722132,0.00073,0.000354,-0.002076,-0.000623
15051.983964999998,9.225,4.004494,0.000731,0.00036,-0.00207,-0.000621
15053.247967999998,9.226,3.832026,0.000733,0.000364,-0.002075,-0.00062
15055.764028999998,9.227,3.790204,0.000736,0.000368,-0.002068,-0.00062
15057.014164999999,9.227,4.08342,0.000738,0.000373,-0.002074,-0.000622
15059.529650999999,9.228,4.033975,0.000739,0.000374,-0.002069,-0.000621
15062.047035999998,9.229,4.217771,0.000736,0.000375,-0.002063,-0.000619
15063.310867999999,9.23,4.469733,0.000737,0.000374,-0.002067,-0.00062
15065.812540999998,9.23,3.874457,0.000733,0.000375,-0.002069,-0.000621
15067.076348999999,9.231,4.026261,0.000732,0.000375,-0.002069,-0.000623
15069.592564999999,9.232,4.276585,0.000734,0.00038,-0.002065,-0.000621
15070.860119999998,9.232,4.305742,0.000737,0.000383,-0.002066,-0.000618
15073.375027999999,9.233,4.551471,0.000733,0.000381,-0.002064,-0.000622
15075.889369999999,9.234,4.360869,0.000722,0.000378,-0.002059,-0.000627
15077.139652999998,9.235,4.248005,0.000721,0.000378,-0.002067,-0.000627
15079.640746999998,9.236,4.197197,0.000718,0.000379,-0.002062,-0.000627
15080.905141999998,9.237,4.221659,0.000716,0.000379,-0.002055,-0.000625
15083.421977999998,9.238,4.548564,0.000722,0.000386,-0.002056,-0.000621
15085.952135999998,9.239,4.323955,0.000712,0.000381,-0.002058,-0.00063
15087.202272999999,9.239,4.378058,0.000706,0.000376,-0.002058,-0.000635
15089.701970999999,9.24,4.398653,0.000703,0.000378,-0.002058,-0.000631
15090.951221999998,9.24,4.300219,0.000705,0.00038,-0.002061,-0.00063
15093.451638999999,9.241,4.518016,0.000707,0.000386,-0.002059,-0.000626
15095.968433999999,9.242,5.158546,0.000701,0.000385,-0.002055,-0.000629
15097.234437999998,9.243,5.019689,0.0007,0.000386,-0.002051,-0.00063
15099.734217999998,9.244,4.446995,0.000705,0.00039,-0.002057,-0.000631
15100.984411999998,9.244,4.382716,0.000704,0.000393,-0.002054,-0.00063
15103.484824999998,9.245,4.61524,0.000704,0.000397,-0.002053,-0.000627
15105.982604999997,9.246,4.658786,0.0007,0.000396,-0.002051,-0.00063
15109.748655999998,9.247,4.780037,0.000703,0.000397,-0.002057,-0.000629
15111.013705999998,9.248,4.525852,0.000704,0.000397,-0.002048,-0.000627
15113.530033,9.249,4.863043,0.0007,0.000402,-0.002052,-0.000629
15116.029644999999,9.25,4.887108,0.000697,0.000401,-0.002053,-0.000631
15117.281261999999,9.25,4.866184,0.000699,0.000402,-0.002049,-0.000632
15119.811273999998,9.251,4.846894,0.000707,0.000407,-0.002047,-0.000626
15121.061929999998,9.252,5.121468,0.000711,0.000411,-0.00205,-0.000626
15123.578314999999,9.253,5.214641,0.00071,0.000415,-0.002053,-0.000624
15126.092815999998,9.254,4.826575,0.000703,0.000412,-0.002053,-0.000629
15127.357954,9.254,5.111318,0.000699,0.000412,-0.002055,-0.000629
15129.888640999998,9.255,5.277803,0.000696,0.000416,-0.002057,-0.000628
15131.139599999999,9.255,4.703896,0.000696,0.000417,-0.002054,-0.000627
15133.639943999999,9.256,5.07095,0.000703,0.000419,-0.002052,-0.000628
15134.889720999998,9.257,5.083614,0.000704,0.000419,-0.002055,-0.000628
15137.390293999999,9.258,4.855345,0.0007,0.00042,-0.002052,-0.000626
15139.921758999999,9.259,5.143566,0.000688,0.000417,-0.002055,-0.00063
15141.184139999998,9.259,4.760689,0.000684,0.000417,-0.002051,-0.000632
15143.671647999998,9.26,5.040034,0.000684,0.00042,-0.002048,-0.000631
15144.936256999998,9.26,5.483645,0.000682,0.00042,-0.002051,-0.000633
15147.437563999998,9.261,5.081999,0.000678,0.00042,-0.002048,-0.000632
15149.936358999998,9.262,5.341122,0.000675,0.000418,-0.002041,-0.000636
15151.202298999999,9.263,5.370126,0.000671,0.000421,-0.002049,-0.000638
15153.716911999998,9.264,5.304416,0.000665,0.000419,-0.002037,-0.000643
15154.966268999999,9.264,5.486195,0.000669,0.000422,-0.002047,-0.000646
15157.466373999998,9.266,5.406354,0.000667,0.000419,-0.002048,-0.000651
15159.967940999999,9.267,5.42245,0.00066,0.000416,-0.002044,-0.000653
15161.217337999999,9.267,5.56221,0.000654,0.000418,-0.00204,-0.00065
15163.747117999997,9.268,5.893736,0.000652,0.000419,-0.002043,-0.000648
15164.983190999998,9.268,5.257192,0.000652,0.000421,-0.002044,-0.000648
15167.484219999998,9.269,5.643645,0.000651,0.000422,-0.002042,-0.000648
15169.984653999998,9.27,5.702289,0.000648,0.000422,-0.002041,-0.000652
15171.233169999998,9.271,6.185953,0.000644,0.000422,-0.00204,-0.000654
15173.732858999998,9.272,5.890815,0.000641,0.000421,-0.002037,-0.000655
15174.984768999999,9.272,6.400243,0.000639,0.00042,-0.00204,-0.000658
15177.499172999998,9.273,5.49326,0.000637,0.000423,-0.002043,-0.000656
15180.014128999997,9.274,6.107547,0.000635,0.000425,-0.002039,-0.000654
15181.264425999998,9.275,5.861439,0.000635,0.000427,-0.002047,-0.000656
15183.780803999998,9.276,5.99355,0.000629,0.000425,-0.002043,-0.000661
15185.030259999998,9.276,6.051346,0.000629,0.000423,-0.002041,-0.000659
15187.544926999999,9.277,5.911904,0.000626,0.000426,-0.002042,-0.000662
15190.077050999998,9.278,5.986698,0.000621,0.000427,-0.002035,-0.000661
15191.327946999998,9.278,5.830045,0.000625,0.000427,-0.002043,-0.000663
15193.860059999999,9.279,6.083324,0.000623,0.000429,-0.002036,-0.000662
15195.124544999999,9.28,6.319553,0.000622,0.000432,-0.002042,-0.000661
15197.640050999998,9.281,5.920138,0.000621,0.000434,-0.002038,-0.000658
15198.905265999998,9.281,6.066379,0.000624,0.000436,-0.002039,-0.000659
15201.403331999998,9.283,5.962209,0.000626,0.000438,-0.002038,-0.000659
15203.904643999998,9.284,6.087892,0.000623,0.000437,-0.002043,-0.00066
15205.171439999998,9.284,6.193496,0.000624,0.00044,-0.002046,-0.00066
15207.665949999999,9.285,5.912435,0.000622,0.000441,-0.002046,-0.00066
15208.906036999999,9.285,6.296286,0.000618,0.000438,-0.002039,-0.000662
15211.421058999998,9.286,6.669458,0.000612,0.000439,-0.00203,-0.000667
15213.936526999998,9.287,6.688369,0.000606,0.00044,-0.002037,-0.00067
15215.186298999997,9.287,6.63987,0.0006,0.000435,-0.002033,-0.000674
15217.702413999998,9.288,6.317109,0.000596,0.000436,-0.002035,-0.000678
15218.951642999999,9.289,6.571929,0.000598,0.000438,-0.002037,-0.000677
15221.452532999998,9.289,6.863933,0.000605,0.000444,-0.002041,-0.000672
15223.967243,9.29,6.890441,0.000603,0.000445,-0.002032,-0.000671
15225.217312999997,9.291,6.516949,0.000604,0.000447,-0.002038,-0.000671
15227.732181999998,9.292,6.817507,0.000602,0.000448,-0.002032,-0.000674
15228.982578,9.292,6.835726,0.000603,0.000451,-0.002037,-0.000672
15231.499164999997,9.293,6.80056,0.000598,0.000448,-0.002035,-0.000677
15234.030297999998,9.294,6.967785,0.000601,0.000449,-0.002027,-0.000677
15235.295791999999,9.294,7.143667,0.000601,0.000452,-0.002035,-0.000679
15237.811076999998,9.295,6.304626,0.000598,0.000451,-0.002034,-0.00068
15239.061423999998,9.296,7.111582,0.000597,0.000453,-0.002038,-0.000681
15241.576648999999,9.297,6.886775,0.000591,0.000449,-0.002038,-0.000685
15244.093063999999,9.298,7.012087,0.000583,0.000446,-0.002035,-0.000688
15245.359109999998,9.298,7.286402,0.000582,0.000449,-0.002041,-0.000689
15247.885693999999,9.299,7.176602,0.000579,0.000449,-0.002035,-0.000691
15249.139951999998,9.3,7.06558,0.000579,0.00045,-0.00204,-0.000693
15251.639539999998,9.301,7.043694,0.000574,0.00045,-0.002039,-0.000692
15252.889273999997,9.301,7.077001,0.000569,0.000447,-0.002039,-0.000697
15255.421511999999,9.302,7.249005,0.000559,0.000446,-0.00204,-0.000703
15257.951811999998,9.303,7.42579,0.000555,0.000447,-0.002037,-0.000702
15259.217734999998,9.304,7.765709,0.000555,0.00045,-0.002034,-0.000698
15261.732925999999,9.304,7.545418,0.000556,0.000454,-0.002033,-0.000692
15262.984432999998,9.304,7.438805,0.000558,0.000452,-0.002031,-0.000692
15265.484647999998,9.304,6.903455,0.000558,0.00045,-0.002033,-0.000693
15267.999156999998,9.304,7.427862,0.000558,0.00045,-0.002028,-0.000691
15269.249900999997,9.304,7.850278,0.000559,0.000454,-0.002033,-0.000691
15271.781171999999,9.305,7.512218,0.000556,0.000453,-0.002027,-0.000688
15273.045028999999,9.305,7.010441,0.000559,0.000453,-0.002032,-0.000688
15275.546371999999,9.305,7.738299,0.000559,0.000447,-0.002033,-0.00069
15278.061306999998,9.305,6.87578,0.000553,0.000442,-0.002029,-0.000696
15279.312599999997,9.305,6.764756,0.000557,0.000442,-0.002027,-0.000693
15281.811378999999,9.305,6.876098,0.000568,0.000447,-0.002031,-0.000686
15283.061906999998,9.305,6.610229,0.000571,0.000447,-0.002029,-0.000683
15285.577647999999,9.305,6.920189,0.000569,0.000445,-0.002033,-0.000685
15288.109667999997,9.305,6.931237,0.000549,0.000425,-0.00203,-0.000701
15289.374537999998,9.305,7.355778,0.000545,0.000417,-0.002043,-0.000707
15291.890747999998,9.305,6.364387,0.000547,0.000418,-0.002045,-0.000706
15293.155136999998,9.305,6.568848,0.000555,0.000421,-0.002049,-0.000703
15295.672202999998,9.304,6.80295,0.000546,0.000408,-0.002045,-0.000709
15296.936405999999,9.304,6.550255,0.000537,0.000401,-0.002053,-0.000714
15299.436014999997,9.303,6.617772,0.000543,0.000402,-0.002058,-0.000713
15301.951405999998,9.302,6.69963,0.000548,0.000405,-0.002053,-0.000708
15303.202352999999,9.302,6.99971,0.000552,0.000406,-0.002059,-0.000708
15305.701226999998,9.301,6.731131,0.00055,0.000403,-0.002057,-0.000709
15306.951882999998,9.3,6.654585,0.000548,0.000403,-0.002055,-0.000709
15309.452124999998,9.299,6.346485,0.000556,0.0004,-0.002061,-0.000706
15311.983104999998,9.298,6.354188,0.000564,0.000403,-0.002069,-0.000705
15313.232535999998,9.298,6.170707,0.000562,0.000398,-0.002063,-0.000707
15315.748770999999,9.297,6.158012,0.000573,0.000406,-0.00207,-0.000694
15316.999548999998,9.296,6.301598,0.000568,0.000403,-0.002071,-0.000695
15319.515121999999,9.295,6.381863,0.000574,0.000406,-0.002065,-0.000693
15322.029632999998,9.295,6.779364,0.000579,0.00041,-0.002064,-0.000685
15323.281652999998,9.294,6.249751,0.00058,0.000408,-0.002072,-0.000685
15325.795250999998,9.293,6.221013,0.000577,0.000392,-0.002072,-0.000699
15327.046009999998,9.293,6.28327,0.000573,0.000386,-0.002076,-0.000699
15329.576699999998,9.292,5.839606,0.000559,0.000379,-0.002071,-0.000708
15332.076371,9.291,6.082952,0.00057,0.000382,-0.002069,-0.000704
15333.327553,9.29,5.752701,0.000567,0.000379,-0.00207,-0.000706
15335.826415999998,9.289,6.051664,0.000595,0.000393,-0.00208,-0.000693
15337.077405999999,9.289,5.709833,0.000602,0.000398,-0.002076,-0.000682
15339.592082,9.288,5.866858,0.000602,0.000403,-0.002074,-0.000674
15342.108143999998,9.287,6.185316,0.000597,0.000391,-0.002076,-0.000685
15343.359149999998,9.286,5.664999,0.000595,0.000391,-0.00207,-0.000684
15345.874234999997,9.286,6.042793,0.000595,0.00039,-0.002066,-0.000683
15347.139075999998,9.285,5.837163,0.000591,0.000386,-0.002061,-0.000679
15349.639371999998,9.284,5.929806,0.000592,0.000389,-0.002059,-0.000674
15350.890713999997,9.284,5.623936,0.000603,0.000394,-0.002061,-0.00067
15353.419261999998,9.283,5.665052,0.000612,0.000389,-0.002054,-0.000677
15355.936320999997,9.282,5.546274,0.000609,0.000387,-0.002062,-0.000675
15357.202245999999,9.282,5.51488,0.000611,0.000388,-0.002074,-0.000675
15359.733070999999,9.281,5.503937,0.000613,0.000384,-0.002081,-0.000672
15360.984489999999,9.28,5.314032,0.000616,0.000387,-0.00208,-0.00067
15363.483163999997,9.279,5.221494,0.000615,0.000384,-0.002079,-0.000672
15365.984705999997,9.279,5.829832,0.000617,0.000379,-0.002082,-0.000675
15367.249393999999,9.278,5.386222,0.000608,0.000372,-0.002078,-0.000684
15369.779861999998,9.277,5.941705,0.000609,0.00037,-0.002075,-0.000681
15371.031449999999,9.277,5.211189,0.000614,0.00037,-0.002072,-0.000678
15373.546029999998,9.276,5.237855,0.000594,0.000357,-0.002087,-0.000694
15376.046386999999,9.275,5.27674,0.000597,0.000356,-0.002088,-0.000693
15377.311234999997,9.275,5.44646,0.000598,0.000355,-0.002079,-0.000691
15379.810675999997,9.274,5.16763,0.000616,0.000364,-0.002073,-0.000684
15381.062122999998,9.273,5.047577,0.000631,0.000373,-0.002079,-0.000674
15383.5621,9.272,4.734624,0.000636,0.000374,-0.002088,-0.000666
15386.077084999999,9.271,5.003574,0.000616,0.000358,-0.002087,-0.000675
15387.327323999998,9.271,5.046514,0.000617,0.000355,-0.002093,-0.00068
15389.858535999998,9.27,5.049613,0.000618,0.000356,-0.002086,-0.000681
15391.124805999998,9.269,5.415916,0.000619,0.000358,-0.002083,-0.00068
15393.639754999998,9.268,5.102982,0.000627,0.000358,-0.002075,-0.000676
15394.905322999999,9.268,4.973594,0.000629,0.000359,-0.00208,-0.000673
15397.421351999998,9.267,3.725735,0.000627,0.000356,-0.002079,-0.000676
15399.937562,9.266,4.483649,0.000628,0.000351,-0.002091,-0.000683
15401.186037999998,9.266,4.869696,0.000631,0.00035,-0.002092,-0.000683
15403.702650999998,9.265,5.030126,0.000637,0.00036,-0.002089,-0.000668
15404.967058999999,9.264,5.183779,0.000639,0.000363,-0.002089,-0.000662
15407.467472999999,9.263,4.535444,0.000641,0.000359,-0.002085,-0.000663
15409.983071999999,9.262,4.925958,0.000656,0.000366,-0.002084,-0.000655
15411.249902999998,9.262,4.570496,0.000658,0.000367,-0.002081,-0.00065
15413.780231999997,9.261,5.014323,0.000659,0.000366,-0.002087,-0.00065
15415.046029999998,9.26,5.134475,0.000662,0.000365,-0.00209,-0.000651
15417.546366999999,9.26,4.469309,0.000652,0.000356,-0.00209,-0.000654
15420.059923999997,9.258,4.552489,0.000656,0.000356,-0.00209,-0.000652
15421.311655999998,9.258,4.444469,0.000661,0.00036,-0.002081,-0.00065
15423.843092,9.257,4.409969,0.000676,0.000373,-0.002079,-0.000634
15425.107594999998,9.257,4.345982,0.000679,0.000372,-0.002073,-0.000632
15427.624286999999,9.256,4.378774,0.000687,0.000377,-0.002071,-0.00063
15428.889559999998,9.255,4.339293,0.000688,0.000375,-0.002068,-0.000633
15431.389859999997,9.254,4.21377,0.000696,0.000377,-0.002063,-0.000629
15433.889864999997,9.253,5.031801,0.000702,0.000378,-0.002058,-0.000624
15435.138577999998,9.253,3.997916,0.000705,0.000383,-0.002063,-0.000623
15437.640859999998,9.252,4.387565,0.000708,0.000383,-0.002059,-0.000619
15438.890663999999,9.251,4.16537,0.000708,0.000381,-0.002053,-0.000619
15441.420905999998,9.25,4.250536,0.00071,0.000382,-0.002057,-0.000616
15443.921440999999,9.249,4.283725,0.000717,0.000384,-0.00205,-0.000611
15445.186173999999,9.249,3.385238,0.000714,0.000381,-0.00205,-0.000612
15447.701420999998,9.248,3.785339,0.000714,0.000377,-0.002054,-0.00061
15448.952265999998,9.247,3.877778,0.000719,0.000379,-0.002058,-0.00061
15451.483592999997,9.246,4.105628,0.000735,0.000385,-0.00205,-0.000605
15454.014343999997,9.246,4.051727,0.000738,0.000387,-0.002058,-0.0006
15455.279193999999,9.245,3.253827,0.000745,0.000389,-0.002054,-0.000594
15457.781920999998,9.244,3.701479,0.000756,0.000396,-0.002055,-0.00059
15459.029371999997,9.244,3.806921,0.000758,0.000398,-0.002054,-0.000589
15461.529946999999,9.242,3.866297,0.000756,0.000396,-0.002056,-0.00059
15464.031235999999,9.241,3.855942,0.000751,0.000388,-0.002054,-0.000594
15465.294977999998,9.241,3.859947,0.000752,0.000386,-0.002047,-0.000594
15467.812226999999,9.24,3.895476,0.00075,0.000391,-0.00205,-0.00059
15469.077829999998,9.239,3.721008,0.000755,0.000391,-0.00205,-0.000586
15471.577854999998,9.238,3.75173,0.00076,0.000388,-0.002052,-0.000589
15474.107990999999,9.237,3.672258,0.000762,0.000391,-0.002049,-0.000583
15475.359986999998,9.237,3.72261,0.000767,0.00039,-0.00205,-0.000581
15477.886930999997,9.236,3.779594,0.000762,0.000386,-0.002046,-0.000584
15479.139630999998,9.235,3.800401,0.00076,0.000382,-0.002052,-0.000585
15481.654972999999,9.234,3.683378,0.000761,0.00038,-0.002052,-0.000583
15482.906384999998,9.234,3.492691,0.000763,0.000382,-0.002055,-0.000582
15485.421263999999,9.232,3.597501,0.000769,0.000386,-0.002052,-0.000578
15487.937133999998,9.231,3.624643,0.000776,0.000387,-0.002055,-0.000575
15489.186418999998,9.231,3.445994,0.000778,0.000387,-0.002047,-0.000572
15491.686966999998,9.23,4.175244,0.000785,0.000392,-0.002044,-0.000566
15492.952162999998,9.229,3.452679,0.000791,0.000393,-0.002052,-0.000565
15495.484145999999,9.228,3.413701,0.000793,0.000392,-0.002046,-0.000564
15497.983074999998,9.227,3.313389,0.000793,0.00039,-0.002047,-0.000563
15499.234400999998,9.227,3.281006,0.000797,0.000389,-0.00205,-0.000562
15501.734136999998,9.226,3.579655,0.000806,0.00039,-0.002052,-0.000561
15502.983161999999,9.225,3.260406,0.000807,0.00039,-0.002048,-0.000562
15505.514505999998,9.224,3.246341,0.000806,0.000392,-0.002041,-0.000559
15508.031294999999,9.223,3.302805,0.000811,0.00039,-0.002044,-0.000559
15509.296696999998,9.223,3.525032,0.000813,0.000387,-0.00205,-0.00056
15511.811360999998,9.222,3.268268,0.000819,0.000391,-0.002047,-0.000555
15513.076956999997,9.221,3.159452,0.000823,0.000394,-0.002052,-0.000552
15515.576355999998,9.22,3.046084,0.00083,0.000397,-0.00205,-0.00055
15518.077945999998,9.219,2.844585,0.000836,0.0004,-0.002048,-0.000548
15519.325593999998,9.219,3.229736,0.000836,0.0004,-0.002048,-0.000547
15521.826780999998,9.218,3.030242,0.000838,0.000397,-0.002047,-0.000546
15523.077647999999,9.217,3.093996,0.000837,0.000394,-0.002042,-0.000546
15525.592281999998,9.216,3.427983,0.000843,0.000396,-0.002041,-0.000543
15528.124996999999,9.215,2.958775,0.000837,0.000397,-0.002044,-0.000538
15529.373221999998,9.214,2.901007,0.000834,0.000392,-0.002041,-0.000541
15531.889913999998,9.214,2.92471,0.000836,0.000391,-0.002041,-0.000543
15533.140249999999,9.213,2.953099,0.00084,0.00039,-0.002048,-0.000543
15535.672102999999,9.212,2.932345,0.000836,0.000387,-0.002048,-0.000544
15536.933346999998,9.212,2.87422,0.000837,0.000387,-0.002047,-0.000542
15539.451197999999,9.21,2.834845,0.000845,0.000388,-0.002047,-0.000539
15541.967392999999,9.209,2.837115,0.000846,0.000389,-0.002041,-0.000537
15543.217602999997,9.208,3.033723,0.000846,0.000386,-0.002037,-0.000538
15545.734470999998,9.207,2.720023,0.000849,0.000386,-0.002046,-0.00054
15546.983252999999,9.207,2.609021,0.000852,0.000385,-0.002044,-0.000541
15549.514680999999,9.206,2.498306,0.000857,0.000385,-0.002041,-0.000538
15552.046247999999,9.205,2.542064,0.000865,0.000389,-0.00205,-0.000535
15553.296406999998,9.204,3.514103,0.000866,0.00039,-0.002044,-0.00053
15555.811788999998,9.204,2.613897,0.000871,0.000391,-0.002042,-0.000527
15557.077933999997,9.203,2.568643,0.000873,0.000394,-0.002045,-0.000525
15559.576544999998,9.202,2.655251,0.000875,0.000393,-0.002046,-0.000522
15562.092579999999,9.201,2.961258,0.000884,0.000392,-0.002045,-0.00052
15563.359340999998,9.2,2.370566,0.000888,0.000394,-0.002051,-0.00052
15565.872904999998,9.2,2.49829,0.00089,0.000392,-0.002045,-0.000519
15567.124834999999,9.199,2.492884,0.000892,0.000394,-0.002043,-0.000517
15569.654861999998,9.198,2.452304,0.000888,0.000393,-0.002049,-0.000519
15570.904729999998,9.198,2.900869,0.000892,0.000392,-0.002042,-0.000517
15573.420626,9.197,2.352152,0.000896,0.000392,-0.002044,-0.000519
15575.936369,9.196,2.366269,0.000901,0.000392,-0.002042,-0.000519
15577.187214999998,9.195,2.370566,0.000908,0.000395,-0.002045,-0.000517
15579.717055999998,9.194,2.511293,0.000909,0.000392,-0.002037,-0.000517
15580.968457999998,9.194,1.797254,0.000909,0.000394,-0.002039,-0.000515
15583.483436999999,9.193,2.239961,0.000908,0.000393,-0.002042,-0.000516
15585.984265999998,9.192,2.306309,0.000913,0.000393,-0.002042,-0.000516
15587.250234,9.191,2.29659,0.000916,0.000392,-0.002037,-0.000512
15589.780347999998,9.19,1.959223,0.00091,0.000387,-0.00204,-0.000518
15591.030624999998,9.19,2.28383,0.000911,0.000389,-0.002042,-0.000518
15593.561470999997,9.189,2.759399,0.000914,0.000389,-0.002035,-0.000513
15596.092568999999,9.188,2.045487,0.000921,0.000391,-0.002035,-0.000511
15597.359124999999,9.187,2.001506,0.000921,0.00039,-0.002034,-0.000512
15599.874850999999,9.186,2.172818,0.00093,0.000393,-0.002033,-0.000506
15601.140069999998,9.185,2.106662,0.000935,0.000393,-0.00204,-0.000506
15603.640501999998,9.185,1.935546,0.000934,0.00039,-0.002035,-0.000504
15604.889249999998,9.184,2.06353,0.000938,0.000388,-0.002037,-0.000507
15607.421360999999,9.183,2.313933,0.00094,0.000388,-0.00204,-0.000506
15609.937384999997,9.182,2.073249,0.000943,0.000388,-0.002041,-0.000508
15611.185824999999,9.181,1.997092,0.000944,0.000387,-0.002037,-0.000505
15613.685821,9.18,2.052548,0.000945,0.000388,-0.002035,-0.000506
15614.952108999998,9.18,2.019502,0.000942,0.000386,-0.002035,-0.000508
15617.452746999998,9.179,1.917413,0.000941,0.000381,-0.002027,-0.000508
15619.984476999998,9.178,1.842248,0.000934,0.000379,-0.002028,-0.000509
15621.234669999998,9.177,1.984174,0.000933,0.000378,-0.002033,-0.000512
15623.734272999998,9.176,1.814804,0.000932,0.000376,-0.002028,-0.000511
15624.984319999998,9.175,1.313739,0.000937,0.000378,-0.002029,-0.000508
15627.514661999998,9.174,1.691016,0.000938,0.000374,-0.002035,-0.000519
15630.046962999999,9.172,1.071045,0.000917,0.000354,-0.002036,-0.000534
15631.312580999998,9.172,1.753088,0.000924,0.000356,-0.002038,-0.00053
15633.826662999998,9.171,1.974004,0.00093,0.000357,-0.00205,-0.000528
15635.077235999997,9.171,1.622387,0.00093,0.00036,-0.002045,-0.000526
15637.576667999998,9.169,1.9026,0.000928,0.00036,-0.002049,-0.000524
15640.077204999998,9.168,1.675079,0.00093,0.000354,-0.002052,-0.000532
15641.327358999999,9.168,2.818849,0.000916,0.000338,-0.002052,-0.000543
15643.859351999998,9.166,1.655614,0.00091,0.000333,-0.002062,-0.000548
15645.124227999999,9.166,1.603262,0.000911,0.000334,-0.002057,-0.000547
15647.640057999997,9.165,1.584985,0.000923,0.000343,-0.002051,-0.000538
15648.904541999998,9.164,1.58715,0.000924,0.000339,-0.00206,-0.000544
15651.435836999997,9.163,1.573277,0.000912,0.000328,-0.002057,-0.000552
15653.951820999999,9.162,1.510632,0.000918,0.000331,-0.002058,-0.000549
15655.201934999997,9.161,1.715293,0.000925,0.000334,-0.002065,-0.000549
15657.701408999998,9.16,1.514463,0.000947,0.000346,-0.002064,-0.000537
15658.951661999998,9.16,1.708142,0.000953,0.000347,-0.00207,-0.000533
15661.467454999998,9.159,1.456805,0.000946,0.000342,-0.002075,-0.000539
15663.982761999998,9.158,1.471474,0.000926,0.000322,-0.002074,-0.000555
15665.234489999999,9.157,1.421075,0.000935,0.00033,-0.002064,-0.000542
15667.749819999997,9.156,1.34261,0.00094,0.000326,-0.002057,-0.000553
15669.014535999999,9.156,1.354621,0.000921,0.000312,-0.002064,-0.000569
15671.529383999998,9.154,1.161568,0.000935,0.000324,-0.002063,-0.000553
15674.029814999998,9.153,1.433393,0.000932,0.00032,-0.002063,-0.000555
15675.280216,9.153,1.243778,0.000943,0.000325,-0.002063,-0.000548
15677.780233999998,9.152,1.359337,0.000954,0.000335,-0.00207,-0.000538
15679.046207999998,9.15,1.381582,0.000957,0.000337,-0.002074,-0.000534
15681.561394999999,9.15,1.260644,0.000939,0.000316,-0.00208,-0.00056
15684.061801999998,9.149,1.218032,0.000961,0.000329,-0.002073,-0.000544
15685.311830999999,9.148,1.365072,0.000949,0.000319,-0.00207,-0.000552
15687.826887999998,9.147,1.160359,0.000929,0.000302,-0.002071,-0.000573
15689.077629999998,9.146,1.769115,0.000938,0.000301,-0.00207,-0.000575
15691.608185999998,9.145,1.224488,0.00095,0.000318,-0.002077,-0.000557
15694.124534999999,9.144,1.237698,0.000948,0.000318,-0.002086,-0.000557
15695.388953999998,9.144,1.199665,0.000957,0.000322,-0.002083,-0.000554
15697.890243999998,9.144,1.266623,0.000963,0.000332,-0.002075,-0.000541
15699.155878999998,9.144,1.218886,0.00096,0.00033,-0.002078,-0.000545
15701.670207999998,9.144,1.171134,0.000929,0.000307,-0.002072,-0.000574
15702.921280999999,9.144,1.017775,0.000935,0.000313,-0.002076,-0.000566
15705.436116999997,9.144,1.239502,0.000933,0.000317,-0.00208,-0.000565
15707.937681999998,9.144,1.278453,0.000947,0.00032,-0.002079,-0.00056
15709.203301999998,9.144,1.358478,0.000951,0.000324,-0.002081,-0.000553
15711.733605999998,9.144,1.24433,0.000955,0.000331,-0.002084,-0.00054
15712.984521999999,9.144,1.351936,0.000949,0.000323,-0.002081,-0.000542
15715.499912999998,9.144,1.614589,0.000936,0.000321,-0.002085,-0.000557
15718.029808999998,9.144,1.394209,0.000928,0.000315,-0.002078,-0.00056
15719.279911999998,9.144,1.329416,0.000924,0.000315,-0.002083,-0.000566
15721.779547999999,9.144,1.393991,0.000914,0.000308,-0.002083,-0.00057
15723.029988999999,9.144,1.328938,0.00092,0.000314,-0.002086,-0.000565
15725.529631999998,9.145,1.470817,0.000927,0.000319,-0.002085,-0.000554
15728.029358999998,9.146,1.438852,0.000921,0.000323,-0.002082,-0.000552
15729.281317999998,9.147,1.478939,0.000918,0.000323,-0.00208,-0.000552
15731.781585999997,9.148,1.504112,0.00092,0.000324,-0.002077,-0.000558
15733.045504999998,9.148,1.53519,0.000922,0.00033,-0.002082,-0.000552
15735.561600999998,9.149,1.522537,0.000919,0.000334,-0.002083,-0.000549
15738.062227999999,9.15,1.601262,0.000921,0.000338,-0.002082,-0.000541
15739.327415999998,9.151,1.359098,0.00092,0.00034,-0.002078,-0.00054
15741.859428999998,9.152,1.515932,0.000914,0.00034,-0.002082,-0.000539
15743.108038999999,9.152,1.61834,0.000918,0.000342,-0.002086,-0.000538
15745.624946999998,9.153,0.976229,0.000911,0.000341,-0.00208,-0.000537
15748.139647999998,9.155,1.501364,0.000919,0.000344,-0.002074,-0.000532
15749.389232999998,9.155,1.682867,0.000924,0.000349,-0.00208,-0.000532
15751.890060999998,9.157,1.590535,0.000924,0.000359,-0.002083,-0.000523
15753.154460999998,9.157,2.748475,0.000921,0.00036,-0.002079,-0.000522
15755.685564999998,9.158,1.681997,0.000918,0.000359,-0.00208,-0.000522
15756.936449999997,9.158,1.665917,0.000919,0.000362,-0.002074,-0.00052
15759.451936999998,9.159,1.792018,0.000903,0.000347,-0.002068,-0.000539
15761.952184999998,9.16,2.247208,0.000888,0.000334,-0.002067,-0.000559
15763.216422999998,9.161,1.72332,0.000884,0.000328,-0.002073,-0.000563
15765.717465999998,9.162,1.851818,0.00088,0.000336,-0.002074,-0.000557
15766.966548999999,9.162,1.886149,0.00088,0.000339,-0.002067,-0.000552
15769.453170999997,9.164,1.727002,0.000882,0.000344,-0.002062,-0.000544
15771.965959999998,9.165,1.827234,0.000885,0.000346,-0.002061,-0.000542
15773.216919999999,9.165,1.926267,0.000886,0.000349,-0.002061,-0.000538
15775.732872999997,9.166,2.042754,0.000887,0.000353,-0.00206,-0.000539
15776.984373999998,9.167,1.975091,0.000884,0.000354,-0.002056,-0.00054
15779.499560999999,9.168,2.308351,0.000882,0.000354,-0.002052,-0.000541
15782.014953999998,9.169,2.621388,0.000886,0.000357,-0.002054,-0.00054
15783.279922999998,9.17,1.7354,0.000883,0.000358,-0.002053,-0.000542
15785.794931999999,9.171,2.056813,0.000881,0.000364,-0.002054,-0.000539
15787.044908999998,9.171,2.113102,0.000882,0.000365,-0.002058,-0.000538
15789.546558999999,9.172,2.018637,0.000886,0.000366,-0.002061,-0.000538
15792.077412999999,9.173,1.919418,0.000878,0.000365,-0.002055,-0.000534
15793.343230999999,9.174,2.396254,0.00088,0.000366,-0.002057,-0.000533
15795.874630999999,9.175,2.109935,0.000874,0.000365,-0.002049,-0.000535
15797.139933999999,9.175,1.604143,0.000872,0.000364,-0.002053,-0.000536
15799.639544999998,9.176,2.32162,0.000871,0.000365,-0.002055,-0.000539
15800.904447999998,9.177,2.462983,0.000873,0.000367,-0.002055,-0.00054
15803.417841999999,9.178,2.318442,0.000873,0.000368,-0.002052,-0.000542
15805.921309999998,9.179,2.396153,0.000873,0.000368,-0.002054,-0.000545
15807.187161999998,9.18,2.543109,0.000872,0.000369,-0.002054,-0.000544
15809.701193999997,9.181,2.352884,0.000864,0.000374,-0.002054,-0.000543
15810.952183999998,9.181,2.539973,0.00086,0.000368,-0.002046,-0.000547
15813.484084999998,9.182,2.471557,0.000862,0.00037,-0.002048,-0.000543
15816.000180999998,9.183,2.48934,0.000867,0.000377,-0.00205,-0.000542
15817.264446999998,9.184,2.454394,0.000862,0.000375,-0.002047,-0.000541
15819.780375999999,9.185,2.642466,0.00085,0.000372,-0.002047,-0.00055
15821.045502999998,9.185,2.613621,0.000846,0.000371,-0.002041,-0.00055
15823.561952999999,9.186,2.596453,0.000845,0.000371,-0.002047,-0.000548
15826.061885999998,9.187,2.709779,0.00085,0.000374,-0.002047,-0.000548
15827.312408999998,9.188,2.852681,0.000856,0.000375,-0.002045,-0.000547
15829.827183999998,9.189,2.656376,0.000856,0.000378,-0.002041,-0.000544
15831.092283999998,9.189,2.651829,0.000856,0.000382,-0.002044,-0.000544
15833.624435999998,9.19,2.757255,0.000846,0.000381,-0.002041,-0.000549
15834.889473999998,9.191,2.761988,0.000847,0.000381,-0.002042,-0.000549
15837.421342999998,9.192,2.619319,0.000844,0.000384,-0.002045,-0.000548
15839.936380999998,9.193,2.853387,0.00084,0.000381,-0.002049,-0.000552
15841.202031999997,9.194,2.834198,0.000838,0.000379,-0.002042,-0.000556
15843.733178999999,9.195,2.847646,0.00084,0.000383,-0.002045,-0.000551
15844.999505999998,9.195,2.9784,0.00084,0.000387,-0.002042,-0.000549
15847.514795999998,9.197,2.004498,0.000838,0.000387,-0.002044,-0.000549
15850.046361999997,9.197,2.998162,0.000843,0.000391,-0.002036,-0.000549
15851.311194999998,9.198,3.051655,0.000847,0.000392,-0.002043,-0.00055
15853.812278999998,9.199,3.002279,0.000848,0.000395,-0.002045,-0.000546
15855.077199999998,9.199,2.945894,0.000841,0.000392,-0.002041,-0.000552
15857.577091999998,9.2,3.076414,0.000838,0.000387,-0.002039,-0.000559
15860.092501,9.201,3.099216,0.000838,0.00039,-0.002045,-0.000556
15861.337722999999,9.202,3.032757,0.000838,0.00039,-0.002045,-0.000554
15865.109437,9.203,3.026295,0.000837,0.000395,-0.002047,-0.000551
15867.624286999999,9.204,2.940287,0.000841,0.000399,-0.002043,-0.000548
15870.138596999997,9.205,3.182816,0.000835,0.000399,-0.00204,-0.000552
15871.389135999998,9.206,3.040752,0.00083,0.000399,-0.002047,-0.000555
15873.889449999999,9.207,3.142915,0.000824,0.000399,-0.002044,-0.000554
15875.140540999999,9.207,3.198902,0.000824,0.0004,-0.002046,-0.000554
15877.672163999998,9.208,3.143361,0.000822,0.0004,-0.002039,-0.000557
15878.919555999997,9.209,3.294025,0.000824,0.000402,-0.002044,-0.000557
15881.436351999999,9.21,3.561389,0.000824,0.000403,-0.002047,-0.000557
15883.951953999998,9.211,3.454238,0.00082,0.000406,-0.002045,-0.000559
15885.218055999998,9.212,3.554582,0.00082,0.000409,-0.002051,-0.00056
15887.749516999998,9.213,3.421415,0.000815,0.000405,-0.002043,-0.000561
15888.999531999998,9.213,3.687219,0.000814,0.000405,-0.002051,-0.000565
15891.530322999999,9.214,3.168932,0.000812,0.000404,-0.002044,-0.000569
15894.047150999999,9.215,3.383684,0.00081,0.000404,-0.002046,-0.000569
15895.295744999998,9.216,4.052724,0.000816,0.000408,-0.002046,-0.000566
15897.827300999998,9.217,3.629752,0.000815,0.00041,-0.002041,-0.000567
15899.092787999998,9.217,3.519976,0.00081,0.000407,-0.002044,-0.000571
15901.608730999998,9.218,3.789896,0.000809,0.000407,-0.002042,-0.000571
15904.124927999997,9.219,3.888781,0.000806,0.000407,-0.002038,-0.00057
15905.389888999998,9.22,3.657647,0.000799,0.000407,-0.002041,-0.000572
15907.890167999998,9.221,3.618797,0.000792,0.000405,-0.002042,-0.000577
15909.155157999998,9.221,4.082656,0.000791,0.000404,-0.002036,-0.000577
15911.672013999998,9.222,3.634437,0.000796,0.000409,-0.002036,-0.000568
15912.921246999998,9.223,3.83688,0.000797,0.000411,-0.002034,-0.000565
15915.418715999998,9.224,3.829097,0.000786,0.000411,-0.002034,-0.00057
15917.937392999998,9.225,4.056204,0.000787,0.000415,-0.002038,-0.000571
15919.186485999999,9.225,3.973453,0.000786,0.000417,-0.002037,-0.000571
15921.701358999999,9.226,4.288129,0.000778,0.000415,-0.002037,-0.000575
15922.952097999998,9.226,3.960795,0.000775,0.000414,-0.002031,-0.000579
15925.467276999998,9.228,4.507634,0.000767,0.000416,-0.002032,-0.000577
15927.983129999999,9.229,4.045249,0.000762,0.000416,-0.002036,-0.000582
15929.249412999998,9.229,4.026978,0.00076,0.000412,-0.002031,-0.000584
15931.780051999998,9.23,3.992727,0.000761,0.000409,-0.002037,-0.000589
15933.029838999999,9.23,4.052745,0.000756,0.000408,-0.002034,-0.000586
15935.545282,9.231,4.110864,0.000756,0.000408,-0.002037,-0.000593
15938.078284999998,9.233,4.27651,0.000756,0.000413,-0.00204,-0.000586
15939.343157999998,9.233,3.968604,0.000756,0.000417,-0.002038,-0.000584
15941.874503,9.234,4.57231,0.00075,0.000414,-0.002032,-0.000587
15943.139378999998,9.235,4.277709,0.000749,0.000416,-0.002034,-0.000588
15945.671336999998,9.236,4.214253,0.000745,0.000411,-0.002027,-0.00059
15946.935538999998,9.236,4.585764,0.000742,0.000414,-0.002033,-0.000591
15949.436356999999,9.237,4.38843,0.000745,0.000417,-0.002034,-0.000592
15951.952033999998,9.238,4.494906,0.000747,0.000419,-0.002034,-0.00059
15953.217281999998,9.239,4.463101,0.000747,0.000421,-0.002038,-0.000592
15955.749867999999,9.24,4.411004,0.00075,0.000424,-0.002029,-0.000589
15957.014545999999,9.24,4.449509,0.000748,0.000425,-0.002035,-0.000588
15959.545458999997,9.241,4.424877,0.00074,0.000427,-0.002028,-0.000589
15962.045200999997,9.242,4.729627,0.000737,0.000423,-0.002027,-0.000598
15963.311291999999,9.243,4.307652,0.000734,0.000423,-0.002029,-0.000601
15965.827211999998,9.244,5.028241,0.000726,0.000417,-0.00203,-0.000605
15967.092261999998,9.244,4.666436,0.000725,0.000419,-0.002038,-0.000604
15969.624655999998,9.245,4.668855,0.000711,0.000405,-0.002036,-0.000617
15972.139529999999,9.246,5.109569,0.00069,0.000396,-0.00204,-0.00063
15973.389359999997,9.247,4.430426,0.000695,0.000399,-0.002041,-0.000629
15975.887476999998,9.248,4.851578,0.000679,0.000386,-0.002041,-0.000639
15977.139026999997,9.248,4.980411,0.000672,0.000382,-0.002053,-0.000647
15979.639688,9.249,5.086442,0.000677,0.00039,-0.002057,-0.000642
15982.139760999999,9.25,4.549147,0.000673,0.000392,-0.002049,-0.000639
15983.405617999999,9.25,4.735659,0.000675,0.000396,-0.002044,-0.000639
15985.936352999997,9.251,4.778981,0.000682,0.000405,-0.002049,-0.000638
15987.201272999999,9.252,4.81015,0.000684,0.000408,-0.002047,-0.000633
15989.718259999998,9.253,5.265585,0.000683,0.000399,-0.002056,-0.000641
15990.982839999999,9.253,5.04933,0.000667,0.000386,-0.002055,-0.000656
15993.483850999997,9.254,5.008682,0.000649,0.000378,-0.00207,-0.000665
15995.983212999998,9.255,4.976061,0.00065,0.000383,-0.002063,-0.00066
15997.249774999998,9.255,5.532729,0.000648,0.000383,-0.002057,-0.000664
15999.777472999998,9.256,4.839074,0.000639,0.000374,-0.002061,-0.000672
16001.031025999999,9.256,5.524389,0.000636,0.000375,-0.002065,-0.000672
16003.561346999999,9.257,5.213048,0.000626,0.000369,-0.002062,-0.000684
16006.076361999998,9.258,4.881208,0.000616,0.000367,-0.00207,-0.00069
16007.327411999999,9.259,5.333632,0.000612,0.000364,-0.002064,-0.000689
16009.826997999999,9.26,5.725716,0.000615,0.000366,-0.002065,-0.00069
16011.076904999998,9.26,5.145053,0.00061,0.000363,-0.002074,-0.000699
16013.591011999997,9.261,5.645185,0.000603,0.00036,-0.002085,-0.000698
16016.092771999998,9.262,5.371455,0.000603,0.000365,-0.002079,-0.000701
16017.358925999997,9.263,5.010765,0.000606,0.000369,-0.002078,-0.000696
16019.859403999999,9.264,5.431693,0.000598,0.000362,-0.002077,-0.000703
16021.124755999997,9.264,5.55982,0.000593,0.000365,-0.002073,-0.000704
16023.638898999998,9.265,5.883856,0.000604,0.000371,-0.002073,-0.000697
16026.139645,9.268,5.525823,0.00061,0.000378,-0.002073,-0.000692
16027.389503999999,9.268,5.7612,0.000615,0.000384,-0.002076,-0.000689
16029.888965999999,9.268,5.916897,0.000618,0.000387,-0.002078,-0.00069
16031.138948999998,9.269,5.864095,0.000614,0.000388,-0.002081,-0.000681
16033.639832999997,9.27,5.638758,0.000594,0.000372,-0.002079,-0.000706
16034.905079999999,9.27,5.649169,0.000579,0.000362,-0.002079,-0.000712
16037.436279999998,9.271,5.631267,0.00058,0.00037,-0.002089,-0.000709
16039.937181999998,9.272,5.834082,0.000588,0.000379,-0.002079,-0.000701
16041.185962999998,9.272,5.784946,0.000587,0.000379,-0.002074,-0.000698
16043.700616999999,9.273,6.103881,0.000592,0.000385,-0.002088,-0.000696
16044.951801999998,9.274,5.719819,0.000593,0.00039,-0.002086,-0.000701
16047.468128999997,9.275,5.988504,0.000587,0.000385,-0.002082,-0.000707
16049.967766999998,9.276,5.442105,0.000558,0.000365,-0.002079,-0.000728
16051.217377999998,9.276,6.455595,0.000558,0.000366,-0.002085,-0.000728
16053.733991999998,9.277,6.088849,0.000555,0.000365,-0.002075,-0.000726
16054.984085999999,9.277,6.131505,0.000556,0.000365,-0.002079,-0.000726
16057.484313999998,9.278,6.135594,0.000567,0.000377,-0.002077,-0.000719
16059.999734999998,9.279,6.281942,0.000564,0.000382,-0.002078,-0.000717
16061.249595999998,9.279,6.060801,0.000553,0.000371,-0.002074,-0.000731
16063.781857999998,9.28,6.283536,0.000539,0.00036,-0.002088,-0.00074
16065.045606999998,9.281,6.488689,0.000539,0.000361,-0.002087,-0.000741
16067.547636999998,9.282,6.221597,0.000559,0.000375,-0.002073,-0.00073
16070.045429999998,9.283,6.628396,0.000545,0.000379,-0.002072,-0.00073
16071.311762999998,9.283,6.13347,0.000553,0.000383,-0.002076,-0.000728
16073.842383,9.284,6.891769,0.000541,0.000379,-0.002083,-0.000735
16075.093362999998,9.284,5.893896,0.000534,0.000376,-0.002088,-0.000739
16077.62489,9.285,6.304467,0.000523,0.000364,-0.002084,-0.000755
16080.139643999999,9.286,6.417613,0.000533,0.00037,-0.00209,-0.000753
16081.389541999997,9.287,6.463351,0.000542,0.000378,-0.002089,-0.000747
16083.889997999999,9.288,6.551212,0.000559,0.000391,-0.002088,-0.000734
16085.140131999999,9.288,6.691025,0.000559,0.000395,-0.002088,-0.000734
16087.639512999998,9.289,6.291025,0.000549,0.000394,-0.002089,-0.000729
16090.139753999998,9.29,6.693628,0.000541,0.000394,-0.002089,-0.000737
16091.404608999997,9.291,7.010068,0.00054,0.000394,-0.00209,-0.000735
16093.906249999998,9.291,6.5408,0.000537,0.000394,-0.002088,-0.000735
16095.172504999999,9.292,7.193441,0.000538,0.000395,-0.002092,-0.000734
16097.687478999998,9.293,6.975912,0.000529,0.000392,-0.002095,-0.000742
16098.934529999999,9.293,6.719763,0.000527,0.000392,-0.002089,-0.000743
16101.436288999997,9.294,7.050068,0.000524,0.00039,-0.002085,-0.000739
16103.936975999997,9.294,6.511637,0.000529,0.000396,-0.002083,-0.000738
16105.201992999999,9.295,7.139895,0.000529,0.000399,-0.002079,-0.000733
16107.715746999998,9.296,6.829299,0.000526,0.000403,-0.002083,-0.000733
16108.968118999997,9.297,6.851557,0.000534,0.000402,-0.002083,-0.000735
16111.48232,9.298,6.552274,0.000527,0.000399,-0.002074,-0.000739
16114.014872999998,9.299,6.88497,0.000506,0.000389,-0.002082,-0.000754
16115.264774,9.299,6.825846,0.000496,0.000385,-0.002078,-0.000757
16117.765014999997,9.3,6.701968,0.00049,0.000384,-0.002079,-0.00076
16119.028077999998,9.301,6.574319,0.000485,0.000382,-0.002084,-0.000763
16121.546366999999,9.302,6.727785,0.00049,0.000391,-0.002082,-0.000761
16124.077326999999,9.303,6.911264,0.000484,0.000384,-0.002084,-0.00077
16125.343597,9.303,7.059418,0.000477,0.000379,-0.002083,-0.000773
16127.858355999999,9.303,6.864146,0.000486,0.000387,-0.002086,-0.000762
16129.123680999997,9.303,6.970281,0.000487,0.000387,-0.002089,-0.000764
16131.639168999998,9.303,6.979789,0.000481,0.000382,-0.002082,-0.000765
16134.137625999998,9.303,7.004119,0.000486,0.00039,-0.002086,-0.000759
16135.390245999999,9.303,7.258938,0.000484,0.000386,-0.002089,-0.000762
16137.905947,9.303,6.936868,0.000484,0.000383,-0.002095,-0.000759
16139.172120999998,9.303,6.956204,0.000488,0.000386,-0.002094,-0.000751
16141.686871999998,9.303,6.497878,0.000487,0.000382,-0.002089,-0.000759
16142.952186999999,9.303,6.926085,0.000486,0.000381,-0.002092,-0.000759
16145.483402999998,9.303,6.789777,0.000489,0.000378,-0.002083,-0.000754
16147.984008999998,9.303,7.017293,0.000494,0.000381,-0.002082,-0.000753
16149.250245999998,9.303,7.064464,0.000499,0.000385,-0.002085,-0.000749
16151.764416999999,9.303,7.162259,0.0005,0.000382,-0.002077,-0.000744
16153.014151999998,9.303,6.987811,0.000498,0.000378,-0.002084,-0.00075
16155.531366,9.303,6.286936,0.000503,0.000376,-0.002083,-0.000748
16158.030058999999,9.303,6.884545,0.000512,0.000386,-0.002077,-0.000736
16159.279526999999,9.303,6.865421,0.000512,0.000383,-0.002084,-0.000737
16161.781542999997,9.302,6.720932,0.000515,0.000384,-0.002081,-0.000737
16163.046000999999,9.302,6.210866,0.000513,0.000382,-0.002076,-0.000735
16165.561645999998,9.301,6.646298,0.000521,0.000384,-0.002083,-0.000731
16168.061756999998,9.3,6.514612,0.000528,0.000388,-0.002086,-0.000725
16169.312304999998,9.3,6.463722,0.000534,0.00039,-0.002077,-0.000721
16171.827113999998,9.299,6.919816,0.000536,0.000392,-0.002078,-0.000716
16173.091577999998,9.299,6.476684,0.000538,0.000389,-0.002074,-0.000716
16175.592389999998,9.297,6.375329,0.000541,0.000387,-0.00207,-0.000716
16178.123491999999,9.296,6.160137,0.000549,0.000395,-0.002075,-0.000708
16179.374489999998,9.296,6.543828,0.000552,0.000394,-0.002068,-0.000704
16181.905749999998,9.295,6.512115,0.000549,0.000387,-0.002073,-0.000712
16183.155839999998,9.295,5.982182,0.000547,0.000384,-0.002075,-0.000716
16185.671335999998,9.294,6.464094,0.000554,0.000386,-0.002072,-0.000711
16186.936055999999,9.293,5.960934,0.000555,0.000386,-0.002071,-0.000708
16189.436455999998,9.292,5.977242,0.00056,0.000391,-0.002069,-0.000703
16191.937254999997,9.292,6.014533,0.000565,0.000389,-0.002068,-0.0007
16193.186847999998,9.291,6.281305,0.000568,0.00039,-0.002076,-0.0007
16195.702457999998,9.29,5.967309,0.00058,0.000396,-0.002068,-0.00069
16196.967266999998,9.29,6.321147,0.000582,0.000398,-0.002069,-0.000688
16199.483257999998,9.289,5.913391,0.00058,0.000393,-0.002064,-0.000691
16202.013556999998,9.288,6.325608,0.000586,0.000398,-0.002066,-0.000683
16203.265199999998,9.287,5.964493,0.000591,0.000401,-0.00206,-0.000678
16205.793681999998,9.286,5.78537,0.000595,0.000403,-0.002053,-0.000674
16207.046341999998,9.286,5.708239,0.000601,0.000405,-0.002057,-0.000671
16209.578349999998,9.285,6.467069,0.000608,0.000406,-0.002062,-0.000668
16212.092925999998,9.285,5.457085,0.000617,0.000408,-0.002061,-0.000664
16213.342453999998,9.284,5.802741,0.000622,0.000408,-0.002054,-0.000662
16215.873476999997,9.283,5.478227,0.000626,0.000415,-0.002059,-0.000659
16217.124564999998,9.283,5.44237,0.000626,0.000413,-0.00205,-0.000656
16219.639961999997,9.282,5.670895,0.000633,0.000413,-0.00205,-0.00065
16220.904256999998,9.281,5.431799,0.000637,0.000414,-0.002051,-0.000648
16223.436401999998,9.281,5.473552,0.000638,0.000418,-0.002054,-0.000645
16225.935647999999,9.28,5.855384,0.000639,0.000412,-0.002055,-0.000646
16227.186039999999,9.279,5.049914,0.000637,0.000412,-0.002046,-0.000643
16229.701943999999,9.278,5.874347,0.000639,0.00041,-0.002048,-0.000643
16230.952384999999,9.278,5.53889,0.000641,0.000409,-0.002044,-0.000641
16233.468255999998,9.277,5.531879,0.000645,0.000413,-0.002043,-0.000634
16235.984538999997,9.276,5.077112,0.000652,0.000414,-0.002047,-0.000633
16237.233158,9.276,5.27945,0.000656,0.000415,-0.002046,-0.000628
16239.764878999998,9.275,5.359343,0.000661,0.000418,-0.002038,-0.000627
16241.031244999998,9.274,5.266488,0.000664,0.000418,-0.00204,-0.000626
16243.561717999997,9.273,4.772138,0.000668,0.000414,-0.002045,-0.000626
16246.077222999998,9.272,5.181441,0.000665,0.000416,-0.002046,-0.000624
16247.343328999998,9.272,5.705796,0.000666,0.000415,-0.00204,-0.000623
16249.874700999999,9.271,5.031511,0.000671,0.000417,-0.00204,-0.000617
16251.124672999998,9.271,4.842666,0.000672,0.000416,-0.00204,-0.000617
16253.638218999999,9.27,5.123327,0.000679,0.000417,-0.002042,-0.000615
16256.156366,9.269,4.95249,0.000684,0.000418,-0.00204,-0.000611
16257.403210999997,9.268,5.261601,0.000689,0.00042,-0.002044,-0.000611
16259.920438999998,9.267,4.868815,0.000695,0.000419,-0.002042,-0.00061
16261.171924999999,9.267,5.262557,0.000698,0.000419,-0.002037,-0.000608
16263.687010999998,9.266,4.687185,0.000706,0.000421,-0.002038,-0.000605
16264.952074999997,9.265,4.860576,0.000706,0.00042,-0.002034,-0.000605
16267.467214999999,9.264,4.822161,0.000709,0.000423,-0.002042,-0.000599
16269.984448,9.264,5.056393,0.000709,0.000424,-0.00203,-0.000599
16271.233080999998,9.263,4.667868,0.00071,0.000425,-0.00203,-0.000596
16273.733202999998,9.262,4.985573,0.000711,0.000425,-0.002033,-0.000595
16274.999532999998,9.262,5.048427,0.000712,0.000423,-0.00203,-0.000593
16277.529601999999,9.261,4.556208,0.000718,0.000424,-0.002039,-0.000593
16280.046206999998,9.26,4.568671,0.000724,0.000425,-0.002039,-0.00059
16281.291450999997,9.26,3.587156,0.000724,0.000424,-0.002034,-0.000588
16283.796468999997,9.259,4.096959,0.000723,0.00042,-0.00204,-0.000587
16285.045673999997,9.258,4.595441,0.000724,0.000421,-0.002038,-0.000586
16287.578191999997,9.257,4.268017,0.000729,0.000421,-0.002039,-0.000583
16290.092101999999,9.256,3.684805,0.000728,0.000419,-0.002037,-0.000582
16291.358197999998,9.256,4.422378,0.000725,0.000417,-0.002032,-0.000584
16293.874072999999,9.254,4.502228,0.000731,0.000419,-0.002037,-0.000582
16295.124847999998,9.254,4.148802,0.000731,0.00042,-0.002026,-0.000579
16297.654808,9.253,4.523035,0.000739,0.000422,-0.002032,-0.000574
16300.156364999999,9.252,4.285206,0.000755,0.000424,-0.00203,-0.00057
16301.421937999998,9.252,4.026829,0.000757,0.000424,-0.002024,-0.000565
16303.936839999998,9.251,4.178777,0.000755,0.000423,-0.002022,-0.000567
16305.186784999998,9.251,4.227728,0.000751,0.000417,-0.002019,-0.000572
16307.701932999998,9.25,4.054401,0.000748,0.000415,-0.002024,-0.000573
16308.967423999999,9.249,4.481845,0.000751,0.000415,-0.002024,-0.00057
16311.482549999999,9.248,4.083855,0.000762,0.000418,-0.00203,-0.000567
16313.982974999999,9.247,4.167891,0.000757,0.000409,-0.00203,-0.000574
16315.234832999999,9.247,4.255448,0.000762,0.000411,-0.002029,-0.00057
16317.749683999999,9.246,4.011444,0.00076,0.000409,-0.00203,-0.000567
16318.999064999998,9.245,4.371527,0.000756,0.000408,-0.002035,-0.000571
16321.530235999999,9.244,3.906204,0.000754,0.0004,-0.002033,-0.000579
16324.046263999999,9.243,4.404351,0.000744,0.000389,-0.002038,-0.000584
16325.312428999998,9.243,3.823383,0.000744,0.00039,-0.002036,-0.000584
16327.827211999998,9.242,3.87268,0.000755,0.000395,-0.002036,-0.000578
16329.088918999998,9.241,3.942852,0.000762,0.000399,-0.002036,-0.000575
16331.591471999998,9.24,3.908204,0.000753,0.000395,-0.002039,-0.000581
16334.108325999998,9.239,2.927703,0.000761,0.000395,-0.002045,-0.000574
16335.373131999999,9.238,3.862435,0.000773,0.0004,-0.002041,-0.000567
16337.889838,9.237,3.821983,0.000776,0.000403,-0.002041,-0.000565
16339.155325999998,9.237,3.555754,0.000769,0.000392,-0.002032,-0.000575
16341.686322999998,9.236,3.510187,0.000755,0.00038,-0.002038,-0.000588
16342.951662999998,9.235,4.784117,0.00076,0.000381,-0.002043,-0.000586
16345.4672,9.234,3.924708,0.000776,0.000383,-0.002046,-0.000579
16347.982754999997,9.233,3.641386,0.000781,0.000391,-0.002045,-0.000571
16349.234077999998,9.232,3.548948,0.000774,0.000383,-0.002051,-0.000576
16351.765078999997,9.231,3.687362,0.000755,0.000369,-0.002048,-0.000592
16353.014718999999,9.231,3.179914,0.000756,0.00037,-0.002057,-0.000591
16355.529687999999,9.229,3.75529,0.000766,0.000375,-0.002052,-0.000583
16358.045482999998,9.228,3.288651,0.000784,0.000382,-0.002043,-0.000572
16359.309677999998,9.228,3.334181,0.000789,0.000384,-0.00205,-0.000571
16361.811698999998,9.227,3.480627,0.000791,0.00039,-0.002053,-0.000564
16363.06138,9.226,3.385541,0.000783,0.000378,-0.002053,-0.000571
16365.577605999999,9.225,3.068955,0.000785,0.000375,-0.002058,-0.000574
16368.109015999999,9.224,3.558354,0.000773,0.000362,-0.00205,-0.000585
16369.374322999998,9.224,3.253233,0.000773,0.000363,-0.002056,-0.000588
16371.905179999998,9.223,3.133106,0.000771,0.000358,-0.002048,-0.000585
16373.170090999998,9.222,3.168158,0.000774,0.000362,-0.00205,-0.000582
16375.671339999997,9.221,2.665294,0.000796,0.000372,-0.002044,-0.00057
16376.921912999998,9.221,3.203273,0.000802,0.000379,-0.002048,-0.000569
16379.436377999999,9.22,3.192599,0.000803,0.000375,-0.002054,-0.00057
16381.936264999998,9.219,2.916869,0.000792,0.000369,-0.002065,-0.000574
16383.202100999999,9.218,3.426969,0.000788,0.000362,-0.00206,-0.000578
16385.733165999998,9.217,3.093863,0.0008,0.000369,-0.002058,-0.000572
16386.984938999998,9.217,3.035001,0.000808,0.000374,-0.002062,-0.000565
16389.499679999997,9.216,2.990787,0.000798,0.00036,-0.00206,-0.000577
16392.015439,9.215,3.03968,0.000795,0.000357,-0.002054,-0.00058
16393.280451,9.214,2.505245,0.000786,0.00035,-0.002058,-0.000587
16395.811757999996,9.213,2.848007,0.000776,0.000337,-0.002056,-0.000598
16397.062004,9.213,3.243843,0.000785,0.000345,-0.002064,-0.000592
16399.577228,9.212,2.988793,0.000805,0.000358,-0.002057,-0.000572
16402.077297999997,9.211,2.886767,0.000805,0.000352,-0.002051,-0.000575
16403.342799,9.21,2.907521,0.000798,0.000347,-0.002056,-0.000584
16405.859324999998,9.209,2.831837,0.000793,0.000341,-0.00206,-0.000586
16407.108365,9.208,2.767081,0.00079,0.000338,-0.002065,-0.00059
16409.624689999997,9.206,2.761945,0.000811,0.000349,-0.002066,-0.000581
16412.124409999997,9.206,2.682679,0.00082,0.000353,-0.002064,-0.000575
16413.374093,9.206,3.39857,0.000811,0.000349,-0.002054,-0.000576
16415.890056999997,9.205,2.770869,0.000811,0.000348,-0.00206,-0.000578
16417.154820999996,9.204,2.541973,0.000823,0.000351,-0.002062,-0.000575
16419.686777,9.203,2.626465,0.000825,0.000349,-0.00207,-0.000574
16420.936326,9.203,2.66088,0.000818,0.000337,-0.002067,-0.000586
16423.437088,9.202,2.606395,0.000823,0.000341,-0.002071,-0.000583
16425.936900999997,9.2,2.56685,0.000824,0.000344,-0.002065,-0.00057
16427.201907,9.2,2.559624,0.000833,0.000352,-0.002068,-0.000562
16429.702386999998,9.199,2.349557,0.000841,0.000354,-0.002071,-0.000557
16430.968186,9.198,2.629855,0.000843,0.000355,-0.002071,-0.000561
16433.497514,9.197,2.514057,0.00085,0.000358,-0.002067,-0.000556
16436.014205,9.196,2.50924,0.000854,0.000359,-0.002065,-0.000555
16437.264830999997,9.196,2.478549,0.000857,0.000362,-0.002075,-0.000549
16439.795726999997,9.195,2.440309,0.000843,0.00035,-0.002075,-0.000556
16441.061566999997,9.194,2.009894,0.000847,0.000349,-0.002079,-0.000556
16443.578139999998,9.194,2.397766,0.000853,0.000351,-0.002072,-0.000553
16446.075697,9.192,2.249882,0.000826,0.000318,-0.002071,-0.000591
16447.327688999998,9.192,2.279883,0.000829,0.00032,-0.00208,-0.00059
16449.842912,9.191,2.010711,0.000846,0.000333,-0.002071,-0.000578
16451.092932,9.191,2.276058,0.000842,0.000336,-0.002067,-0.000572
16453.593459,9.19,2.208878,0.00084,0.000331,-0.002062,-0.000574
16456.109945999997,9.189,2.146769,0.000849,0.000334,-0.002067,-0.00057
16457.358924,9.188,2.162181,0.000853,0.00033,-0.002063,-0.000572
16459.889790999998,9.187,2.104492,0.00085,0.000327,-0.002076,-0.000581
16461.139821999997,9.187,3.002119,0.000859,0.000332,-0.002074,-0.000572
16463.639127,9.186,2.194395,0.000873,0.000347,-0.002075,-0.000552
16466.140438,9.184,1.811599,0.000873,0.000342,-0.002081,-0.000552
16467.389487999997,9.184,2.03251,0.00087,0.000336,-0.002087,-0.000559
16469.904520999997,9.183,1.273169,0.000874,0.000337,-0.002081,-0.000558
16471.154681,9.183,2.021205,0.000876,0.00034,-0.002077,-0.000557
16473.671916,9.181,2.32457,0.000873,0.000333,-0.002077,-0.00056
16476.172146999997,9.181,2.036388,0.000847,0.000313,-0.00208,-0.000585
16477.421383999997,9.18,1.955303,0.000845,0.00031,-0.002079,-0.000589
16479.936429999998,9.179,1.931089,0.00085,0.000316,-0.002078,-0.000575
16481.187394999997,9.178,1.902197,0.000847,0.00031,-0.002074,-0.000581
16483.702222,9.177,1.914442,0.000856,0.000313,-0.002075,-0.000581
16484.967281999998,9.176,1.740716,0.000869,0.00032,-0.002083,-0.000573
16487.482803,9.175,1.848328,0.000889,0.000328,-0.00208,-0.000566
16489.981613999997,9.174,3.227338,0.000898,0.000331,-0.002084,-0.000562
16491.234686,9.174,1.809955,0.00089,0.000328,-0.002083,-0.000564
16493.749221,9.172,1.758674,0.000898,0.000336,-0.002088,-0.000557
16495.00006,9.172,1.691658,0.000903,0.00034,-0.002089,-0.000555
16497.499312,9.171,1.707123,0.000899,0.000333,-0.002082,-0.000554
16499.996132,9.17,1.629645,0.00091,0.000338,-0.002085,-0.000552
16501.234408999997,9.17,1.766892,0.000902,0.000334,-0.002091,-0.000553
16503.733395,9.17,1.716237,0.000899,0.000332,-0.002085,-0.000558
16504.999365,9.17,1.584099,0.000897,0.00033,-0.00208,-0.000558
16507.513495,9.17,1.675488,0.000894,0.000329,-0.002082,-0.000558
16510.031339999998,9.169,3.196986,0.000901,0.000333,-0.002083,-0.000557
16511.295616,9.169,1.290454,0.000901,0.000335,-0.002081,-0.000555
16513.810683,9.169,1.670803,0.000904,0.000339,-0.002079,-0.000549
16515.061650999996,9.169,1.745422,0.000905,0.000339,-0.002075,-0.00055
16517.561439999998,9.169,1.776298,0.000902,0.000337,-0.002073,-0.000551
16520.044772999998,9.169,1.842762,0.000883,0.000324,-0.002075,-0.000564
16521.290118999998,9.169,2.44259,0.000881,0.000321,-0.002067,-0.000566
16523.779147999998,9.169,1.751613,0.000871,0.000322,-0.00207,-0.000569
16525.029326999997,9.169,2.358337,0.000872,0.000323,-0.002072,-0.000567
16527.529787,9.169,1.854057,0.000872,0.000331,-0.002075,-0.000563
16530.030534999998,9.169,1.862264,0.000878,0.000342,-0.002066,-0.000556
16531.295735,9.169,1.931779,0.000882,0.000344,-0.002066,-0.000551
16533.81199,9.17,1.760918,0.000888,0.00035,-0.002061,-0.000546
16535.078791999997,9.17,2.056744,0.000889,0.000351,-0.002059,-0.000545
16537.577285,9.172,2.057185,0.000891,0.000355,-0.002056,-0.000541
16540.093154,9.173,2.018202,0.000898,0.000356,-0.002063,-0.00054
16541.358152999997,9.173,2.280578,0.000896,0.00036,-0.002062,-0.000542
16543.889911,9.174,2.10707,0.000886,0.000359,-0.002059,-0.000544
16545.139406,9.175,2.01756,0.000883,0.000356,-0.002057,-0.000544
16547.63972,9.176,2.136138,0.000879,0.000357,-0.002054,-0.000545
16550.140032,9.177,2.17485,0.000871,0.000356,-0.002055,-0.000551
16551.401513999997,9.177,2.05024,0.000872,0.000354,-0.00206,-0.000553
16553.904774,9.179,2.844957,0.000882,0.000362,-0.002057,-0.000547
16555.156398,9.179,2.182978,0.000881,0.000364,-0.002057,-0.000548
16557.654421,9.18,2.313047,0.00088,0.000362,-0.00205,-0.00055
16560.154316,9.181,2.283364,0.000882,0.00037,-0.002053,-0.000547
16561.421351999998,9.182,2.074241,0.000883,0.000372,-0.002057,-0.000546
16563.936616,9.183,2.562011,0.000884,0.000372,-0.002052,-0.000542
16565.203204999998,9.183,2.485812,0.000879,0.000369,-0.002057,-0.000542
16567.733980999998,9.184,2.508683,0.000872,0.000372,-0.002054,-0.000548
16568.984215999997,9.185,2.424462,0.000873,0.000375,-0.002052,-0.000549
16571.484083,9.186,2.500062,0.000871,0.000375,-0.002053,-0.000546
16573.999192,9.187,2.557056,0.000874,0.000379,-0.002053,-0.000544
16575.26541,9.188,2.686435,0.000874,0.000381,-0.002046,-0.000543
16577.779404999997,9.188,2.685932,0.000873,0.000383,-0.002051,-0.000543
16579.031065,9.189,2.494592,0.00087,0.000382,-0.002052,-0.000544
16581.546198999997,9.19,2.62091,0.000862,0.000381,-0.002045,-0.000545
16584.077174,9.191,2.571869,0.000853,0.000378,-0.002048,-0.00055
16585.344191999997,9.191,3.02369,0.000851,0.000378,-0.00204,-0.00055
16587.874491,9.192,2.782286,0.000852,0.00038,-0.002047,-0.000549
16589.139811999998,9.193,2.757239,0.000853,0.000382,-0.002048,-0.00055
16591.640432999997,9.194,2.715604,0.000856,0.000383,-0.002046,-0.000551
16594.156272,9.195,2.848978,0.000856,0.000387,-0.002048,-0.000546
16595.422096,9.196,2.412748,0.000855,0.000387,-0.002046,-0.000545
16597.936589999998,9.197,2.642444,0.000852,0.000389,-0.00205,-0.000544
16599.202030999997,9.197,2.811868,0.000847,0.000391,-0.00205,-0.000543
16601.718918,9.198,2.955656,0.000843,0.000391,-0.002047,-0.000545
16602.983023999997,9.199,2.629515,0.00084,0.00039,-0.00205,-0.000549
16605.514242999998,9.2,2.932721,0.000835,0.000388,-0.002046,-0.000551
16608.029609999998,9.201,3.083014,0.000836,0.00039,-0.002053,-0.00055
16609.280153,9.202,2.967147,0.000839,0.00039,-0.002051,-0.00055
16611.781253999998,9.203,2.920562,0.000838,0.000391,-0.002052,-0.000551
16613.044864999996,9.203,3.001488,0.000842,0.000396,-0.002055,-0.000549
16615.545638999996,9.204,3.036927,0.000842,0.000399,-0.002054,-0.000549
16618.062414999997,9.205,3.443734,0.000841,0.000401,-0.002055,-0.000547
16619.326686999997,9.206,3.114808,0.000841,0.000402,-0.002054,-0.000549
16621.843157,9.207,3.275897,0.000842,0.0004,-0.002055,-0.00055
16623.109468,9.207,3.399615,0.000836,0.0004,-0.002052,-0.000552
16625.624642,9.208,3.224277,0.000834,0.000403,-0.002054,-0.00055
16628.139041,9.209,3.285579,0.000829,0.000403,-0.002059,-0.000554
16629.389912,9.21,3.467761,0.000826,0.000399,-0.002052,-0.000555
16631.906254999998,9.211,3.344027,0.000821,0.000402,-0.002051,-0.000554
16633.171337,9.212,3.344165,0.000817,0.000401,-0.002049,-0.000556
16635.70168,9.213,3.131063,0.000808,0.0004,-0.002057,-0.000566
16636.952572,9.213,3.416147,0.000806,0.000399,-0.00205,-0.000566
16639.467280999997,9.214,3.343189,0.000806,0.000395,-0.00205,-0.000567
16641.984258999997,9.215,3.693182,0.000804,0.0004,-0.002053,-0.000568
16643.25015,9.216,3.515429,0.000805,0.000402,-0.002058,-0.000566
16645.764789999997,9.217,3.427182,0.000804,0.000399,-0.002051,-0.000569
16647.031131,9.217,3.826948,0.000803,0.0004,-0.002047,-0.000568
16649.546216,9.218,3.147669,0.000802,0.000404,-0.002047,-0.000566
16652.078148999997,9.219,3.52926,0.000802,0.000409,-0.002046,-0.000563
16653.327855999996,9.22,3.577103,0.0008,0.000409,-0.002046,-0.000564
16655.843203999997,9.221,3.865385,0.000792,0.000401,-0.002048,-0.000569
16657.108129999997,9.221,3.86357,0.00079,0.000398,-0.002045,-0.000575
16659.639246,9.222,3.662332,0.000789,0.000401,-0.002048,-0.000577
16662.139666,9.223,4.373172,0.00078,0.0004,-0.002046,-0.000577
16663.390268,9.223,3.975543,0.000778,0.000403,-0.002045,-0.000576
16665.904101999997,9.224,3.725406,0.000777,0.000405,-0.00204,-0.000576
16667.154335,9.225,3.613667,0.000777,0.000405,-0.002045,-0.000578
16669.671961,9.226,3.718238,0.000773,0.000402,-0.002044,-0.000584
16670.935673999997,9.226,4.551821,0.00077,0.000402,-0.002037,-0.000585
16673.436792999997,9.227,4.182342,0.000771,0.000405,-0.002036,-0.00058
16675.953263,9.228,3.945118,0.00077,0.000406,-0.002039,-0.000579
16677.217128999997,9.229,4.189318,0.000769,0.000409,-0.002036,-0.00058
16679.734263,9.23,4.392722,0.000764,0.000407,-0.002038,-0.000585
16680.983987,9.23,3.971272,0.000761,0.000407,-0.002033,-0.000584
16683.467236999997,9.231,4.059308,0.000764,0.00041,-0.002042,-0.000583
16685.984247999997,9.232,4.118329,0.000762,0.000413,-0.002039,-0.000582
16687.250067999998,9.232,4.08063,0.00076,0.000413,-0.002041,-0.000584
16689.750233,9.234,4.166718,0.000758,0.000417,-0.00204,-0.000582
16691.014777999997,9.234,4.069839,0.000758,0.00042,-0.002037,-0.000581
16693.545031999998,9.235,3.881041,0.000756,0.000417,-0.002044,-0.000583
16696.061641999997,9.236,4.300485,0.000756,0.000419,-0.002046,-0.000585
16697.311921999997,9.236,3.951436,0.000756,0.000415,-0.002041,-0.000585
16699.843316,9.237,4.404701,0.000753,0.000417,-0.002045,-0.000589
16701.109364999997,9.238,4.399698,0.000751,0.000417,-0.002039,-0.000592
16703.623956999996,9.239,4.31074,0.000744,0.000416,-0.002038,-0.000593
16706.140116,9.24,4.250228,0.000739,0.000417,-0.002041,-0.000594
16707.405398,9.24,4.356073,0.00074,0.000417,-0.002034,-0.000595
16709.921344,9.241,4.50045,0.000743,0.000423,-0.002036,-0.00059
16711.171876999997,9.242,3.218234,0.00074,0.000421,-0.002031,-0.000591
16713.686247999998,9.242,4.372498,0.000737,0.000421,-0.002029,-0.000596
16714.936329999997,9.243,4.611187,0.000737,0.000422,-0.002037,-0.000597
16717.452771999997,9.244,4.504429,0.000741,0.000422,-0.002036,-0.000596
16719.967728999996,9.245,4.392785,0.000735,0.000422,-0.002029,-0.000599
16721.217426,9.245,4.841663,0.000736,0.000427,-0.002036,-0.000601
16723.717255999996,9.246,4.506891,0.000734,0.000424,-0.002032,-0.0006
16724.982762,9.247,4.401385,0.000732,0.000424,-0.002028,-0.000597
16727.49813,9.248,5.212623,0.000726,0.000426,-0.00203,-0.000599
16730.000368999998,9.249,4.692469,0.000721,0.000426,-0.002037,-0.000603
16731.249183999997,9.249,4.848952,0.000719,0.000427,-0.002037,-0.000606
16733.781841999997,9.25,5.894799,0.000722,0.000427,-0.002033,-0.000605
16735.04624,9.25,5.136289,0.000721,0.000428,-0.002032,-0.000604
16737.562123999996,9.251,5.272396,0.000721,0.000429,-0.002033,-0.000608
16740.076695,9.252,4.866704,0.000715,0.000426,-0.002035,-0.000613
16741.341897,9.252,5.192915,0.00071,0.000425,-0.002034,-0.000617
16743.859404,9.253,5.009393,0.000707,0.000423,-0.002032,-0.000619
16745.124738,9.254,5.335067,0.000695,0.000419,-0.002027,-0.000623
16747.639213,9.255,5.000852,0.000678,0.000405,-0.002038,-0.000641
16750.140167999998,9.255,5.082903,0.000681,0.00041,-0.002037,-0.00064
16751.405228,9.256,5.455279,0.000677,0.000408,-0.002034,-0.000638
16753.922453,9.257,5.451773,0.000664,0.000401,-0.002044,-0.000648
16755.17194,9.257,5.002796,0.000661,0.000401,-0.002043,-0.000647
16757.701806999998,9.258,5.526619,0.000663,0.000407,-0.002047,-0.000642
16758.951962,9.259,5.249702,0.000667,0.000413,-0.00205,-0.000637
16761.467254,9.26,5.281877,0.000672,0.000411,-0.002049,-0.000644
16763.982729,9.261,5.144681,0.000678,0.000413,-0.002051,-0.000645
16765.234244,9.261,5.302876,0.000669,0.000408,-0.002055,-0.000649
16767.764978,9.262,5.439662,0.000658,0.000403,-0.002058,-0.000658
16769.029341999998,9.263,5.193606,0.000648,0.000397,-0.002063,-0.000665
16771.545785,9.264,5.247896,0.000643,0.000397,-0.002066,-0.000666
16774.061104999997,9.265,5.582609,0.000636,0.0004,-0.002066,-0.000669
16775.312094999997,9.265,5.489116,0.000629,0.000396,-0.002058,-0.000679
16777.827403,9.266,5.512702,0.000629,0.000401,-0.002063,-0.000675
16779.077232999996,9.267,6.002846,0.000627,0.000397,-0.00207,-0.000677
16781.577727999997,9.268,5.487895,0.000612,0.000389,-0.002059,-0.000687
16784.092040999996,9.268,5.737137,0.0006,0.000379,-0.002063,-0.000693
16785.358369999998,9.269,5.731559,0.000603,0.000388,-0.002067,-0.000693
16787.874837,9.27,5.813684,0.000609,0.000397,-0.00206,-0.000682
16789.1394,9.27,5.647522,0.000614,0.0004,-0.002064,-0.000682
16791.641363,9.271,6.29772,0.000602,0.000385,-0.002064,-0.000694
16794.151932999997,9.272,5.788558,0.000608,0.00039,-0.002077,-0.000696
16795.389846,9.273,5.966458,0.000605,0.000397,-0.002067,-0.000692
16797.890097999996,9.274,5.658518,0.000585,0.000387,-0.002071,-0.000702
16799.154453,9.274,5.795145,0.000587,0.00039,-0.002073,-0.000703
16801.655345,9.275,6.167149,0.000597,0.000393,-0.002071,-0.000694
16804.171828,9.276,5.936073,0.000599,0.000401,-0.002077,-0.000689
16805.420772999998,9.276,6.043112,0.000588,0.000396,-0.002082,-0.000697
16807.951712,9.277,6.409114,0.000571,0.000377,-0.002074,-0.000722
16809.201939,9.278,6.328902,0.000575,0.000385,-0.002076,-0.000717
16811.718256999997,9.279,6.114825,0.000562,0.00037,-0.002077,-0.000731
16812.983159,9.279,6.328636,0.000552,0.000366,-0.00207,-0.000733
16815.498969,9.28,6.108556,0.000536,0.000361,-0.002078,-0.000741
16818.030135999998,9.281,6.435834,0.000536,0.000364,-0.00208,-0.000742
16819.296099,9.281,6.437905,0.000542,0.00037,-0.002078,-0.000736
16821.790574,9.283,6.590627,0.000553,0.000382,-0.00208,-0.000724
16823.029145999997,9.283,6.331186,0.000554,0.000386,-0.00207,-0.000719
16825.531231999998,9.284,6.573044,0.000526,0.000363,-0.002066,-0.000747
16828.031324999996,9.285,5.816606,0.000535,0.000373,-0.002071,-0.000739
16829.295900999998,9.285,6.227121,0.000545,0.000386,-0.002075,-0.000731
16831.811244999997,9.286,6.514399,0.000547,0.000391,-0.002079,-0.000731
16833.061759999997,9.287,6.520986,0.000553,0.000394,-0.002088,-0.000726
16835.576461999997,9.288,6.589724,0.000539,0.000384,-0.002088,-0.000734
16839.327795999998,9.288,6.706695,0.000526,0.000383,-0.002089,-0.000743
16841.826963,9.29,6.568104,0.000541,0.00039,-0.002082,-0.000733
16843.093382,9.29,6.994663,0.00054,0.000388,-0.002086,-0.000735
16845.607955,9.291,6.649591,0.000523,0.000381,-0.002087,-0.000748
16848.139968999996,9.292,6.656391,0.000538,0.000392,-0.002086,-0.000743
16849.389963999998,9.293,6.339314,0.000534,0.000391,-0.002083,-0.000747
16851.920663999997,9.294,6.984358,0.000512,0.000384,-0.00208,-0.000751
16853.172081999997,9.294,6.774212,0.00052,0.000386,-0.002077,-0.000755
16855.687936,9.295,6.741649,0.000508,0.000381,-0.002072,-0.000759
16856.936367,9.295,6.804809,0.00051,0.00038,-0.002078,-0.000759
16859.452099,9.296,6.921995,0.000503,0.000375,-0.002087,-0.000765
16861.983405,9.297,7.065367,0.00049,0.000373,-0.002091,-0.000771
16863.249338999998,9.298,7.011502,0.000493,0.000375,-0.00209,-0.000769
16865.750181,9.299,7.28603,0.000505,0.000387,-0.002079,-0.00076
16866.997201,9.299,6.703083,0.000509,0.000387,-0.002078,-0.000758
16869.514478999998,9.3,7.135858,0.000505,0.000388,-0.002077,-0.000755
16872.030691,9.3,7.180213,0.000515,0.000398,-0.002083,-0.000749
16873.281340999998,9.3,7.093308,0.000521,0.000401,-0.002077,-0.00074
16875.811867999997,9.3,6.743508,0.000521,0.000393,-0.002084,-0.000746
16877.075181,9.3,6.888316,0.000522,0.000395,-0.002077,-0.000743
16879.577091,9.3,6.804278,0.000524,0.000398,-0.002075,-0.000739
16882.092224999997,9.3,6.470681,0.000527,0.000404,-0.002085,-0.000726
16883.342762999997,9.3,6.805447,0.000532,0.000406,-0.002081,-0.000726
16885.859403,9.3,6.431425,0.000531,0.000399,-0.002084,-0.000733
16887.124473999997,9.3,6.892353,0.00053,0.000397,-0.002079,-0.000732
16889.624374,9.3,6.915461,0.000528,0.000395,-0.002074,-0.000731
16892.139210999998,9.3,6.683057,0.000531,0.000397,-0.002077,-0.000727
16893.389702999997,9.3,7.109669,0.000525,0.000392,-0.002072,-0.00073
16895.904805,9.3,6.644597,0.000526,0.00039,-0.002068,-0.000727
16897.169982,9.3,6.74149,0.00053,0.000393,-0.00207,-0.000726
16899.672035,9.3,7.595989,0.000539,0.000401,-0.00207,-0.000716
16902.171392999997,9.299,6.436205,0.000549,0.000405,-0.00207,-0.00071
16903.43567,9.299,6.464837,0.000555,0.00041,-0.002072,-0.000706
16905.951565,9.298,6.313869,0.000572,0.000417,-0.002064,-0.000698
16907.201316,9.297,6.259897,0.00058,0.000418,-0.002064,-0.000695
16909.716878,9.296,6.142022,0.000592,0.000422,-0.002064,-0.00069
16910.968967999997,9.296,6.242102,0.000591,0.000422,-0.002064,-0.00069
16913.483207999998,9.295,5.477058,0.000594,0.000422,-0.002059,-0.000687
16915.999365,9.294,5.972568,0.000593,0.00042,-0.002057,-0.000686
16917.248421999997,9.294,6.041837,0.000594,0.000418,-0.002051,-0.000684
16919.749946999997,9.293,6.188396,0.000609,0.000422,-0.002058,-0.000679
16920.999819999997,9.292,5.843856,0.000611,0.000423,-0.002058,-0.000678
16923.51413,9.291,6.448211,0.000599,0.000421,-0.002054,-0.000678
16926.014539999996,9.29,5.893418,0.000593,0.000411,-0.002054,-0.000682
16927.266095,9.29,6.466697,0.000596,0.000412,-0.002051,-0.000681
16929.781425999998,9.289,6.436525,0.000606,0.000411,-0.002061,-0.000679
16931.044789,9.288,5.902926,0.000608,0.000412,-0.002055,-0.000675
16933.562048,9.287,5.85958,0.000608,0.000412,-0.002053,-0.000673
16936.076892999998,9.287,5.804441,0.000609,0.000413,-0.002053,-0.00067
16937.342417,9.286,5.833923,0.000613,0.000414,-0.002056,-0.00067
16939.843710999998,9.285,5.867867,0.000609,0.00041,-0.002057,-0.00067
16941.109253,9.285,5.837429,0.000613,0.00041,-0.002055,-0.000667
16943.609366999997,9.284,5.686725,0.000612,0.00041,-0.002057,-0.000665
16946.14017,9.283,5.945795,0.000617,0.000408,-0.00206,-0.000669
16947.403035,9.283,5.733046,0.000617,0.000406,-0.002057,-0.000667
16949.921541999996,9.282,5.973577,0.00062,0.000408,-0.002056,-0.000666
16951.171340999997,9.281,5.875676,0.000626,0.000409,-0.002051,-0.000662
16953.700149999997,9.28,5.75711,0.000639,0.000415,-0.00205,-0.000654
16954.9518,9.28,5.159662,0.000644,0.000419,-0.002051,-0.000651
16957.45207,9.279,5.719978,0.000649,0.000422,-0.002047,-0.000644
16959.96721,9.278,5.507231,0.000652,0.000422,-0.00205,-0.000639
16961.234216999997,9.278,4.950389,0.000653,0.000419,-0.002046,-0.00064
16963.735063,9.277,5.312278,0.000661,0.000422,-0.002051,-0.000638
16964.983421999998,9.276,5.19998,0.00066,0.000422,-0.00205,-0.000635
16967.515194,9.276,5.25856,0.00066,0.000417,-0.002046,-0.000636
16970.032141,9.274,5.378572,0.000666,0.000419,-0.002049,-0.000632
16971.277788,9.274,5.325983,0.000672,0.000423,-0.002046,-0.000629
16975.044813999997,9.273,5.189409,0.00068,0.000424,-0.002049,-0.000624
16977.56126,9.272,5.120936,0.000681,0.000427,-0.002045,-0.000619
16980.077299999997,9.271,5.031118,0.000683,0.000426,-0.00205,-0.000618
16981.342327,9.27,5.008587,0.000684,0.000422,-0.002046,-0.000616
16983.859771999996,9.269,5.689222,0.000688,0.000418,-0.00205,-0.00062
16985.124409999997,9.269,4.970612,0.000695,0.00042,-0.00205,-0.000615
16987.639262999997,9.268,4.813975,0.000694,0.000422,-0.002054,-0.000614
16990.139415999998,9.267,4.907353,0.000692,0.00042,-0.002054,-0.000615
16991.390818,9.266,4.830368,0.000695,0.00042,-0.002056,-0.000614
16993.921242999997,9.266,4.792011,0.000701,0.000423,-0.002054,-0.000607
16995.18638,9.265,4.730348,0.000703,0.000424,-0.00205,-0.000604
16997.70178,9.264,5.08099,0.000707,0.000424,-0.002052,-0.000603
17000.202398999998,9.263,4.394467,0.000707,0.000423,-0.002051,-0.000604
17001.453006999996,9.263,4.901692,0.000707,0.000423,-0.002051,-0.000603
17003.982771,9.262,4.819779,0.000708,0.000423,-0.002049,-0.0006
17005.249838999996,9.261,4.45483,0.000706,0.000419,-0.002047,-0.000601
17007.780068,9.261,4.879765,0.000709,0.00042,-0.002052,-0.000599
17009.030174,9.26,5.003457,0.000711,0.000418,-0.002046,-0.000601
17011.562196,9.259,4.583743,0.000715,0.000418,-0.002053,-0.000596
17014.077404999996,9.258,4.547163,0.000714,0.000416,-0.002051,-0.000597
17015.342037,9.258,4.542993,0.000715,0.000415,-0.002054,-0.000595
17017.858831999998,9.257,4.247522,0.000718,0.000414,-0.002047,-0.000596
17019.125709,9.256,4.37766,0.000718,0.000414,-0.002044,-0.000593
17021.639011,9.255,4.417137,0.000726,0.00041,-0.002045,-0.000597
17024.155335999996,9.254,4.089999,0.000733,0.000415,-0.002042,-0.000593
17025.420277999998,9.254,4.353458,0.000737,0.000416,-0.002044,-0.000592
17027.922295999997,9.253,4.016075,0.000748,0.000421,-0.002046,-0.000582
17029.167165,9.253,4.171212,0.000751,0.000422,-0.002046,-0.000582
17031.670349,9.252,4.025715,0.000755,0.000422,-0.002053,-0.000582
17034.171485,9.251,4.011157,0.000758,0.000421,-0.002051,-0.000581
17035.436322999998,9.25,4.073075,0.000758,0.000421,-0.002046,-0.000576
17037.936877999997,9.249,4.030023,0.000758,0.00042,-0.002044,-0.000574
17039.201207,9.249,4.99473,0.000757,0.000418,-0.002044,-0.000577
17041.731530999998,9.248,4.528563,0.000754,0.000419,-0.002049,-0.000572
17042.982857,9.247,4.11853,0.000753,0.000415,-0.002043,-0.000571
17045.514421,9.246,3.910575,0.000763,0.00042,-0.002048,-0.000569
17048.045712,9.245,4.184194,0.000758,0.000415,-0.002042,-0.000569
17049.311908,9.245,3.900882,0.000761,0.000416,-0.002043,-0.000565
17051.828743,9.244,4.073399,0.000767,0.000415,-0.00204,-0.000564
17053.093084999997,9.243,4.010993,0.00077,0.000416,-0.002044,-0.000564
17055.625314999997,9.242,3.714408,0.000771,0.000416,-0.002038,-0.000563
17058.139574999997,9.241,3.903758,0.000768,0.000413,-0.002043,-0.000563
17059.389295999998,9.241,3.809054,0.000771,0.000411,-0.002035,-0.000562
17061.890321,9.24,4.07038,0.000772,0.000414,-0.00203,-0.00056
17063.13975,9.239,3.800868,0.000774,0.000414,-0.002039,-0.000561
17065.639348999997,9.238,3.62971,0.000776,0.000413,-0.002043,-0.000561
17068.139795,9.237,3.572959,0.00078,0.000411,-0.002043,-0.00056
17069.405383999998,9.237,3.68125,0.000781,0.00041,-0.002038,-0.000559
17071.921377,9.236,3.617173,0.000787,0.000412,-0.002039,-0.000555
17073.186791,9.235,3.986886,0.000788,0.000411,-0.002039,-0.000555
17075.701029999997,9.234,3.624786,0.000789,0.000413,-0.002041,-0.000551
17078.201749,9.233,3.883386,0.000794,0.000411,-0.002042,-0.000553
17079.452304,9.232,3.487391,0.000796,0.00041,-0.002039,-0.000553
17081.967912999997,9.231,3.544603,0.000801,0.000411,-0.002039,-0.000554
17083.233202,9.231,3.485582,0.000802,0.000411,-0.002036,-0.000552
17085.732697,9.23,3.525085,0.000806,0.000411,-0.002036,-0.000549
17086.984295,9.229,3.46809,0.000809,0.000411,-0.002043,-0.00055
17089.499550999997,9.228,3.174789,0.000809,0.000409,-0.00204,-0.000549
17091.998074,9.227,3.449586,0.00081,0.000409,-0.002041,-0.00055
17093.248687,9.227,3.361561,0.000812,0.000408,-0.00204,-0.000549
17095.750161999997,9.226,3.332355,0.00082,0.00041,-0.002045,-0.000547
17097.000025999998,9.225,3.337555,0.000819,0.000407,-0.002037,-0.000547
17099.499248,9.224,3.397499,0.00082,0.000406,-0.00204,-0.000541
17101.999437,9.223,3.343109,0.000826,0.000411,-0.002038,-0.000539
17103.249327999998,9.223,3.301272,0.000826,0.000407,-0.002038,-0.000538
17105.765785,9.222,3.166805,0.000828,0.000405,-0.00204,-0.000543
17107.030185999996,9.221,3.029017,0.00083,0.000405,-0.002036,-0.000542
17109.528209999997,9.22,3.185342,0.00084,0.000408,-0.002038,-0.000537
17112.029940999997,9.219,3.258894,0.000839,0.000408,-0.002036,-0.000536
17113.280107,9.218,3.211741,0.000835,0.000404,-0.002026,-0.000539
17115.796011,9.218,3.796809,0.000824,0.000397,-0.002031,-0.000544
17117.060942999997,9.217,3.028975,0.000823,0.000393,-0.002031,-0.000547
17119.576804999997,9.216,3.054164,0.000815,0.000382,-0.002042,-0.000557
17122.076042999997,9.215,2.896662,0.000808,0.000375,-0.002048,-0.000563
17123.327514999997,9.214,2.671013,0.000812,0.000377,-0.002046,-0.000558
17125.858274,9.213,2.955486,0.000819,0.000378,-0.002045,-0.000558
17127.124942,9.213,2.899781,0.000817,0.000373,-0.00204,-0.000557
17129.65427,9.212,2.849556,0.000814,0.000372,-0.002048,-0.000562
17132.172304,9.211,2.907643,0.000827,0.000377,-0.002043,-0.000554
17133.421586999997,9.21,3.12665,0.000835,0.000379,-0.002047,-0.000553
17135.936391,9.209,2.927474,0.000843,0.000385,-0.002049,-0.000552
17137.185922999997,9.209,2.8266,0.000834,0.000379,-0.002051,-0.000559
17139.702297999997,9.208,2.734687,0.000808,0.000352,-0.002067,-0.00058
17142.201200999996,9.207,2.860092,0.000824,0.00036,-0.002066,-0.000571
17143.452082999996,9.206,2.791023,0.000835,0.000367,-0.002062,-0.000558
17145.952331999997,9.205,2.69659,0.000839,0.000366,-0.002064,-0.000555
17147.202261,9.204,2.672737,0.000833,0.000355,-0.002071,-0.000568
17149.717858999997,9.203,2.873435,0.000832,0.000355,-0.002063,-0.000568
17150.9668,9.203,2.415178,0.000837,0.000355,-0.002065,-0.000568
17153.468193999997,9.202,2.644052,0.000816,0.000339,-0.002065,-0.000584
17155.999319,9.2,2.642211,0.0008,0.000326,-0.002067,-0.000592
17157.249251999998,9.2,2.592872,0.000806,0.00033,-0.002069,-0.000588
17159.780526,9.199,2.476358,0.000813,0.000335,-0.002084,-0.000585
17161.031342,9.198,2.362858,0.000824,0.00034,-0.00208,-0.000575
17163.561745,9.197,2.819359,0.00083,0.000343,-0.002067,-0.00057
17166.076639,9.196,2.42704,0.000822,0.000336,-0.002068,-0.00058
17167.327255999997,9.196,2.354502,0.00083,0.000339,-0.002078,-0.000579
17169.85818,9.195,2.443863,0.000829,0.000338,-0.00207,-0.000574
17171.109213999996,9.194,2.29,0.000825,0.00033,-0.002071,-0.000581
17173.624137,9.193,2.37107,0.000825,0.000331,-0.002075,-0.00058
17176.139556,9.192,2.544605,0.000837,0.000341,-0.002069,-0.000566
17177.390292999997,9.192,1.808756,0.000844,0.000341,-0.002074,-0.000566
17179.903162,9.191,2.144743,0.000842,0.000335,-0.002071,-0.000575
17181.155272999997,9.19,2.203944,0.000844,0.000338,-0.002072,-0.000573
17183.655355,9.19,2.15451,0.000839,0.000333,-0.00207,-0.000571
17186.186287999997,9.188,1.645312,0.000857,0.000337,-0.002077,-0.000574
17187.452576,9.188,2.252954,0.00086,0.000341,-0.002075,-0.000565
17189.983046999998,9.187,3.390384,0.000828,0.000323,-0.002071,-0.000582
17191.249745999998,9.186,2.059599,0.000831,0.000322,-0.002075,-0.000587
17193.764660999997,9.185,1.916585,0.000857,0.000335,-0.00208,-0.000569
17195.032377,9.185,2.510402,0.000868,0.000339,-0.002077,-0.000564
17197.545997999998,9.184,2.243808,0.000869,0.000341,-0.002078,-0.000557
17200.062288999998,9.183,1.720763,0.00087,0.00034,-0.002083,-0.000558
17201.327413,9.182,2.172967,0.000865,0.000334,-0.002086,-0.000562
17203.84321,9.181,2.067159,0.000875,0.000339,-0.00208,-0.000553
17205.108522,9.181,1.677997,0.000876,0.000338,-0.002082,-0.000554
17207.639322,9.18,1.977203,0.000886,0.00034,-0.002086,-0.000553
17210.139370999997,9.179,1.919869,0.000884,0.000341,-0.002086,-0.000552
17211.389541999997,9.178,1.846312,0.000882,0.000338,-0.002085,-0.000556
17213.904747999997,9.177,1.413849,0.000886,0.000335,-0.002084,-0.000555
17215.170622999998,9.176,1.832889,0.000888,0.000337,-0.002088,-0.000558
17217.686253,9.175,2.120699,0.000878,0.000324,-0.002089,-0.000566
17220.186513999997,9.174,1.85767,0.000887,0.000329,-0.002083,-0.000559
17221.436743,9.174,2.102242,0.000888,0.000328,-0.002089,-0.000562
17223.952366999998,9.172,1.786511,0.000881,0.000323,-0.002082,-0.000568
17225.203175,9.172,1.850604,0.000873,0.000311,-0.002081,-0.000584
17227.702149999997,9.171,1.828979,0.000866,0.000305,-0.002079,-0.000582
17230.218285,9.17,1.66605,0.000877,0.000315,-0.002081,-0.000574
17231.483095999996,9.169,1.674878,0.000887,0.000322,-0.002073,-0.000566
17233.984178,9.168,1.676406,0.000894,0.000333,-0.002075,-0.000559
17235.234023999998,9.167,1.672936,0.000894,0.000328,-0.002079,-0.00056
17237.764533999998,9.166,1.58054,0.000897,0.00032,-0.002082,-0.000567
17239.031648999997,9.165,1.603888,0.000897,0.000316,-0.002092,-0.000571
17241.545785,9.165,1.575452,0.000893,0.000316,-0.00209,-0.000566
17244.077387999998,9.164,0.918078,0.000898,0.000317,-0.002098,-0.000567
17245.342489,9.163,1.543727,0.000899,0.000317,-0.002094,-0.000566
17247.874269,9.163,1.482478,0.000907,0.000326,-0.002092,-0.000558
17249.140110999997,9.163,1.614806,0.000911,0.000328,-0.002089,-0.000557
17251.639645,9.163,1.566062,0.000901,0.000322,-0.002089,-0.000563
17254.155756,9.163,0.824674,0.000906,0.000327,-0.002089,-0.000559
17255.421073999998,9.163,1.647386,0.000911,0.000328,-0.002087,-0.000558
17257.937013,9.163,1.551626,0.000915,0.000333,-0.00208,-0.000554
17259.187639,9.163,1.593177,0.000918,0.000337,-0.002079,-0.00055
17261.68584,9.162,1.554035,0.000912,0.000332,-0.002076,-0.000552
17264.200344999997,9.162,1.626924,0.000901,0.000324,-0.002084,-0.000564
17265.453099,9.162,1.713558,0.000892,0.000318,-0.002083,-0.00057
17267.984217999998,9.162,1.648012,0.00088,0.000314,-0.002091,-0.000579
17269.232906999998,9.162,1.523254,0.000877,0.000317,-0.002086,-0.000574
17271.733109999997,9.162,1.708439,0.000884,0.000326,-0.002081,-0.000566
17272.998156999998,9.162,1.661556,0.000888,0.000331,-0.002082,-0.000561
17275.530133999997,9.162,0.187816,0.000883,0.000331,-0.002064,-0.000556
17278.062141,9.162,1.711945,0.000884,0.000337,-0.002067,-0.000557
17279.311833,9.163,2.323758,0.000885,0.000337,-0.002062,-0.000558
17281.843157,9.164,1.797031,0.000889,0.000337,-0.002068,-0.000555
17283.108194999997,9.165,1.793333,0.000888,0.000338,-0.002067,-0.000555
17285.624593999997,9.166,1.887587,0.00089,0.000345,-0.002069,-0.000552
17288.155125999998,9.167,1.890939,0.000888,0.000347,-0.002063,-0.000547
17289.406122999997,9.167,2.151889,0.000888,0.00035,-0.002059,-0.000549
17291.921773,9.168,1.904075,0.000886,0.000352,-0.002056,-0.000544
17293.186679,9.169,1.899285,0.000885,0.000353,-0.002062,-0.000545
17295.685342999997,9.17,1.99227,0.00088,0.000357,-0.002057,-0.000542
17298.202035,9.172,2.061853,0.000875,0.000357,-0.002058,-0.000546
17299.468097999998,9.172,2.015326,0.000876,0.000357,-0.002062,-0.000544
17301.999649999998,9.173,2.232942,0.00088,0.00036,-0.002057,-0.000543
17303.250106,9.174,2.259861,0.000882,0.000361,-0.002055,-0.00054
17305.764385,9.175,2.045386,0.000879,0.000363,-0.002052,-0.000541
17307.014752,9.175,2.085568,0.000878,0.000364,-0.002055,-0.000545
17309.529405999998,9.176,2.279151,0.000871,0.000362,-0.002054,-0.000546
17312.030271999996,9.177,2.110365,0.000872,0.000365,-0.002052,-0.000544
17313.280713,9.178,2.188872,0.000874,0.000365,-0.002057,-0.000543
17317.031692999997,9.179,2.32692,0.000869,0.000369,-0.002052,-0.000544
17319.545617999996,9.181,2.349504,0.000869,0.000371,-0.002061,-0.000545
17322.061340999997,9.182,2.268615,0.000864,0.000367,-0.002056,-0.000547
17323.312144999996,9.182,2.644503,0.000861,0.000368,-0.002052,-0.000547
17325.827351,9.183,2.599573,0.000863,0.000369,-0.002057,-0.000548
17327.076859999997,9.184,2.455317,0.000864,0.000372,-0.002049,-0.000545
17329.608912,9.185,2.400551,0.000856,0.00037,-0.002057,-0.000551
17332.140242999998,9.186,3.080568,0.000853,0.000371,-0.002048,-0.00055
17333.404637,9.187,2.579821,0.000853,0.000372,-0.002051,-0.000547
17335.921330999998,9.187,2.575625,0.000853,0.000373,-0.002045,-0.000547
17337.171208,9.188,2.660599,0.000854,0.000376,-0.002052,-0.000547
17339.701688999998,9.189,2.771017,0.000853,0.000376,-0.002046,-0.00055
17342.217503,9.19,2.678196,0.000853,0.000381,-0.00205,-0.000548
17343.466970999998,9.191,2.671135,0.000853,0.000383,-0.002047,-0.000545
17345.967618,9.191,2.668615,0.000858,0.000387,-0.00205,-0.000542
17347.217286,9.192,2.655771,0.000864,0.000387,-0.002053,-0.000544
17349.718219,9.193,2.699009,0.000863,0.000388,-0.002051,-0.000547
17350.984051,9.193,2.709269,0.000862,0.000388,-0.002057,-0.000547
17353.484119999997,9.194,4.264961,0.000863,0.000391,-0.002051,-0.000547
17356.014554999998,9.196,2.833269,0.000864,0.000394,-0.002054,-0.000548
17357.276979,9.196,2.71346,0.000862,0.000396,-0.002047,-0.000547
17359.764599,9.197,3.231694,0.00086,0.000393,-0.002044,-0.000547
17361.008640999997,9.197,2.825428,0.000855,0.000393,-0.002041,-0.000548
17363.499123999998,9.198,2.662551,0.000849,0.000392,-0.00204,-0.000552
17367.264505,9.199,2.954351,0.000851,0.000396,-0.002047,-0.000552
17369.779373999998,9.201,3.088298,0.000848,0.000396,-0.002046,-0.000551
17371.030856999998,9.202,3.288104,0.000845,0.000397,-0.002045,-0.00055
17373.529228,9.203,2.915713,0.000845,0.000393,-0.002045,-0.000551
17376.046216,9.204,3.0859,0.000841,0.000393,-0.002048,-0.000554
17377.312059999997,9.204,2.927023,0.000837,0.00039,-0.002045,-0.000557
17379.823148,9.205,3.057326,0.00083,0.000392,-0.002049,-0.000559
17381.062119,9.206,2.969179,0.000829,0.000392,-0.00205,-0.000562
17386.092896,9.208,3.109917,0.000822,0.000398,-0.002051,-0.000558
17387.35916,9.208,2.951231,0.000823,0.0004,-0.002054,-0.000557
17389.874343999996,9.21,3.6703,0.000822,0.000397,-0.002048,-0.000558
17391.124235,9.21,3.279414,0.000825,0.000397,-0.002043,-0.00056
17393.624205999997,9.211,3.326822,0.000825,0.000399,-0.002046,-0.000556
17396.139882999996,9.212,3.348823,0.000814,0.000403,-0.002044,-0.000559
17397.389830999997,9.213,3.360266,0.000811,0.000402,-0.002046,-0.00056
17399.88884,9.214,3.537701,0.000808,0.000405,-0.002043,-0.000557
17401.139137,9.214,3.491975,0.000806,0.000405,-0.00204,-0.000559
17403.639723,9.215,3.332918,0.000804,0.000407,-0.002038,-0.000559
17406.139962999998,9.216,3.679542,0.000805,0.00041,-0.00204,-0.000558
17407.38947,9.217,3.508638,0.000802,0.00041,-0.002047,-0.00056
17409.890247,9.217,3.717374,0.000797,0.000406,-0.002045,-0.000563
17411.13913,9.218,3.599067,0.000799,0.000407,-0.002046,-0.000566
17413.639645,9.219,3.728716,0.000802,0.000407,-0.002045,-0.000566
17416.139708,9.22,3.888033,0.000807,0.000411,-0.002047,-0.000562
17417.389230999997,9.22,4.073987,0.000809,0.000415,-0.002052,-0.000563
17419.90524,9.221,3.921557,0.000807,0.000419,-0.002046,-0.000563
17421.171452,9.222,3.850201,0.000804,0.000418,-0.002047,-0.000562
17423.686266999997,9.222,3.651116,0.000803,0.000417,-0.002039,-0.000565
17426.202329,9.223,4.159514,0.000803,0.000415,-0.002033,-0.000567
17427.466877,9.224,4.190284,0.000799,0.000417,-0.002039,-0.000568
17429.983006,9.225,3.854207,0.000791,0.000416,-0.002036,-0.000571
17431.249453999997,9.225,4.222869,0.000792,0.000419,-0.002043,-0.00057
17433.750097999997,9.226,3.668666,0.000786,0.000419,-0.002032,-0.000568
17434.998678999997,9.227,4.041143,0.000783,0.000416,-0.002034,-0.000572
17437.512987,9.228,3.92978,0.000778,0.000416,-0.002042,-0.000577
17440.02955,9.229,4.027848,0.000775,0.000416,-0.002043,-0.000582
17441.28156,9.229,3.93195,0.000774,0.000413,-0.002039,-0.000584
17443.795714,9.23,4.501161,0.000769,0.000416,-0.002044,-0.000585
17445.045626,9.23,3.66083,0.000764,0.000414,-0.00204,-0.000587
17447.561459999997,9.231,4.017874,0.000763,0.000416,-0.002039,-0.000589
17450.061275999997,9.233,3.747964,0.000761,0.000411,-0.002037,-0.000591
17451.327749999997,9.233,3.958179,0.00076,0.000413,-0.002037,-0.000593
17453.827175,9.235,4.57743,0.000762,0.000416,-0.00203,-0.000593
17455.076803999997,9.235,4.20046,0.000762,0.000417,-0.002035,-0.000593
17457.577229,9.236,4.520982,0.000759,0.000419,-0.002039,-0.00059
17460.076064999997,9.237,4.113872,0.000754,0.000419,-0.002037,-0.000589
17461.32621,9.237,4.269518,0.000753,0.000419,-0.002032,-0.000586
17463.826431999998,9.238,4.211065,0.000755,0.000423,-0.002033,-0.000585
17465.07721,9.239,4.189271,0.000758,0.000426,-0.002033,-0.000584
17467.6075,9.239,5.01663,0.000758,0.000428,-0.002031,-0.000582
17470.124698,9.241,4.564007,0.000753,0.000429,-0.002029,-0.000587
17471.374638999998,9.241,4.568517,0.000753,0.000427,-0.00203,-0.00059
17473.889266,9.242,4.463881,0.000745,0.000427,-0.002022,-0.000587
17475.139212,9.242,4.420665,0.000741,0.000427,-0.002023,-0.000587
17477.654637,9.244,4.72855,0.000738,0.000427,-0.002026,-0.000594
17480.185575,9.244,4.575047,0.000737,0.00043,-0.002021,-0.000594
17481.435604,9.245,4.748004,0.00074,0.000431,-0.00203,-0.000593
17483.952116999997,9.246,4.58127,0.000745,0.000433,-0.002028,-0.000592
17485.202212999997,9.246,4.696437,0.000742,0.000435,-0.002024,-0.000591
17487.732364999996,9.247,4.904366,0.000736,0.000434,-0.002029,-0.000596
17488.983269999997,9.248,4.608396,0.000732,0.000431,-0.002026,-0.000601
17491.499717,9.248,4.691763,0.000731,0.000432,-0.002032,-0.000603
17494.014718,9.249,5.000725,0.000728,0.000433,-0.002037,-0.000606
17495.264733999997,9.25,5.216155,0.000726,0.000431,-0.00203,-0.000608
17497.780627999997,9.251,5.029941,0.000721,0.000432,-0.002032,-0.00061
17499.047436999997,9.251,5.007706,0.000721,0.000433,-0.002034,-0.000609
17501.546874,9.252,5.071853,0.000704,0.000425,-0.00203,-0.000617
17504.077567999997,9.253,4.792637,0.000697,0.000425,-0.002033,-0.000621
17505.342763999997,9.253,5.170339,0.00069,0.000423,-0.00203,-0.000624
17507.855227,9.254,5.177351,0.000668,0.000402,-0.002037,-0.000643
17509.092549999998,9.255,5.0752,0.000659,0.000395,-0.002053,-0.00065
17511.624341,9.256,5.244283,0.000653,0.000393,-0.002047,-0.000655
17514.140793,9.257,5.685609,0.000653,0.000394,-0.002045,-0.000651
17515.405184,9.258,5.153022,0.000651,0.000396,-0.002042,-0.000653
17517.920454,9.259,5.011243,0.000654,0.000406,-0.002039,-0.000646
17519.171935,9.261,5.239661,0.000654,0.000405,-0.002038,-0.000647
17521.685584,9.262,5.646778,0.000661,0.000414,-0.00205,-0.000645
17524.186554,9.262,5.274881,0.000658,0.000412,-0.002054,-0.000647
17525.435955999998,9.263,5.185638,0.000653,0.000409,-0.002064,-0.000652
17527.935910999997,9.264,5.550152,0.000632,0.00039,-0.002067,-0.00067
17529.186565999997,9.264,5.344203,0.000636,0.000394,-0.002065,-0.000666
17531.685739999997,9.265,5.375119,0.000632,0.000393,-0.002063,-0.000673
17534.187424999996,9.266,5.80205,0.000627,0.00039,-0.002064,-0.000676
17535.452104999997,9.266,5.366249,0.000619,0.000385,-0.002065,-0.000683
17537.952322999998,9.267,5.633552,0.000609,0.000382,-0.002065,-0.00069
17539.201963,9.268,5.513659,0.000608,0.000386,-0.002057,-0.000683
17541.717285,9.269,5.552065,0.000615,0.000395,-0.002062,-0.000678
17544.218094999997,9.269,5.453419,0.000628,0.000407,-0.002068,-0.000669
17545.467268999997,9.27,5.466222,0.000619,0.0004,-0.002068,-0.000675
17547.967069,9.271,5.700112,0.000607,0.00039,-0.002071,-0.00069
17549.218694,9.271,5.374589,0.000586,0.000376,-0.002072,-0.0007
17551.732995,9.272,5.761785,0.00059,0.00038,-0.002073,-0.000704
17554.233227999997,9.273,6.437215,0.000596,0.000394,-0.00207,-0.000691
17555.484246,9.273,5.765556,0.000599,0.000398,-0.002064,-0.000685
17557.984246,9.274,6.310628,0.000581,0.000382,-0.002065,-0.000704
17559.249845,9.275,5.627655,0.000575,0.000378,-0.002071,-0.000712
17561.748577,9.275,6.21671,0.000567,0.000367,-0.002079,-0.000725
17562.999267,9.276,6.114771,0.000563,0.000368,-0.00208,-0.000729
17565.498075999996,9.277,6.109618,0.000577,0.000384,-0.002075,-0.000711
17567.999211,9.277,6.001093,0.000592,0.000394,-0.002072,-0.000708
17569.249443999997,9.278,6.942711,0.000587,0.000395,-0.002074,-0.000707
17571.7492,9.279,6.523642,0.000586,0.000399,-0.002076,-0.000706
17573.014178999998,9.279,6.094479,0.000586,0.000402,-0.002075,-0.000708
17575.514531999997,9.28,6.183828,0.000578,0.0004,-0.002078,-0.000705
17578.014465,9.281,6.142341,0.00058,0.0004,-0.002083,-0.000707
17579.264916,9.281,6.754716,0.000578,0.000399,-0.002077,-0.000704
17581.764133999997,9.282,6.480933,0.000551,0.000387,-0.002081,-0.000719
17583.014026999997,9.283,6.440508,0.000545,0.000377,-0.002093,-0.00073
17585.530918999997,9.284,6.221703,0.000551,0.000375,-0.002087,-0.000735
17588.045794999998,9.284,6.9391,0.000538,0.000372,-0.002077,-0.000741
17589.312518,9.285,6.594824,0.000545,0.000378,-0.002086,-0.000739
17591.82726,9.286,6.860853,0.00055,0.000389,-0.002084,-0.000729
17593.076436,9.286,6.582818,0.000544,0.000381,-0.002091,-0.000739
17595.577456,9.288,6.955142,0.000539,0.000384,-0.002086,-0.000742
17598.087796,9.289,6.76874,0.000544,0.000389,-0.002083,-0.000743
17599.327156,9.289,6.94303,0.000543,0.000391,-0.002079,-0.000739
17601.842161999997,9.289,6.780639,0.00051,0.000365,-0.002074,-0.00076
17603.090899,9.29,6.909511,0.000504,0.000366,-0.002082,-0.000762
17605.608059,9.291,6.363749,0.000511,0.000372,-0.002085,-0.000755
17608.092471999997,9.292,6.78882,0.000507,0.000376,-0.00209,-0.000757
17609.359379999998,9.292,6.88311,0.000499,0.000369,-0.002086,-0.000764
17611.874096,9.293,6.685022,0.000499,0.000374,-0.002097,-0.000758
17613.124550999997,9.293,7.250333,0.000508,0.000381,-0.002094,-0.000753
17615.640109,9.294,7.567251,0.000528,0.000399,-0.002091,-0.000739
17618.139923,9.295,6.819738,0.000525,0.000396,-0.002086,-0.000745
17619.405451,9.295,7.110467,0.000525,0.000395,-0.002077,-0.000742
17621.922057999996,9.295,6.815699,0.000522,0.000398,-0.002085,-0.000738
17623.171999,9.295,7.621328,0.000522,0.000399,-0.002082,-0.000736
17625.686478,9.295,7.201462,0.000526,0.000405,-0.002083,-0.000729
17628.202213999997,9.295,6.980481,0.00053,0.000402,-0.002085,-0.000733
17629.45306,9.295,6.665155,0.000528,0.0004,-0.002079,-0.000736
17631.949536,9.295,6.912592,0.000534,0.000399,-0.002083,-0.000737
17633.200405999996,9.295,6.841304,0.000534,0.000399,-0.002091,-0.000738
17635.702075999998,9.295,6.876364,0.000527,0.000399,-0.002088,-0.000739
17638.234204999997,9.295,6.653682,0.000523,0.000396,-0.002086,-0.000742
17639.499465999997,9.295,6.743562,0.000524,0.000396,-0.002089,-0.000738
17642.031275999998,9.295,6.953389,0.000526,0.000398,-0.002083,-0.000737
17643.296778999997,9.295,6.685554,0.000526,0.000398,-0.002083,-0.000737
17645.796519999996,9.295,7.342657,0.000517,0.000397,-0.002086,-0.00074
17647.062016999997,9.295,7.084278,0.000521,0.000402,-0.00209,-0.000736
17649.592427999996,9.295,6.730706,0.000524,0.000403,-0.002085,-0.000736
17652.093136,9.295,6.921622,0.000523,0.000401,-0.002084,-0.000733
17653.357955,9.295,6.997798,0.000527,0.000401,-0.002086,-0.000734
17655.859323999997,9.295,7.108288,0.000532,0.000403,-0.002085,-0.000733
17657.109307,9.295,7.176017,0.00054,0.000408,-0.002085,-0.000728
17659.609311999997,9.295,6.927572,0.000534,0.000406,-0.002083,-0.000729
17662.124080999998,9.295,7.453945,0.00052,0.000403,-0.002081,-0.000739
17663.374365,9.295,6.842048,0.000519,0.000401,-0.002074,-0.000741
17665.8903,9.295,7.088528,0.000515,0.000389,-0.00208,-0.00075
17667.154941999997,9.295,6.706802,0.000511,0.000394,-0.002074,-0.000743
17669.685665999998,9.295,6.872326,0.000507,0.000386,-0.002072,-0.000751
17672.202488,9.295,6.718807,0.000503,0.00038,-0.002073,-0.000756
17673.467568,9.295,7.080294,0.000504,0.000381,-0.002079,-0.000754
17675.983195999997,9.295,7.242524,0.000498,0.000378,-0.002083,-0.00076
17677.234407999997,9.295,6.753761,0.000503,0.000381,-0.002082,-0.000754
17679.734827999997,9.295,7.223082,0.000504,0.000384,-0.002087,-0.00075
17680.999560999997,9.295,6.929431,0.000499,0.000378,-0.002093,-0.000757
17683.499462,9.295,7.439071,0.000506,0.000386,-0.002091,-0.000752
17685.999576,9.295,6.834133,0.000508,0.000385,-0.002084,-0.000752
17687.264409,9.295,6.808262,0.000508,0.000386,-0.00208,-0.000751
17689.764861999996,9.295,6.895965,0.000505,0.000383,-0.002083,-0.000755
17691.014513,9.296,6.823615,0.000504,0.000381,-0.002077,-0.000753
17693.514779999998,9.296,6.874877,0.000504,0.000382,-0.002081,-0.000754
17696.045908999997,9.296,7.257558,0.000504,0.000384,-0.002086,-0.000754
17697.296865999997,9.296,7.614794,0.000506,0.000386,-0.002082,-0.000749
17699.828025,9.296,6.922472,0.000516,0.000392,-0.002082,-0.000741
17701.092328,9.296,6.555196,0.000511,0.000389,-0.002078,-0.000748
17703.608184999997,9.296,7.336388,0.000514,0.000392,-0.002079,-0.000746
17706.107874999998,9.296,6.650919,0.00052,0.000394,-0.002079,-0.000741
17707.374623999996,9.296,6.61246,0.000519,0.000397,-0.002074,-0.00074
17709.889552999997,9.296,6.919498,0.000518,0.000399,-0.002075,-0.000741
17711.140072,9.296,7.259523,0.000518,0.000396,-0.002068,-0.000741
17713.655926,9.296,6.826165,0.000519,0.000397,-0.002072,-0.000737
17716.185035,9.296,6.621703,0.000518,0.000397,-0.00207,-0.000738
17717.437539,9.296,6.880561,0.00052,0.000397,-0.002073,-0.000736
17719.967415,9.296,6.686245,0.000517,0.000393,-0.002071,-0.000739
17721.217553,9.296,7.153441,0.000519,0.000398,-0.002074,-0.000736
17723.702157,9.296,6.634771,0.000522,0.0004,-0.002073,-0.000737
17726.218301999997,9.296,7.013043,0.000526,0.000404,-0.002079,-0.000737
17727.482178,9.296,6.703615,0.000527,0.000404,-0.002074,-0.000736
17729.999284999998,9.296,6.900958,0.00053,0.000406,-0.002072,-0.000733
17731.249365999996,9.296,7.268819,0.000531,0.000406,-0.002064,-0.000731
17733.749891,9.296,6.750255,0.000532,0.000409,-0.00207,-0.000726
17736.250182999996,9.296,6.950573,0.000541,0.000417,-0.002059,-0.000716
17737.514668999997,9.296,6.654637,0.000544,0.000421,-0.002058,-0.000712
17740.029891,9.296,7.251926,0.000553,0.000427,-0.002052,-0.000708
17741.280004,9.296,6.81198,0.000556,0.000431,-0.002055,-0.000703
17743.77973,9.296,6.861597,0.000553,0.000429,-0.00206,-0.000702
17745.047169999998,9.296,7.03461,0.00055,0.000428,-0.002055,-0.000708
17747.561482999998,9.296,6.645714,0.000548,0.000422,-0.002055,-0.000712
17750.061353999998,9.296,6.883854,0.000543,0.000419,-0.002055,-0.000716
17751.311262,9.296,6.881038,0.00054,0.000415,-0.002053,-0.000721
17753.812132,9.296,7.304091,0.000532,0.00041,-0.002054,-0.000727
17755.077008,9.296,6.651716,0.000533,0.000411,-0.002053,-0.000725
17757.591635999997,9.296,6.959551,0.000543,0.000417,-0.002054,-0.000715
17760.109396,9.296,6.803375,0.000548,0.000417,-0.002055,-0.000716
17761.374641,9.296,6.576232,0.000546,0.000418,-0.002053,-0.000716
17763.889402999997,9.296,7.60571,0.000549,0.000424,-0.002054,-0.000709
17765.140800999998,9.296,6.993442,0.000555,0.000428,-0.002047,-0.000705
17767.672229999996,9.296,6.587652,0.000556,0.000427,-0.002047,-0.000704
17770.186893,9.296,6.667758,0.000552,0.000427,-0.002042,-0.000704
17771.435447999997,9.296,6.626112,0.000554,0.000429,-0.002045,-0.000702
17773.937660999996,9.296,6.903721,0.000553,0.000426,-0.002043,-0.000704
17775.201394999996,9.296,7.079178,0.000552,0.000426,-0.002041,-0.000706
17777.715926999997,9.296,6.729378,0.000557,0.000429,-0.00205,-0.000706
17780.216612999997,9.296,6.810334,0.000558,0.000433,-0.002047,-0.000701
17781.466783999997,9.296,6.926775,0.000558,0.000432,-0.002044,-0.000699
17783.982729,9.296,6.45432,0.000556,0.000435,-0.00204,-0.000698
17785.235149999997,9.296,6.799869,0.000558,0.000435,-0.002038,-0.000696
17787.734250999998,9.296,7.007359,0.000562,0.000437,-0.002045,-0.000694
17788.999733999997,9.296,7.028767,0.000562,0.00044,-0.002041,-0.000692
17791.515139,9.296,6.822871,0.000564,0.00044,-0.002044,-0.000691
17794.016029,9.296,6.211504,0.000565,0.000439,-0.00204,-0.000691
17795.263991,9.296,7.687251,0.000569,0.000439,-0.002041,-0.000692
17797.781183,9.296,6.677798,0.000573,0.000441,-0.002043,-0.000691
17799.029628999997,9.296,7.682417,0.000573,0.000441,-0.002037,-0.000689
17801.545218,9.297,7.003641,0.000569,0.00044,-0.002035,-0.000693
17804.045529,9.297,6.618303,0.000565,0.000439,-0.002035,-0.000692
17805.312114999997,9.297,6.914027,0.000565,0.000439,-0.002033,-0.000691
17807.828057,9.297,6.805872,0.000567,0.000442,-0.002034,-0.000687
17809.092937999998,9.297,6.545156,0.00057,0.000445,-0.002036,-0.000683
17811.624135,9.297,7.035938,0.000573,0.000447,-0.002035,-0.000682
17814.140153999997,9.297,6.697134,0.000572,0.000447,-0.002036,-0.000684
17815.404734999996,9.297,6.836471,0.000572,0.000449,-0.002031,-0.000685
17817.92108,9.297,6.719232,0.000576,0.00045,-0.002033,-0.000685
17819.186371999996,9.297,6.965554,0.000579,0.000452,-0.002034,-0.000683
17821.672055,9.297,7.088687,0.000584,0.000454,-0.002033,-0.00068
17824.185760999997,9.297,7.191582,0.000584,0.000454,-0.002035,-0.00068
17825.436877999997,9.297,6.374267,0.000581,0.000452,-0.002026,-0.000682
17827.967016,9.298,6.90558,0.00058,0.000451,-0.002034,-0.000683
17829.232507999997,9.298,6.842048,0.000579,0.00045,-0.002033,-0.000684
17831.73335,9.298,6.839977,0.000581,0.000455,-0.002033,-0.000678
17834.234139999997,9.298,7.215114,0.000586,0.000455,-0.002034,-0.000674
17835.500011999997,9.298,6.669299,0.00058,0.000452,-0.002026,-0.000678
17838.030754,9.298,6.877851,0.000582,0.000453,-0.002031,-0.000677
17839.296497,9.298,6.275355,0.000583,0.000453,-0.002031,-0.000678
17841.809178999996,9.298,6.911371,0.000586,0.000453,-0.002025,-0.000677
17843.062293,9.298,6.631955,0.00059,0.000453,-0.002025,-0.000677
17845.591726,9.298,6.990414,0.000586,0.000449,-0.002029,-0.000681
17848.108237999997,9.298,7.187598,0.000579,0.000448,-0.002022,-0.000682
17849.358614999997,9.298,7.204968,0.00058,0.000448,-0.002031,-0.000684
17851.874559999997,9.298,7.224622,0.00058,0.00045,-0.002028,-0.000683
17853.124179,9.298,6.789511,0.000573,0.000448,-0.002022,-0.000684
17855.639787,9.298,6.793389,0.000571,0.000446,-0.002033,-0.000687
17858.154964999998,9.298,7.042738,0.000572,0.000445,-0.002029,-0.000687
17859.420108,9.298,6.963216,0.000577,0.000446,-0.002028,-0.000689
17861.935586,9.298,6.809909,0.000577,0.000448,-0.002032,-0.000686
17863.185422,9.298,6.587812,0.000575,0.000446,-0.002032,-0.000686
17865.687163,9.298,6.51934,0.000572,0.000442,-0.002035,-0.000688
17868.199564,9.298,6.719126,0.000573,0.000443,-0.002044,-0.000692
17869.437147999997,9.298,7.014105,0.000577,0.000444,-0.002041,-0.000686
17871.952112,9.298,6.743084,0.000571,0.000443,-0.002039,-0.000687
17873.201350999996,9.298,7.416069,0.000571,0.00044,-0.002043,-0.000691
17875.71802,9.298,7.202843,0.000549,0.000425,-0.002042,-0.000709
17878.234153999998,9.298,6.496285,0.000559,0.000432,-0.002044,-0.000699
17879.484417,9.298,7.237584,0.000565,0.000437,-0.002046,-0.000694
17881.983056999998,9.298,6.584412,0.000565,0.000436,-0.002045,-0.000696
17883.233008999996,9.298,6.607147,0.000556,0.00043,-0.002036,-0.000703
17885.749378999997,9.298,6.753017,0.000539,0.000414,-0.002045,-0.000721
17886.999411999997,9.298,6.523111,0.000544,0.000419,-0.002048,-0.000718
17889.531361999998,9.298,6.827546,0.000545,0.000423,-0.002044,-0.000712
17892.046363999998,9.298,6.597161,0.000544,0.000417,-0.002051,-0.000717
17893.311318,9.298,7.437212,0.000536,0.000413,-0.002048,-0.000719
17895.812047,9.298,6.936231,0.000535,0.000411,-0.002053,-0.000718
17897.062166999996,9.298,6.755408,0.000537,0.000418,-0.002056,-0.000711
17899.577533999996,9.298,6.772459,0.000537,0.000414,-0.002043,-0.000713
17902.092576,9.298,7.046031,0.000548,0.00042,-0.002044,-0.000711
17903.338461,9.298,7.074291,0.000552,0.000424,-0.002048,-0.000708
17905.843097999998,9.298,6.856868,0.000542,0.000417,-0.002046,-0.000715
17907.109137,9.298,6.835833,0.000541,0.000418,-0.002051,-0.000715
17909.639306999998,9.298,6.81129,0.000544,0.000411,-0.002047,-0.000721
17912.139520999997,9.298,6.939312,0.000551,0.000422,-0.002049,-0.000708
17913.389710999996,9.298,6.605607,0.000557,0.000431,-0.002053,-0.000701
17915.906156999998,9.298,7.104729,0.00056,0.00043,-0.00206,-0.000701
17917.171884999996,9.298,6.697559,0.000563,0.000429,-0.002054,-0.000703
17919.686004999996,9.298,7.030785,0.000548,0.000423,-0.002065,-0.000708
17922.186005999996,9.298,7.407676,0.000531,0.000408,-0.002064,-0.000729
17923.452735,9.298,6.875674,0.000525,0.000401,-0.002055,-0.000733
17925.952468,9.298,7.32757,0.000517,0.000394,-0.002056,-0.000737
17927.21703,9.298,7.017665,0.000517,0.000392,-0.00206,-0.00074
17929.734624999997,9.298,6.686935,0.000525,0.000399,-0.002066,-0.000734
17932.234462999997,9.298,7.291926,0.000522,0.000399,-0.002065,-0.000738
17933.482966999996,9.298,6.688104,0.00052,0.000396,-0.002062,-0.00074
17936.014646999996,9.298,7.218885,0.000517,0.000396,-0.002062,-0.00074
17937.279728999998,9.298,6.986643,0.000521,0.000399,-0.002064,-0.000738
17939.779734999996,9.298,6.911901,0.000527,0.000404,-0.002065,-0.000731
17941.030493,9.298,6.822606,0.000517,0.000393,-0.002062,-0.000743
17943.532002,9.298,6.94234,0.000519,0.000393,-0.002075,-0.000741
17946.04384,9.298,6.556683,0.000538,0.000404,-0.002064,-0.000728
17947.295863,9.298,7.007253,0.000543,0.000405,-0.002062,-0.000726
17949.795878999998,9.298,6.455329,0.000533,0.000399,-0.00207,-0.000736
17951.046747999997,9.298,6.961835,0.00052,0.000393,-0.002072,-0.000743
17953.562178,9.298,7.551527,0.000525,0.000394,-0.00206,-0.000739
17956.076682,9.298,6.826324,0.000535,0.000405,-0.002063,-0.000729
17957.327274999996,9.298,7.49591,0.000526,0.000398,-0.002062,-0.00074
17959.827491999997,9.298,7.225898,0.000529,0.000404,-0.00207,-0.000738
17961.077848999998,9.298,7.072326,0.000525,0.000403,-0.002068,-0.000735
17963.592625999998,9.298,6.828608,0.000525,0.0004,-0.002078,-0.000736
17966.123360999998,9.298,6.758276,0.000531,0.000405,-0.002082,-0.000733
17967.37418,9.298,7.438699,0.000523,0.000389,-0.002079,-0.000748
17969.889105,9.298,6.927891,0.000504,0.000383,-0.002079,-0.000758
17971.140139,9.298,7.085818,0.000499,0.000379,-0.002078,-0.000762
17973.671844999997,9.298,6.850548,0.000499,0.000384,-0.002067,-0.000755
17976.185575999996,9.298,6.612513,0.00052,0.000397,-0.002073,-0.000745
17977.452056,9.298,6.886722,0.000516,0.000391,-0.002066,-0.000744
17979.947265,9.298,7.109616,0.000494,0.000373,-0.002075,-0.000763
17981.186268999998,9.298,7.051025,0.0005,0.000378,-0.002088,-0.000755
17983.702102999996,9.298,6.923482,0.000502,0.000378,-0.002082,-0.000762
17986.216038,9.298,6.687307,0.000509,0.000384,-0.00208,-0.000751
17987.466683,9.298,6.598276,0.000514,0.00039,-0.00208,-0.000746
17989.967411999998,9.298,6.863933,0.000525,0.000399,-0.002081,-0.000741
17991.215222,9.298,6.722792,0.000512,0.000383,-0.002078,-0.00075
17993.703499999996,9.298,6.551052,0.00051,0.000379,-0.002076,-0.000748
17996.233092,9.298,6.638064,0.000518,0.000385,-0.002082,-0.000751
17997.483533,9.298,6.929006,0.000514,0.000386,-0.002076,-0.00075
18000.014486,9.298,6.545953,0.000524,0.000393,-0.002089,-0.000744
18001.279943999998,9.298,6.672911,0.000531,0.000397,-0.002084,-0.000741
18003.781349999997,9.298,6.868342,0.000531,0.000402,-0.002081,-0.000734
18005.045606,9.298,6.432912,0.000539,0.000409,-0.002081,-0.000724
18007.545369,9.298,6.717639,0.000528,0.000407,-0.002085,-0.000731
18010.076472999997,9.298,6.686191,0.000521,0.000407,-0.002086,-0.000732
18011.327212999997,9.298,6.799763,0.000516,0.000391,-0.002075,-0.000744
18013.842811,9.298,7.0038,0.00052,0.000392,-0.002078,-0.000745
18015.108704,9.298,6.794557,0.000517,0.000389,-0.002078,-0.000748
18017.640142999997,9.298,6.628236,0.000517,0.000388,-0.002083,-0.00075
18020.139441,9.298,6.722845,0.000531,0.000401,-0.002086,-0.000732
18021.388014999997,9.298,6.864465,0.000531,0.000404,-0.002084,-0.000728
18023.890529999997,9.298,7.053787,0.000528,0.000403,-0.002088,-0.000728
18025.155585999997,9.298,6.819738,0.000532,0.000409,-0.002089,-0.000724
18027.686821999996,9.298,7.1519,0.000532,0.000412,-0.002088,-0.000723
18030.202314,9.298,6.89315,0.000527,0.000407,-0.002092,-0.00073
18031.451672999996,9.298,6.971875,0.000524,0.000398,-0.002088,-0.000738
18033.95175,9.298,7.341595,0.000516,0.000379,-0.002088,-0.000757
18035.202632999997,9.298,7.176177,0.000521,0.000389,-0.002093,-0.000753
18037.734704,9.298,6.901171,0.000534,0.0004,-0.002091,-0.000737
18040.249847,9.298,6.765978,0.000536,0.000406,-0.002087,-0.000727
18041.514508,9.298,6.814425,0.000536,0.000405,-0.002086,-0.000728
18044.030026,9.298,6.700055,0.000532,0.000398,-0.002089,-0.000737
18045.279964999998,9.298,7.032592,0.00053,0.000398,-0.002086,-0.000735
18047.778824999998,9.298,6.757798,0.000528,0.000397,-0.002079,-0.000739
18049.02829,9.298,7.090546,0.00053,0.0004,-0.002081,-0.000735
18051.529625,9.298,6.786376,0.000532,0.000404,-0.002081,-0.000736
18054.029637,9.298,6.642951,0.000529,0.000402,-0.002084,-0.000736
18055.280063,9.298,7.603373,0.000522,0.000396,-0.002079,-0.000741
18057.780722,9.298,6.584093,0.000518,0.000394,-0.002081,-0.000748
18059.046190999998,9.298,7.209218,0.00051,0.000386,-0.002086,-0.000754
18061.561343999998,9.298,6.317428,0.000511,0.000389,-0.002081,-0.000746
18064.061577999997,9.298,6.488635,0.000518,0.000396,-0.002077,-0.000742
18065.311673999997,9.298,7.380479,0.000522,0.0004,-0.002079,-0.000741
18067.812587,9.298,6.665846,0.000532,0.000406,-0.002067,-0.000736
18069.062616999996,9.298,6.741277,0.000534,0.000407,-0.002069,-0.000734
18071.561328999996,9.298,6.712592,0.000535,0.000408,-0.002068,-0.00073
18074.06195,9.298,6.975965,0.000539,0.000411,-0.002069,-0.000729
18075.327371,9.298,6.651769,0.000542,0.000413,-0.002063,-0.000725
18077.841965,9.298,6.897771,0.000552,0.000418,-0.002064,-0.000724
18079.092978999997,9.298,6.780692,0.000555,0.000422,-0.002061,-0.000725
18081.608108999997,9.298,6.722525,0.00056,0.000425,-0.002066,-0.000717
18084.124122999998,9.298,6.808528,0.000553,0.000423,-0.002065,-0.000713
18085.373398999996,9.298,6.635726,0.000551,0.000424,-0.002069,-0.000713
18087.888969,9.298,7.069723,0.00055,0.000424,-0.002074,-0.000714
18089.140045,9.298,6.507228,0.000547,0.000425,-0.002065,-0.000711
18091.655789999997,9.298,6.807253,0.000548,0.000421,-0.002061,-0.000714
18094.185748999997,9.298,6.893309,0.000548,0.000423,-0.002062,-0.000715
18095.451967999998,9.298,6.522474,0.000554,0.000425,-0.002065,-0.000714
18097.9701,9.298,6.702446,0.000555,0.000427,-0.002057,-0.000714
18099.217851999998,9.298,6.779471,0.000557,0.000429,-0.002061,-0.000715
18101.733373,9.298,7.340745,0.000553,0.000425,-0.002058,-0.000714
18104.264272999997,9.298,7.237478,0.00055,0.000423,-0.002053,-0.000713
18105.514206,9.298,6.931981,0.000549,0.000425,-0.002057,-0.000716
18108.015197999997,9.298,7.167836,0.000547,0.000423,-0.002044,-0.000714
18109.264490999998,9.298,6.731928,0.000548,0.000424,-0.002049,-0.000711
18111.780088,9.298,6.493417,0.000553,0.000423,-0.002055,-0.000713
18113.045973,9.298,6.701968,0.000555,0.000427,-0.002053,-0.000707
18115.546825999998,9.298,7.168474,0.000554,0.000429,-0.002053,-0.000707
18118.062487,9.298,6.660534,0.000551,0.00043,-0.002054,-0.000705
18119.326955999997,9.298,6.906749,0.000552,0.00043,-0.002055,-0.000705
18121.826783999997,9.298,7.029085,0.000553,0.00043,-0.002051,-0.000708
18123.075584,9.298,6.83238,0.000555,0.000432,-0.002044,-0.000705
18125.592758,9.298,6.630627,0.000562,0.000437,-0.002048,-0.000697
18128.110091,9.298,6.563748,0.000571,0.000443,-0.002052,-0.000692
18129.374653,9.298,7.446083,0.000578,0.000443,-0.002047,-0.000691
18131.889458999998,9.298,6.882154,0.000584,0.000446,-0.002052,-0.000691
18133.138936999996,9.298,7.203533,0.000577,0.000444,-0.002047,-0.00069
18135.639589,9.298,6.75955,0.000574,0.000442,-0.002049,-0.000692
18138.155274999997,9.298,6.949192,0.000577,0.000445,-0.002052,-0.000692
18139.421946,9.298,6.615594,0.000576,0.000442,-0.002056,-0.000697
18141.935358,9.298,6.857718,0.000576,0.000443,-0.002052,-0.000699
18143.186447,9.298,6.358862,0.000578,0.000444,-0.002052,-0.000698
18145.687296999997,9.298,6.618091,0.000568,0.000442,-0.002052,-0.000696
18148.202595,9.298,6.312647,0.000562,0.000438,-0.002044,-0.000695
18149.468417999997,9.298,7.056496,0.000566,0.000443,-0.002048,-0.000694
18151.985124,9.298,6.648688,0.00057,0.000439,-0.002051,-0.000697
18153.233603999997,9.298,7.335114,0.000572,0.000442,-0.002049,-0.000695
18155.749538999997,9.298,6.553496,0.000579,0.000443,-0.002046,-0.000691
18158.264586999998,9.298,6.948555,0.000579,0.000445,-0.002047,-0.000691
18159.514837,9.298,6.872805,0.000579,0.000446,-0.002052,-0.00069
18162.029827,9.298,6.770865,0.000578,0.000444,-0.002042,-0.000691
18163.279662999998,9.298,6.731397,0.000584,0.000446,-0.00205,-0.000691
18165.780555999998,9.298,6.918382,0.000585,0.000447,-0.002049,-0.000692
18167.045734,9.298,7.521726,0.000584,0.000447,-0.002042,-0.00069
18169.529647999996,9.298,6.409804,0.00059,0.000452,-0.002042,-0.000687
18172.045955999998,9.298,7.058355,0.000593,0.000457,-0.00205,-0.000684
18173.295428999998,9.298,6.557639,0.00059,0.000452,-0.00204,-0.000688
18175.812087,9.298,7.36518,0.000592,0.000452,-0.002039,-0.000689
18177.077511999996,9.298,6.825474,0.000596,0.000451,-0.002042,-0.000689
18179.609320999996,9.298,7.01639,0.00059,0.000448,-0.002045,-0.000689
18182.124174999997,9.298,7.025314,0.00058,0.000443,-0.002045,-0.000697
18183.389990999996,9.298,6.721198,0.000578,0.000438,-0.002041,-0.0007
18185.905037999997,9.298,6.990627,0.00058,0.000441,-0.002038,-0.000698
18187.172119,9.298,7.069723,0.000582,0.00044,-0.002038,-0.000697
18189.686346,9.298,6.75307,0.000587,0.000443,-0.002041,-0.000692
18192.187586,9.298,7.540797,0.000589,0.000449,-0.00204,-0.000687
18193.452212999997,9.298,6.334639,0.000588,0.00045,-0.002042,-0.000686
18195.953319999997,9.298,6.869086,0.000585,0.000452,-0.002035,-0.000683
18197.216808999998,9.298,6.755673,0.000582,0.000452,-0.002031,-0.000683
18199.749442,9.298,6.981596,0.000587,0.000453,-0.002034,-0.000682
18202.262533999998,9.298,6.622287,0.000589,0.00045,-0.00203,-0.000686
18203.513411,9.298,7.264304,0.000588,0.000452,-0.002036,-0.000686
18206.029222999998,9.298,6.426166,0.000574,0.000445,-0.002033,-0.000693
18207.281431999996,9.298,6.778515,0.000571,0.000444,-0.002031,-0.000692
18209.780504,9.298,6.642366,0.000571,0.000447,-0.002033,-0.000688
18211.031327999997,9.298,7.251129,0.000575,0.000448,-0.002036,-0.000688
18213.546076,9.298,6.736125,0.000576,0.000448,-0.002032,-0.000685
18216.062498,9.298,6.836895,0.00058,0.000452,-0.002034,-0.000682
18217.312164,9.298,7.158328,0.000579,0.00045,-0.002031,-0.000681
18219.810661,9.298,6.467228,0.000582,0.000449,-0.002032,-0.000684
18221.062007999997,9.298,7.087784,0.000583,0.000449,-0.002038,-0.000686
18223.561571,9.298,7.762044,0.000588,0.000451,-0.002037,-0.000685
18226.061758999997,9.298,6.666696,0.000587,0.000447,-0.002037,-0.000686
18227.327060999996,9.298,6.998595,0.000584,0.000449,-0.002033,-0.000686
18229.843085999997,9.298,6.665739,0.000582,0.000453,-0.002035,-0.000685
18231.092492999996,9.298,6.751902,0.000584,0.000453,-0.002033,-0.000684
18233.593686999997,9.298,7.083322,0.000584,0.000452,-0.002035,-0.000686
18236.124791,9.298,7.078594,0.000583,0.000453,-0.002034,-0.000688
18237.389834999998,9.298,6.900002,0.000582,0.000453,-0.00203,-0.000689
18239.921344,9.298,6.649857,0.00058,0.000452,-0.002039,-0.000688
18241.185803,9.298,6.925182,0.000579,0.000452,-0.002034,-0.000684
18243.717977999997,9.298,6.913867,0.000581,0.000456,-0.002037,-0.00068
18246.217762,9.298,6.947015,0.000582,0.000457,-0.002035,-0.000677
18247.467933,9.298,6.94728,0.000584,0.000455,-0.002033,-0.000677
18249.984661,9.298,6.949351,0.00059,0.000459,-0.002042,-0.000675
18251.232990999997,9.298,6.850707,0.000587,0.00046,-0.00204,-0.000674
18253.749945999996,9.298,6.788926,0.000588,0.000456,-0.002034,-0.000673
18256.279397,9.298,7.043694,0.000587,0.000458,-0.00204,-0.000674
18257.531656,9.298,6.890335,0.000583,0.000456,-0.002034,-0.000675
18260.030457999997,9.298,6.946218,0.000581,0.000458,-0.002033,-0.000674
18261.274853,9.298,6.994079,0.00058,0.000455,-0.002032,-0.000678
18263.779034,9.298,6.551743,0.000569,0.000445,-0.002034,-0.000689
18265.031070999998,9.298,6.364227,0.000563,0.000444,-0.002033,-0.000694
18267.546426999997,9.298,6.802684,0.000566,0.000441,-0.002034,-0.000696
18270.076815999997,9.298,7.192325,0.000559,0.000436,-0.002042,-0.000702
18271.343055999998,9.298,6.893893,0.000553,0.000428,-0.002039,-0.000704
18273.874445999998,9.298,7.032114,0.000547,0.00042,-0.002052,-0.000714
18275.124611,9.298,6.916842,0.000543,0.000419,-0.00205,-0.000713
18277.622807,9.298,6.737984,0.000548,0.000424,-0.002047,-0.000708
18280.138034999996,9.298,7.293095,0.000549,0.000424,-0.002047,-0.000708
18281.389399,9.298,6.301811,0.000554,0.000427,-0.002051,-0.000708
18283.889306999998,9.298,7.076788,0.000539,0.000418,-0.002052,-0.000716
18285.139452,9.298,6.906802,0.000539,0.000415,-0.002049,-0.000715
18287.639659999997,9.298,6.891769,0.000543,0.000415,-0.002048,-0.000718
18290.139809999997,9.298,6.646617,0.000542,0.000418,-0.00205,-0.00072
18291.390057999997,9.298,7.159709,0.000549,0.000421,-0.002058,-0.000718
18293.921559,9.298,7.002154,0.00053,0.000398,-0.002065,-0.000733
18295.185338,9.298,6.200296,0.000521,0.000395,-0.002071,-0.000736
18297.701438999997,9.298,6.896391,0.000513,0.000392,-0.002063,-0.000742
18300.218061,9.298,7.132618,0.000515,0.000396,-0.002064,-0.000742
18301.483481,9.298,6.856444,0.000514,0.000394,-0.002066,-0.000745
18303.984278999997,9.298,6.688688,0.000525,0.000401,-0.002065,-0.000737
18305.249305999998,9.298,6.741118,0.000542,0.000412,-0.002062,-0.000728
18307.749288,9.298,6.373895,0.000515,0.000388,-0.002067,-0.00075
18310.248390999997,9.298,7.043747,0.000506,0.000385,-0.002075,-0.000753
18311.500175999998,9.298,7.056815,0.000516,0.000392,-0.00207,-0.000744
18313.999133999998,9.298,6.757001,0.000516,0.000394,-0.002064,-0.000743
18315.248974,9.298,7.035672,0.000525,0.000404,-0.002073,-0.000734
18317.749367999997,9.298,6.983721,0.00054,0.00041,-0.002071,-0.000728
18320.26345,9.298,6.879923,0.000548,0.000418,-0.002074,-0.000717
18321.514651999998,9.298,6.661915,0.000542,0.000414,-0.002069,-0.000719
18324.029789,9.298,6.506218,0.000523,0.000391,-0.002072,-0.000744
18325.296417999998,9.298,7.009006,0.000514,0.000386,-0.002073,-0.000755
18327.796365,9.298,7.063295,0.000502,0.000381,-0.002073,-0.000754
18329.045789999996,9.298,7.040347,0.000507,0.000383,-0.002076,-0.000754
18331.562012,9.298,6.372302,0.000501,0.000376,-0.002072,-0.000761
18334.093064999997,9.298,6.994823,0.000508,0.000383,-0.00208,-0.000752
18335.342903999997,9.298,6.95222,0.000515,0.000388,-0.002083,-0.000746
18337.860024999998,9.298,6.853575,0.000526,0.000392,-0.002072,-0.000745
18339.108802,9.298,6.861862,0.000522,0.000391,-0.002074,-0.000744
18341.609414,9.298,6.663403,0.000532,0.000403,-0.00207,-0.000735
18344.124292,9.298,7.152857,0.000531,0.000407,-0.002081,-0.000725
18345.388797,9.298,6.508609,0.000539,0.00041,-0.00208,-0.000726
18347.889399,9.298,6.736815,0.000534,0.000409,-0.002076,-0.000729
18349.139019,9.298,6.878967,0.000536,0.000411,-0.002084,-0.000726
18351.654991999996,9.298,6.908768,0.000537,0.000407,-0.002088,-0.000725
18354.18677,9.298,6.940055,0.000538,0.000406,-0.002081,-0.000727
18355.452665999997,9.298,6.884385,0.00054,0.000409,-0.002087,-0.000726
18357.967633,9.298,6.231053,0.000543,0.000412,-0.002086,-0.000726
18359.233055999997,9.298,6.572779,0.000534,0.000403,-0.00209,-0.00073
18361.749818999997,9.298,6.864253,0.000528,0.000398,-0.002088,-0.000735
18364.249816999996,9.298,6.763853,0.000524,0.000391,-0.002087,-0.000744
18365.514293999997,9.298,6.433656,0.000535,0.000397,-0.002085,-0.000742
18368.029624,9.298,6.875142,0.000539,0.000406,-0.00209,-0.00073
18369.279923,9.298,6.60157,0.000531,0.000404,-0.002081,-0.000728
18371.780953999998,9.298,7.333042,0.000541,0.000409,-0.002078,-0.000727
18374.279289,9.298,7.238646,0.000544,0.000417,-0.002076,-0.000714
18375.531902,9.298,7.148713,0.000545,0.000419,-0.002083,-0.000713
18378.045786,9.298,7.280718,0.000544,0.000421,-0.002084,-0.000713
18379.296417999998,9.298,6.750202,0.000536,0.00041,-0.002077,-0.000723
18381.812072999997,9.298,7.276947,0.000535,0.000407,-0.002081,-0.00073
18383.076488,9.298,6.81469,0.000533,0.000407,-0.002078,-0.000728
18385.592384999996,9.298,7.174476,0.000526,0.000403,-0.002076,-0.000732
18388.124196999997,9.298,6.744465,0.00054,0.000412,-0.002079,-0.000727
18389.389524,9.298,7.158328,0.000542,0.000411,-0.002079,-0.000723
18391.890145999998,9.298,6.707652,0.000547,0.000413,-0.002079,-0.000726
18393.155403999997,9.298,6.703031,0.00055,0.000416,-0.002074,-0.00072
18395.672021,9.298,7.594608,0.000545,0.000422,-0.002073,-0.000713
18398.186272,9.298,6.789829,0.000545,0.000417,-0.002077,-0.000717
18399.436741999998,9.298,7.169855,0.000544,0.000415,-0.002076,-0.000719
18401.93639,9.298,6.961941,0.000546,0.000421,-0.002071,-0.000724
18403.186534,9.298,7.403533,0.000546,0.000418,-0.002075,-0.000728
18405.687425999997,9.298,6.635674,0.000542,0.000414,-0.002071,-0.000731
18408.186048999996,9.298,6.371664,0.000532,0.000406,-0.002065,-0.000734
18409.43652,9.298,7.353175,0.000533,0.000411,-0.002069,-0.000732
18411.936883,9.298,6.617506,0.000539,0.000413,-0.002068,-0.000728
18413.201278,9.298,6.7706,0.000545,0.000416,-0.002064,-0.000725
18415.701743999998,9.298,6.824518,0.00055,0.00042,-0.002054,-0.000716
18418.234355999997,9.298,6.927785,0.000556,0.000424,-0.002056,-0.000712
18419.484187,9.298,6.645819,0.000556,0.000423,-0.002049,-0.000711
18421.985408,9.298,6.763322,0.000558,0.000428,-0.002056,-0.000709
18423.234387999997,9.298,6.917479,0.000559,0.000431,-0.002057,-0.000707
18425.764745999997,9.298,6.634452,0.000557,0.000429,-0.002052,-0.000705
18428.281321,9.298,6.666112,0.000553,0.000426,-0.002052,-0.00071
18429.545267999998,9.298,6.773947,0.000552,0.000427,-0.002051,-0.000712
18432.046265999998,9.298,7.188554,0.00055,0.000429,-0.00205,-0.000709
18433.312506,9.298,7.083003,0.00055,0.000428,-0.002058,-0.000711
18435.826866999996,9.298,7.258195,0.000554,0.000426,-0.002054,-0.000712
18437.093023999998,9.298,6.522526,0.000554,0.000432,-0.002053,-0.00071
18439.624391999998,9.298,6.838382,0.00056,0.000435,-0.002052,-0.000705
18442.152947,9.298,6.741702,0.000561,0.000434,-0.002051,-0.000704
18443.405259,9.298,7.044809,0.000563,0.000437,-0.002055,-0.000702
18445.922027999997,9.298,6.733415,0.000561,0.000433,-0.002047,-0.000704
18447.187413,9.298,6.64991,0.00056,0.000433,-0.002052,-0.000705
18449.701653999997,9.298,7.582549,0.000565,0.000432,-0.002055,-0.000705
18452.217486999998,9.298,7.187119,0.000568,0.000434,-0.002051,-0.000702
18453.46563,9.298,6.874505,0.000566,0.000434,-0.002057,-0.000704
18455.983201,9.298,6.900799,0.000566,0.000435,-0.002057,-0.000706
18457.233093,9.298,6.755035,0.000564,0.000435,-0.002049,-0.000705
18459.764273999997,9.298,6.551212,0.000568,0.00044,-0.002053,-0.000703
18462.280103999998,9.298,6.974531,0.000574,0.000443,-0.002056,-0.000705
18463.532386,9.298,6.843641,0.000569,0.000439,-0.00205,-0.000701
18466.046265999998,9.298,6.790148,0.000569,0.000435,-0.002053,-0.000703
18467.311726,9.298,7.136495,0.000572,0.000438,-0.002051,-0.000696
18469.826541,9.298,6.733043,0.000576,0.000442,-0.00205,-0.000694
18471.076910999996,9.298,6.692194,0.000577,0.000444,-0.002055,-0.000693
18473.576823999996,9.298,6.51748,0.000574,0.000443,-0.002053,-0.000695
18476.093015,9.298,7.248261,0.000577,0.000445,-0.002049,-0.000691
18477.343335999998,9.298,6.921941,0.000576,0.000441,-0.002043,-0.000693
18479.874034,9.298,6.56991,0.00058,0.000444,-0.002051,-0.000695
18481.124270999997,9.298,6.473443,0.000577,0.000444,-0.002044,-0.000695
18483.622376,9.298,6.686245,0.000575,0.000443,-0.002046,-0.000694
18486.124782,9.298,6.873018,0.00058,0.000444,-0.002046,-0.000696
18487.39002,9.298,6.978781,0.00058,0.000445,-0.002049,-0.000694
18489.904766,9.298,6.917161,0.000581,0.000447,-0.002044,-0.000694
18491.171663999998,9.298,7.251289,0.000577,0.000449,-0.002046,-0.00069
18493.686579999998,9.298,6.240083,0.000575,0.000446,-0.002045,-0.000691
18496.202016999996,9.298,6.760666,0.000581,0.000448,-0.00204,-0.000689
18497.467706999996,9.298,6.773575,0.000583,0.000449,-0.002043,-0.000688
18499.967279999997,9.298,7.038594,0.000583,0.00045,-0.002046,-0.000686
18501.21723,9.298,6.872433,0.00058,0.000449,-0.002043,-0.000687
18503.701661,9.298,6.429884,0.000577,0.000447,-0.002043,-0.000689
18506.202347,9.298,6.779789,0.000575,0.000445,-0.002045,-0.000687
18507.452233999997,9.298,6.699684,0.000573,0.000447,-0.00205,-0.000688
18509.94879,9.298,6.708077,0.000577,0.000449,-0.002047,-0.000687
18511.203075999998,9.298,6.536178,0.000573,0.000449,-0.002042,-0.000687
18513.702282,9.298,6.724438,0.000574,0.000448,-0.002044,-0.000687
18516.233570999997,9.298,6.795832,0.000569,0.000443,-0.00204,-0.000691
18517.483376999997,9.298,6.751689,0.000571,0.000443,-0.00204,-0.00069
18519.983154999998,9.298,6.673336,0.000573,0.000445,-0.002041,-0.00069
18521.249461,9.298,6.458092,0.000573,0.000447,-0.002044,-0.000689
18523.762332,9.298,6.72821,0.000574,0.000448,-0.00204,-0.000688
18526.281603,9.298,7.044278,0.000572,0.000446,-0.002038,-0.000692
18527.545528,9.298,7.039072,0.000574,0.000445,-0.002041,-0.00069
18530.045772999998,9.298,6.808634,0.000577,0.000449,-0.002043,-0.000688
18531.296608999997,9.299,6.958754,0.000574,0.000447,-0.002034,-0.000688
18533.812503999998,9.299,7.724275,0.000574,0.000446,-0.002031,-0.000687
18535.077223,9.299,6.401731,0.000577,0.000449,-0.00203,-0.000684
18537.592096,9.299,6.938409,0.000576,0.000452,-0.00203,-0.000683
18540.109620999996,9.299,6.970547,0.000575,0.000448,-0.002031,-0.000688
18541.375033999997,9.299,7.186322,0.000578,0.000449,-0.002033,-0.000688
18543.904743,9.299,7.210865,0.000579,0.000451,-0.00204,-0.000686
18545.154991999996,9.299,6.658516,0.000579,0.000451,-0.00204,-0.000686
18547.654637,9.299,6.719392,0.000578,0.000448,-0.002042,-0.000689
18550.172494,9.299,7.029138,0.000587,0.000451,-0.002038,-0.000685
18551.435987999997,9.299,7.083588,0.00059,0.000453,-0.00204,-0.000683
18553.951999999997,9.299,6.706005,0.00059,0.000454,-0.002041,-0.000682
18555.202368,9.299,7.488048,0.000585,0.000454,-0.002038,-0.000684
18557.702381,9.299,7.027917,0.000579,0.000449,-0.002035,-0.000687
18560.201661,9.299,6.635408,0.000564,0.00044,-0.002035,-0.000693
18561.467279999997,9.299,7.084013,0.000553,0.000431,-0.00204,-0.000702
18563.967698,9.299,6.950255,0.000542,0.000416,-0.002047,-0.000719
18565.234470999996,9.299,6.729165,0.00054,0.000416,-0.002051,-0.000719
18567.764529,9.299,7.043907,0.000535,0.000416,-0.002052,-0.000719
18570.281937,9.299,6.829618,0.000528,0.000408,-0.002049,-0.000728
18571.545849,9.299,6.450335,0.000528,0.000406,-0.002058,-0.000732
18574.061841,9.299,6.580322,0.000524,0.000402,-0.002056,-0.000732
18575.326994,9.299,6.800188,0.00053,0.000408,-0.002059,-0.000731
18577.827326,9.299,6.665634,0.000532,0.000411,-0.00206,-0.000726
18579.077880999997,9.299,7.432856,0.000528,0.000408,-0.002056,-0.000725
18581.591974,9.299,6.607785,0.000535,0.000412,-0.002051,-0.00072
18584.108881,9.299,6.832274,0.000532,0.000409,-0.00205,-0.000727
18585.37432,9.299,6.555196,0.000522,0.000398,-0.002049,-0.000737
18587.890308,9.299,6.555355,0.000518,0.000397,-0.002053,-0.000738
18589.137796,9.299,6.754079,0.000528,0.000404,-0.002058,-0.000735
18591.639245,9.299,6.705262,0.000538,0.00041,-0.002061,-0.000727
18594.140751,9.299,7.087997,0.000547,0.000418,-0.002072,-0.000717
18595.404736999997,9.299,7.013628,0.000538,0.000411,-0.002071,-0.000722
18597.917403,9.299,6.847148,0.000541,0.000415,-0.002074,-0.000721
18599.171890999998,9.299,6.619525,0.000533,0.000401,-0.002076,-0.000733
18601.685872,9.299,7.049537,0.000529,0.000403,-0.002064,-0.000732
18604.182817999997,9.299,6.91562,0.00053,0.000403,-0.002057,-0.000732
18605.420819,9.299,6.903827,0.000528,0.000406,-0.002065,-0.000732
18607.935559999998,9.299,7.242205,0.000541,0.000414,-0.002079,-0.000721
18609.186659,9.299,6.438065,0.000541,0.000414,-0.002073,-0.000718
18611.702015,9.299,6.596258,0.000536,0.000416,-0.002076,-0.000716
18614.201472999997,9.299,7.129005,0.000534,0.000407,-0.002074,-0.000724
18615.452332999997,9.299,6.976071,0.000538,0.000408,-0.00208,-0.000725
18617.983275,9.299,7.48773,0.00052,0.000388,-0.002076,-0.000745
18619.248997,9.299,6.949033,0.000507,0.000384,-0.002074,-0.000753
18621.749358999998,9.299,7.253573,0.000496,0.000377,-0.002073,-0.000757
18624.281337,9.299,7.198116,0.000498,0.000377,-0.002072,-0.000759
18625.531636,9.299,6.760454,0.000512,0.000387,-0.002079,-0.000751
18628.062217,9.299,7.205871,0.000519,0.000394,-0.002074,-0.000742
18629.311396999998,9.299,6.573257,0.000518,0.000392,-0.002078,-0.000745
18631.828480999997,9.299,6.918382,0.000502,0.000381,-0.00208,-0.000757
18633.093020999997,9.299,6.849963,0.000508,0.000386,-0.002085,-0.00075
18635.624318,9.299,6.831742,0.000517,0.000392,-0.002081,-0.000743
18638.140482,9.299,7.081888,0.000529,0.000401,-0.002085,-0.000738
18639.389713999997,9.299,7.247836,0.00053,0.000403,-0.002083,-0.000731
18641.890599,9.299,6.538622,0.000521,0.000397,-0.002086,-0.00074
18643.154865999997,9.299,6.680879,0.000518,0.000394,-0.002087,-0.000746
18645.655523999998,9.299,7.191475,0.000536,0.000406,-0.002076,-0.000733
18648.186621999997,9.299,6.865315,0.000533,0.000407,-0.002067,-0.000727
18649.449718999997,9.299,6.314188,0.000526,0.000398,-0.00207,-0.000738
18651.952214999998,9.299,6.740905,0.000528,0.000398,-0.002075,-0.000743
18653.202857999997,9.299,6.938249,0.000529,0.000397,-0.002084,-0.000742
18655.717328,9.299,6.573682,0.000534,0.000406,-0.002086,-0.000729
18658.217378999998,9.299,6.798329,0.000535,0.000412,-0.002084,-0.000729
18659.467313999998,9.299,6.764756,0.000533,0.000407,-0.002076,-0.000736
18661.983132999998,9.299,6.853788,0.000529,0.000407,-0.002086,-0.000733
18663.233180999996,9.299,6.919338,0.00052,0.000397,-0.002077,-0.000741
18665.734344999997,9.299,6.952485,0.000529,0.000404,-0.002082,-0.000738
18668.249465999997,9.299,7.001888,0.000532,0.000408,-0.002092,-0.000726
18669.514242999998,9.299,6.681411,0.000528,0.000405,-0.002087,-0.000731
18672.029694999997,9.299,6.798648,0.000528,0.000403,-0.002088,-0.000735
18673.279266999998,9.299,6.905102,0.000528,0.000402,-0.002084,-0.000735
18675.779853,9.299,6.8191,0.000522,0.000399,-0.002085,-0.000737
18678.295589999998,9.299,6.907121,0.000527,0.000401,-0.002091,-0.000738
18679.546004999997,9.299,6.702765,0.000528,0.000405,-0.002097,-0.000731
18682.045844999997,9.299,6.974902,0.000532,0.000408,-0.002089,-0.000728
18683.29569,9.299,6.835568,0.000529,0.000402,-0.002086,-0.00073
18685.811979,9.299,6.607201,0.000531,0.000404,-0.002088,-0.000737
18687.077481999997,9.299,6.781171,0.000536,0.000407,-0.002084,-0.000731
18689.593030999997,9.299,7.0438,0.000539,0.00041,-0.002089,-0.000735
18692.123595999998,9.299,6.723535,0.000529,0.000408,-0.00208,-0.000727
18693.389471,9.299,6.667652,0.000529,0.00041,-0.002086,-0.000727
18695.904386,9.299,6.661437,0.000528,0.000406,-0.002084,-0.00073
18697.154576999998,9.299,6.752645,0.000528,0.000402,-0.002088,-0.000732
18699.671793999998,9.299,7.131662,0.000535,0.000406,-0.002083,-0.000724
18702.186426999997,9.299,6.856922,0.00054,0.000411,-0.002079,-0.000723
18703.436356,9.299,7.085128,0.00055,0.000417,-0.002085,-0.000718
18705.936275,9.299,7.065473,0.00054,0.000412,-0.002084,-0.000726
18707.185682999996,9.299,6.729112,0.00053,0.000405,-0.00208,-0.000732
18709.685586,9.299,7.448048,0.000522,0.000403,-0.002082,-0.00074
18712.187447999997,9.299,6.143776,0.000513,0.000391,-0.002083,-0.000748
18713.450438,9.299,7.140161,0.00051,0.000388,-0.002082,-0.000753
18715.951923999997,9.299,6.621756,0.00051,0.000392,-0.00208,-0.000747
18717.202590999997,9.299,7.205021,0.000514,0.000397,-0.002082,-0.000743
18719.717602999997,9.299,6.865793,0.000527,0.000406,-0.002077,-0.000736
18722.217213999997,9.299,6.550362,0.000534,0.000407,-0.00207,-0.000734
18723.467339,9.299,7.072326,0.000542,0.000411,-0.002075,-0.00073
18725.96835,9.299,7.146589,0.000547,0.000413,-0.002065,-0.000726
18727.234371,9.299,7.393121,0.000547,0.000413,-0.002058,-0.000726
18729.749307,9.299,7.154291,0.000548,0.000415,-0.002062,-0.000726
18732.248080999998,9.299,6.649219,0.000553,0.000423,-0.002064,-0.000724
18733.500083,9.299,6.991955,0.000547,0.000421,-0.002059,-0.000724
18736.014594999997,9.299,7.05469,0.000538,0.000416,-0.002061,-0.000725
18737.278317999997,9.299,7.539735,0.000539,0.000415,-0.002062,-0.000725
18739.780254999998,9.299,6.897506,0.000538,0.000416,-0.002053,-0.000725
18742.280070999997,9.299,6.854107,0.000539,0.000417,-0.002057,-0.000725
18743.529576999998,9.299,6.766882,0.000538,0.000415,-0.00206,-0.000726
18746.046354,9.299,6.471902,0.00054,0.000416,-0.002053,-0.000723
18747.295866999997,9.299,6.951051,0.000543,0.00042,-0.002056,-0.00072
18749.826428999997,9.299,7.015328,0.000543,0.000416,-0.002051,-0.000715
18751.077425,9.299,6.978515,0.000548,0.000419,-0.002055,-0.000715
18753.592603999998,9.299,6.893309,0.000547,0.000419,-0.00206,-0.000713
18756.091949999998,9.299,6.787386,0.000556,0.000426,-0.002062,-0.000712
18757.342193999997,9.299,7.27684,0.000555,0.000427,-0.002058,-0.000711
18759.857619,9.299,6.370761,0.000554,0.000431,-0.002057,-0.000711
18761.107898,9.299,6.824943,0.000552,0.000427,-0.002048,-0.000712
18763.608710999997,9.299,6.678117,0.000552,0.000429,-0.002051,-0.000712
18766.124673,9.299,7.020374,0.000557,0.000432,-0.002055,-0.00071
18767.373067999997,9.299,6.636258,0.000564,0.000431,-0.002052,-0.00071
18769.889938,9.299,6.784676,0.000566,0.000432,-0.00205,-0.00071
18771.139596999998,9.299,6.376073,0.000569,0.000434,-0.002056,-0.000708
18773.67055,9.299,6.994345,0.000571,0.000436,-0.00205,-0.000707
18776.171431,9.299,7.227278,0.000572,0.000436,-0.002048,-0.000705
18777.436369,9.299,6.66558,0.00057,0.000438,-0.002048,-0.000702
18779.951351999996,9.299,7.068076,0.000567,0.000436,-0.002049,-0.000705
18781.202476,9.299,6.857453,0.00057,0.000437,-0.002052,-0.000706
18783.716432999998,9.299,6.964863,0.000572,0.000437,-0.002044,-0.0007
18786.217395,9.299,6.746377,0.00057,0.000438,-0.00204,-0.000699
18787.467184999998,9.299,6.901437,0.000569,0.000439,-0.002049,-0.000701
18789.983455999998,9.299,6.845235,0.000569,0.000439,-0.002048,-0.000701
18791.248064,9.299,6.735009,0.000573,0.000442,-0.002046,-0.000697
18793.749216999997,9.299,7.462444,0.000579,0.000446,-0.002047,-0.000693
18796.264827,9.299,6.77878,0.000576,0.000446,-0.002045,-0.000695
18797.514842999997,9.299,6.881198,0.000575,0.000445,-0.002045,-0.000695
18800.029973999997,9.299,6.673549,0.00058,0.000446,-0.002049,-0.000696
18801.275915,9.299,6.665102,0.000584,0.000446,-0.002051,-0.000698
18803.792306,9.299,7.227438,0.000578,0.000443,-0.002052,-0.000697
18806.278903,9.299,6.529804,0.000577,0.000445,-0.002046,-0.000697
18807.529848,9.299,6.898994,0.000574,0.000443,-0.002048,-0.000698
18810.045663999997,9.299,6.740374,0.000578,0.000443,-0.002046,-0.000699
18811.312223999998,9.299,6.644013,0.000574,0.000442,-0.002045,-0.0007
18813.828412,9.299,6.963323,0.000575,0.00044,-0.002051,-0.000701
18815.093004,9.299,6.465156,0.000574,0.000442,-0.002047,-0.000699
18817.624830999997,9.299,7.156044,0.000574,0.000444,-0.002052,-0.000695
18820.136119,9.299,6.643429,0.00057,0.000447,-0.002051,-0.000693
18821.39059,9.299,6.24906,0.00057,0.000448,-0.002054,-0.000693
18823.889306999998,9.299,6.703402,0.00057,0.000449,-0.002052,-0.000689
18825.137423,9.299,7.011609,0.000571,0.000446,-0.002047,-0.000688
18827.639911,9.299,7.501965,0.000568,0.000448,-0.002045,-0.000689
18830.139685,9.299,6.95562,0.000574,0.000448,-0.002047,-0.000688
18831.389988,9.299,7.105473,0.000578,0.000449,-0.002048,-0.000689
18833.889825,9.299,6.827068,0.000587,0.000451,-0.002045,-0.000687
18835.140336999997,9.299,6.799603,0.000586,0.000452,-0.002045,-0.000687
18837.654695999998,9.299,6.457879,0.000581,0.000455,-0.002051,-0.000687
18840.17144,9.299,6.535382,0.000578,0.00045,-0.002051,-0.000689
18841.437016999997,9.299,6.888316,0.000578,0.000449,-0.002053,-0.000691
18843.968341,9.299,6.853204,0.000573,0.000444,-0.002045,-0.000691
18845.233265,9.299,7.003004,0.000575,0.000445,-0.00205,-0.000693
18847.733172999997,9.299,6.879285,0.000573,0.000444,-0.002052,-0.000691
18850.249299,9.299,6.69246,0.00057,0.000445,-0.002047,-0.000691
18851.499443999997,9.299,6.654372,0.000571,0.000448,-0.002053,-0.000687
18854.027910999997,9.299,7.09554,0.000572,0.000446,-0.00205,-0.000688
18855.264948999997,9.299,6.7323,0.000575,0.000449,-0.002051,-0.000688
18857.779941999997,9.299,6.952485,0.000571,0.000446,-0.002048,-0.00069
18860.279811999997,9.299,6.857028,0.000574,0.000444,-0.002045,-0.000692
18861.530722,9.299,6.353868,0.000573,0.000445,-0.002043,-0.000691
18864.062207,9.299,7.074451,0.000577,0.00045,-0.002045,-0.000685
18865.328231,9.299,7.138089,0.000577,0.000452,-0.002043,-0.000682
18867.842543,9.299,6.995354,0.000572,0.000445,-0.002044,-0.000688
18869.1083,9.299,6.700799,0.000571,0.000445,-0.002047,-0.000693
18871.609410999998,9.299,6.728262,0.000577,0.000445,-0.002042,-0.000693
18874.108634999997,9.299,6.92975,0.000579,0.000448,-0.002047,-0.000689
18875.359426,9.299,7.141011,0.000581,0.000447,-0.00204,-0.000687
18877.874297,9.299,6.64072,0.00059,0.000451,-0.002043,-0.000682
18879.139950999997,9.299,7.084172,0.000587,0.00045,-0.002041,-0.000683
18881.639924,9.299,6.890335,0.000583,0.000446,-0.002044,-0.000681
18884.140431,9.299,6.838967,0.00058,0.000447,-0.002041,-0.000682
18885.404914,9.299,7.018143,0.000583,0.000445,-0.002041,-0.000683
18887.92168,9.299,6.791476,0.000579,0.000451,-0.002042,-0.000684
18889.169943999997,9.299,6.988555,0.000577,0.000448,-0.002038,-0.000686
18891.685928,9.299,7.4268,0.000577,0.000451,-0.002037,-0.000684
18894.186486,9.299,6.811768,0.00057,0.000447,-0.002035,-0.000687
18895.451869999997,9.299,7.11206,0.00057,0.000445,-0.002034,-0.000687
18897.952203999997,9.299,7.060958,0.000574,0.000448,-0.002032,-0.000685
18899.216548999997,9.299,6.347388,0.000576,0.00045,-0.002035,-0.000683
18901.732265,9.299,7.336547,0.000577,0.00045,-0.002029,-0.000683
18904.21795,9.299,6.590893,0.000582,0.000452,-0.002033,-0.000685
18905.483553,9.299,7.149669,0.000585,0.000455,-0.002036,-0.000683
18907.982927999998,9.299,6.712698,0.000591,0.000457,-0.002039,-0.00068
18909.249933,9.299,6.68566,0.000593,0.000458,-0.002038,-0.000678
18911.748888,9.299,6.954717,0.000589,0.000455,-0.002039,-0.000682
18914.249171999996,9.299,6.560029,0.000587,0.000453,-0.002038,-0.000683
18915.499297,9.299,6.635249,0.000584,0.000454,-0.00203,-0.000682
18918.014659,9.299,6.654691,0.000578,0.000454,-0.002035,-0.000686
18919.280253999998,9.299,6.70165,0.00058,0.000454,-0.002033,-0.000681
18921.796335,9.299,6.604598,0.000584,0.000456,-0.002036,-0.000677
18923.061457999996,9.299,6.951636,0.000584,0.000458,-0.002032,-0.000676
18925.577274999996,9.299,6.559976,0.000588,0.000456,-0.00204,-0.000678
18928.077167999996,9.299,6.330761,0.000588,0.000453,-0.002043,-0.000682
18929.327228,9.299,6.846723,0.000581,0.00045,-0.002039,-0.000684
18931.843538999998,9.299,6.899525,0.000575,0.000445,-0.002033,-0.000689
18933.109428999996,9.299,6.841145,0.000569,0.000438,-0.002036,-0.000696
18935.639917999997,9.299,6.764119,0.000551,0.000422,-0.002059,-0.00071
18938.139914,9.299,7.101489,0.000549,0.000426,-0.002056,-0.000709
18939.404807,9.299,6.951848,0.00055,0.000427,-0.002046,-0.000708
18941.922370999997,9.299,6.851557,0.000544,0.000422,-0.002044,-0.000716
18943.171489999997,9.299,6.800932,0.000541,0.000418,-0.002042,-0.000717
18945.687385999998,9.299,6.97554,0.000543,0.000419,-0.002049,-0.000717
18948.201828999998,9.299,7.023295,0.000552,0.000428,-0.002056,-0.000711
18949.452294,9.299,7.108926,0.000547,0.000423,-0.002054,-0.000711
18951.951517999998,9.299,7.37607,0.00053,0.000407,-0.002052,-0.000724
18953.201971,9.299,6.723482,0.000526,0.000405,-0.002055,-0.000732
18955.702272,9.299,6.827758,0.000538,0.000416,-0.00206,-0.000721
18958.202135,9.299,6.817188,0.00053,0.000408,-0.002064,-0.000729
18959.45192,9.299,7.011981,0.000529,0.000404,-0.002058,-0.000732
18961.966924999997,9.299,6.882207,0.000536,0.000411,-0.002063,-0.000725
18963.217430999997,9.299,6.574478,0.00054,0.000414,-0.002056,-0.000722
18965.734299999996,9.299,7.195885,0.000551,0.000418,-0.002067,-0.000719
18968.232793,9.299,6.922579,0.000541,0.000408,-0.002062,-0.000726
18969.484446,9.299,7.154556,0.00052,0.000389,-0.002065,-0.000751
18971.999315999998,9.299,6.838861,0.000522,0.000395,-0.002071,-0.000744
18973.2637,9.299,7.058142,0.000513,0.000386,-0.002073,-0.000751
18975.779982,9.299,7.169484,0.000512,0.000384,-0.002078,-0.000751
18978.281293,9.299,6.931875,0.000511,0.000388,-0.002078,-0.000745
18979.544965999998,9.299,6.971025,0.000518,0.000392,-0.002081,-0.000738
18982.061909999997,9.299,6.846032,0.000523,0.000396,-0.002079,-0.000738
18983.312162,9.299,6.269724,0.000514,0.000386,-0.002085,-0.000752
18985.812341999997,9.299,6.832221,0.000515,0.000391,-0.002077,-0.00075
18988.313089999996,9.299,6.713867,0.000531,0.000406,-0.002072,-0.000731
18989.561761999998,9.299,6.367892,0.000536,0.000409,-0.002075,-0.000728
18992.092921999996,9.299,6.909511,0.000538,0.000409,-0.00208,-0.000727
18993.359238999998,9.299,7.373148,0.000548,0.000415,-0.002079,-0.000721
18995.873649999998,9.299,6.624837,0.00054,0.000416,-0.002074,-0.000717
18997.123731,9.299,6.437268,0.000533,0.000405,-0.002074,-0.000725
18999.624550999997,9.299,6.532035,0.000522,0.00039,-0.002073,-0.000743
19002.139851,9.299,6.642792,0.000522,0.000393,-0.002085,-0.00074
19003.384048,9.299,7.163799,0.000524,0.000399,-0.00208,-0.000735
19005.8746,9.307,6.571716,0.000534,0.000402,-0.002073,-0.00073
19007.138904,9.307,7.370971,0.000524,0.000394,-0.002072,-0.00074
19009.637495,9.307,7.054105,0.000511,0.000384,-0.002069,-0.000747
19009.904839,8.85,1.734376,0.001167,0.000386,-0.002055,-0.000531
19011.175669,8.85,-0.177858,0.00117,0.000389,-0.002057,-0.000531
19012.441474,8.85,0.458315,0.001167,0.000388,-0.002052,-0.000528
19014.956566,8.85,1.566921,0.001172,0.000392,-0.002057,-0.000527
19016.221003,8.85,0.12529,0.001172,0.000392,-0.002054,-0.000525
19018.722329,8.851,0.090937,0.001172,0.000394,-0.002051,-0.000525
19021.253118,8.853,-0.023873,0.001176,0.0004,-0.002055,-0.000519
19022.502135,8.854,0.182614,0.001178,0.000401,-0.002052,-0.000516
19025.002819999998,8.856,0.101166,0.00118,0.000401,-0.002048,-0.000514
19026.253047,8.857,-0.182442,0.001179,0.000404,-0.002054,-0.000512
19028.769341,8.859,0.55015,0.001178,0.0004,-0.002051,-0.000511
19031.284968,8.861,0.397806,0.001174,0.000398,-0.002053,-0.000512
19032.534166999998,8.861,0.500362,0.001177,0.000398,-0.002059,-0.000513
19035.034131,8.862,0.752756,0.001183,0.000403,-0.002057,-0.000508
19036.284234,8.863,0.063058,0.001181,0.000403,-0.00205,-0.000507
19038.783863,8.865,0.180204,0.00117,0.000397,-0.002049,-0.000512
19041.284725999998,8.866,-0.306198,0.001156,0.000389,-0.002043,-0.000519
19042.549432,8.867,-0.371707,0.001153,0.000389,-0.002049,-0.000521
19045.050173,8.869,0.251865,0.001152,0.000394,-0.002042,-0.000514
19046.299253999998,8.87,-0.155746,0.001151,0.000394,-0.002041,-0.000515
19048.799903,8.871,0.50064,0.001149,0.000393,-0.002043,-0.000516
19051.299955,8.873,-0.258249,0.001152,0.000393,-0.002043,-0.000513
19052.547218,8.873,0.213285,0.001151,0.000393,-0.002043,-0.000512
19055.050122,8.875,-0.042172,0.00115,0.000393,-0.002044,-0.000516
19056.300091999998,8.876,-0.20188,0.00115,0.000394,-0.002044,-0.000515
19058.800619999998,8.877,-0.020058,0.001145,0.000396,-0.002043,-0.000514
19061.316916,8.879,0.250418,0.001148,0.000396,-0.002041,-0.00051
19062.565904,8.879,1.890404,0.001147,0.000396,-0.00204,-0.000511
19065.082339,8.881,0.142337,0.001144,0.000394,-0.002044,-0.000513
19066.347843,8.882,-0.285555,0.001142,0.000391,-0.002041,-0.000515
19068.877717,8.884,0.254157,0.001145,0.000397,-0.002046,-0.000513
19070.128065999997,8.884,0.14376,0.001145,0.000396,-0.002038,-0.00051
19072.659820999997,8.886,-0.027655,0.001148,0.0004,-0.002045,-0.000507
19075.175377,8.887,0.385781,0.001151,0.000406,-0.002046,-0.000499
19076.440698,8.888,0.474722,0.001151,0.000407,-0.002042,-0.000497
19078.972139999998,8.89,0.249889,0.001147,0.000406,-0.002037,-0.000498
19080.222101,8.891,0.180187,0.001144,0.000405,-0.002038,-0.000499
19082.738089,8.892,0.180087,0.001147,0.00041,-0.002041,-0.000496
19085.238729,8.894,0.380223,0.001148,0.000412,-0.002043,-0.000494
19086.502934,8.894,0.066051,0.00115,0.000411,-0.002038,-0.000493
19089.034094,8.896,0.397495,0.001162,0.000419,-0.002044,-0.000487
19090.285121999998,8.896,0.358323,0.001162,0.000419,-0.002036,-0.000487
19092.799825,8.898,1.969064,0.001171,0.000424,-0.002038,-0.000481
19095.315593,8.899,0.079575,0.001171,0.00043,-0.00204,-0.000475
19096.580446,8.9,-0.153969,0.001169,0.000431,-0.002037,-0.000475
19099.082599999998,8.901,1.364637,0.001158,0.000425,-0.00204,-0.000481
19100.332413,8.901,0.160107,0.001161,0.000423,-0.002035,-0.000483
19102.848101,8.902,0.502478,0.001164,0.000423,-0.002034,-0.000483
19104.097575,8.903,0.184262,0.001168,0.000422,-0.002041,-0.000483
19106.610797999998,8.904,0.397905,0.001161,0.000426,-0.002037,-0.000479
19109.127419,8.906,0.057765,0.001155,0.000427,-0.002035,-0.00048
19110.377364,8.906,0.208724,0.00115,0.000424,-0.002042,-0.000482
19112.878435,8.908,0.475677,0.00115,0.000423,-0.00204,-0.000481
19114.144313,8.908,0.251064,0.001149,0.000422,-0.002038,-0.000481
19116.659965,8.909,0.263325,0.001149,0.000426,-0.002038,-0.000479
19119.191979,8.911,0.294033,0.001142,0.000422,-0.002035,-0.000482
19120.440594,8.911,3.592286,0.001139,0.00042,-0.002036,-0.000483
19122.972051999997,8.913,-0.331274,0.00114,0.00042,-0.002035,-0.000482
19124.221703,8.914,0.100067,0.001142,0.000422,-0.002041,-0.000483
19126.738237999998,8.915,-0.136361,0.001138,0.000424,-0.00204,-0.000484
19129.269325999998,8.916,0.38031,0.001133,0.000423,-0.002034,-0.000482
19130.535204,8.917,0.404079,0.001136,0.000423,-0.002036,-0.000482
19133.034358999997,8.918,0.330538,0.001132,0.000425,-0.00204,-0.000482
19134.283546,8.919,2.824176,0.001133,0.000423,-0.002039,-0.000482
19136.784655,8.921,0.378322,0.00113,0.000424,-0.002039,-0.00048
19139.284080999998,8.922,0.264822,0.001126,0.000422,-0.002033,-0.000482
19140.535109,8.923,0.352581,0.001126,0.000422,-0.002039,-0.000481
19143.050281,8.924,0.513881,0.001126,0.000424,-0.002037,-0.000477
19144.315620999998,8.925,0.50104,0.001124,0.000425,-0.002039,-0.000476
19146.815375,8.926,0.463913,0.001124,0.000428,-0.002038,-0.000474
19149.330982,8.927,0.180055,0.001122,0.000427,-0.002036,-0.000471
19150.598082,8.928,0.491812,0.001127,0.00043,-0.002036,-0.000469
19153.129256,8.93,0.583801,0.001127,0.000429,-0.002032,-0.000469
19154.377394,8.93,0.311688,0.001129,0.00043,-0.002036,-0.000466
19156.879648,8.932,0.465217,0.001118,0.000429,-0.002038,-0.000466
19158.129191,8.932,0.139056,0.001114,0.000426,-0.002037,-0.000468
19160.643694,8.933,0.467228,0.001112,0.000426,-0.002028,-0.000468
19163.159677,8.935,-0.150616,0.001105,0.000424,-0.002025,-0.00047
19164.411109999997,8.935,-1.926046,0.001103,0.000423,-0.002029,-0.000475
19166.939821,8.937,0.494343,0.001105,0.000422,-0.002026,-0.000474
19168.190586,8.937,0.58033,0.001103,0.000423,-0.002034,-0.000474
19170.72196,8.939,0.553921,0.001101,0.000425,-0.002029,-0.000471
19173.237319,8.94,0.603795,0.001095,0.000422,-0.002028,-0.000471
19174.488219,8.941,0.548997,0.001092,0.00042,-0.002034,-0.000476
19177.002676,8.942,2.499563,0.001077,0.000414,-0.002033,-0.000483
19178.269712999998,8.943,0.623106,0.001078,0.000411,-0.002033,-0.000484
19180.7857,8.944,0.268674,0.001074,0.000408,-0.002027,-0.000487
19183.283936,8.946,0.498566,0.001077,0.000412,-0.002031,-0.000485
19184.533935,8.946,0.373824,0.001078,0.000411,-0.002025,-0.000484
19187.035009,8.948,0.469144,0.001083,0.00041,-0.002029,-0.000481
19188.284913,8.949,-0.022807,0.001084,0.000416,-0.002038,-0.000478
19190.78385,8.95,0.578378,0.001078,0.000417,-0.002041,-0.000476
19193.284341,8.951,0.676796,0.001073,0.000413,-0.002043,-0.000481
19194.550455,8.952,0.554281,0.001068,0.000411,-0.002035,-0.000483
19197.065164,8.953,1.521211,0.001065,0.00041,-0.002044,-0.000484
19198.31551,8.954,-1.786874,0.001063,0.000408,-0.002038,-0.000485
19200.847134,8.955,0.426091,0.001053,0.000402,-0.002035,-0.000491
19202.112499,8.956,2.413777,0.001039,0.000392,-0.002034,-0.0005
19204.629199,8.957,2.434749,0.001039,0.000397,-0.002039,-0.0005
19207.144212,8.958,0.762592,0.001048,0.000402,-0.002044,-0.000492
19208.393932,8.959,0.778067,0.00104,0.000393,-0.002047,-0.000501
19210.893395,8.96,0.725593,0.001032,0.000393,-0.002051,-0.000499
19212.159594,8.96,0.720956,0.001034,0.000397,-0.002048,-0.000495
19214.674797,8.962,0.782964,0.001046,0.000405,-0.002037,-0.000489
19217.175432,8.963,0.8465,0.001058,0.000411,-0.002042,-0.000482
19218.440479999997,8.964,0.580569,0.00106,0.000416,-0.002041,-0.000477
19220.957324,8.965,0.663076,0.00104,0.000408,-0.002051,-0.000484
19222.222717999997,8.965,0.806079,0.001031,0.000399,-0.002052,-0.000491
19224.752809999998,8.967,1.460355,0.001038,0.000404,-0.002053,-0.000491
19227.283886999998,8.968,0.858055,0.001038,0.000406,-0.002051,-0.000484
19228.534255,8.969,0.638354,0.001039,0.000409,-0.002059,-0.000484
19231.065454,8.97,0.836144,0.001029,0.000404,-0.002052,-0.000485
19232.33114,8.971,0.93001,0.001027,0.000402,-0.00206,-0.000489
19234.847277,8.972,0.54487,0.001025,0.000406,-0.002056,-0.000487
19236.11205,8.973,0.851535,0.001022,0.000401,-0.002064,-0.000491
19238.61219,8.974,1.661079,0.001018,0.0004,-0.002065,-0.000495
19241.127969999998,8.974,0.989068,0.001018,0.000403,-0.00206,-0.000491
19242.377445,8.976,0.919219,0.001009,0.000399,-0.002058,-0.000495
19244.893519999998,8.977,0.988495,0.000991,0.00038,-0.002061,-0.000511
19246.137770999998,8.978,1.021366,0.000991,0.000387,-0.002061,-0.00051
19248.628694,8.979,1.07974,0.000998,0.000392,-0.002059,-0.000506
19251.144334999997,8.981,0.631319,0.001007,0.000401,-0.002056,-0.000496
19252.409321,8.981,1.049235,0.001003,0.0004,-0.002054,-0.000496
19254.904732,8.983,0.993678,0.001011,0.000402,-0.002053,-0.000496
19256.143377,8.983,1.139244,0.001017,0.000406,-0.002063,-0.000495
19258.660149,8.984,1.461087,0.001011,0.000405,-0.002068,-0.000494
19261.190361,8.986,1.054243,0.001,0.000404,-0.002064,-0.000495
19262.456092,8.987,0.900534,0.000991,0.000397,-0.002066,-0.000502
19264.970847,8.988,0.816833,0.000985,0.000394,-0.002064,-0.000501
19266.222294,8.989,1.057628,0.000991,0.000397,-0.002065,-0.0005
19268.752366,8.99,1.036736,0.000978,0.000393,-0.002065,-0.000508
19271.284104,8.991,1.176646,0.000979,0.000394,-0.002065,-0.000503
19272.534653,8.992,1.145048,0.000971,0.000386,-0.002069,-0.000512
19276.30012,8.993,1.233741,0.000963,0.000389,-0.002062,-0.000511
19278.799754,8.995,1.2684,0.00095,0.000378,-0.002061,-0.000521
19281.30028,8.996,1.315898,0.000949,0.000378,-0.002056,-0.000524
19282.564906,8.997,1.293786,0.000953,0.000382,-0.002056,-0.000517
19285.066168999998,8.998,1.371189,0.000944,0.000373,-0.002061,-0.000528
19286.330932,8.998,1.274819,0.000936,0.000369,-0.002065,-0.000535
19288.830477,9.0,1.415684,0.000938,0.000369,-0.002063,-0.000532
19290.09734,9.0,1.237794,0.000942,0.000375,-0.002059,-0.000525
19292.612068,9.002,1.093682,0.000957,0.00039,-0.002061,-0.00051
19295.129813,9.003,1.197983,0.000963,0.000393,-0.002069,-0.000506
19296.393165999998,9.004,1.428412,0.000957,0.000396,-0.002069,-0.0005
19298.908196,9.005,-0.676005,0.000953,0.000393,-0.002079,-0.000505
19300.160078,9.005,1.418671,0.000949,0.000389,-0.002083,-0.000514
19302.674389,9.007,3.062711,0.000941,0.000384,-0.002079,-0.000521
19305.205933999998,9.008,1.46279,0.000938,0.000385,-0.00207,-0.000523
19306.457079,9.009,1.357496,0.00094,0.000389,-0.002076,-0.00052
19308.972525999998,9.01,1.425473,0.00094,0.000391,-0.00208,-0.000516
19310.237922,9.011,1.492648,0.000938,0.000392,-0.002081,-0.000513
19312.737813,9.012,0.922116,0.00093,0.000382,-0.002083,-0.000519
19315.238339,9.014,1.554486,0.000932,0.000382,-0.002084,-0.000524
19316.502227999998,9.014,0.051928,0.000933,0.000388,-0.002087,-0.000518
19319.002372,9.015,1.579877,0.000936,0.000395,-0.002089,-0.000509
19320.252936999997,9.016,0.688202,0.000929,0.000391,-0.002084,-0.00051
19322.768741,9.017,1.454423,0.000915,0.000379,-0.002081,-0.000524
19325.284687,9.018,1.717909,0.000926,0.00038,-0.002081,-0.000531
19326.534907999998,9.019,1.601633,0.00093,0.00039,-0.002082,-0.000525
19329.050702,9.02,1.567086,0.000921,0.000389,-0.002082,-0.000517
19330.316123,9.021,1.649572,0.000927,0.000391,-0.002087,-0.000517
19332.830972,9.022,1.681584,0.000928,0.000399,-0.002083,-0.000508
19334.097861,9.022,1.596302,0.000922,0.000403,-0.002081,-0.000507
19336.627956,9.023,1.383943,0.000924,0.000403,-0.002082,-0.000504
19339.129661,9.025,1.767656,0.000927,0.000405,-0.002084,-0.000502
19340.393989,9.025,1.674066,0.000928,0.000406,-0.002079,-0.000502
19342.909668,9.026,0.237431,0.000917,0.0004,-0.002081,-0.00051
19344.159365,9.027,1.804458,0.000912,0.000395,-0.002082,-0.000513
19346.659622,9.028,1.095374,0.000904,0.000392,-0.002079,-0.000521
19349.191111,9.029,1.835993,0.000902,0.000389,-0.002069,-0.000519
19350.456061,9.03,2.085913,0.000904,0.000394,-0.002075,-0.000521
19352.973133,9.031,1.835218,0.000906,0.000399,-0.002075,-0.000517
19354.222411,9.031,1.710057,0.000902,0.000396,-0.002071,-0.000524
19356.753114,9.032,1.870822,0.000888,0.000393,-0.002078,-0.000531
19359.283975,9.034,1.953059,0.000877,0.000383,-0.002073,-0.000538
19360.533336,9.034,1.753507,0.00088,0.000384,-0.00208,-0.000538
19363.050368,9.035,2.104662,0.000885,0.000392,-0.00207,-0.000529
19364.315064,9.036,2.072512,0.000887,0.000395,-0.002064,-0.000525
19366.832236,9.037,2.317678,0.000897,0.000401,-0.002064,-0.00052
19368.097302,9.038,2.09481,0.000891,0.000401,-0.002062,-0.00052
19370.612140999998,9.039,1.552772,0.000873,0.000389,-0.002066,-0.000535
19373.127879,9.04,2.131883,0.000877,0.000391,-0.002072,-0.000533
19374.379901,9.04,0.176532,0.000879,0.000395,-0.002076,-0.000529
19376.909766999997,9.042,2.029539,0.000894,0.000405,-0.002069,-0.000524
19378.159915,9.042,3.329093,0.000898,0.000412,-0.002073,-0.000516
19380.674208,9.043,2.251002,0.000899,0.000413,-0.002071,-0.000517
19383.174467999997,9.045,2.281183,0.0009,0.000417,-0.002071,-0.000513
19384.424951,9.045,2.336437,0.000898,0.000415,-0.00207,-0.000518
19386.94013,9.046,2.300377,0.000888,0.000408,-0.00207,-0.000531
19388.190307999997,9.047,2.291231,0.000884,0.000408,-0.002064,-0.000528
19390.70562,9.048,3.325082,0.000887,0.000412,-0.002064,-0.000523
19393.222168,9.049,2.380025,0.000879,0.000408,-0.00207,-0.000528
19394.472695,9.05,2.430356,0.000876,0.000404,-0.002069,-0.000535
19396.957656,9.051,2.541443,0.000869,0.000401,-0.002066,-0.000534
19398.207333,9.051,2.498014,0.000864,0.000398,-0.002068,-0.000539
19400.723109,9.052,2.440993,0.000857,0.000399,-0.00207,-0.00054
19403.253016,9.054,2.438786,0.000857,0.0004,-0.002074,-0.000541
19404.520166,9.054,2.447604,0.000853,0.000397,-0.002073,-0.000542
19407.033663,9.055,2.510837,0.000842,0.000392,-0.002074,-0.000554
19408.284099,9.056,2.25236,0.000838,0.000388,-0.00207,-0.000557
19410.800034,9.057,2.435136,0.000835,0.000391,-0.002069,-0.000556
19413.299925,9.058,2.787209,0.000831,0.000388,-0.00207,-0.00056
19414.550548,9.058,2.623245,0.000833,0.000391,-0.002077,-0.000562
19417.082153,9.06,2.514959,0.000832,0.00039,-0.002066,-0.000561
19418.347185,9.06,2.664461,0.00083,0.000391,-0.002071,-0.000561
19420.847788,9.061,2.66245,0.000828,0.000397,-0.002074,-0.000555
19422.112393,9.062,2.639378,0.000829,0.000399,-0.002067,-0.000557
19424.628396,9.063,3.462966,0.000836,0.000405,-0.002069,-0.000553
19427.159746999998,9.064,2.836267,0.000836,0.000407,-0.002069,-0.000553
19428.410305999998,9.064,2.762332,0.000836,0.000408,-0.002063,-0.000551
19430.925266,9.066,2.739053,0.000836,0.000409,-0.00207,-0.000551
19432.17518,9.066,2.9221,0.000829,0.000403,-0.002072,-0.000554
19434.691059999997,9.067,2.951306,0.000819,0.000398,-0.002069,-0.000561
19437.207381,9.068,2.845248,0.00082,0.000404,-0.00207,-0.00056
19438.456048,9.069,2.715423,0.000819,0.000405,-0.002072,-0.000559
19440.957648,9.07,2.832601,0.000818,0.000402,-0.002064,-0.000558
19442.222244999997,9.071,2.992628,0.000817,0.000404,-0.002061,-0.00056
19444.73723,9.072,2.979036,0.00082,0.000408,-0.00206,-0.000558
19447.239293,9.073,2.76273,0.000818,0.000409,-0.002055,-0.000561
19448.503363,9.073,3.041421,0.000817,0.000409,-0.002064,-0.000559
19451.033585999998,9.074,3.013144,0.000819,0.000413,-0.002063,-0.000554
19452.28353,9.075,2.910949,0.000819,0.000415,-0.002068,-0.000556
19454.785484,9.076,3.227327,0.000815,0.000411,-0.002066,-0.000563
19457.284257,9.077,3.197379,0.000813,0.000413,-0.00206,-0.000561
19458.535484,9.078,4.072688,0.000815,0.000416,-0.002055,-0.000561
19461.034169,9.079,3.14204,0.00081,0.000414,-0.002059,-0.000562
19462.284527,9.079,4.255226,0.000808,0.000412,-0.002052,-0.000565
19467.316317,9.082,3.582976,0.00081,0.000425,-0.002057,-0.000555
19468.580648,9.082,3.296237,0.00081,0.000425,-0.002053,-0.000558
19471.097263,9.083,3.29376,0.000811,0.000425,-0.002055,-0.000558
19472.362194999998,9.084,3.333061,0.000812,0.000426,-0.002054,-0.000559
19474.878118,9.085,3.533281,0.000804,0.000425,-0.002049,-0.000561
19476.127937999998,9.086,3.609003,0.000804,0.000426,-0.002057,-0.000563
19478.629058,9.087,3.471984,0.000803,0.000426,-0.002059,-0.000565
19481.145175999998,9.088,3.1795,0.000799,0.000426,-0.002056,-0.000566
19482.409315,9.088,3.636739,0.000798,0.000427,-0.002051,-0.000568
19484.925155999998,9.089,3.33669,0.0008,0.000428,-0.002053,-0.000567
19486.175914,9.09,3.866425,0.0008,0.000428,-0.002049,-0.000568
19488.707718999998,9.091,3.605136,0.000797,0.000428,-0.002051,-0.000571
19491.238025,9.092,2.735202,0.000797,0.000429,-0.002055,-0.00057
19492.488144,9.092,3.524835,0.000796,0.000429,-0.002051,-0.000568
19495.020063,9.093,3.641737,0.000795,0.000435,-0.002052,-0.000566
19496.284536,9.094,3.716137,0.000794,0.000434,-0.002047,-0.000566
19498.783582,9.095,3.762177,0.000792,0.000438,-0.002046,-0.000563
19501.285233,9.096,3.796077,0.000793,0.00044,-0.002052,-0.000565
19502.535765,9.096,3.852403,0.000793,0.000439,-0.002044,-0.000564
19505.049488,9.097,3.960508,0.000794,0.000442,-0.002046,-0.000564
19506.29975,9.098,4.7037,0.000796,0.000445,-0.002045,-0.000563
19508.816244999998,9.099,3.947951,0.000803,0.00045,-0.002048,-0.000561
19511.346553,9.1,4.842262,0.000799,0.00045,-0.002047,-0.000563
19512.596793,9.101,4.046512,0.0008,0.00045,-0.002044,-0.000563
19515.096645999998,9.102,3.96471,0.000799,0.000452,-0.002042,-0.000563
19516.363256,9.102,3.80325,0.000795,0.000452,-0.002042,-0.000565
19518.894254,9.103,3.963781,0.000794,0.000451,-0.002043,-0.000562
19520.160167,9.104,3.997337,0.000792,0.000452,-0.002038,-0.000563
19522.676038999998,9.105,3.864297,0.000787,0.000452,-0.002037,-0.000568
19525.20528,9.106,4.105713,0.000777,0.00045,-0.002044,-0.000574
19526.471170999997,9.107,3.970583,0.000775,0.000449,-0.002036,-0.000575
19528.986827999997,9.108,4.448199,0.000772,0.000449,-0.002043,-0.000579
19530.237182999997,9.109,4.758524,0.000771,0.000448,-0.00204,-0.000579
19532.737866,9.11,4.029296,0.00077,0.000449,-0.002036,-0.000577
19535.253018,9.111,4.041647,0.000769,0.000453,-0.002036,-0.000575
19536.519043,9.111,4.117867,0.000768,0.000455,-0.002039,-0.000574
19539.034198999998,9.112,4.086428,0.000767,0.00046,-0.002031,-0.000572
19540.284258,9.113,4.09593,0.000767,0.00046,-0.002036,-0.000573
19542.784438,9.114,4.239575,0.000766,0.000459,-0.002035,-0.000579
19545.285260999997,9.115,4.426813,0.000764,0.000457,-0.002033,-0.00058
19546.529906,9.116,4.127194,0.000765,0.00046,-0.002033,-0.00058
19549.033846,9.117,4.126647,0.000765,0.00046,-0.002032,-0.00058
19550.283992999997,9.117,4.324353,0.000764,0.000462,-0.00203,-0.000577
19552.783796,9.118,4.196321,0.000759,0.000465,-0.002027,-0.000578
19555.29974,9.118,4.399603,0.000758,0.000466,-0.002027,-0.000576
19556.565645,9.12,4.697519,0.000756,0.000465,-0.002024,-0.000576
19559.078958,9.121,4.733706,0.000754,0.000467,-0.002027,-0.00058
19560.330886,9.121,4.716141,0.000755,0.000468,-0.002033,-0.000579
19562.862912,9.122,4.54868,0.000752,0.000467,-0.002026,-0.000581
19564.127975,9.123,4.740709,0.000755,0.00047,-0.002031,-0.000582
19566.659139,9.124,4.67589,0.000753,0.000471,-0.002026,-0.000582
19569.191002,9.125,4.879871,0.000753,0.000473,-0.002035,-0.000584
19570.457125999998,9.125,4.540096,0.000752,0.000473,-0.002032,-0.000583
19572.987912,9.126,5.221919,0.000755,0.000478,-0.002036,-0.000581
19574.236011999998,9.126,4.570257,0.000754,0.000477,-0.002032,-0.000582
19576.737667999998,9.127,5.156368,0.000751,0.000477,-0.002032,-0.000584
19579.238276,9.128,4.680065,0.000747,0.000479,-0.002031,-0.000586
19580.489014,9.129,4.852868,0.000747,0.000477,-0.002036,-0.000589
19583.019714,9.13,4.777003,0.000738,0.000476,-0.002037,-0.000591
19584.284907999998,9.131,5.247524,0.000735,0.000478,-0.002039,-0.00059
19586.784397,9.131,5.110684,0.000743,0.000483,-0.002036,-0.000586
19589.285461,9.132,4.843907,0.000745,0.000486,-0.002033,-0.000583
19590.55066,9.133,5.308294,0.000744,0.000485,-0.002032,-0.000587
19593.065534999998,9.134,5.248506,0.000742,0.000482,-0.002033,-0.000586
19594.33051,9.134,5.151216,0.000742,0.000483,-0.002035,-0.000588
19596.848288999998,9.135,5.251986,0.000735,0.000481,-0.002031,-0.000595
19598.11254,9.136,5.036316,0.000732,0.000479,-0.002033,-0.0006
19600.628191,9.137,5.113553,0.000723,0.000478,-0.002032,-0.000601
19603.143948999998,9.138,5.199874,0.00072,0.000479,-0.002028,-0.0006
19604.39434,9.139,5.434456,0.000717,0.000481,-0.002031,-0.000602
19606.92442,9.14,5.120458,0.000716,0.000479,-0.002034,-0.000604
19608.175004,9.14,5.608053,0.000708,0.000472,-0.002033,-0.000612
19610.69186,9.141,5.570072,0.0007,0.00047,-0.002034,-0.000616
19613.221705,9.142,5.362796,0.000698,0.000469,-0.002037,-0.000617
19614.488027,9.143,5.315146,0.000698,0.000469,-0.002038,-0.00062
19616.988187,9.144,5.522795,0.000686,0.000465,-0.002032,-0.000626
19618.253037,9.144,5.515996,0.00068,0.000461,-0.002026,-0.00063
19620.753016,9.145,5.410073,0.000687,0.000462,-0.00203,-0.00063
19623.26931,9.146,5.646035,0.000691,0.000467,-0.002031,-0.00063
19624.533657,9.147,5.591799,0.000682,0.000467,-0.002033,-0.000633
19627.035264,9.148,5.772356,0.000676,0.000465,-0.002036,-0.000639
19628.3014,9.148,5.752914,0.000676,0.000465,-0.00204,-0.00064
19630.814833,9.149,5.735809,0.000683,0.000473,-0.002041,-0.000634
19633.315412,9.15,5.723432,0.000686,0.000477,-0.002048,-0.000629
19634.581006,9.151,5.784467,0.000676,0.000472,-0.002042,-0.000635
19637.080674,9.152,6.158489,0.000666,0.000469,-0.002044,-0.00064
19638.332704,9.152,5.753657,0.000665,0.000472,-0.002042,-0.000637
19640.846451999998,9.153,5.64221,0.000666,0.000474,-0.002046,-0.000638
19643.362730999997,9.154,5.881785,0.000654,0.000461,-0.002042,-0.000654
19644.628008,9.155,6.192699,0.000657,0.000465,-0.002046,-0.000655
19647.145076,9.156,6.123908,0.000661,0.000472,-0.002046,-0.000647
19648.410073,9.156,5.974958,0.000658,0.000471,-0.002053,-0.000648
19650.94125,9.157,5.787176,0.000647,0.000466,-0.002053,-0.000655
19652.207638,9.158,6.43578,0.000644,0.000464,-0.00206,-0.000661
19654.737214999997,9.159,6.10096,0.000636,0.00046,-0.002048,-0.000664
19657.252861,9.16,6.139526,0.000641,0.000467,-0.002047,-0.00066
19658.503966,9.16,5.999818,0.000641,0.000466,-0.002052,-0.000665
19661.019839,9.161,6.296764,0.000647,0.000471,-0.002053,-0.000662
19662.283497,9.162,6.494319,0.000646,0.000473,-0.002055,-0.000658
19664.785112999998,9.162,5.966671,0.000637,0.000475,-0.002052,-0.000656
19667.315189,9.164,6.618091,0.000632,0.000465,-0.002055,-0.000668
19668.566145,9.164,6.334479,0.000617,0.000462,-0.002053,-0.000677
19671.080984,9.165,6.461013,0.000628,0.000471,-0.002056,-0.00067
19672.332297999998,9.165,6.404758,0.000632,0.000471,-0.002051,-0.000671
19674.833107,9.166,6.844757,0.000626,0.000468,-0.002057,-0.000675
19677.362988,9.167,6.334161,0.000619,0.000466,-0.002053,-0.000677
19678.628693,9.168,6.980639,0.000618,0.000468,-0.002062,-0.000678
19681.144226,9.169,6.578835,0.000604,0.000457,-0.002055,-0.000691
19682.409506,9.169,6.850866,0.000604,0.000459,-0.00206,-0.000694
19684.925124999998,9.171,6.379738,0.000603,0.000467,-0.002062,-0.000687
19686.175649,9.171,6.890866,0.000606,0.000467,-0.002058,-0.000687
19688.705885,9.172,6.752485,0.0006,0.000466,-0.002064,-0.000694
19691.222317,9.173,6.468875,0.000599,0.000466,-0.002064,-0.000693
19692.469986,9.173,7.084756,0.000604,0.000473,-0.002069,-0.000689
19694.987858,9.174,6.921038,0.000603,0.000475,-0.002062,-0.000687
19696.236044999998,9.175,6.905686,0.000602,0.000477,-0.002059,-0.000683
19698.737579,9.176,7.183932,0.000587,0.000458,-0.002062,-0.000708
19701.252714,9.177,6.630308,0.000583,0.000463,-0.002053,-0.000703
19702.503045999998,9.177,6.773043,0.000583,0.000467,-0.002062,-0.0007
19705.019248,9.178,6.694796,0.000589,0.000474,-0.00207,-0.000694
19708.785213,9.18,6.433868,0.000587,0.000476,-0.002067,-0.000696
19711.315947,9.181,7.20109,0.000579,0.000473,-0.002073,-0.0007
19712.581588999998,9.181,7.05862,0.000578,0.00047,-0.002069,-0.000703
19715.09546,9.182,6.802047,0.000581,0.000472,-0.002069,-0.000703
19716.347128999998,9.183,7.317636,0.000573,0.000472,-0.00207,-0.000706
19718.862241,9.184,7.290757,0.000569,0.00047,-0.002068,-0.000708
19721.379423,9.185,7.307491,0.000571,0.000473,-0.002073,-0.000711
19722.6273,9.185,7.660159,0.000566,0.000471,-0.002073,-0.000715
19725.144829999997,9.186,6.97145,0.000565,0.000474,-0.002072,-0.000713
19726.4103,9.186,7.275352,0.000555,0.000469,-0.002071,-0.000717
19728.924379,9.187,6.904358,0.000553,0.000469,-0.002072,-0.00072
19730.175343,9.188,7.439602,0.000538,0.000458,-0.002067,-0.000731
19732.70612,9.189,7.056655,0.000548,0.000467,-0.002084,-0.000725
19735.221338,9.19,6.876948,0.000549,0.000476,-0.002082,-0.000716
19736.473099,9.19,7.515086,0.000535,0.000463,-0.002075,-0.000731
19738.9884,9.191,7.56162,0.000528,0.000454,-0.002072,-0.000747
19740.253064,9.192,7.488367,0.000528,0.000456,-0.002076,-0.000745
19742.769872,9.193,7.382498,0.000527,0.000459,-0.002076,-0.000744
19745.284448,9.194,8.709292,0.000506,0.000442,-0.002075,-0.000765
19746.535744999997,9.194,7.851659,0.000508,0.000447,-0.00207,-0.000762
19749.049983,9.195,7.522098,0.000505,0.000451,-0.002069,-0.000763
19750.300248,9.196,7.683957,0.000509,0.000454,-0.002075,-0.000762
19752.815476,9.197,7.84725,0.000503,0.000449,-0.002066,-0.000766
19755.330961,9.198,7.518274,0.000508,0.000454,-0.00207,-0.000762
19756.59618,9.198,8.07381,0.000521,0.000463,-0.002076,-0.00076
19759.113162999998,9.199,7.530969,0.000523,0.000471,-0.002073,-0.000755
19760.362641,9.2,7.95976,0.000528,0.000478,-0.002082,-0.000749
19762.878096,9.201,8.001247,0.000512,0.000471,-0.00208,-0.000752
19764.144297,9.201,8.073491,0.000512,0.000472,-0.002076,-0.000752
19766.675004,9.202,7.987117,0.000512,0.000473,-0.002071,-0.000756
19769.173306999997,9.203,7.874873,0.00051,0.000475,-0.002071,-0.000759
19770.424216,9.204,8.547221,0.00051,0.000475,-0.002076,-0.000759
19772.925579,9.205,8.537607,0.000508,0.000475,-0.002077,-0.000758
19774.192511999998,9.205,7.767197,0.000504,0.000471,-0.002076,-0.000759
19776.706175,9.206,8.573569,0.000502,0.000475,-0.002077,-0.000759
19779.221085999998,9.207,8.447195,0.000496,0.000474,-0.002073,-0.00076
19780.48523,9.208,7.796679,0.000498,0.000478,-0.002075,-0.00076
19782.987712,9.209,8.930541,0.000493,0.000473,-0.002075,-0.000765
19784.237856,9.209,8.449001,0.000488,0.00047,-0.002069,-0.000771
19786.769814,9.211,8.296172,0.000485,0.00047,-0.002073,-0.000777
19789.283989,9.212,8.852134,0.000477,0.000472,-0.002068,-0.000777
19790.534845,9.212,7.672802,0.000478,0.000475,-0.002069,-0.000778
19793.0658,9.213,8.11705,0.000473,0.000471,-0.002062,-0.00078
19794.332621999998,9.213,8.764591,0.000475,0.000475,-0.002067,-0.00078
19796.847589999998,9.214,8.271684,0.000475,0.00048,-0.002063,-0.000774
19799.378731999997,9.215,8.562201,0.000477,0.000483,-0.002066,-0.000775
19800.612245,9.216,8.812399,0.000477,0.000483,-0.002062,-0.000773
19803.143849,9.217,9.160128,0.000476,0.000485,-0.002057,-0.000772
19804.394169,9.217,8.263238,0.000474,0.000485,-0.00205,-0.000769
19806.909261999997,9.218,9.181855,0.000475,0.000488,-0.002055,-0.00077
19808.160106,9.219,8.075829,0.000479,0.000494,-0.002057,-0.000769
19810.67481,9.219,8.695959,0.000483,0.000498,-0.002052,-0.000771
19813.174189999998,9.22,8.960447,0.000471,0.000495,-0.002054,-0.000775
19814.425163,9.221,9.082254,0.000469,0.000493,-0.002053,-0.000778
19816.941156,9.221,9.001776,0.00047,0.000494,-0.002047,-0.000778
19818.206047,9.222,8.50499,0.000471,0.000493,-0.002046,-0.000778
19820.705584,9.223,8.975746,0.000469,0.000495,-0.002045,-0.000779
19823.237704,9.224,8.798004,0.000474,0.000502,-0.002049,-0.00078
19824.488082,9.224,9.036622,0.00047,0.000499,-0.002046,-0.000781
19826.987557,9.225,8.636092,0.000468,0.000505,-0.002048,-0.000779
19828.238084999997,9.225,9.086981,0.000471,0.000507,-0.002054,-0.000779
19830.737555,9.226,8.660368,0.000471,0.000505,-0.002051,-0.000784
19833.253058,9.227,8.878003,0.000458,0.000501,-0.002045,-0.000788
19834.519091,9.228,9.157737,0.000457,0.000502,-0.002052,-0.000788
19837.035567,9.228,8.844803,0.000458,0.000503,-0.002053,-0.000787
19838.28419,9.229,8.811602,0.000455,0.000505,-0.002051,-0.000787
19840.800492,9.23,9.208255,0.000452,0.000505,-0.00205,-0.000786
19843.330897,9.231,8.975269,0.00045,0.000505,-0.002053,-0.000792
19844.582339,9.231,9.583021,0.000449,0.000502,-0.00205,-0.00079
19847.076016,9.232,9.206874,0.000447,0.0005,-0.002044,-0.000793
19848.315049,9.232,9.542756,0.000445,0.000501,-0.00205,-0.000795
19850.816099,9.234,9.340048,0.000441,0.000501,-0.002051,-0.000798
19853.34771,9.235,9.593433,0.000447,0.000503,-0.002045,-0.000796
19854.597705,9.235,9.910139,0.000445,0.000507,-0.002051,-0.000793
19857.110385,9.236,9.549981,0.000442,0.000506,-0.002046,-0.000796
19858.347916,9.237,9.342278,0.000438,0.000505,-0.002048,-0.000797
19860.863051,9.238,10.326499,0.000434,0.000512,-0.002048,-0.000796
19863.377722999998,9.239,9.638161,0.000434,0.000511,-0.00204,-0.000797
19864.627987,9.239,9.871998,0.000435,0.000512,-0.002047,-0.000798
19867.129283,9.24,9.421004,0.000432,0.000515,-0.002048,-0.0008
19868.393114,9.241,10.049316,0.000427,0.000514,-0.002045,-0.000799
19870.894039,9.242,9.882197,0.000426,0.000514,-0.002047,-0.000801
19872.14347,9.242,9.198428,0.000417,0.000513,-0.002041,-0.000801
19874.64419,9.243,9.628864,0.00041,0.000513,-0.002048,-0.000806
19877.144334999997,9.244,9.32358,0.000414,0.000514,-0.002047,-0.000804
19878.409519,9.245,10.792526,0.000419,0.000515,-0.002047,-0.000804
19880.941048,9.246,9.781427,0.00042,0.000521,-0.002053,-0.000802
19882.188522,9.246,10.055265,0.000414,0.000521,-0.00205,-0.000803
19884.707556999998,9.247,9.90387,0.000407,0.000519,-0.002044,-0.000807
19887.237692,9.248,10.211759,0.000405,0.000516,-0.002045,-0.000814
19888.502601,9.248,9.724163,0.000401,0.000516,-0.002048,-0.000817
19891.018254,9.249,10.286659,0.000398,0.000516,-0.002038,-0.000817
19892.269235,9.25,11.345673,0.000399,0.000519,-0.002041,-0.000814
19894.784177999998,9.251,10.554865,0.000401,0.000522,-0.002047,-0.000812
19897.28505,9.252,10.125278,0.000393,0.000518,-0.002045,-0.00082
19898.534914,9.252,10.192422,0.000392,0.00052,-0.002045,-0.000819
19901.034293,9.253,9.874973,0.000393,0.000522,-0.002045,-0.000819
19902.285065,9.254,10.099462,0.000396,0.000523,-0.002041,-0.000819
19904.815346,9.255,10.379779,0.000399,0.000525,-0.00205,-0.000819
19907.34807,9.256,10.30626,0.000395,0.000525,-0.002044,-0.000822
19908.61267,9.256,10.377601,0.000393,0.000526,-0.002049,-0.000824
19911.112345999998,9.257,10.301266,0.000385,0.000526,-0.002044,-0.000828
19912.377680999998,9.258,10.145198,0.000384,0.000527,-0.002046,-0.000825
19914.89407,9.259,10.42371,0.000381,0.00053,-0.002035,-0.000823
19916.143777999998,9.259,10.606923,0.000383,0.000531,-0.002039,-0.000825
19918.643817,9.26,10.377973,0.000388,0.000533,-0.002044,-0.000823
19921.144061,9.261,10.716671,0.000391,0.000535,-0.002045,-0.00082
19922.40992,9.262,10.501638,0.000391,0.000534,-0.002048,-0.000819
19924.939746,9.263,10.457123,0.000382,0.000537,-0.00205,-0.000822
19926.190187,9.263,10.355078,0.000382,0.000538,-0.002049,-0.000821
19928.722175,9.264,10.310563,0.000383,0.000541,-0.002047,-0.000821
19931.238049,9.265,9.979834,0.00038,0.000539,-0.002047,-0.000826
19932.501265,9.266,10.608304,0.000374,0.000535,-0.002041,-0.000833
19935.019975,9.267,10.40772,0.000377,0.000536,-0.002048,-0.000838
19936.283818,9.267,10.704027,0.000377,0.000537,-0.002044,-0.000835
19938.816027999997,9.268,11.185462,0.000372,0.000537,-0.002041,-0.000838
19941.3314,9.269,10.770216,0.000368,0.000536,-0.002043,-0.000841
19942.597682,9.27,10.63428,0.000369,0.000537,-0.002047,-0.000843
19945.113056,9.271,10.510775,0.000369,0.00054,-0.002042,-0.000839
19946.377821,9.271,10.675236,0.000368,0.00054,-0.002045,-0.00084
19948.876884999998,9.272,10.689525,0.000362,0.000541,-0.002041,-0.00084
19951.393913,9.273,11.07614,0.000358,0.00054,-0.002036,-0.000844
19952.640478999998,9.274,11.049154,0.000358,0.000543,-0.002039,-0.000842
19955.128321,9.275,10.540469,0.000353,0.000544,-0.00204,-0.000842
19956.39389,9.275,11.143603,0.000353,0.000541,-0.002034,-0.000845
19958.910687,9.276,10.741052,0.000344,0.000545,-0.002035,-0.000845
19960.174495,9.276,10.497919,0.000346,0.000543,-0.002033,-0.000848
19962.675025,9.277,10.803204,0.000346,0.000546,-0.002033,-0.000845
19965.175176999997,9.278,11.377067,0.000344,0.000545,-0.002035,-0.000849
19966.441401,9.279,10.828596,0.000346,0.000545,-0.002034,-0.000848
19968.971371,9.28,10.77744,0.000345,0.000548,-0.00204,-0.00085
19970.222672,9.28,11.03699,0.000343,0.000546,-0.002031,-0.000848
19972.73764,9.281,11.387957,0.000341,0.000546,-0.002037,-0.000854
19975.253129999997,9.282,11.250375,0.000336,0.000549,-0.002043,-0.000855
19976.519528999997,9.283,11.149446,0.000335,0.000547,-0.002038,-0.000854
19979.050679,9.284,11.368675,0.000331,0.000547,-0.002041,-0.000859
19980.315165,9.284,11.84437,0.000331,0.000548,-0.002042,-0.000861
19982.83255,9.284,11.245488,0.000329,0.000548,-0.002037,-0.000859
19985.347521,9.285,11.063975,0.00033,0.000549,-0.002038,-0.000856
19986.612577,9.285,11.116564,0.000334,0.000552,-0.002042,-0.000855
19989.127798999998,9.285,11.581954,0.000331,0.000548,-0.002039,-0.000853
19990.377684,9.285,11.114492,0.000331,0.00055,-0.002045,-0.000853
19992.877825,9.285,11.389657,0.000336,0.00055,-0.002045,-0.000856
19995.377927999998,9.285,11.04533,0.000334,0.000551,-0.002045,-0.000855
19996.628716,9.285,11.601662,0.000333,0.000551,-0.002039,-0.000856
19999.159202,9.285,11.302486,0.000339,0.000556,-0.002041,-0.000852
20000.410326999998,9.285,10.948754,0.000341,0.000557,-0.002036,-0.000851
20002.941009,9.285,11.067322,0.000341,0.000557,-0.002042,-0.000854
20004.20606,9.285,11.143337,0.000339,0.000555,-0.002044,-0.000856
20006.737503,9.285,11.229551,0.000337,0.00055,-0.002037,-0.000861
20009.252905999998,9.285,11.324372,0.000337,0.000547,-0.00204,-0.000863
20010.502662,9.285,11.396031,0.000337,0.000549,-0.002039,-0.000864
20013.01991,9.285,11.166763,0.000334,0.000551,-0.002032,-0.000857
20014.284003,9.285,10.983867,0.000329,0.000551,-0.002039,-0.000857
20016.799247,9.285,11.225461,0.000333,0.000549,-0.002036,-0.000857
20019.299312,9.285,11.26902,0.000335,0.000554,-0.002036,-0.000854
20020.548948,9.285,10.904133,0.00034,0.000558,-0.00204,-0.000851
20023.065387,9.285,11.107003,0.00034,0.000554,-0.002041,-0.000853
20024.330904,9.285,11.108543,0.000339,0.000553,-0.002042,-0.000853
20026.847756,9.285,11.306151,0.000337,0.00055,-0.002039,-0.000856
20029.377097,9.285,11.030881,0.000333,0.000546,-0.002035,-0.000857
20030.627972,9.285,11.041983,0.000331,0.000545,-0.002036,-0.000864
20033.144626999998,9.285,11.203257,0.000331,0.000545,-0.00203,-0.000863
20034.410299,9.285,11.037574,0.000321,0.000538,-0.002034,-0.000871
20036.909336,9.285,11.28756,0.000307,0.00053,-0.002043,-0.000879
20038.160008,9.285,11.297811,0.000305,0.000529,-0.002046,-0.000881
20040.675202,9.285,11.567239,0.000297,0.00052,-0.002048,-0.000889
20043.191261,9.285,11.045435,0.000302,0.000523,-0.00205,-0.000884
20044.456256999998,9.285,11.24331,0.000301,0.000521,-0.002055,-0.000886
20046.988318,9.285,11.574942,0.000305,0.000525,-0.002049,-0.000882
20048.253107,9.285,12.048087,0.000311,0.000529,-0.002055,-0.000879
20050.769344,9.285,11.474278,0.000313,0.000537,-0.002062,-0.000873
20053.283597999998,9.285,10.847134,0.000299,0.000522,-0.002059,-0.000881
20054.535042,9.285,11.689682,0.000294,0.00052,-0.002063,-0.000885
20057.06658,9.285,11.231092,0.000292,0.00051,-0.002058,-0.000897
20058.331908,9.285,11.247719,0.000285,0.000502,-0.00206,-0.000909
20060.862685,9.285,10.919272,0.000288,0.000507,-0.002058,-0.000903
20063.394528,9.285,11.405699,0.000287,0.000508,-0.002067,-0.000902
20064.659236,9.285,11.281557,0.000296,0.000508,-0.002065,-0.000903
20067.190554,9.285,11.194811,0.000301,0.000519,-0.002055,-0.000889
20068.457393999997,9.285,12.016268,0.000305,0.000523,-0.002062,-0.000885
20070.956866,9.285,11.356882,0.000298,0.000517,-0.002074,-0.000885
20072.222479,9.285,11.178715,0.000296,0.000518,-0.002074,-0.000884
20074.707277999998,9.285,10.733828,0.000289,0.000507,-0.002076,-0.000896
20077.237043999998,9.285,11.321025,0.000291,0.000504,-0.002073,-0.000908
20078.487138,9.285,11.291862,0.000302,0.000513,-0.002068,-0.0009
20081.002738,9.285,11.001131,0.000285,0.000502,-0.002065,-0.000904
20082.252410999998,9.285,10.794332,0.000271,0.000495,-0.002068,-0.000913
20084.752663,9.285,10.938237,0.00027,0.000493,-0.002069,-0.000918
20087.269354,9.285,11.645964,0.000282,0.0005,-0.002066,-0.000909
20088.534352,9.285,10.943283,0.000287,0.000503,-0.002064,-0.000907
20091.033513,9.285,11.218184,0.000291,0.000503,-0.002079,-0.000908
20092.28416,9.285,11.765379,0.000284,0.000496,-0.00208,-0.000917
20094.785039,9.285,11.372234,0.000261,0.000482,-0.002078,-0.000931
20097.31565,9.285,11.03189,0.000262,0.000485,-0.002071,-0.000925
20098.565537,9.285,11.074811,0.000271,0.000489,-0.002075,-0.00092
20101.08252,9.285,10.784559,0.000294,0.000505,-0.002074,-0.000906
20102.33241,9.285,10.854093,0.000293,0.000511,-0.002083,-0.000903
20104.831161,9.285,10.821052,0.000282,0.000505,-0.00208,-0.000905
20107.330874,9.285,11.803839,0.000287,0.000505,-0.002081,-0.000902
20108.598142,9.285,11.43874,0.000289,0.000505,-0.002084,-0.0009
20111.112648,9.285,11.085276,0.000283,0.000503,-0.002085,-0.0009
20112.358561999998,9.285,11.205966,0.000278,0.000499,-0.002086,-0.000907
20114.877923,9.285,10.939458,0.000282,0.000499,-0.002092,-0.000908
20117.394313999997,9.285,10.919166,0.000295,0.000514,-0.002086,-0.00089
20118.659097,9.285,11.171544,0.0003,0.000518,-0.00209,-0.000886
20121.175703999997,9.285,11.635022,0.00029,0.000502,-0.002088,-0.000907
20122.441887999998,9.285,11.366709,0.000285,0.00049,-0.00209,-0.00092
20124.956823,9.285,10.520177,0.000286,0.000496,-0.002086,-0.000916
20126.223156,9.285,11.156989,0.000289,0.000506,-0.002084,-0.000905
20128.722522,9.285,11.056697,0.000286,0.000502,-0.002084,-0.000905
20131.237006,9.285,10.984398,0.000288,0.000501,-0.002082,-0.000909
20132.487583,9.285,10.891065,0.000294,0.000505,-0.002083,-0.000905
20134.988544,9.285,11.230136,0.000301,0.000515,-0.002084,-0.000896
20136.252795,9.285,11.174731,0.000299,0.000515,-0.002083,-0.000894
20138.769828,9.285,10.913057,0.000298,0.000518,-0.002086,-0.000891
20141.284745999998,9.285,10.862965,0.000302,0.000518,-0.002083,-0.000888
20142.53515,9.285,11.336908,0.000305,0.00052,-0.002083,-0.000884
20145.035121999998,9.285,10.69574,0.000299,0.000512,-0.002083,-0.000893
20146.300316,9.285,10.586472,0.000295,0.000508,-0.002082,-0.000897
20148.799494,9.285,11.47635,0.000287,0.000504,-0.002079,-0.000904
20151.315248,9.285,11.358954,0.000281,0.000498,-0.002076,-0.00091
20152.565989,9.285,10.96825,0.000274,0.000489,-0.002066,-0.000918
20155.081473,9.285,10.969099,0.000273,0.000495,-0.002072,-0.000912
20156.347101,9.285,11.180097,0.000279,0.000501,-0.002074,-0.000907
20158.848098,9.285,10.901052,0.000283,0.000505,-0.002071,-0.000905
20161.363011999998,9.285,10.851437,0.000283,0.000499,-0.002072,-0.000909
20162.628525,9.285,10.596192,0.00028,0.000498,-0.002076,-0.000908
20165.144642,9.285,11.193217,0.000285,0.000503,-0.002069,-0.000904
20166.40992,9.285,11.285381,0.000282,0.000502,-0.002074,-0.000907
20168.942198,9.285,10.77404,0.000281,0.000495,-0.002063,-0.000909
20170.207001,9.285,10.70509,0.000281,0.000499,-0.002073,-0.000906
20172.737261,9.285,11.246869,0.000285,0.000503,-0.00207,-0.000901
20175.252532,9.285,11.372871,0.000282,0.000497,-0.002069,-0.000907
20176.519231,9.285,11.100363,0.000278,0.000496,-0.002066,-0.000914
20179.033697,9.285,10.689207,0.000276,0.000493,-0.002068,-0.000915
20180.283416,9.285,11.348117,0.000274,0.000494,-0.002076,-0.000917
20182.784093,9.285,10.983017,0.000278,0.000493,-0.002076,-0.00092
20185.300386,9.285,11.271623,0.000274,0.000493,-0.002074,-0.00092
20186.566129,9.285,11.675871,0.000274,0.000494,-0.002072,-0.000916
20189.082734,9.285,10.789764,0.000277,0.000495,-0.002074,-0.000912
20190.346413,9.285,11.475447,0.000279,0.000496,-0.002068,-0.000908
20192.863122,9.285,11.057654,0.00028,0.000498,-0.002071,-0.000913
20195.362126,9.285,11.116989,0.00028,0.000499,-0.002065,-0.000908
20196.628632,9.285,11.637518,0.00028,0.000498,-0.002064,-0.000906
20199.159309,9.285,11.166391,0.000281,0.0005,-0.002075,-0.000912
20200.410017,9.285,11.149286,0.000282,0.000497,-0.002073,-0.000909
20202.924057,9.285,10.832739,0.000278,0.000501,-0.002072,-0.000909
20204.174506,9.285,10.869498,0.000283,0.000503,-0.002077,-0.000908
20206.691264999998,9.285,11.476244,0.000279,0.000498,-0.002073,-0.000914
20209.222253,9.285,10.526817,0.00028,0.000499,-0.002066,-0.000909
20210.487995,9.285,10.786895,0.00028,0.0005,-0.002074,-0.000907
20212.987365999998,9.285,10.86169,0.000284,0.000501,-0.002072,-0.000904
20214.237865,9.285,11.26323,0.000288,0.000505,-0.002071,-0.0009
20216.738095,9.285,11.223124,0.000285,0.000503,-0.002064,-0.000906
20219.252837,9.285,10.949232,0.00029,0.000506,-0.002066,-0.000899
20220.503248,9.285,11.274757,0.000289,0.000506,-0.00206,-0.000899
20223.019307,9.285,11.238635,0.000287,0.000506,-0.002058,-0.000898
20224.285499999998,9.285,11.095316,0.000291,0.000506,-0.002058,-0.000897
20226.784172,9.285,11.348117,0.000292,0.000507,-0.002066,-0.000899
20229.284871,9.285,10.582116,0.000292,0.000509,-0.002068,-0.000895
20230.535379999998,9.285,11.000493,0.000292,0.000509,-0.00206,-0.000895
20233.04923,9.285,10.881291,0.000292,0.000507,-0.002061,-0.000898
20234.30083,9.285,11.050907,0.000293,0.000507,-0.002061,-0.000898
20236.785271999997,9.285,10.42031,0.00029,0.000504,-0.002061,-0.000903
20239.283373,9.285,10.910135,0.000292,0.000507,-0.002068,-0.000901
20240.533625,9.285,11.266683,0.00029,0.000508,-0.002058,-0.000897
20243.034764,9.285,11.600281,0.000291,0.000507,-0.002056,-0.000897
20244.284897999998,9.285,11.330056,0.000293,0.000512,-0.002063,-0.000896
20246.784471,9.285,11.394916,0.000298,0.000513,-0.002063,-0.000894
20249.299638,9.285,11.304346,0.0003,0.000515,-0.002061,-0.00089
20250.550945,9.285,11.263602,0.000299,0.000517,-0.002056,-0.000888
20253.082454,9.285,11.373668,0.000301,0.000515,-0.002061,-0.000888
20254.331158,9.285,11.415368,0.000301,0.000517,-0.00206,-0.000888
20256.863477,9.285,11.024453,0.000305,0.000521,-0.002061,-0.000886
20259.378205999998,9.285,11.313217,0.000311,0.000525,-0.00206,-0.000883
20260.627479,9.285,11.228064,0.000307,0.000523,-0.002052,-0.000884
20263.129307,9.285,11.308011,0.000306,0.000523,-0.002047,-0.000885
20264.377996,9.285,11.139353,0.000307,0.000525,-0.002051,-0.000884
20266.893333,9.285,11.186364,0.000308,0.000526,-0.00205,-0.000883
20268.159266,9.285,11.758102,0.000308,0.000526,-0.002048,-0.000876
20270.691295999997,9.285,11.285488,0.000307,0.000523,-0.002053,-0.00088
20273.221711,9.285,11.299777,0.000311,0.000526,-0.002049,-0.000879
20274.472730999998,9.285,11.419245,0.000318,0.00053,-0.002055,-0.000876
20276.987484999998,9.285,11.264664,0.000321,0.000532,-0.002054,-0.000876
20278.237594,9.285,11.103709,0.000322,0.000533,-0.00205,-0.000875
20280.738213,9.285,11.205806,0.000329,0.000533,-0.002048,-0.000873
20283.270022,9.285,11.272738,0.000335,0.000539,-0.002054,-0.000871
20284.53326,9.285,11.125223,0.000333,0.000541,-0.002049,-0.000867
20287.034865999998,9.285,11.091651,0.000333,0.00054,-0.002049,-0.000863
20288.285002999997,9.285,11.327612,0.000335,0.000542,-0.002054,-0.000861
20290.785599,9.285,11.307002,0.000329,0.000543,-0.00205,-0.000861
20293.28501,9.285,11.190136,0.000336,0.000543,-0.002055,-0.000863
20294.535147,9.285,11.563787,0.000337,0.000545,-0.002056,-0.000861
20297.035601,9.285,11.682087,0.000332,0.000542,-0.002046,-0.000864
20298.284868,9.285,11.576377,0.00033,0.000543,-0.002048,-0.000863
20300.800495,9.285,11.131119,0.000329,0.000544,-0.00205,-0.000861
20303.314985999998,9.285,11.287984,0.000323,0.000538,-0.002044,-0.000868
20304.564269,9.285,11.459936,0.000326,0.000541,-0.002043,-0.000865
20307.081109,9.285,11.20246,0.000328,0.000544,-0.002047,-0.000862
20308.332413,9.285,11.245966,0.00033,0.000543,-0.002039,-0.000862
20310.848058,9.285,10.998582,0.000336,0.000547,-0.002037,-0.000857
20313.347782,9.285,11.054094,0.000336,0.000547,-0.002038,-0.000858
20314.612656999998,9.285,11.18084,0.000335,0.000545,-0.002043,-0.000861
20317.143446,9.285,11.33335,0.000326,0.00054,-0.002037,-0.000864
20318.409959,9.285,11.10185,0.000325,0.00054,-0.002037,-0.000866
20320.924676,9.285,11.287718,0.000327,0.000538,-0.002035,-0.000865
20322.174519,9.285,11.672684,0.000326,0.00054,-0.002038,-0.000863
20324.691307,9.285,11.250481,0.000327,0.000541,-0.002042,-0.000864
20327.207728999998,9.285,11.242991,0.000329,0.000544,-0.002041,-0.000862
20328.471359,9.285,11.508223,0.000332,0.000544,-0.002041,-0.00086
20330.987792,9.285,11.150137,0.000334,0.000545,-0.002041,-0.000861
20332.237611,9.285,11.205647,0.000333,0.000544,-0.002034,-0.00086
20334.752899,9.285,11.886707,0.000336,0.000549,-0.002035,-0.000858
20337.269847,9.285,11.142009,0.000339,0.000551,-0.002035,-0.000855
20338.533816,9.285,11.405169,0.000338,0.000549,-0.002031,-0.000857
20341.034650999998,9.285,11.291012,0.00034,0.000549,-0.002032,-0.000859
20342.284807,9.285,10.792048,0.000342,0.000551,-0.002038,-0.000856
20344.784595999998,9.285,11.006762,0.000344,0.000554,-0.002036,-0.000855
20347.284324,9.285,10.890693,0.000346,0.000555,-0.002038,-0.000851
20348.534934,9.285,10.957785,0.000345,0.000553,-0.002031,-0.00085
20351.0494,9.286,10.926338,0.000347,0.000554,-0.00203,-0.00085
20352.300475,9.286,11.072261,0.000351,0.000558,-0.002035,-0.000849
20354.799734,9.286,11.339883,0.000352,0.000562,-0.002038,-0.000846
20357.315461,9.286,10.675023,0.000349,0.000557,-0.002037,-0.000848
20358.581265999997,9.286,11.340573,0.000348,0.000557,-0.002034,-0.00085
20361.112729,9.286,11.569524,0.000347,0.000558,-0.002038,-0.000849
20362.378929,9.286,11.274013,0.000346,0.000556,-0.002037,-0.00085
20364.909147,9.286,11.209525,0.000343,0.000555,-0.002038,-0.000854
20366.158609,9.286,11.544929,0.000338,0.000553,-0.002037,-0.000855
20368.675402999997,9.286,10.760017,0.000338,0.000553,-0.002038,-0.000855
20371.207338,9.286,11.106737,0.000337,0.000554,-0.002032,-0.000854
20372.455971,9.286,11.06918,0.000337,0.000554,-0.002033,-0.000852
20374.973157,9.286,10.739937,0.000342,0.000557,-0.002032,-0.000848
20376.237332999997,9.286,11.201557,0.000342,0.000557,-0.002029,-0.000845
20378.737692,9.286,11.696111,0.000347,0.00056,-0.002028,-0.000844
20381.238104,9.286,11.087295,0.000352,0.00056,-0.002026,-0.000843
20382.500851,9.286,11.226471,0.00036,0.000563,-0.002031,-0.000843
20385.003168,9.286,11.376537,0.00036,0.000562,-0.002034,-0.000842
20386.268264,9.286,11.498289,0.000354,0.00056,-0.00203,-0.000844
20388.769661,9.286,10.810959,0.000357,0.000562,-0.002026,-0.000842
20391.284326999998,9.286,11.635765,0.00036,0.000563,-0.00203,-0.000842
20392.533683999998,9.286,11.433747,0.000359,0.000563,-0.002023,-0.000839
20395.03542,9.286,10.907426,0.000362,0.000566,-0.002027,-0.000837
20396.284085,9.286,11.097812,0.000354,0.000563,-0.002029,-0.000841
20398.785513,9.286,11.080389,0.000349,0.000556,-0.002032,-0.000849
20401.299823999998,9.286,11.242195,0.000341,0.00055,-0.002032,-0.000856
20402.565722,9.286,11.255847,0.000331,0.000545,-0.00203,-0.000859
20405.081072999998,9.286,11.20347,0.000329,0.000542,-0.002033,-0.00086
20406.332760999998,9.286,11.233323,0.000328,0.000542,-0.002028,-0.000862
20408.831029999998,9.286,11.135528,0.00033,0.000541,-0.002026,-0.000862
20411.347358,9.286,11.565115,0.00033,0.00054,-0.002025,-0.000862
20412.597949,9.286,11.025621,0.000332,0.000539,-0.002035,-0.000865
20415.11117,9.286,10.869232,0.000324,0.000537,-0.002038,-0.000865
20416.362179,9.286,10.689579,0.000327,0.00054,-0.002032,-0.000863
20418.879575,9.286,10.802991,0.000317,0.000528,-0.002028,-0.000873
20421.409783,9.286,11.134944,0.000312,0.000527,-0.002043,-0.000879
20422.66057,9.286,11.142009,0.000315,0.000526,-0.002039,-0.000876
20425.191275999998,9.286,11.198742,0.000318,0.00053,-0.002045,-0.000877
20426.455594,9.286,10.987213,0.00033,0.000537,-0.002041,-0.000869
20428.97154,9.286,11.393482,0.000327,0.000539,-0.002051,-0.000868
20430.237492,9.286,11.268011,0.000328,0.000536,-0.002045,-0.000869
20432.752237,9.286,11.289525,0.000323,0.000536,-0.002045,-0.000867
20435.253364,9.286,11.247294,0.000317,0.000525,-0.002043,-0.00088
20436.520218999998,9.286,11.555765,0.000317,0.000528,-0.002045,-0.000879
20439.034434999998,9.286,11.134944,0.000312,0.000525,-0.002045,-0.000879
20440.284971,9.286,10.989019,0.00031,0.000522,-0.002052,-0.000884
20442.799931999998,9.286,11.080761,0.000308,0.000525,-0.002043,-0.000882
20445.299978,9.286,10.636565,0.000302,0.000519,-0.002043,-0.000888
20446.564993,9.286,11.73627,0.000305,0.000521,-0.002048,-0.000887
20449.066035,9.286,11.262221,0.000309,0.000526,-0.002045,-0.000881
20450.315558,9.286,11.303708,0.000312,0.000525,-0.002036,-0.000879
20452.832711,9.286,11.304451,0.000319,0.000535,-0.002044,-0.000872
20455.330617,9.286,10.744559,0.000328,0.000537,-0.002048,-0.000868
20456.58223,9.286,11.48044,0.000329,0.000537,-0.00205,-0.000867
20459.082337,9.286,11.211915,0.000329,0.000538,-0.002054,-0.000865
20460.330263,9.286,10.913322,0.000331,0.000538,-0.002056,-0.000866
20462.862261,9.286,11.211278,0.000323,0.000533,-0.002055,-0.000875
20465.377749,9.286,11.403309,0.000316,0.00053,-0.002056,-0.000877
20466.611103,9.286,11.270189,0.000318,0.000529,-0.002051,-0.000874
20469.113065999998,9.286,10.777121,0.000315,0.00053,-0.002046,-0.000875
20470.379850999998,9.286,11.34238,0.000316,0.00053,-0.002052,-0.000875
20472.894017,9.286,11.431463,0.00032,0.000531,-0.002059,-0.000873
20475.393704,9.286,11.179884,0.000299,0.000511,-0.002058,-0.000894
20476.659098,9.286,11.552153,0.000298,0.000511,-0.002063,-0.000894
20479.159485,9.286,10.751145,0.000307,0.000516,-0.002063,-0.00089
20480.409895,9.286,11.231836,0.000313,0.000516,-0.002063,-0.000888
20482.924552999997,9.286,11.326231,0.000318,0.000523,-0.002068,-0.000883
20484.174230999997,9.286,11.027746,0.000319,0.000524,-0.002058,-0.00088
20486.674788,9.286,11.087932,0.000324,0.000533,-0.002055,-0.00087
20489.190447,9.286,10.964478,0.00032,0.000532,-0.002061,-0.000871
20490.455332999998,9.286,11.053882,0.000319,0.000528,-0.002062,-0.000873
20492.95781,9.286,11.108384,0.000309,0.000519,-0.002071,-0.000887
20494.207227,9.286,11.482299,0.000304,0.000514,-0.002074,-0.00089
20496.721945999998,9.286,10.925859,0.000307,0.000514,-0.002074,-0.000893
20499.222224999998,9.286,11.08262,0.000306,0.000518,-0.002073,-0.000892
20500.487727,9.286,11.099778,0.000312,0.000522,-0.002071,-0.000887
20503.002764999997,9.286,11.440016,0.000313,0.000521,-0.002073,-0.000886
20504.269936,9.286,10.950932,0.000314,0.000523,-0.002071,-0.000886
20506.784921,9.286,10.676671,0.000314,0.000524,-0.00207,-0.000883
20509.316042,9.286,10.96995,0.000293,0.000499,-0.002077,-0.000907
20510.581414,9.286,10.921928,0.000286,0.000495,-0.002071,-0.00091
20513.11224,9.286,11.450639,0.000298,0.000504,-0.002075,-0.0009
20514.377103,9.286,10.8125,0.000296,0.000505,-0.002073,-0.000904
20516.894163999998,9.286,10.522249,0.000297,0.000506,-0.002073,-0.000905
20519.409635,9.286,10.483842,0.000295,0.000509,-0.002062,-0.000897
20520.674267,9.286,11.765061,0.000299,0.00051,-0.002065,-0.000898
20523.191668,9.286,11.23837,0.000298,0.000511,-0.002075,-0.000899
20524.457388,9.286,10.954757,0.0003,0.000517,-0.002076,-0.000891
20526.956695999997,9.286,11.337067,0.000303,0.000518,-0.002068,-0.000888
20528.221389,9.286,11.003894,0.000301,0.000512,-0.002067,-0.000892
20530.737234,9.286,11.036299,0.000298,0.000507,-0.002073,-0.000897
20533.238353,9.286,11.228649,0.000303,0.000513,-0.002074,-0.000891
20534.502302999997,9.286,11.421105,0.000306,0.00052,-0.002077,-0.000891
20537.033842999997,9.286,11.139034,0.000305,0.000514,-0.00207,-0.000891
20538.283842999997,9.286,10.987798,0.000298,0.000508,-0.002077,-0.000899
20540.784195,9.286,11.579404,0.000296,0.000505,-0.002083,-0.000906
20543.29998,9.286,11.479962,0.000308,0.000512,-0.002084,-0.000892
20544.565597,9.286,11.217068,0.000311,0.000515,-0.002083,-0.000887
20547.082177,9.286,11.265886,0.000297,0.00051,-0.002076,-0.00089
20548.332315,9.286,10.723045,0.000296,0.000504,-0.002075,-0.000898
20550.846704,9.286,10.729153,0.000296,0.000508,-0.002072,-0.000899
20553.347971,9.286,11.182381,0.000299,0.000513,-0.002067,-0.000896
20554.612434,9.286,10.486871,0.000298,0.000515,-0.002072,-0.000892
20557.128421999998,9.286,11.007452,0.000307,0.000517,-0.002076,-0.000886
20558.379337,9.286,10.857546,0.000313,0.000518,-0.002079,-0.000886
20560.893980999997,9.286,11.373721,0.000318,0.000523,-0.002074,-0.000879
20562.159933,9.286,11.023975,0.00032,0.000525,-0.002079,-0.000878
20564.691265999998,9.286,11.010164,0.000314,0.000522,-0.002073,-0.000882
20567.206795,9.286,10.864186,0.000306,0.000519,-0.002067,-0.000886
20568.472297,9.286,10.740521,0.000306,0.00052,-0.002072,-0.000881
20570.988009,9.286,10.714918,0.000307,0.000519,-0.002072,-0.000884
20572.252808999998,9.286,11.128623,0.000306,0.000518,-0.002072,-0.000885
20574.768395,9.286,11.338767,0.000305,0.000517,-0.00207,-0.000886
20577.283509,9.286,11.30562,0.000311,0.000522,-0.002073,-0.000886
20578.534304999997,9.286,11.333084,0.000314,0.000522,-0.002074,-0.000883
20581.033865999998,9.286,10.964372,0.00032,0.000527,-0.002071,-0.000877
20582.284208999998,9.286,11.258396,0.000317,0.000528,-0.002077,-0.000877
20584.80071,9.286,11.267214,0.000308,0.000516,-0.002081,-0.000888
20587.330898,9.286,10.847559,0.000311,0.000515,-0.002082,-0.00089
20588.582443,9.286,11.154917,0.000306,0.000514,-0.002082,-0.000889
20591.098019999998,9.286,11.113005,0.000305,0.000515,-0.002078,-0.000888
20592.340915,9.286,11.081079,0.000302,0.000512,-0.002081,-0.000894
20594.831114,9.286,10.974624,0.000293,0.000504,-0.00207,-0.000905
20597.331282,9.286,11.066099,0.000288,0.000499,-0.002063,-0.000912
20598.598285,9.286,11.088251,0.000288,0.000498,-0.002076,-0.000911
20601.097319,9.286,11.619298,0.000279,0.000493,-0.002075,-0.000911
20602.346987999998,9.286,10.923203,0.000276,0.000494,-0.002084,-0.000909
20604.862306,9.286,11.160229,0.000279,0.000496,-0.002079,-0.000909
20607.37904,9.286,11.58307,0.000284,0.000498,-0.002074,-0.00091
20608.643604999997,9.286,11.352047,0.000284,0.000499,-0.002074,-0.000911
20611.159863,9.286,11.361875,0.000281,0.000496,-0.002074,-0.00091
20612.410432,9.286,11.348807,0.000282,0.000496,-0.002083,-0.000915
20614.925123,9.286,11.118051,0.000281,0.000495,-0.002078,-0.000912
20616.191023,9.286,11.492923,0.000282,0.000494,-0.00208,-0.000914
20618.722685,9.286,11.011226,0.000283,0.000498,-0.002072,-0.000906
20621.237992,9.286,10.987532,0.000296,0.000508,-0.002069,-0.000897
20622.487929,9.286,11.023603,0.000304,0.000512,-0.002068,-0.000894
20625.019678,9.286,11.830452,0.000309,0.000518,-0.002062,-0.000885
20626.285486999997,9.286,11.192155,0.000304,0.000516,-0.002066,-0.000888
20628.784142,9.286,10.808729,0.00031,0.000517,-0.002063,-0.000889
20631.283159,9.286,11.215103,0.000312,0.000517,-0.002066,-0.00089
20632.535084,9.286,10.857068,0.000306,0.000512,-0.002073,-0.000895
20635.035783,9.286,11.043204,0.000301,0.000516,-0.002074,-0.00089
20636.300080999998,9.286,11.252394,0.000301,0.000514,-0.00207,-0.00089
20638.831017,9.286,11.986308,0.000296,0.000508,-0.002061,-0.000902
20641.362129999998,9.286,10.866948,0.000291,0.000503,-0.002069,-0.00091
20642.612787,9.286,11.405965,0.000292,0.000502,-0.002062,-0.000908
20645.112908,9.286,10.816697,0.000296,0.000508,-0.002064,-0.000898
20646.362633999997,9.286,10.842194,0.000299,0.000511,-0.002069,-0.000896
20648.877654,9.286,11.018504,0.000298,0.000511,-0.002066,-0.000896
20651.378008,9.286,10.857228,0.000292,0.000507,-0.002062,-0.000897
20652.628926999998,9.286,10.701584,0.000289,0.000503,-0.002068,-0.000899
20655.143648999998,9.286,11.05914,0.000293,0.000507,-0.002071,-0.0009
20656.394544,9.286,11.343549,0.000293,0.000511,-0.002066,-0.000894
20658.910713999998,9.286,10.746205,0.000298,0.000511,-0.002074,-0.000901
20660.174805,9.286,11.054201,0.000296,0.000512,-0.002064,-0.000899
20662.705444,9.286,10.785196,0.000293,0.000508,-0.002066,-0.000897
20665.206007999997,9.286,10.794226,0.000296,0.000509,-0.002064,-0.000898
20666.457424,9.286,11.019938,0.000296,0.000509,-0.002067,-0.000898
20668.972415,9.286,11.457014,0.000294,0.000504,-0.002069,-0.000902
20670.237868,9.286,11.197732,0.000292,0.000507,-0.002066,-0.000899
20672.737287,9.286,10.872208,0.000294,0.000508,-0.002067,-0.000897
20675.252405,9.286,11.185462,0.000301,0.000512,-0.002068,-0.000895
20676.503531,9.286,11.435075,0.000302,0.000513,-0.002062,-0.000892
20679.033836,9.286,11.00538,0.000303,0.000515,-0.002068,-0.00089
20680.284297,9.286,11.338449,0.000301,0.000512,-0.002061,-0.000891
20682.784981999997,9.286,10.966125,0.000301,0.000514,-0.002058,-0.000889
20685.299729,9.286,11.23412,0.000302,0.000512,-0.002064,-0.000894
20686.550912,9.286,11.356882,0.000301,0.000512,-0.002057,-0.000893
20689.081968,9.286,11.512578,0.000306,0.000521,-0.002058,-0.000882
20690.347166,9.286,11.715605,0.000308,0.000523,-0.002054,-0.000883
20692.877252,9.286,10.703974,0.000315,0.000525,-0.002058,-0.000883
20695.377642,9.286,11.014891,0.000312,0.00052,-0.002058,-0.000887
20696.627697,9.286,11.328728,0.00031,0.00052,-0.002053,-0.000886
20699.127258,9.286,11.338927,0.000311,0.000521,-0.002055,-0.000885
20700.377152,9.286,11.26392,0.000311,0.000524,-0.002056,-0.000887
20702.895103,9.286,10.871517,0.000311,0.000523,-0.002055,-0.000885
20705.392678,9.286,10.599168,0.000314,0.000524,-0.00205,-0.000883
20706.644339,9.286,10.859459,0.000317,0.000525,-0.002057,-0.000883
20709.174852,9.286,11.176962,0.000315,0.000525,-0.002048,-0.000881
20710.425435999998,9.286,11.231942,0.000316,0.000526,-0.002052,-0.000881
20712.955738,9.286,11.067534,0.000316,0.000525,-0.002045,-0.000881
20714.207362999998,9.286,11.063709,0.000316,0.000528,-0.00205,-0.000877
20716.738529,9.286,11.279538,0.000317,0.000528,-0.002051,-0.000875
20719.253655,9.286,11.128888,0.000318,0.000527,-0.002049,-0.000877
20720.519882,9.286,11.039858,0.000319,0.000529,-0.002051,-0.000876
20723.033659,9.286,11.352898,0.000319,0.00053,-0.002049,-0.000874
20724.283979,9.286,11.084745,0.000322,0.00053,-0.002052,-0.000874
20726.799883,9.286,11.267533,0.000321,0.000532,-0.002046,-0.000872
20729.300019,9.286,10.925593,0.000323,0.000533,-0.002047,-0.00087
20730.566033,9.286,11.007718,0.000327,0.000535,-0.002055,-0.00087
20733.098034,9.286,10.860733,0.000328,0.000536,-0.002046,-0.000868
20734.34755,9.286,10.971278,0.00033,0.000539,-0.002049,-0.000864
20736.87821,9.286,11.059513,0.000331,0.000541,-0.002037,-0.000861
20739.378018,9.286,11.110137,0.000331,0.000542,-0.002035,-0.000861
20740.643453,9.286,11.114492,0.000331,0.000543,-0.002036,-0.00086
20743.159223,9.286,11.168835,0.000334,0.000545,-0.002035,-0.000857
20744.424334,9.286,11.127082,0.000334,0.000545,-0.002036,-0.000858
20746.925316,9.286,11.53202,0.000333,0.000545,-0.002036,-0.000857
20749.424471,9.286,10.947426,0.000334,0.000545,-0.002034,-0.000857
20750.674780999998,9.286,10.874651,0.000334,0.000546,-0.002036,-0.000858
20753.206789,9.286,11.611171,0.000335,0.000545,-0.002038,-0.000859
20754.456549,9.286,11.378449,0.000337,0.000548,-0.002036,-0.000855
20756.956205,9.286,11.346364,0.000336,0.000547,-0.002035,-0.000857
20758.221287,9.286,11.257493,0.000337,0.000547,-0.002031,-0.000856
20760.737906,9.286,11.128251,0.000342,0.000551,-0.002032,-0.000851
20763.237672,9.286,11.107056,0.000345,0.000555,-0.002032,-0.000846
20764.487632,9.286,11.660094,0.000348,0.000556,-0.002028,-0.000847
20767.003818999998,9.286,11.026046,0.000348,0.000557,-0.002023,-0.000846
20768.269424,9.286,10.874545,0.000347,0.000556,-0.002028,-0.000847
20770.784333,9.286,10.947214,0.000349,0.000556,-0.002024,-0.000847
20773.285097,9.286,11.237679,0.00035,0.000557,-0.002035,-0.000848
20774.53433,9.286,11.110137,0.000356,0.000558,-0.002036,-0.000849
20777.050629999998,9.286,10.852765,0.000353,0.000557,-0.002035,-0.000852
20778.314937,9.286,11.198264,0.000352,0.000555,-0.002037,-0.000854
20780.815254999998,9.286,11.171119,0.000354,0.000557,-0.002037,-0.000855
20783.329481999997,9.286,11.028544,0.000358,0.000559,-0.002028,-0.000852
20784.580743,9.286,10.88995,0.000359,0.000561,-0.002034,-0.00085
20787.080422,9.286,11.487186,0.000357,0.000562,-0.002038,-0.000849
20788.332142,9.286,10.460151,0.000357,0.000562,-0.002036,-0.000849
20790.832347,9.286,11.160866,0.000357,0.000562,-0.002039,-0.000848
20793.331374999998,9.286,11.477093,0.000355,0.00056,-0.002034,-0.000849
20794.59761,9.286,11.067109,0.000356,0.000561,-0.002042,-0.000848
20797.128109999998,9.286,10.970161,0.000354,0.000558,-0.002037,-0.000848
20798.3778,9.286,10.858714,0.000357,0.00056,-0.002042,-0.000847
20800.89384,9.286,11.130323,0.000351,0.000556,-0.002031,-0.000848
20803.39217,9.286,11.407346,0.000351,0.000558,-0.002034,-0.000848
20804.643774,9.286,11.271358,0.000354,0.000556,-0.00204,-0.000848
20807.143869,9.286,10.648941,0.000352,0.000559,-0.002038,-0.000845
20808.394372,9.286,10.885912,0.000351,0.00056,-0.002033,-0.000843
20810.92551,9.286,10.841769,0.000353,0.000561,-0.002038,-0.000842
20812.174979,9.286,11.218768,0.000356,0.000559,-0.00203,-0.000843
20814.68972,9.286,11.405115,0.000354,0.00056,-0.002033,-0.000844
20817.206101,9.286,11.044745,0.000355,0.000561,-0.002033,-0.000844
20818.457758999997,9.286,11.139193,0.000354,0.000562,-0.002026,-0.000842
20820.973398,9.286,11.396669,0.000356,0.000564,-0.002035,-0.000842
20822.222544,9.286,11.59959,0.000361,0.000563,-0.002032,-0.00084
20824.722478,9.286,11.044161,0.000362,0.000564,-0.002031,-0.000839
20827.252875,9.286,10.669924,0.000363,0.000565,-0.002026,-0.000836
20828.51971,9.286,11.102222,0.00036,0.000563,-0.002024,-0.000839
20831.033625,9.286,10.80416,0.000356,0.000558,-0.002023,-0.000844
20832.284766,9.286,11.726177,0.000356,0.000557,-0.002024,-0.000844
20834.799355,9.286,11.773295,0.000363,0.00056,-0.002025,-0.000839
20837.315413,9.286,10.923681,0.000358,0.000558,-0.002029,-0.000844
20838.581856,9.286,10.919485,0.000359,0.000558,-0.002026,-0.000842
20841.082285999997,9.286,11.188011,0.000346,0.000552,-0.002028,-0.000852
20842.329558999998,9.286,11.176484,0.000345,0.000551,-0.002029,-0.000854
20844.846423,9.286,11.627266,0.000352,0.000555,-0.002033,-0.000849
20847.347818,9.286,10.775634,0.000348,0.000552,-0.002035,-0.000853
20848.61254,9.286,10.926338,0.00035,0.000553,-0.002036,-0.000851
20851.127815,9.286,11.327506,0.000342,0.000545,-0.002034,-0.000858
20852.377768,9.286,11.056166,0.000339,0.000544,-0.002031,-0.000861
20854.894224,9.286,10.920175,0.000344,0.000549,-0.00204,-0.000856
20857.409702999998,9.286,11.270402,0.000348,0.000551,-0.002043,-0.000856
20858.64407,9.286,11.675021,0.000344,0.000548,-0.002038,-0.000857
20861.143738,9.286,10.808304,0.000341,0.000544,-0.002034,-0.000859
20862.394353,9.286,11.070031,0.000342,0.000543,-0.002041,-0.000859
20864.910303999997,9.286,11.058557,0.000336,0.00054,-0.002037,-0.000863
20866.175381,9.286,11.029075,0.00033,0.000539,-0.002032,-0.000864
20868.707836999998,9.286,11.221211,0.000338,0.000542,-0.002037,-0.000862
20871.22248,9.286,11.400281,0.000339,0.000548,-0.002037,-0.000857
20872.472135,9.286,11.172607,0.000335,0.000544,-0.002038,-0.00086
20874.987504,9.286,10.564639,0.000339,0.000544,-0.002043,-0.00086
20876.237929,9.286,11.290162,0.000328,0.000534,-0.002038,-0.000869
20878.737641,9.286,10.841026,0.000331,0.000536,-0.002039,-0.000867
20881.270195999998,9.286,11.928088,0.000347,0.000547,-0.002043,-0.000856
20882.519702999998,9.286,11.130004,0.000351,0.000551,-0.002035,-0.000854
20885.03416,9.286,10.984239,0.000343,0.00054,-0.002032,-0.000863
20886.286484,9.286,11.652392,0.000345,0.000541,-0.002036,-0.000863
20888.784354,9.286,11.305514,0.000346,0.000546,-0.002044,-0.000857
20891.284052,9.286,11.503017,0.000347,0.000547,-0.00205,-0.000855
20892.535042,9.286,11.019831,0.000351,0.000552,-0.002047,-0.00085
20895.034458,9.286,11.177069,0.000345,0.000545,-0.002043,-0.000859
20896.301399,9.286,11.053563,0.000342,0.000539,-0.002044,-0.000863
20898.800368,9.286,11.370534,0.000343,0.000544,-0.002052,-0.000858
20901.331287999998,9.286,10.917519,0.000337,0.000542,-0.002053,-0.000862
20902.581984,9.286,11.03513,0.000336,0.000541,-0.002055,-0.000861
20905.082200999997,9.286,10.557415,0.00033,0.000538,-0.002057,-0.000865
20906.331377,9.286,11.075661,0.00033,0.000536,-0.002054,-0.000867
20908.861995,9.286,11.016325,0.00033,0.000539,-0.00206,-0.000865
20911.362535,9.286,11.576908,0.000333,0.000538,-0.00206,-0.000864
20912.613237999998,9.286,10.77675,0.000328,0.000534,-0.00206,-0.000868
20915.127722999998,9.286,10.998793,0.000323,0.000526,-0.002061,-0.000879
20916.379323999998,9.286,11.319113,0.00032,0.000523,-0.002069,-0.000884
20918.909831999998,9.286,11.436616,0.000319,0.000525,-0.002062,-0.00088
20921.424562,9.286,10.878263,0.000302,0.000509,-0.002063,-0.000898
20922.67539,9.286,11.400865,0.000302,0.000511,-0.002066,-0.000896
20925.189766,9.286,11.384345,0.000315,0.000522,-0.002062,-0.000882
20926.440618,9.286,11.322459,0.000321,0.000527,-0.002068,-0.000877
20928.972416,9.286,11.251544,0.000323,0.000529,-0.002066,-0.000876
20930.23748,9.286,10.65829,0.000327,0.000534,-0.002065,-0.000872
20932.752523,9.286,10.819724,0.000334,0.000539,-0.002067,-0.000867
20935.285515,9.286,10.811809,0.000314,0.000525,-0.002056,-0.000878
20936.550859,9.286,11.402937,0.000311,0.00052,-0.002056,-0.000886
20939.049731,9.286,11.237519,0.00032,0.000529,-0.00206,-0.000879
20940.300141,9.286,11.052235,0.000323,0.000529,-0.002061,-0.000873
20942.830359,9.286,11.08177,0.000304,0.000514,-0.002061,-0.000892
20945.347223,9.286,11.250215,0.0003,0.000514,-0.002062,-0.000895
20946.612143,9.286,10.698556,0.000306,0.000516,-0.00206,-0.000891
20949.127828,9.286,10.89404,0.000312,0.000519,-0.002048,-0.000888
20950.377952,9.286,11.052076,0.000313,0.000519,-0.002049,-0.000888
20952.874547,9.286,11.472897,0.000313,0.000516,-0.002051,-0.000889
20955.377492,9.286,10.688994,0.000302,0.000503,-0.00206,-0.000902
20956.627233,9.286,11.312207,0.000301,0.000506,-0.00206,-0.000901
20959.112205999998,9.286,11.628063,0.000313,0.000516,-0.002065,-0.000897
20960.378785,9.286,11.202725,0.000312,0.000517,-0.002063,-0.000895
20962.909828,9.286,11.485328,0.000314,0.000513,-0.002061,-0.000895
20965.424406,9.286,10.633112,0.000322,0.000528,-0.002065,-0.000878
20966.674721,9.286,11.659457,0.000311,0.000518,-0.002072,-0.000889
20969.175076,9.286,11.296962,0.000305,0.000505,-0.002074,-0.000899
20970.44137,9.286,11.218927,0.000307,0.00051,-0.00207,-0.000894
20972.955255999997,9.286,10.978395,0.000314,0.000516,-0.00208,-0.000888
20974.207236,9.286,11.672684,0.000319,0.000518,-0.002079,-0.000889
20976.707508,9.286,11.123629,0.000313,0.000518,-0.00207,-0.000882
20979.22237,9.286,11.276085,0.000316,0.000523,-0.002074,-0.000879
20980.472515999998,9.286,11.033537,0.00031,0.000513,-0.002073,-0.00089
20982.987605,9.286,11.209366,0.000302,0.000511,-0.002064,-0.000896
20984.237974,9.286,10.851756,0.0003,0.000508,-0.002071,-0.000902
20986.752375,9.286,10.852287,0.000305,0.000509,-0.002066,-0.000896
20989.252775999998,9.286,11.336271,0.000318,0.000522,-0.002079,-0.000882
20990.518038,9.286,11.064984,0.000308,0.000519,-0.002082,-0.000883
20993.033654,9.286,11.167931,0.000309,0.000519,-0.002084,-0.000882
20994.284724999998,9.286,10.913854,0.000307,0.000518,-0.002076,-0.000884
20996.815872,9.286,11.126444,0.000319,0.000523,-0.002077,-0.000884
20999.331349,9.286,11.165913,0.00032,0.000522,-0.002076,-0.000887
21000.598351,9.286,11.10525,0.00032,0.000522,-0.002075,-0.000886
21003.097469,9.286,11.084426,0.000324,0.000522,-0.002075,-0.000886
21004.34725,9.286,11.00655,0.000326,0.00052,-0.002071,-0.000887
21006.862545,9.286,11.126551,0.000325,0.000525,-0.002068,-0.00088
21009.379242,9.286,10.94663,0.00033,0.000532,-0.002073,-0.000871
21010.644333,9.286,11.253031,0.000331,0.000533,-0.002077,-0.000872
21013.159206,9.286,11.866468,0.000333,0.000536,-0.002074,-0.000869
21014.410142,9.286,11.479378,0.000331,0.000534,-0.002076,-0.000871
21016.925333,9.286,11.609099,0.000321,0.000521,-0.002072,-0.000886
21018.19069,9.286,11.403787,0.000313,0.00051,-0.002068,-0.0009
21020.721293,9.286,11.147268,0.000293,0.000499,-0.002067,-0.000909
21023.222176,9.286,11.140309,0.00029,0.000499,-0.002068,-0.000909
21024.48706,9.286,11.182062,0.000288,0.000495,-0.002075,-0.000915
21026.987140999998,9.286,11.74036,0.000281,0.000493,-0.002085,-0.000917
21028.238513,9.286,11.421954,0.000283,0.000495,-0.002076,-0.000915
21030.753130999998,9.286,10.962141,0.000283,0.000492,-0.002078,-0.000916
21033.253263,9.286,11.244531,0.000282,0.000491,-0.002079,-0.000919
21034.502883999998,9.286,10.911411,0.000284,0.000495,-0.002081,-0.000917
21037.019214,9.286,10.892499,0.000287,0.000497,-0.002077,-0.000911
21038.284014999997,9.286,11.151624,0.000284,0.000496,-0.002081,-0.000912
21040.784233,9.286,11.479112,0.000283,0.000493,-0.00208,-0.000917
21043.285594,9.286,11.176591,0.000285,0.000496,-0.002075,-0.000911
21044.533585999998,9.286,11.249472,0.000288,0.000498,-0.002075,-0.000909
21047.035866,9.286,11.273483,0.00029,0.000498,-0.002076,-0.000907
21048.284261999997,9.286,10.865408,0.000287,0.000496,-0.002078,-0.000911
21050.815387,9.286,10.678902,0.000287,0.000497,-0.002073,-0.000914
21053.347202999998,9.286,11.382433,0.000285,0.000495,-0.002066,-0.000914
21054.612332999997,9.286,11.705778,0.000284,0.000495,-0.00207,-0.000915
21057.129160999997,9.286,11.067852,0.000291,0.000499,-0.002071,-0.000909
21058.393547,9.286,10.756086,0.000293,0.0005,-0.002072,-0.000907
21060.894212,9.286,11.435129,0.000292,0.000499,-0.002076,-0.000907
21063.424898999998,9.286,11.20347,0.000289,0.000499,-0.002068,-0.000907
21064.67497,9.286,11.643256,0.000293,0.000503,-0.002072,-0.000906
21067.190859,9.286,11.375367,0.000297,0.000503,-0.002075,-0.000902
21068.457587999997,9.286,10.936749,0.000292,0.000503,-0.002077,-0.000905
21070.987783,9.286,10.828596,0.00029,0.000502,-0.002076,-0.000906
21072.237706,9.286,11.247241,0.000291,0.000501,-0.002076,-0.000905
21074.737343,9.286,11.141531,0.00029,0.000501,-0.00207,-0.000908
21077.252692,9.286,11.414411,0.00029,0.000501,-0.002073,-0.000905
21078.51972,9.286,10.897652,0.000291,0.000503,-0.002066,-0.000904
21081.033268,9.286,10.926656,0.000295,0.000503,-0.002068,-0.000903
21082.284354,9.286,11.081186,0.000296,0.000506,-0.002069,-0.000905
21084.783977,9.286,10.630668,0.000297,0.000505,-0.002071,-0.000899
21087.283111999997,9.286,11.137175,0.000299,0.00051,-0.002068,-0.000894
21088.534642,9.286,10.934412,0.000299,0.00051,-0.002061,-0.000898
21091.035068999998,9.286,11.038796,0.000302,0.00051,-0.002062,-0.0009
21092.284252999998,9.286,11.097547,0.000306,0.000512,-0.00206,-0.000895
21094.78427,9.286,11.422645,0.000303,0.000512,-0.002062,-0.000896
21097.285167,9.286,11.389232,0.0003,0.000511,-0.002054,-0.000895
21098.533313,9.286,11.354651,0.000299,0.000509,-0.002051,-0.000896
21101.049607,9.286,11.514278,0.000303,0.00051,-0.002055,-0.000894
21102.300102999998,9.286,11.318582,0.000306,0.000515,-0.002059,-0.000892
21104.831278999998,9.286,11.069499,0.000306,0.00052,-0.002054,-0.000889
21107.362129,9.286,11.647611,0.000304,0.000512,-0.002058,-0.000894
21108.629429,9.286,11.183018,0.000303,0.000511,-0.002054,-0.000895
21111.159033,9.286,11.430825,0.000303,0.000512,-0.002058,-0.000895
21112.407981999997,9.286,11.618926,0.000306,0.000512,-0.002054,-0.000895
21114.926075,9.286,11.466576,0.000306,0.000516,-0.002062,-0.000893
21117.440269,9.286,11.478581,0.000307,0.000522,-0.002056,-0.000885
21118.705434,9.286,11.354279,0.00031,0.000521,-0.00206,-0.000888
21121.206803999998,9.286,11.16586,0.000314,0.000524,-0.002057,-0.000885
21122.471172999998,9.286,11.365168,0.000317,0.000526,-0.002056,-0.000881
21124.987927,9.286,11.397094,0.00032,0.000526,-0.002055,-0.00088
21126.253407,9.286,11.610586,0.00032,0.000527,-0.002052,-0.000879
21128.785947,9.286,11.063975,0.000325,0.000527,-0.002048,-0.000877
21131.298757999997,9.286,11.499617,0.000332,0.000532,-0.002048,-0.000874
21132.545658,9.286,11.375208,0.000341,0.000536,-0.002047,-0.000872
21135.049688,9.286,10.962247,0.000343,0.000539,-0.002051,-0.00087
21136.300087,9.286,11.392366,0.000344,0.000539,-0.002057,-0.00087
21138.816326,9.286,11.095475,0.00034,0.000539,-0.002052,-0.000868
21141.34707,9.286,10.841238,0.000343,0.00054,-0.002051,-0.000866
21142.597182999998,9.286,10.957466,0.000343,0.000539,-0.002052,-0.000867
21145.113046,9.286,11.104347,0.000335,0.000533,-0.00205,-0.000874
21146.378007,9.286,10.979405,0.000331,0.000532,-0.002053,-0.000874
21148.87922,9.286,11.21011,0.000327,0.000534,-0.002051,-0.000876
21151.394213,9.286,11.034599,0.000322,0.000527,-0.002048,-0.000877
21152.659403999998,9.286,10.803895,0.00032,0.000528,-0.00205,-0.000877
21155.175951999998,9.286,11.267426,0.000324,0.000529,-0.002044,-0.000873
21156.424758,9.286,11.237467,0.000325,0.000532,-0.002044,-0.000875
21158.940915,9.286,11.004106,0.000322,0.00053,-0.002043,-0.000873
21160.206023,9.286,11.615792,0.00032,0.00053,-0.002039,-0.000875
21162.722218,9.286,11.672631,0.000325,0.000533,-0.002038,-0.00087
21165.253661,9.286,11.436775,0.000331,0.000538,-0.002046,-0.000867
21166.518283999998,9.286,11.272951,0.000332,0.00054,-0.002042,-0.000867
21169.035045999997,9.286,11.319804,0.000336,0.000539,-0.002043,-0.000866
21170.299725999997,9.286,11.54153,0.000335,0.000536,-0.002039,-0.000868
21172.815454,9.286,11.050535,0.000335,0.00054,-0.002041,-0.000864
21175.33081,9.286,10.61096,0.000341,0.000546,-0.002045,-0.000859
21176.582317,9.286,11.28756,0.000339,0.000547,-0.002038,-0.000859
21179.097320999997,9.286,10.689579,0.000342,0.000547,-0.00204,-0.000858
21180.362301,9.286,11.226896,0.00034,0.000547,-0.002042,-0.000861
21182.862027,9.286,11.144187,0.000339,0.000543,-0.002043,-0.000863
21185.377978,9.286,11.377811,0.000335,0.000541,-0.002034,-0.000863
21186.626927999998,9.286,10.850321,0.000339,0.000544,-0.002039,-0.000863
21189.143921,9.286,11.397412,0.000341,0.000546,-0.002039,-0.000857
21190.393761,9.286,11.58886,0.00034,0.000549,-0.002033,-0.000858
21192.909518,9.286,11.211863,0.000341,0.000548,-0.002034,-0.00086
21195.424658,9.286,11.264292,0.000343,0.00055,-0.002038,-0.000855
21196.674238,9.286,11.316138,0.000342,0.000548,-0.002033,-0.000854
21199.190323,9.286,11.161079,0.000343,0.00055,-0.002035,-0.000856
21200.439614,9.286,11.153324,0.000345,0.000548,-0.00204,-0.000857
21202.956646,9.286,11.331703,0.000347,0.000553,-0.002036,-0.000857
21204.206153,9.286,11.07853,0.000347,0.000555,-0.002032,-0.000855
21206.722329,9.286,11.118104,0.000351,0.000556,-0.002034,-0.000852
21209.237547999997,9.286,11.310189,0.000354,0.000558,-0.002036,-0.00085
21210.487654,9.286,11.250428,0.000352,0.000556,-0.002029,-0.000849
21213.004031,9.286,11.067003,0.000359,0.000558,-0.002036,-0.000848
21214.254353,9.286,11.412339,0.000357,0.000557,-0.002037,-0.00085
21216.768479,9.286,10.972074,0.000356,0.000555,-0.002034,-0.000851
21219.28375,9.286,11.445168,0.000357,0.000555,-0.002031,-0.000849
21220.533717,9.286,11.017547,0.00036,0.00056,-0.002037,-0.000848
21223.033932,9.286,10.991198,0.000362,0.000562,-0.002037,-0.000847
21224.284957,9.286,11.603734,0.000362,0.000564,-0.002035,-0.000845
21226.815814999998,9.286,10.775475,0.000361,0.000561,-0.002035,-0.000848
21229.332918,9.286,11.130535,0.000365,0.000562,-0.002037,-0.000849
21230.580856,9.286,10.711305,0.000362,0.000561,-0.002034,-0.000848
21233.097079,9.286,11.200442,0.00036,0.000558,-0.002031,-0.000849
21234.347546999998,9.286,10.733032,0.000362,0.000558,-0.002037,-0.00085
21236.877933,9.286,11.314544,0.000356,0.000556,-0.002031,-0.000853
21239.393969999997,9.286,11.626204,0.000361,0.000555,-0.002029,-0.000851
21240.66073,9.286,11.116193,0.000361,0.000556,-0.002034,-0.000851
21243.175206,9.286,10.665409,0.000364,0.000558,-0.002029,-0.000845
21244.425305999997,9.286,11.270348,0.000364,0.000557,-0.002032,-0.000846
21246.955578999998,9.286,11.462432,0.00036,0.000557,-0.002026,-0.00085
21248.207206,9.286,11.471304,0.000362,0.000556,-0.002024,-0.000848
21250.737804,9.286,10.886603,0.000365,0.000559,-0.00203,-0.000843
21253.252212,9.286,10.95396,0.000361,0.000558,-0.002027,-0.000843
21254.517903,9.286,10.717308,0.000358,0.000556,-0.002028,-0.000846
21257.034217,9.286,10.809153,0.000352,0.000552,-0.002026,-0.000851
21258.28471,9.286,10.932127,0.000348,0.000548,-0.002021,-0.000856
21260.783942,9.286,11.068968,0.000347,0.000549,-0.002024,-0.000853
21263.285469,9.286,10.711039,0.000346,0.000548,-0.00203,-0.000855
21264.535298,9.286,11.436509,0.000351,0.000552,-0.002039,-0.000852
21267.050419,9.286,11.148277,0.000347,0.000552,-0.00204,-0.000854
21268.31615,9.286,11.495367,0.000343,0.000545,-0.002044,-0.000859
21270.831281,9.286,10.813987,0.000345,0.000544,-0.002041,-0.000858
21273.362476,9.286,11.03853,0.000344,0.000545,-0.00203,-0.000859
21274.613160999997,9.286,10.952898,0.000348,0.000548,-0.002039,-0.000858
21277.12981,9.286,10.921716,0.000351,0.000553,-0.002042,-0.000855
21278.392641,9.286,11.308435,0.000341,0.000544,-0.002043,-0.000861
21280.892706,9.286,11.086232,0.000333,0.000537,-0.002042,-0.000869
21283.409241999998,9.286,11.292181,0.000343,0.00054,-0.002044,-0.000864
21284.657307999998,9.286,11.521662,0.000343,0.00054,-0.002034,-0.000863
21287.175681,9.286,11.166763,0.00034,0.000544,-0.002039,-0.000858
21288.425507,9.286,11.034068,0.000337,0.000541,-0.002048,-0.000861
21290.956453,9.286,11.144133,0.000339,0.000539,-0.002045,-0.000862
21292.222728,9.286,11.319378,0.000339,0.00054,-0.002048,-0.000863
21294.737885,9.286,11.292924,0.000336,0.000544,-0.002044,-0.00086
21297.237179,9.286,11.000706,0.000333,0.000539,-0.002048,-0.000866
21298.488275,9.286,11.145568,0.000324,0.000531,-0.002037,-0.000873
21301.019504,9.286,11.140362,0.000314,0.000527,-0.002043,-0.000878
21302.283316999998,9.286,10.550137,0.00032,0.000527,-0.002038,-0.000876
21304.78447,9.286,11.518262,0.00033,0.000534,-0.002033,-0.000869
21307.28544,9.286,11.563256,0.000336,0.000538,-0.002042,-0.000864
21308.550301,9.286,11.330003,0.000345,0.000545,-0.002051,-0.00086
21311.065545999998,9.286,11.548966,0.000343,0.000545,-0.002049,-0.000859
21312.328503999997,9.286,11.145781,0.000345,0.000545,-0.002053,-0.00086
21314.830872,9.286,11.658342,0.00034,0.000542,-0.002053,-0.000861
21317.347178,9.286,11.090535,0.000342,0.000544,-0.002052,-0.000858
21318.593135,9.286,11.456217,0.000342,0.000544,-0.002051,-0.000858
21321.082456,9.286,11.211384,0.000345,0.000546,-0.002052,-0.000857
21322.332352999998,9.286,11.821316,0.000347,0.000548,-0.002047,-0.000854
21324.830476,9.286,11.84336,0.000348,0.000549,-0.00205,-0.000853
21327.332527,9.286,11.390932,0.000345,0.000546,-0.002053,-0.000857
21328.580585,9.286,11.095954,0.000348,0.000547,-0.002053,-0.000855
21331.109848,9.286,10.926656,0.000349,0.000549,-0.002052,-0.000853
21332.362255,9.286,10.78068,0.000346,0.000553,-0.002054,-0.000852
21334.893965,9.286,11.283204,0.000346,0.000548,-0.002055,-0.000855
21337.409976,9.286,10.97728,0.000343,0.000546,-0.002055,-0.000859
21338.675686,9.286,11.282619,0.000345,0.000545,-0.002054,-0.000859
21341.206258,9.286,10.875341,0.000352,0.000552,-0.002059,-0.000854
21342.456876,9.286,10.994651,0.000344,0.00055,-0.002054,-0.000854
21344.972647,9.286,11.020841,0.000344,0.00055,-0.002058,-0.000854
21346.236998,9.286,11.957835,0.000344,0.000547,-0.002062,-0.000859
21348.737815,9.286,11.318263,0.000336,0.000541,-0.002057,-0.000861
21351.237198,9.286,11.135953,0.000336,0.000541,-0.002061,-0.000865
21352.486327,9.286,11.064878,0.000334,0.000536,-0.00206,-0.000869
21355.002768,9.286,10.370271,0.000334,0.000535,-0.002071,-0.000868
21356.253428,9.286,11.007399,0.000331,0.000531,-0.002068,-0.000869
21358.784526,9.286,11.202619,0.000325,0.000527,-0.002068,-0.000876
21361.285138,9.286,11.426789,0.000323,0.000528,-0.002066,-0.000875
21362.534353,9.286,11.19667,0.000315,0.00052,-0.002066,-0.000882
21365.035284999998,9.286,11.519325,0.000304,0.000509,-0.002062,-0.000896
21366.284456999998,9.286,11.498608,0.000307,0.000508,-0.002055,-0.000895
21368.800432,9.286,11.257227,0.000326,0.00052,-0.002055,-0.000883
21371.330664999998,9.286,11.160708,0.000315,0.000521,-0.002062,-0.000888
21372.581896,9.286,11.047932,0.00032,0.000525,-0.002062,-0.000883
21375.096805999998,9.286,11.155076,0.000325,0.000527,-0.00206,-0.00088
21376.346915,9.286,11.433322,0.000313,0.00052,-0.002058,-0.000884
21378.846337,9.286,11.571171,0.000309,0.000517,-0.002064,-0.000894
21381.360192,9.286,11.206603,0.000313,0.000518,-0.002068,-0.000892
21382.612439999997,9.286,10.947904,0.000306,0.000518,-0.002068,-0.000896
21385.127871999997,9.286,11.226524,0.000312,0.000523,-0.002069,-0.00089
21386.378716,9.286,10.994226,0.000306,0.000514,-0.002059,-0.00089
21388.894331,9.286,11.307532,0.000309,0.000516,-0.002068,-0.000892
21391.393446,9.286,10.744186,0.000317,0.000518,-0.002068,-0.000889
21392.643772,9.286,11.397466,0.000325,0.000524,-0.002069,-0.000879
21395.175667,9.286,10.936749,0.000328,0.000531,-0.002068,-0.000874
21396.440438999998,9.286,10.989923,0.00032,0.000523,-0.002075,-0.000883
21398.957548,9.286,10.414945,0.000317,0.000509,-0.002074,-0.000893
21401.456024,9.286,11.049685,0.00032,0.000515,-0.002067,-0.000887
21402.706754,9.286,11.01861,0.000323,0.000519,-0.002063,-0.000889
21405.222261,9.286,11.007718,0.000334,0.000524,-0.002063,-0.000884
21406.471621,9.286,10.845966,0.000325,0.000524,-0.002065,-0.000882
21408.987822,9.286,11.276032,0.000322,0.000528,-0.002068,-0.000877
21410.252723999998,9.286,11.325965,0.000321,0.000526,-0.002071,-0.000875
21412.753135,9.286,11.249684,0.000318,0.000524,-0.002077,-0.00088
21415.253638,9.286,11.291384,0.000315,0.000522,-0.002079,-0.000886
21416.518264,9.286,11.249525,0.000315,0.000523,-0.002083,-0.000884
21419.033919999998,9.286,11.174306,0.000319,0.000526,-0.00208,-0.000878
21420.284722999997,9.286,11.259724,0.00032,0.000526,-0.002074,-0.000877
21422.783405,9.286,11.025621,0.000324,0.000531,-0.002069,-0.000872
21425.284236,9.286,11.074067,0.000322,0.000531,-0.002069,-0.000874
21426.533443,9.286,11.329365,0.000325,0.000532,-0.002075,-0.000875
21429.035513,9.286,11.602618,0.000324,0.000524,-0.00207,-0.000884
21430.281446999998,9.286,10.950188,0.000329,0.000526,-0.002069,-0.000885
21432.769504,9.289,10.778503,0.000333,0.000532,-0.002071,-0.000882
21435.284985,9.289,10.396034,0.000323,0.000525,-0.002066,-0.000883
21436.534534,9.289,11.244372,0.000322,0.000522,-0.00207,-0.000885
21439.034344,9.289,11.062169,0.000306,0.000509,-0.002067,-0.000901
21440.284653,9.289,10.910932,0.000298,0.000501,-0.002063,-0.00091
21442.80031,9.289,11.29165,0.000286,0.000492,-0.002069,-0.000914
21445.316035,9.289,11.210907,0.000291,0.000496,-0.002074,-0.000908
21446.582249,9.289,10.745993,0.000293,0.000497,-0.00208,-0.000907
21449.080300999998,9.289,10.889844,0.000294,0.000502,-0.002073,-0.000902
21450.331231,9.289,11.112315,0.000296,0.000505,-0.002075,-0.000901
21452.832128,9.289,10.880866,0.000305,0.000512,-0.002074,-0.000897
21455.347695999997,9.289,11.03869,0.00031,0.000515,-0.002074,-0.000894
21456.596947,9.289,10.469447,0.000311,0.000512,-0.002067,-0.000896
21459.097132,9.289,11.045276,0.000316,0.000513,-0.002069,-0.000896
21460.362449,9.289,11.325594,0.000315,0.000513,-0.002065,-0.000895
21462.863187,9.289,10.848993,0.000318,0.000518,-0.002069,-0.000887
21465.393386,9.289,11.165913,0.000321,0.000519,-0.002069,-0.000883
21466.644289,9.289,10.875394,0.000326,0.000522,-0.002071,-0.000881
21469.159415,9.289,11.383814,0.000329,0.000526,-0.002066,-0.000871
21470.424861,9.289,11.372871,0.000329,0.000524,-0.002071,-0.000871
21472.956782999998,9.289,11.126817,0.000324,0.000516,-0.002068,-0.000878
21474.207257,9.288,11.044161,0.000324,0.000514,-0.002077,-0.000877
21476.722309999997,9.287,11.125647,0.000318,0.000506,-0.002073,-0.000884
21479.233667,9.286,11.226896,0.000324,0.000511,-0.002072,-0.000879
21480.488295,9.286,11.108331,0.000322,0.000508,-0.002071,-0.000879
21483.017625,9.285,10.858184,0.00032,0.000508,-0.002073,-0.000877
21484.269164999998,9.285,10.858821,0.000321,0.000505,-0.002068,-0.000877
21486.784826,9.284,10.669659,0.000331,0.000513,-0.00207,-0.000863
21489.283316999998,9.283,10.619566,0.000343,0.00052,-0.002067,-0.000857
21490.534336,9.283,10.608676,0.000346,0.00052,-0.002059,-0.000855
21493.034344,9.282,10.832845,0.000354,0.000519,-0.002056,-0.000853
21494.284815,9.281,11.001238,0.000361,0.000525,-0.002059,-0.000846
21496.815401,9.28,11.236564,0.000359,0.000523,-0.002052,-0.000844
21499.3165,9.279,10.753854,0.000362,0.000523,-0.002056,-0.000845
21500.581068,9.279,10.418823,0.000365,0.000526,-0.00206,-0.000841
21503.113007,9.278,10.52193,0.000368,0.000529,-0.00206,-0.000838
21504.379227999998,9.278,10.753271,0.000372,0.000528,-0.002065,-0.000834
21506.878201,9.277,10.840972,0.00037,0.000524,-0.002062,-0.000831
21509.377881,9.276,10.509341,0.000358,0.000517,-0.002057,-0.000838
21510.628257,9.276,10.510297,0.000359,0.000515,-0.002061,-0.00084
21513.144352,9.275,10.793323,0.000369,0.000517,-0.002051,-0.000833
21514.410548,9.274,10.071042,0.000376,0.000523,-0.002053,-0.000829
21516.925837,9.273,10.399328,0.000381,0.000525,-0.00205,-0.000825
21519.441072999998,9.272,10.577388,0.000385,0.000528,-0.00205,-0.000821
21520.70584,9.272,10.209262,0.000385,0.000525,-0.002047,-0.00082
21523.237319,9.271,10.134256,0.00039,0.000521,-0.002055,-0.000824
21524.487633999997,9.27,10.134893,0.000388,0.000519,-0.002049,-0.000824
21527.003832,9.269,10.485967,0.000392,0.000519,-0.00205,-0.00082
21528.269397,9.269,10.306472,0.000399,0.000522,-0.002049,-0.000817
21530.785856,9.268,9.952157,0.000407,0.000523,-0.002052,-0.00081
21533.284237,9.267,10.067376,0.000408,0.000525,-0.002059,-0.000808
21534.549194,9.266,9.985252,0.000408,0.000524,-0.002056,-0.000808
21537.050113999998,9.265,9.956619,0.000414,0.000521,-0.002057,-0.000807
21538.300622,9.265,10.100152,0.000418,0.000523,-0.002054,-0.000804
21540.83024,9.264,9.239809,0.000431,0.000529,-0.002057,-0.000797
21543.330788,9.262,10.459353,0.000434,0.000532,-0.002058,-0.000787
21544.581727999997,9.261,9.35949,0.000429,0.00053,-0.002053,-0.000786
21547.098357,9.261,9.737018,0.000429,0.000525,-0.002062,-0.000791
21548.347515999998,9.26,9.468228,0.000428,0.000521,-0.002059,-0.000792
21550.861097,9.26,10.176009,0.000426,0.000517,-0.002055,-0.000794
21553.377843,9.259,10.212449,0.000433,0.000522,-0.002055,-0.000788
21554.627969999998,9.258,10.096115,0.000438,0.000523,-0.002047,-0.000784
21557.144139,9.257,9.426209,0.000443,0.000523,-0.002051,-0.000781
21558.394341,9.256,9.964376,0.000443,0.000522,-0.002054,-0.000782
21560.909684,9.256,9.244696,0.00045,0.000521,-0.002048,-0.00078
21563.40969,9.255,9.711998,0.00045,0.000526,-0.002047,-0.000773
21564.675084,9.254,9.547059,0.000455,0.000526,-0.002046,-0.000772
21567.190586999997,9.254,9.27184,0.000451,0.000526,-0.002046,-0.000771
21568.457893,9.253,9.384828,0.000447,0.000522,-0.002051,-0.000773
21570.971337,9.252,8.799225,0.00045,0.000519,-0.002051,-0.000774
21572.222726,9.252,9.314443,0.000458,0.000521,-0.002053,-0.000772
21574.721673,9.251,9.328574,0.000472,0.000527,-0.002051,-0.000765
21577.252889,9.25,9.653035,0.000471,0.000526,-0.002051,-0.000762
21578.503212,9.249,8.568098,0.000467,0.000522,-0.002047,-0.000764
21581.019221,9.249,9.281084,0.00047,0.000519,-0.002042,-0.000762
21582.28454,9.248,9.598054,0.000476,0.000524,-0.002045,-0.000755
21584.799191,9.247,8.576225,0.000484,0.00053,-0.002047,-0.000747
21587.314323,9.246,9.173833,0.00049,0.000529,-0.002051,-0.000747
21588.565487,9.246,10.04241,0.000484,0.000523,-0.002044,-0.000749
21591.09827,9.245,8.107064,0.000482,0.00052,-0.002046,-0.000752
21592.347846999997,9.245,9.357631,0.000483,0.00052,-0.002044,-0.000752
21594.847397999998,9.244,9.53601,0.000482,0.00052,-0.002042,-0.00075
21597.36261,9.243,8.970913,0.000496,0.000525,-0.002044,-0.000742
21598.628954,9.242,8.965654,0.000497,0.000524,-0.002046,-0.000741
21601.144338,9.241,9.2686,0.000499,0.000523,-0.002044,-0.000738
21602.409787999997,9.241,8.986211,0.000504,0.000524,-0.002043,-0.000735
21604.941011,9.24,9.024511,0.000516,0.000529,-0.002046,-0.000729
21607.45736,9.239,8.851018,0.00052,0.000531,-0.002044,-0.000725
21608.722585,9.238,9.091815,0.000521,0.00053,-0.002044,-0.000727
21611.237737,9.238,8.376544,0.000521,0.000526,-0.00204,-0.000728
21612.485870999997,9.237,8.287195,0.000524,0.000529,-0.002042,-0.000725
21615.003148,9.236,8.696065,0.000525,0.000534,-0.002043,-0.00072
21616.254296,9.236,8.515933,0.000525,0.000531,-0.002035,-0.000718
21618.769414,9.235,8.616968,0.000524,0.000527,-0.002041,-0.000717
21621.2847,9.234,9.273115,0.000526,0.000527,-0.002038,-0.000718
21622.534366,9.233,8.762891,0.00052,0.000526,-0.002041,-0.000719
21625.034234,9.232,8.459307,0.000524,0.000526,-0.00204,-0.000715
21626.299603,9.232,8.413569,0.000526,0.000527,-0.00204,-0.000713
21628.799810999997,9.231,8.26276,0.000533,0.000525,-0.002038,-0.000711
21631.317327999997,9.23,8.236199,0.000543,0.000526,-0.002038,-0.000709
21632.581149999998,9.23,8.045018,0.000542,0.000524,-0.002038,-0.000708
21635.081276999997,9.229,8.325071,0.000542,0.000522,-0.002036,-0.000708
21636.332499,9.228,8.464194,0.000544,0.000522,-0.002043,-0.000706
21638.847453,9.228,8.452082,0.000546,0.000523,-0.002046,-0.000706
21641.363471,9.227,8.413357,0.000552,0.000525,-0.00204,-0.000698
21642.627634999997,9.226,8.310037,0.000558,0.000526,-0.002043,-0.000698
21645.129227999998,9.225,7.752376,0.000555,0.000526,-0.002039,-0.000696
21648.909426,9.224,8.363105,0.000562,0.000526,-0.002041,-0.000692
21651.410486,9.223,8.259254,0.000565,0.000523,-0.00204,-0.000689
21652.67586,9.222,7.939255,0.000566,0.000527,-0.002044,-0.000686
21655.174423,9.221,7.998804,0.000568,0.000525,-0.00204,-0.000688
21656.424548,9.221,7.049644,0.000564,0.000524,-0.002035,-0.000688
21658.941336,9.22,7.809109,0.000565,0.000521,-0.002041,-0.000687
21661.457174,9.219,7.617875,0.000565,0.000518,-0.002038,-0.000684
21662.722401,9.218,7.678857,0.000571,0.000518,-0.002041,-0.000683
21665.237089,9.217,7.593227,0.000574,0.00052,-0.002032,-0.000676
21666.487192,9.217,7.765603,0.000579,0.000524,-0.002039,-0.000673
21668.987837,9.216,7.619044,0.000586,0.000525,-0.00204,-0.000669
21670.253415,9.216,7.464357,0.000588,0.000525,-0.002032,-0.000667
21672.769984,9.215,7.690065,0.000584,0.000522,-0.002031,-0.000668
21675.284455,9.214,7.500744,0.000587,0.000526,-0.002032,-0.000663
21676.53548,9.213,7.663612,0.000582,0.000523,-0.002033,-0.000665
21679.034207,9.211,7.516521,0.000577,0.000514,-0.002036,-0.00067
21680.28461,9.21,7.623665,0.000576,0.000508,-0.002031,-0.000671
21682.815908,9.21,7.127783,0.000578,0.00051,-0.002039,-0.000671
21685.346868,9.209,6.576497,0.000577,0.000505,-0.00204,-0.000675
21686.612832,9.209,6.960825,0.00058,0.000507,-0.002047,-0.000671
21689.128537,9.208,7.033919,0.000584,0.000507,-0.002039,-0.000668
21690.378232,9.208,6.989883,0.000588,0.000508,-0.002048,-0.000665
21692.89358,9.207,7.018727,0.000587,0.000505,-0.002042,-0.000667
21695.40948,9.206,7.242471,0.000591,0.000506,-0.00204,-0.000661
21696.643756999998,9.205,7.158912,0.000591,0.000508,-0.002046,-0.00066
21699.159871,9.204,7.090281,0.000581,0.000494,-0.00205,-0.000671
21700.424851,9.204,6.793283,0.000585,0.000492,-0.002046,-0.000674
21702.941113999997,9.203,6.959072,0.000596,0.0005,-0.00205,-0.000664
21705.457423,9.202,7.074451,0.000603,0.000503,-0.002046,-0.000658
21706.722459999997,9.201,6.394665,0.000602,0.0005,-0.00205,-0.000658
21709.237818999998,9.2,6.613363,0.0006,0.000497,-0.002045,-0.000659
21710.487328,9.2,6.951424,0.000601,0.000499,-0.002049,-0.000662
21712.986874,9.199,6.615912,0.000599,0.000494,-0.002049,-0.000661
21714.253049,9.198,6.949989,0.000598,0.000489,-0.002042,-0.000661
21716.784391,9.197,6.702234,0.000599,0.00049,-0.00205,-0.000659
21719.314878999998,9.194,6.539791,0.000608,0.000487,-0.002052,-0.000658
21720.565189,9.194,6.458676,0.000613,0.000493,-0.002056,-0.000653
21723.081115,9.194,6.607785,0.00061,0.000489,-0.002051,-0.000654
21724.332344,9.193,6.275408,0.000607,0.000484,-0.002048,-0.000659
21726.831054,9.192,6.552964,0.000614,0.000487,-0.002057,-0.000653
21729.363181,9.192,6.716523,0.000619,0.000489,-0.002054,-0.000645
21730.629253,9.191,6.959072,0.000619,0.00049,-0.002055,-0.000645
21733.143572,9.19,6.656656,0.000618,0.00049,-0.002055,-0.000645
21734.394436,9.19,6.626218,0.000622,0.000489,-0.002061,-0.000645
21736.925059,9.189,6.375542,0.000632,0.000487,-0.002056,-0.000641
21739.441282,9.188,6.358915,0.000635,0.000493,-0.002062,-0.000637
21740.706568999998,9.188,6.311903,0.000629,0.000489,-0.002056,-0.000639
21743.222119,9.187,6.246298,0.00061,0.000471,-0.002053,-0.000658
21744.472058,9.186,5.747495,0.000608,0.000471,-0.002046,-0.00066
21747.003407,9.185,6.121624,0.000614,0.000466,-0.002053,-0.00066
21748.254206999998,9.185,6.204492,0.000615,0.000469,-0.002047,-0.000656
21750.784405,9.184,5.857774,0.000615,0.000466,-0.002058,-0.000655
21753.299099,9.183,6.17092,0.000627,0.000472,-0.002058,-0.000647
21754.549594,9.183,5.700537,0.00063,0.000476,-0.002062,-0.000642
21757.066114999998,9.182,6.204917,0.000637,0.000476,-0.002065,-0.000643
21758.332565999997,9.181,5.684281,0.000638,0.000478,-0.002066,-0.000638
21760.846412,9.18,5.649275,0.000637,0.000469,-0.002067,-0.000639
21763.377567,9.18,6.365927,0.000637,0.000466,-0.002063,-0.000644
21764.628346999998,9.179,5.969009,0.000638,0.000465,-0.002073,-0.000645
21767.129356999998,9.178,5.760987,0.000638,0.000463,-0.002067,-0.000643
21768.379129,9.177,5.786168,0.000642,0.000466,-0.002066,-0.000644
21770.909777999997,9.176,5.977455,0.000644,0.00047,-0.002073,-0.000636
21773.440849,9.175,5.610763,0.000627,0.000448,-0.002069,-0.00065
21774.707979,9.175,5.806194,0.000628,0.000446,-0.002067,-0.000655
21777.222596,9.174,5.844122,0.000634,0.000449,-0.002064,-0.00065
21778.488331,9.173,5.78383,0.000643,0.000451,-0.002068,-0.000645
21781.019866,9.172,5.647469,0.000647,0.000453,-0.00206,-0.000643
21782.269417,9.172,5.359821,0.000642,0.000448,-0.002063,-0.000645
21784.784168,9.171,5.896021,0.000641,0.000444,-0.002053,-0.000645
21787.3,9.169,5.586062,0.000632,0.000434,-0.002058,-0.00066
21788.550693999998,9.169,6.029248,0.000631,0.000434,-0.002065,-0.000657
21791.080562,9.168,5.367045,0.000636,0.000437,-0.002064,-0.000653
21792.329998,9.167,5.903989,0.000647,0.000441,-0.002072,-0.000645
21794.816486,9.166,5.506115,0.00066,0.000451,-0.002074,-0.000637
21797.315306999997,9.165,5.30686,0.000656,0.000445,-0.002075,-0.000639
21798.565452,9.165,5.25937,0.000651,0.000442,-0.002075,-0.000642
21801.080348,9.164,6.054055,0.000661,0.000447,-0.002069,-0.000632
21802.331020999998,9.163,5.339157,0.000667,0.000453,-0.002074,-0.000626
21804.830765,9.162,5.147179,0.000662,0.000438,-0.002078,-0.000636
21807.347562,9.161,5.338095,0.000668,0.000444,-0.002082,-0.000631
21808.597853,9.161,5.442211,0.000674,0.000449,-0.002077,-0.000623
21811.12756,9.16,4.927868,0.000676,0.000449,-0.002086,-0.000621
21812.379759,9.159,5.605238,0.000677,0.00045,-0.002081,-0.000623
21814.877796,9.158,4.782467,0.000676,0.000449,-0.002073,-0.000616
21817.394301,9.157,5.01176,0.000678,0.00044,-0.002075,-0.000628
21818.65976,9.157,5.1209,0.000682,0.000443,-0.002077,-0.000627
21821.190543999997,9.156,5.532144,0.000685,0.000442,-0.002075,-0.000621
21822.440466,9.155,5.375651,0.00069,0.000445,-0.002074,-0.000615
21824.957319,9.154,4.717371,0.000694,0.000452,-0.002072,-0.000609
21827.472339,9.153,5.257494,0.000694,0.000449,-0.002075,-0.000608
21828.722184,9.153,4.478715,0.000697,0.00045,-0.002081,-0.000605
21831.253907,9.152,4.586937,0.000698,0.00045,-0.002075,-0.000605
21832.516537,9.151,4.880163,0.000699,0.000447,-0.002074,-0.000608
21835.034719,9.15,4.71048,0.000707,0.000448,-0.002074,-0.000607
21836.28424,9.15,4.932139,0.000712,0.000449,-0.002073,-0.000607
21838.782281,9.149,4.757447,0.000712,0.000453,-0.002072,-0.000597
21841.284698,9.148,4.491681,0.000712,0.000447,-0.002076,-0.000603
21842.53532,9.147,4.628042,0.000714,0.000445,-0.002074,-0.000606
21845.050819,9.146,4.974793,0.000728,0.000449,-0.002078,-0.000598
21846.315028999998,9.145,4.397868,0.000728,0.000451,-0.00207,-0.000594
21848.847228,9.144,4.563562,0.000726,0.000451,-0.002068,-0.000597
21851.363178,9.143,4.600088,0.000726,0.000441,-0.002068,-0.000601
21852.629199,9.143,4.496434,0.000723,0.00044,-0.002067,-0.000602
21855.127795,9.142,4.241177,0.000726,0.000442,-0.002068,-0.000603
21856.378547,9.141,4.382721,0.000726,0.000444,-0.002073,-0.000604
21858.8952,9.14,4.422771,0.000737,0.000445,-0.002068,-0.000603
21861.393347999998,9.139,3.905572,0.000742,0.000448,-0.002079,-0.000599
21862.659739,9.139,5.23857,0.000741,0.000446,-0.002074,-0.000596
21865.176292,9.138,4.358068,0.000741,0.000444,-0.002068,-0.000595
21866.425801999998,9.137,4.169233,0.000744,0.000446,-0.00207,-0.000593
21868.924037999997,9.136,4.300989,0.000743,0.000446,-0.002066,-0.000589
21871.425181,9.135,3.999555,0.000755,0.000448,-0.002063,-0.000582
21872.690834,9.134,4.200348,0.000761,0.000451,-0.00207,-0.000581
21875.204395,9.133,4.057361,0.00077,0.000452,-0.002063,-0.000578
21876.456169999998,9.133,4.164002,0.000774,0.000456,-0.002066,-0.000576
21878.987732999998,9.133,4.229601,0.000781,0.000456,-0.002063,-0.000571
21880.253109999998,9.132,4.035471,0.000785,0.000457,-0.002065,-0.000568
21882.752727,9.13,4.137592,0.000786,0.000455,-0.002067,-0.000573
21885.254321,9.129,4.094206,0.000786,0.000456,-0.002064,-0.000567
21886.518916,9.129,3.744972,0.000779,0.000449,-0.002059,-0.000569
21889.019938999998,9.128,4.13668,0.000785,0.00045,-0.002055,-0.000566
21890.282624,9.128,3.905031,0.000792,0.000451,-0.002055,-0.000566
21892.784516,9.126,3.785573,0.000796,0.000451,-0.002061,-0.000564
21895.283789,9.126,3.806916,0.000799,0.000458,-0.002063,-0.000556
21896.534143999997,9.125,3.620404,0.000799,0.000458,-0.002056,-0.000558
21899.033819,9.124,4.108249,0.000803,0.000455,-0.002057,-0.000556
21900.285547,9.124,2.638163,0.000805,0.000455,-0.002062,-0.000555
21902.784319,9.123,4.379246,0.000798,0.000445,-0.002056,-0.000561
21905.284011,9.122,3.701585,0.000797,0.000448,-0.002056,-0.000563
21906.534292,9.121,3.580843,0.000795,0.000446,-0.002046,-0.000562
21909.049508,9.12,3.784284,0.000797,0.000449,-0.002046,-0.000559
21910.300312,9.12,3.569102,0.000798,0.000449,-0.002052,-0.000558
21912.815054,9.119,3.642856,0.000798,0.000442,-0.00205,-0.00056
21915.330922,9.118,3.586376,0.000805,0.000444,-0.002047,-0.000558
21916.58229,9.117,3.46826,0.000808,0.000446,-0.002046,-0.000558
21919.097925,9.116,3.505169,0.000805,0.000444,-0.00205,-0.000559
21920.362792,9.115,3.933908,0.000807,0.000443,-0.002051,-0.000557
21922.878144,9.114,3.273844,0.000803,0.000435,-0.002055,-0.000563
21925.379166,9.113,3.327178,0.000804,0.000434,-0.002055,-0.000562
21926.643433999998,9.113,3.732409,0.000807,0.000435,-0.002049,-0.000559
21929.17503,9.111,3.360564,0.000814,0.000439,-0.002052,-0.000553
21930.425766,9.111,3.436487,0.000815,0.000443,-0.002047,-0.00055
21932.957122,9.11,3.592801,0.000824,0.000446,-0.002049,-0.000545
21934.222761999998,9.109,3.288539,0.000826,0.000445,-0.002043,-0.000542
21936.753049,9.108,3.340419,0.000827,0.000441,-0.002046,-0.000547
21939.283631,9.107,3.105391,0.000832,0.000441,-0.002038,-0.000541
21940.534795,9.107,2.795108,0.000839,0.000444,-0.002049,-0.000542
21943.050317999998,9.105,3.153144,0.000843,0.000446,-0.00205,-0.000534
21944.314984,9.105,2.258928,0.000841,0.000447,-0.002044,-0.000534
21946.847659,9.104,3.102251,0.000841,0.000445,-0.002042,-0.000534
21949.362928,9.102,2.067116,0.000838,0.000442,-0.002038,-0.000535
21950.613387999998,9.102,3.107254,0.000841,0.000444,-0.002046,-0.000536
21953.128523,9.101,2.944255,0.000852,0.00045,-0.002049,-0.000528
21954.379284,9.101,3.167288,0.000857,0.000448,-0.002053,-0.000525
21956.879869,9.098,3.107402,0.000854,0.000444,-0.002053,-0.000529
21959.377733999998,9.098,2.922419,0.000853,0.000441,-0.00205,-0.000532
21960.629305,9.098,3.077311,0.000853,0.000442,-0.002054,-0.00053
21963.15928,9.097,2.979614,0.000855,0.000441,-0.002044,-0.000526
21964.409763,9.096,2.84753,0.000855,0.000441,-0.002048,-0.000528
21966.940635,9.095,2.948584,0.000859,0.000443,-0.002046,-0.000527
21969.472857,9.095,2.873,0.000863,0.000442,-0.002049,-0.000527
21970.72328,9.094,2.925517,0.000866,0.000443,-0.002044,-0.000523
21973.237697,9.093,2.797193,0.000869,0.000443,-0.002042,-0.000519
21974.487903999998,9.093,2.820101,0.000874,0.000446,-0.002049,-0.000518
21977.002411999998,9.092,2.799347,0.000878,0.000447,-0.002046,-0.000513
21978.252296,9.092,2.794031,0.000879,0.000445,-0.002045,-0.000513
21980.769056999998,9.091,2.832309,0.000886,0.000446,-0.002049,-0.000513
21983.284348,9.09,2.678366,0.0009,0.000451,-0.002048,-0.000512
21984.534349999998,9.089,2.693433,0.000898,0.000449,-0.002043,-0.000511
21987.03516,9.088,2.693868,0.000904,0.000451,-0.00205,-0.000511
21988.284164999997,9.087,2.62142,0.000903,0.000451,-0.002055,-0.000509
21990.814766,9.086,2.763648,0.000898,0.000448,-0.002049,-0.000506
21993.347765,9.086,2.661766,0.000897,0.000446,-0.002051,-0.000508
21994.611377999998,9.085,2.659506,0.000896,0.000445,-0.002048,-0.000509
21997.111243,9.084,2.564924,0.000897,0.000444,-0.002048,-0.00051
21998.363292,9.083,2.586325,0.000902,0.000446,-0.002052,-0.000512
22000.879268999997,9.082,2.551189,0.000906,0.000445,-0.002055,-0.00051
22003.394439,9.081,2.380646,0.000909,0.000446,-0.002054,-0.000508
22004.659305,9.081,2.592172,0.00091,0.000445,-0.002054,-0.000506
22007.15598,9.08,2.46257,0.000915,0.000444,-0.002048,-0.000505
22008.394345,9.079,2.556526,0.000918,0.000445,-0.002053,-0.000504
22010.925986,9.078,2.140562,0.000923,0.000446,-0.002047,-0.0005
22013.455923999998,9.077,2.372932,0.000928,0.000446,-0.002054,-0.000499
22014.70629,9.076,2.219223,0.000934,0.000448,-0.00205,-0.000496
22017.221496,9.075,2.297704,0.000933,0.000448,-0.002045,-0.000496
22018.472001,9.075,2.197153,0.000934,0.000442,-0.002051,-0.000499
22020.987353999997,9.073,2.116635,0.000939,0.000444,-0.002051,-0.0005
22022.238541,9.073,2.112577,0.000938,0.000441,-0.002047,-0.000502
22024.770093,9.072,2.18233,0.00094,0.00044,-0.00204,-0.000501
22027.284546,9.071,1.679265,0.00094,0.000441,-0.00204,-0.0005
22028.535398,9.07,2.170569,0.00094,0.000438,-0.002037,-0.000501
22031.050303,9.069,2.804382,0.000948,0.00044,-0.002036,-0.000498
22032.315056,9.068,2.054569,0.000946,0.000438,-0.002033,-0.000496
22034.801034,9.068,2.599047,0.000941,0.000433,-0.002033,-0.000503
22037.315129,9.066,1.969558,0.000943,0.000434,-0.002033,-0.000502
22038.566364,9.065,2.124174,0.00095,0.000434,-0.002041,-0.000499
22041.082351999998,9.064,2.024679,0.000955,0.000438,-0.002033,-0.000495
22042.331765,9.064,2.351642,0.000957,0.000436,-0.002035,-0.000492
22044.830759999997,9.063,2.149411,0.000952,0.000436,-0.002029,-0.000495
22047.362514,9.062,2.252636,0.000953,0.000436,-0.002034,-0.000493
22047.629157,9.06,1.932936,0.000961,0.00044,-0.002031,-0.000483
22048.872216,9.06,1.825786,0.000957,0.000441,-0.002025,-0.000486
22050.137317,9.059,1.909916,0.000961,0.000441,-0.002033,-0.000486
22052.652201,9.059,1.88696,0.000952,0.000434,-0.00203,-0.000488
22053.900023000002,9.059,1.875719,0.000955,0.000436,-0.002032,-0.000488
22056.402369,9.059,1.841415,0.000957,0.000437,-0.00203,-0.000489
22058.9006,9.059,1.203809,0.000958,0.000437,-0.002033,-0.000487
22060.149829,9.059,1.88556,0.00096,0.00044,-0.002033,-0.000487
22062.653097000002,9.059,1.486711,0.000965,0.00044,-0.002029,-0.000485
22063.902216,9.059,1.899003,0.000968,0.000442,-0.002029,-0.000484
22066.40164,9.059,1.551541,0.00097,0.000447,-0.002031,-0.000478
22068.903941,9.058,1.867596,0.000975,0.000451,-0.002039,-0.000477
22070.152865,9.058,1.843473,0.000976,0.000453,-0.002039,-0.000479
22072.667619,9.058,1.778611,0.000972,0.000455,-0.002032,-0.000474
22073.917727,9.058,1.631369,0.000969,0.000451,-0.002034,-0.000477
22076.41837,9.058,1.817069,0.000965,0.000446,-0.00203,-0.000483
22078.918492,9.058,1.896154,0.000965,0.000444,-0.002027,-0.000484
22080.167747,9.058,1.68838,0.000964,0.000445,-0.00203,-0.000487
22082.682705,9.058,2.076151,0.000964,0.000448,-0.002032,-0.000484
22083.934161,9.058,1.819923,0.000966,0.00045,-0.002034,-0.000482
22086.466261,9.058,1.959245,0.000967,0.000456,-0.002039,-0.000477
22088.980705,9.062,1.993702,0.000958,0.000452,-0.002033,-0.000484
22090.246259,9.063,2.995201,0.000951,0.000448,-0.00204,-0.000487
22092.76098,9.063,2.326867,0.000941,0.000443,-0.002035,-0.000491
22094.010227,9.063,2.07274,0.00094,0.000444,-0.002035,-0.000491
22096.511705,9.063,2.12228,0.000941,0.000445,-0.002034,-0.000494
22099.027173,9.064,1.161887,0.00095,0.000449,-0.00204,-0.000492
22100.277685,9.064,2.108503,0.000949,0.000449,-0.002031,-0.000491
22102.793476,9.065,3.887731,0.000947,0.000452,-0.002034,-0.000489
22104.043275,9.065,2.176335,0.000952,0.000458,-0.002041,-0.000486
22106.575062,9.066,2.27844,0.000948,0.000457,-0.002037,-0.000487
22107.824597,9.067,1.417594,0.000947,0.000457,-0.002043,-0.00049
22110.355193,9.068,2.324612,0.000941,0.000458,-0.002039,-0.00049
22112.870987000002,9.069,1.722126,0.000936,0.000459,-0.002035,-0.000491
22114.137076,9.069,2.458145,0.000937,0.000461,-0.002041,-0.000487
22116.653335,9.07,3.05671,0.000937,0.00046,-0.002042,-0.000492
22117.902434,9.071,2.485308,0.000933,0.000459,-0.002044,-0.000496
22120.417749,9.072,2.519426,0.000928,0.000456,-0.002047,-0.000502
22122.949098,9.073,2.689863,0.000907,0.000441,-0.002038,-0.000516
22124.215414000002,9.073,2.595297,0.000899,0.000436,-0.00204,-0.000523
22126.715455,9.074,2.574351,0.000883,0.000429,-0.002045,-0.00053
22127.980946,9.075,2.763611,0.000879,0.000429,-0.002044,-0.00053
22130.512273,9.077,3.288083,0.000876,0.000428,-0.002046,-0.000534
22133.0441,9.077,2.666573,0.000879,0.000432,-0.002052,-0.000531
22134.293354,9.078,2.46665,0.000876,0.000428,-0.002051,-0.000536
22136.808432,9.079,2.649071,0.000868,0.000422,-0.002048,-0.000545
22138.075147,9.079,2.898678,0.000866,0.00042,-0.002051,-0.000547
22140.590856,9.08,2.73414,0.000861,0.000424,-0.002049,-0.000548
22141.840313,9.081,2.895192,0.000861,0.000426,-0.002051,-0.000548
22144.370599,9.082,2.883335,0.000852,0.000423,-0.002064,-0.00055
22146.887227,9.083,3.064435,0.000856,0.000421,-0.002063,-0.000551
22148.151835,9.083,2.92009,0.000861,0.000426,-0.002067,-0.000544
22150.652312000002,9.084,2.879303,0.000854,0.000424,-0.002069,-0.00055
22151.902331,9.085,2.91731,0.000841,0.000417,-0.002064,-0.000557
22154.402431,9.086,2.978532,0.000827,0.000404,-0.002071,-0.000572
22156.9191,9.086,3.206563,0.000822,0.000403,-0.002077,-0.00058
22160.683805,9.088,3.182073,0.00081,0.0004,-0.002061,-0.000581
22161.948995,9.088,3.225826,0.00082,0.000407,-0.002065,-0.000577
22164.465502,9.09,2.963089,0.000834,0.000418,-0.002064,-0.000566
22166.980785,9.091,2.854803,0.000831,0.000423,-0.002066,-0.000563
22168.246086,9.092,3.097391,0.00083,0.000421,-0.002071,-0.000569
22170.762142,9.092,3.198743,0.000833,0.000424,-0.002061,-0.000565
22172.028206,9.093,3.117652,0.000835,0.000428,-0.002061,-0.000567
22174.555179,9.094,3.260554,0.000807,0.000403,-0.002058,-0.000595
22177.058265,9.095,3.26857,0.000803,0.000402,-0.002068,-0.000599
22178.307814,9.095,3.197862,0.000807,0.00041,-0.00207,-0.000591
22180.825725,9.096,3.539234,0.000813,0.000415,-0.002072,-0.000584
22182.07446,9.096,3.319506,0.00082,0.000419,-0.002072,-0.000578
22184.574978,9.097,3.626548,0.000801,0.000409,-0.002071,-0.000589
22185.840713,9.098,3.371328,0.000792,0.000405,-0.002076,-0.000598
22188.371209,9.099,3.592923,0.000802,0.000419,-0.002072,-0.000583
22190.887803,9.1,3.545361,0.000805,0.000421,-0.00208,-0.000581
22192.151496,9.101,3.529032,0.0008,0.000418,-0.002078,-0.000582
22194.652062,9.102,3.90892,0.000802,0.000421,-0.002077,-0.000584
22195.90347,9.102,3.645482,0.0008,0.000425,-0.002082,-0.000582
22198.40254,9.103,3.69472,0.000798,0.000424,-0.002085,-0.000585
22200.902315,9.104,3.907572,0.000795,0.000426,-0.002084,-0.000587
22202.15225,9.105,3.660522,0.000798,0.000428,-0.002086,-0.000582
22204.668467,9.106,3.734239,0.000786,0.000424,-0.002083,-0.000589
22205.933947,9.107,3.677786,0.000787,0.000424,-0.002085,-0.000592
22208.450573000002,9.108,3.520374,0.000768,0.000409,-0.002078,-0.000608
22210.964994,9.109,3.913976,0.000765,0.000406,-0.002082,-0.000615
22212.214973000002,9.109,3.718955,0.000766,0.000409,-0.002085,-0.000613
22214.714602,9.11,4.038225,0.000771,0.000415,-0.002081,-0.000609
22215.965575000002,9.111,3.856515,0.000774,0.000419,-0.002076,-0.000606
22218.496115,9.112,3.818571,0.00076,0.000405,-0.002089,-0.000618
22221.012087,9.113,3.986934,0.000765,0.000417,-0.002089,-0.000614
22222.278215000002,9.113,4.338407,0.000766,0.000418,-0.002091,-0.000614
22224.793362,9.114,4.054363,0.000763,0.00042,-0.002083,-0.00061
22226.059331,9.115,4.349633,0.000764,0.000422,-0.002084,-0.00061
22228.590135,9.116,4.155052,0.00076,0.00042,-0.002086,-0.00061
22229.855665,9.116,4.276526,0.000761,0.000426,-0.00209,-0.000608
22232.370569,9.117,4.245596,0.000761,0.000431,-0.00208,-0.000606
22234.887839,9.118,4.184841,0.000761,0.000436,-0.002075,-0.000602
22236.152242,9.119,4.769119,0.000759,0.000435,-0.002076,-0.000603
22238.653219,9.12,3.993899,0.000752,0.000427,-0.002077,-0.000614
22239.901559,9.12,4.188761,0.000748,0.000425,-0.002081,-0.000619
22242.402329,9.121,4.578613,0.000739,0.000412,-0.002083,-0.000632
22244.902207,9.122,4.245581,0.00073,0.000407,-0.002078,-0.000641
22246.152406,9.123,4.189775,0.000727,0.000407,-0.002083,-0.000643
22248.683527,9.124,4.227691,0.000724,0.000413,-0.002073,-0.000638
22249.93257,9.124,4.26946,0.000727,0.000419,-0.00208,-0.000632
22252.450301,9.125,4.850448,0.000721,0.000422,-0.002073,-0.000631
22254.94853,9.126,4.522329,0.000725,0.00043,-0.00208,-0.000629
22256.213014,9.126,4.403279,0.000727,0.000427,-0.002078,-0.000634
22258.730708,9.127,4.395937,0.000707,0.000413,-0.002077,-0.000647
22259.9977,9.128,4.566167,0.00071,0.000415,-0.002077,-0.000646
22262.493917,9.129,4.783735,0.000706,0.000413,-0.002079,-0.000649
22264.996559,9.13,4.943328,0.000705,0.000417,-0.00208,-0.000647
22266.262162,9.13,4.63332,0.000709,0.000421,-0.002076,-0.000643
22268.745869000002,9.131,4.857335,0.000705,0.000421,-0.002075,-0.000643
22269.996238,9.132,4.71066,0.000703,0.000422,-0.002073,-0.000643
22272.495750000002,9.133,4.531608,0.000708,0.000428,-0.002071,-0.00064
22275.013318,9.134,5.023992,0.000708,0.000431,-0.002074,-0.000638
22276.262577,9.134,4.723839,0.000707,0.000429,-0.002072,-0.000638
22278.777354,9.135,5.537669,0.000706,0.00043,-0.002072,-0.000641
22280.027794,9.136,4.52513,0.000703,0.000433,-0.002077,-0.000642
22282.525283,9.137,4.764031,0.000694,0.000423,-0.002077,-0.000653
22285.044632,9.138,5.01852,0.000694,0.000428,-0.002075,-0.00065
22286.309682,9.139,4.885161,0.000694,0.000433,-0.002076,-0.000648
22288.825325,9.14,4.743012,0.000702,0.000446,-0.002067,-0.000636
22290.089945,9.14,5.020379,0.000706,0.00045,-0.00207,-0.000636
22292.605332,9.141,5.169039,0.000711,0.000452,-0.00207,-0.000635
22293.852160000002,9.142,5.037113,0.000709,0.00045,-0.002064,-0.000639
22296.340254,9.143,5.478546,0.000711,0.000451,-0.002065,-0.00064
22298.840316,9.144,5.279875,0.000717,0.000456,-0.002069,-0.000633
22300.105422,9.144,5.037643,0.000713,0.000458,-0.00207,-0.00063
22302.604915,9.145,5.223672,0.000703,0.000455,-0.002068,-0.000635
22303.855355,9.146,5.175916,0.000701,0.000455,-0.002061,-0.000635
22306.372075,9.147,5.533313,0.000705,0.00046,-0.002066,-0.000635
22308.902732,9.148,5.485239,0.000706,0.000462,-0.002064,-0.000635
22310.150204,9.148,5.253314,0.000705,0.000461,-0.002066,-0.000639
22312.651942,9.149,5.278652,0.000708,0.000468,-0.002061,-0.000632
22313.902319,9.15,5.708505,0.000704,0.000467,-0.002064,-0.000639
22316.401714,9.15,5.514402,0.000697,0.00046,-0.002067,-0.000642
22318.902541,9.152,5.341813,0.000687,0.000455,-0.002066,-0.000652
22320.168039,9.152,5.613259,0.000687,0.000454,-0.002062,-0.000653
22322.683324,9.153,5.530763,0.000682,0.000455,-0.002069,-0.000658
22323.934141,9.154,5.781652,0.00068,0.000453,-0.002065,-0.000657
22326.444693,9.155,5.717216,0.000681,0.00046,-0.002064,-0.000652
22328.948905,9.156,5.764387,0.000674,0.000454,-0.002059,-0.000659
22330.200119,9.156,5.889434,0.000668,0.000451,-0.002063,-0.000667
22332.699255,9.157,5.658518,0.000657,0.000448,-0.002055,-0.000671
22333.964893,9.157,6.220003,0.000653,0.000448,-0.002052,-0.000672
22336.497293,9.158,5.574162,0.000653,0.000451,-0.002061,-0.00067
22338.995354,9.159,5.780483,0.000653,0.000454,-0.002059,-0.00067
22340.247595,9.16,5.879129,0.000651,0.000456,-0.002058,-0.000667
22342.744174,9.161,5.913019,0.000653,0.000459,-0.002058,-0.000663
22343.995814,9.161,5.413154,0.000652,0.00046,-0.002057,-0.000667
22346.527673,9.162,6.061173,0.000645,0.000456,-0.002046,-0.000676
22349.042664,9.163,6.022236,0.000641,0.000455,-0.002048,-0.000679
22350.293379,9.164,6.166033,0.000636,0.000453,-0.002049,-0.000681
22352.807779,9.165,6.208954,0.000632,0.000459,-0.00205,-0.000677
22354.057735000002,9.166,6.200827,0.000636,0.000459,-0.002058,-0.00068
22356.574555,9.166,6.168105,0.000635,0.000462,-0.002055,-0.000682
22357.840569,9.167,6.312488,0.000634,0.000461,-0.002056,-0.000682
22360.339188,9.168,6.068875,0.000629,0.00046,-0.002055,-0.000685
22362.852743,9.169,6.043856,0.00063,0.000459,-0.002051,-0.000687
22364.105427,9.17,6.915089,0.000628,0.000462,-0.002047,-0.000684
22366.605835000002,9.171,6.340058,0.000621,0.000461,-0.002047,-0.000688
22367.870279,9.171,6.312594,0.000626,0.000467,-0.00205,-0.000683
22370.388292,9.172,6.37517,0.000627,0.000472,-0.002049,-0.000679
22372.902894,9.173,6.48906,0.000622,0.000467,-0.002043,-0.000685
22374.169095,9.174,6.192965,0.000619,0.000468,-0.002047,-0.000689
22376.700294000002,9.175,6.28481,0.000616,0.000467,-0.002043,-0.00069
22377.965786,9.175,6.291505,0.000618,0.00047,-0.002037,-0.000687
22380.481047,9.176,6.692938,0.000615,0.000472,-0.002041,-0.000685
22383.011747,9.177,7.111051,0.000614,0.000474,-0.002046,-0.000687
22384.262359,9.178,6.779364,0.000611,0.000473,-0.002044,-0.00069
22386.776711,9.179,6.459313,0.000612,0.000476,-0.00205,-0.000694
22388.028432,9.179,6.574638,0.000607,0.000476,-0.002042,-0.000691
22390.558207000002,9.18,7.185207,0.000604,0.000474,-0.002049,-0.000695
22391.823642,9.181,6.626112,0.000602,0.000474,-0.002041,-0.000697
22394.355664,9.181,7.221966,0.000602,0.000475,-0.002041,-0.0007
22396.88808,9.182,7.149722,0.000603,0.000479,-0.002043,-0.000696
22398.138301,9.183,6.845129,0.000601,0.000478,-0.002038,-0.000697
22400.635877,9.184,6.948076,0.000602,0.000484,-0.002035,-0.000694
22401.887773000002,9.184,6.847945,0.0006,0.000488,-0.002038,-0.000691
22404.417593000002,9.185,7.332935,0.000597,0.000489,-0.002038,-0.000695
22406.949544,9.186,6.60157,0.000594,0.000486,-0.002039,-0.000697
22408.215929,9.187,7.301329,0.000593,0.000485,-0.002037,-0.000697
22410.746077,9.188,6.800772,0.000596,0.000488,-0.002043,-0.000697
22411.997652000002,9.188,7.239868,0.000595,0.000488,-0.002042,-0.000697
22414.497682,9.189,7.449642,0.000592,0.000492,-0.002043,-0.000699
22417.011414,9.19,7.233228,0.00059,0.000495,-0.002037,-0.0007
22418.262315,9.19,7.097877,0.000587,0.000493,-0.002037,-0.000702
22420.762300000002,9.191,7.346853,0.000586,0.000497,-0.002033,-0.000695
22422.011443,9.192,7.479708,0.000586,0.000499,-0.002041,-0.000696
22424.527717,9.193,7.269669,0.000583,0.000498,-0.002042,-0.000697
22427.040697,9.194,7.131131,0.000579,0.0005,-0.002034,-0.000699
22428.293221,9.194,7.541116,0.000581,0.000503,-0.002043,-0.000697
22430.825359000002,9.195,6.877958,0.00058,0.000506,-0.002034,-0.000696
22432.087939,9.196,7.554927,0.000578,0.000504,-0.002034,-0.000701
22434.606209,9.196,7.70818,0.000577,0.000506,-0.002033,-0.000701
22435.871323,9.197,7.497716,0.000579,0.000506,-0.002035,-0.0007
22438.387605,9.198,7.514768,0.000577,0.000506,-0.002032,-0.000704
22440.903026,9.199,7.730968,0.000581,0.000511,-0.00204,-0.000703
22442.153389,9.199,7.787382,0.000581,0.000513,-0.00204,-0.000703
22444.651773,9.2,7.546747,0.000578,0.000514,-0.002032,-0.000704
22445.902184,9.2,7.388553,0.000576,0.000516,-0.002036,-0.000703
22448.418402,9.201,7.544356,0.000567,0.000512,-0.002029,-0.000708
22450.948499000002,9.202,7.970118,0.000562,0.000508,-0.002036,-0.000713
22452.200294000002,9.203,7.513281,0.000561,0.000508,-0.002038,-0.000716
22454.715327,9.204,7.709879,0.000557,0.000507,-0.002041,-0.00072
22455.98133,9.204,7.910623,0.000555,0.000508,-0.002035,-0.000719
22458.512335,9.205,8.135217,0.000556,0.000512,-0.002032,-0.000715
22461.027394,9.206,7.819521,0.000558,0.000515,-0.002029,-0.000715
22462.278215000002,9.207,7.721566,0.000558,0.000515,-0.002033,-0.000717
22464.778195,9.208,8.207621,0.00056,0.000515,-0.002026,-0.000719
22466.028385,9.208,8.05304,0.000562,0.000517,-0.002026,-0.000716
22468.559359,9.209,7.988126,0.000559,0.000521,-0.002026,-0.000715
22471.076163,9.21,8.115882,0.000551,0.000517,-0.002019,-0.000721
22472.339281,9.211,8.61001,0.000549,0.000515,-0.002022,-0.000723
22474.840615,9.212,7.821592,0.00055,0.000521,-0.002025,-0.00072
22476.105075,9.212,8.745574,0.000553,0.000521,-0.002026,-0.000718
22478.637584,9.213,8.932294,0.000541,0.000519,-0.00203,-0.000724
22479.887701,9.213,8.090224,0.000539,0.000516,-0.002022,-0.000726
22482.403176,9.214,8.392587,0.000535,0.000518,-0.002022,-0.000732
22484.933227,9.215,8.896064,0.000527,0.000515,-0.002023,-0.000737
22486.184458,9.216,8.079069,0.000527,0.000516,-0.00203,-0.000737
22488.715215,9.216,8.335004,0.000521,0.000516,-0.002033,-0.00074
22489.98031,9.217,8.302972,0.000524,0.000514,-0.002038,-0.00074
22492.496016,9.218,8.67572,0.000523,0.000518,-0.002033,-0.000738
22494.997374,9.219,8.218564,0.000521,0.00052,-0.002036,-0.000738
22496.260591000002,9.219,8.330011,0.000515,0.000517,-0.002036,-0.000741
22498.77768,9.22,8.716676,0.000487,0.000498,-0.002036,-0.000763
22500.044027,9.221,8.629611,0.000489,0.0005,-0.002034,-0.000763
22502.559388,9.221,8.697553,0.000495,0.000505,-0.002039,-0.000761
22505.074063,9.222,8.884802,0.000492,0.000508,-0.002029,-0.00076
22506.325273000002,9.223,9.403686,0.000488,0.000508,-0.00203,-0.000765
22508.840543000002,9.223,9.310672,0.000499,0.000514,-0.002045,-0.000763
22510.106262,9.224,8.854045,0.0005,0.000518,-0.00205,-0.000757
22512.637300000002,9.225,9.033117,0.000486,0.000507,-0.002041,-0.00077
22513.887525000002,9.225,8.413623,0.000489,0.000508,-0.002047,-0.00077
22516.38764,9.226,8.704352,0.000486,0.000513,-0.002046,-0.00077
22518.901596,9.227,9.062227,0.000476,0.000509,-0.002039,-0.000774
22520.168137,9.228,9.417604,0.000476,0.000509,-0.002046,-0.000774
22522.684169,9.228,9.207246,0.000465,0.000504,-0.00204,-0.000784
22523.933444000002,9.229,9.280765,0.000462,0.000505,-0.002045,-0.000786
22526.465961,9.23,7.413042,0.000473,0.000512,-0.002052,-0.00078
22528.980719,9.231,9.353274,0.000476,0.000515,-0.002054,-0.00078
22530.231192,9.231,8.98584,0.000471,0.000514,-0.002046,-0.000779
22532.761851,9.232,9.590884,0.000467,0.000505,-0.002051,-0.000785
22534.028113,9.232,9.022067,0.000457,0.000504,-0.002049,-0.000792
22536.544139,9.234,8.963316,0.000448,0.000503,-0.002044,-0.000797
22539.057806,9.235,9.148017,0.000448,0.000505,-0.002041,-0.000793
22540.320807,9.235,9.934998,0.000439,0.000494,-0.002042,-0.000808
22542.840392000002,9.236,9.281827,0.000443,0.000502,-0.002047,-0.000804
22544.105103,9.236,10.69675,0.000449,0.000508,-0.002049,-0.0008
22546.605664,9.237,9.347378,0.000448,0.000513,-0.00205,-0.000793
22547.855998,9.238,10.115823,0.000447,0.000514,-0.002057,-0.000792
22550.387509,9.239,10.072954,0.000445,0.000516,-0.002055,-0.000797
22552.902322,9.24,9.938292,0.000441,0.000517,-0.002056,-0.000797
22554.152381,9.24,9.241722,0.000437,0.000515,-0.002053,-0.0008
22556.667174000002,9.241,10.382488,0.000439,0.000521,-0.00206,-0.000793
22557.917691,9.242,9.581428,0.000444,0.000524,-0.002053,-0.00079
22560.450312,9.243,9.421216,0.000438,0.000529,-0.002056,-0.00079
22562.965143,9.244,9.678054,0.000423,0.000518,-0.002056,-0.000801
22564.230225,9.244,9.415532,0.000423,0.000516,-0.00206,-0.00081
22566.746009000002,9.245,9.475134,0.000417,0.000511,-0.002054,-0.000815
22567.998034,9.246,9.46366,0.000416,0.000505,-0.00206,-0.000821
22570.512104,9.246,9.811281,0.000396,0.000495,-0.002045,-0.000835
22573.027185,9.247,10.228651,0.000397,0.000501,-0.002052,-0.000829
22574.278585,9.248,9.993539,0.000401,0.00051,-0.002048,-0.000824
22576.793544,9.249,10.012185,0.000403,0.000515,-0.002048,-0.000821
22578.042843,9.249,10.079063,0.000402,0.000516,-0.002053,-0.000821
22580.544258,9.25,9.99577,0.000401,0.000516,-0.002056,-0.000819
22583.042793,9.251,10.371014,0.000402,0.000523,-0.002057,-0.000817
22584.292331,9.252,10.123153,0.000401,0.00052,-0.002067,-0.00082
22586.793244,9.253,10.060152,0.000401,0.000519,-0.002063,-0.00082
22588.05893,9.253,10.352315,0.0004,0.000524,-0.00206,-0.000821
22590.589635,9.254,10.038107,0.0004,0.000528,-0.002058,-0.00082
22591.840877,9.255,10.156566,0.000394,0.000525,-0.002061,-0.000823
22594.352466,9.256,10.435609,0.000398,0.000523,-0.002067,-0.000828
22596.870999,9.256,10.305304,0.00039,0.000526,-0.002056,-0.000826
22598.13793,9.257,10.624134,0.000387,0.000526,-0.002062,-0.000829
22600.636435,9.258,10.367083,0.000375,0.000517,-0.002068,-0.00084
22601.887141,9.258,10.657334,0.000377,0.000516,-0.002074,-0.00084
22604.387777,9.259,10.141905,0.000372,0.000515,-0.002076,-0.000847
22606.897394,9.26,10.417919,0.000368,0.000517,-0.002065,-0.000845
22608.1369,9.261,10.144721,0.000369,0.000518,-0.002064,-0.000846
22610.652311,9.262,10.370696,0.000373,0.000524,-0.002075,-0.000842
22611.902557,9.262,10.452076,0.000372,0.000525,-0.00207,-0.000839
22614.418391,9.263,10.617706,0.000367,0.000522,-0.002066,-0.000845
22616.918488,9.264,9.844056,0.000366,0.000524,-0.00207,-0.000849
22618.184212,9.264,10.49606,0.000356,0.000517,-0.002067,-0.000855
22620.700068000002,9.266,10.876192,0.000342,0.000513,-0.002076,-0.000866
22621.965512,9.266,10.817015,0.000334,0.000507,-0.002072,-0.000872
22624.462212,9.267,10.607242,0.000344,0.000515,-0.002067,-0.000866
22626.980279,9.268,10.965009,0.00035,0.000523,-0.002073,-0.000861
22628.231285,9.269,10.965062,0.000349,0.000522,-0.002066,-0.000859
22630.762245,9.27,10.992898,0.000355,0.000527,-0.002074,-0.000856
22632.027309,9.27,10.919379,0.000355,0.000529,-0.002077,-0.000857
22634.543272,9.271,11.096484,0.000349,0.000529,-0.002076,-0.000857
22637.073881,9.272,10.75072,0.000346,0.000527,-0.00207,-0.000862
22638.339819,9.272,11.439271,0.000346,0.000528,-0.002068,-0.000861
22640.839192,9.273,10.866842,0.000339,0.000522,-0.002065,-0.00087
22642.090678,9.274,10.685541,0.000332,0.000517,-0.002072,-0.000878
22644.606192,9.275,10.774359,0.000323,0.000512,-0.002065,-0.000888
22645.868719000002,9.276,10.752314,0.000324,0.000514,-0.002063,-0.000886
22648.369494,9.276,10.634758,0.00032,0.000516,-0.002057,-0.00089
22650.887934000002,9.277,11.227745,0.000327,0.00052,-0.002054,-0.000885
22652.153105,9.278,11.532233,0.00033,0.000524,-0.002061,-0.000884
22654.667186,9.278,11.074492,0.000325,0.000528,-0.002063,-0.000883
22655.919276,9.279,11.104081,0.000313,0.000521,-0.002071,-0.000893
22658.433252,9.28,11.369524,0.000298,0.000509,-0.002057,-0.000902
22660.948827,9.281,11.674809,0.000293,0.000511,-0.002066,-0.000905
22662.200282,9.281,11.329844,0.000294,0.000518,-0.002071,-0.000901
22664.715484,9.282,11.447878,0.000303,0.000526,-0.002061,-0.000897
22665.980278,9.283,10.503763,0.000302,0.000528,-0.002064,-0.000899
22668.481266,9.284,11.482352,0.000307,0.000533,-0.002064,-0.000899
22670.996358,9.284,11.147852,0.000309,0.000533,-0.002056,-0.000896
22672.261503,9.285,10.8389,0.000312,0.000535,-0.002058,-0.000896
22674.778131,9.286,11.512365,0.000306,0.000538,-0.002054,-0.000894
22676.028878,9.286,11.714968,0.000306,0.000537,-0.002062,-0.000895
22678.543493,9.286,11.169206,0.000303,0.000534,-0.00206,-0.000894
22681.075639,9.286,11.129685,0.000304,0.000536,-0.002056,-0.000899
22682.339996,9.286,11.292924,0.000303,0.000534,-0.002051,-0.000896
22684.855727000002,9.286,11.139034,0.000307,0.000537,-0.002054,-0.000896
22686.122341000002,9.286,11.566549,0.000309,0.000539,-0.002052,-0.000896
22688.649537,9.286,11.332658,0.000312,0.000541,-0.002052,-0.000894
22689.902343,9.286,11.543017,0.000316,0.000541,-0.002049,-0.000889
22692.418386,9.286,11.378926,0.000317,0.000542,-0.002051,-0.000885
22694.919264,9.286,11.336431,0.000315,0.000542,-0.002049,-0.000884
22696.169,9.286,11.049632,0.000312,0.000538,-0.002048,-0.000889
22698.683191,9.286,11.495898,0.000313,0.000539,-0.002045,-0.000891
22699.948882,9.286,11.615314,0.000314,0.000536,-0.002048,-0.000891
22702.450254,9.286,11.31327,0.000314,0.000541,-0.002048,-0.00089
22704.96535,9.286,11.223231,0.00031,0.000538,-0.002049,-0.000891
22706.215583,9.286,11.467957,0.000314,0.000537,-0.002058,-0.00089
22708.746109,9.286,10.9989,0.000313,0.000541,-0.002051,-0.000886
22709.99726,9.286,11.189764,0.000314,0.000543,-0.00206,-0.000886
22712.52798,9.286,11.64862,0.000309,0.000537,-0.002051,-0.000893
22715.043377,9.286,11.087082,0.000304,0.000533,-0.002053,-0.000898
22716.30937,9.286,11.449737,0.000309,0.000535,-0.002048,-0.000895
22718.840593,9.286,11.202938,0.000315,0.00054,-0.002052,-0.000886
22720.091369,9.286,11.167507,0.000315,0.000538,-0.002049,-0.000887
22722.620528,9.286,10.897865,0.000309,0.000537,-0.002051,-0.00089
22723.870214,9.286,11.044904,0.000306,0.000534,-0.002042,-0.000889
22726.386753,9.286,10.927559,0.000308,0.000538,-0.002046,-0.000887
22728.903371,9.286,11.865299,0.000316,0.000541,-0.002048,-0.000886
22730.152616,9.286,11.172022,0.000316,0.000543,-0.002043,-0.000885
22732.653125,9.286,11.098875,0.000312,0.000543,-0.002044,-0.000882
22733.90287,9.286,11.542592,0.000311,0.000545,-0.002049,-0.000883
22736.417988,9.286,11.324212,0.000313,0.000543,-0.002046,-0.000884
22738.933419,9.286,11.112315,0.000316,0.000542,-0.002042,-0.000883
22740.182295,9.286,11.161664,0.000322,0.000546,-0.002049,-0.00088
22742.700338,9.286,11.183974,0.000321,0.00055,-0.002047,-0.000875
22743.950134,9.286,11.12926,0.000321,0.000549,-0.002041,-0.000878
22746.465321,9.286,11.139512,0.000328,0.000549,-0.002049,-0.000876
22748.98085,9.286,11.426417,0.000327,0.000547,-0.002046,-0.000878
22750.246137000002,9.286,11.387213,0.000327,0.000549,-0.002047,-0.000875
22752.746351,9.286,11.319751,0.000327,0.000551,-0.002043,-0.000877
22754.012098,9.286,11.343549,0.000329,0.00055,-0.002037,-0.000876
22756.543394,9.286,11.055741,0.000331,0.000548,-0.002042,-0.000878
22759.043983,9.286,11.660201,0.000332,0.000549,-0.002043,-0.000877
22760.309265,9.286,11.319857,0.000331,0.000549,-0.002035,-0.000878
22762.82533,9.286,11.288675,0.000332,0.000549,-0.00204,-0.000877
22764.075398,9.286,11.381051,0.00033,0.00055,-0.002035,-0.000876
22766.590836,9.286,11.284691,0.00033,0.000549,-0.002029,-0.000878
22767.856091,9.286,11.392525,0.000334,0.000549,-0.002034,-0.000882
22770.356058,9.286,11.282938,0.000333,0.000547,-0.002034,-0.00088
22772.87105,9.286,11.123257,0.000334,0.000553,-0.002029,-0.000876
22774.122234000002,9.286,11.412977,0.000332,0.000554,-0.002029,-0.000874
22776.637378,9.286,11.840386,0.000327,0.000555,-0.002039,-0.000872
22777.902434,9.286,11.095688,0.000331,0.000557,-0.002038,-0.00087
22780.403234,9.286,11.229764,0.000332,0.000558,-0.002036,-0.00087
22782.919699000002,9.286,11.446124,0.000334,0.000554,-0.002033,-0.000868
22784.167934,9.286,11.565699,0.000335,0.000554,-0.002033,-0.000868
22786.684327,9.286,11.364903,0.000329,0.000552,-0.002033,-0.00087
22787.949202,9.286,11.330587,0.000327,0.000554,-0.002031,-0.000869
22790.450827,9.286,11.092341,0.000328,0.000552,-0.002032,-0.000869
22792.950826,9.286,11.132659,0.000332,0.000555,-0.002031,-0.000866
22794.199198000002,9.286,11.515606,0.000336,0.000557,-0.002032,-0.000866
22796.731477,9.286,11.24092,0.000344,0.000562,-0.002039,-0.00086
22797.997845,9.286,11.214253,0.000344,0.000564,-0.002034,-0.00086
22800.526045,9.286,11.280548,0.00035,0.000566,-0.002037,-0.000858
22803.042184,9.286,11.062594,0.000354,0.000568,-0.002037,-0.000856
22804.294209,9.286,11.093457,0.000353,0.000568,-0.002041,-0.000856
22806.809447,9.286,11.373668,0.000356,0.000568,-0.002042,-0.000857
22808.074114,9.286,11.03699,0.000353,0.000568,-0.00204,-0.000856
22810.589228,9.286,11.223709,0.000346,0.000566,-0.002041,-0.000863
22811.841079,9.286,11.298131,0.000349,0.000566,-0.002037,-0.000862
22814.371299,9.286,11.335209,0.000344,0.000562,-0.002039,-0.000862
22816.888151,9.286,11.425301,0.000346,0.000564,-0.002042,-0.000864
22818.153616,9.286,11.401503,0.000342,0.000564,-0.002046,-0.000862
22820.654069,9.286,11.10748,0.000338,0.000561,-0.002039,-0.000867
22821.902638,9.286,11.102116,0.000343,0.000562,-0.002041,-0.000866
22824.401381,9.286,11.248197,0.000347,0.000564,-0.002042,-0.000865
22826.90206,9.286,10.8491,0.000348,0.000562,-0.002045,-0.000868
22828.151423,9.286,11.182858,0.000344,0.000561,-0.00204,-0.000866
22830.651481,9.286,11.541264,0.000349,0.000563,-0.002039,-0.000865
22831.90198,9.286,11.309551,0.000354,0.000563,-0.002043,-0.000861
22834.434316,9.286,11.43396,0.000357,0.000569,-0.002042,-0.000856
22836.948971,9.286,11.393323,0.000348,0.000562,-0.002037,-0.00086
22838.216080000002,9.286,11.275023,0.000345,0.00056,-0.002034,-0.00086
22840.730242,9.287,11.421582,0.000339,0.000564,-0.002037,-0.000861
22841.981074,9.287,11.353801,0.000339,0.000564,-0.002033,-0.00086
22844.495505,9.287,11.474863,0.000347,0.000568,-0.002033,-0.000853
22846.993517,9.287,11.212818,0.000358,0.000572,-0.002033,-0.000851
22848.230015,9.287,11.391941,0.000362,0.000574,-0.002039,-0.000851
22850.746831,9.287,11.403256,0.000361,0.000576,-0.00204,-0.000852
22852.011425,9.287,11.375367,0.000362,0.000572,-0.002039,-0.000854
22854.527534,9.287,11.198211,0.000367,0.000574,-0.002042,-0.00085
22857.043091,9.287,11.494464,0.000367,0.000578,-0.002044,-0.000848
22858.308246,9.287,11.332233,0.000364,0.000579,-0.002038,-0.000845
22860.824157,9.287,11.531808,0.000361,0.000576,-0.002043,-0.000848
22862.07594,9.287,11.054201,0.00036,0.000575,-0.00204,-0.000848
22864.575947,9.287,11.479591,0.000358,0.000575,-0.002041,-0.000848
22867.074433,9.287,11.238264,0.000357,0.000577,-0.002046,-0.000849
22868.34053,9.287,11.640334,0.000354,0.000575,-0.002044,-0.00085
22870.855946,9.287,11.655314,0.000357,0.000576,-0.002048,-0.000852
22872.121187,9.287,11.831568,0.000353,0.000574,-0.002042,-0.000851
22874.637754,9.287,11.382539,0.000353,0.000573,-0.002044,-0.000853
22875.904122,9.287,11.346204,0.000354,0.000573,-0.002048,-0.000854
22878.403315,9.287,11.767983,0.000349,0.000572,-0.002041,-0.000859
22880.915637000002,9.287,11.428541,0.000345,0.000568,-0.002041,-0.000861
22882.168218,9.287,11.388329,0.000344,0.000563,-0.002045,-0.000862
22884.682926,9.287,10.859511,0.000321,0.000543,-0.002044,-0.000881
22885.934369,9.287,11.732764,0.000317,0.000537,-0.002046,-0.000885
22888.433449,9.287,10.880813,0.000313,0.000536,-0.002045,-0.000885
22890.932805,9.287,11.392366,0.00031,0.000536,-0.002043,-0.000886
22892.183219,9.287,11.1325,0.00031,0.000538,-0.002051,-0.000886
22894.715555,9.287,11.728142,0.000314,0.00054,-0.002043,-0.000881
22895.980349,9.287,11.902325,0.000315,0.000543,-0.002046,-0.00088
22898.512181000002,9.287,11.15768,0.000313,0.000539,-0.002039,-0.000883
22901.027636,9.287,11.510454,0.000306,0.00053,-0.002044,-0.000893
22902.294196,9.287,11.422858,0.000295,0.000525,-0.002049,-0.000899
22904.79445,9.287,11.129207,0.00029,0.000519,-0.002055,-0.000901
22906.042386,9.287,11.467107,0.000291,0.000518,-0.002055,-0.000904
22908.542274,9.287,11.181052,0.000286,0.00051,-0.002053,-0.000911
22911.059316,9.287,11.34732,0.000284,0.000506,-0.002058,-0.000917
22912.323915,9.287,11.607877,0.000286,0.000506,-0.002062,-0.000918
22914.840555,9.287,11.174572,0.000289,0.000515,-0.002064,-0.000908
22916.105056,9.287,11.065993,0.000306,0.000519,-0.002066,-0.000905
22918.621585,9.287,11.376005,0.000308,0.000529,-0.002065,-0.000893
22919.887622000002,9.287,12.012443,0.000303,0.000524,-0.002065,-0.0009
22922.402519,9.287,11.329525,0.000296,0.000523,-0.002066,-0.000899
22924.919353,9.287,11.487984,0.000307,0.000534,-0.002073,-0.00089
22926.184017,9.287,11.345779,0.000311,0.000536,-0.00207,-0.000886
22928.685088000002,9.287,11.361397,0.00031,0.000536,-0.002065,-0.000884
22929.946033,9.287,11.305142,0.000312,0.000538,-0.002068,-0.000884
22932.450076,9.287,11.891913,0.000313,0.000537,-0.002073,-0.000883
22934.980552,9.287,11.107905,0.000308,0.000535,-0.002073,-0.000886
22936.230674,9.287,11.332712,0.000303,0.000528,-0.002075,-0.000893
22938.747159,9.287,11.079964,0.000298,0.000518,-0.002069,-0.000906
22940.011559,9.287,11.613561,0.0003,0.000523,-0.002072,-0.0009
22942.527054000002,9.287,11.428807,0.000308,0.000528,-0.00207,-0.000893
22945.02807,9.287,11.403416,0.000306,0.000527,-0.002075,-0.000896
22946.293082,9.287,11.341743,0.000299,0.000526,-0.00207,-0.0009
22948.793306,9.287,11.458502,0.000301,0.000525,-0.002064,-0.000903
22950.043455,9.287,11.646496,0.000301,0.000529,-0.002072,-0.000897
22952.575032,9.287,10.992844,0.000286,0.000508,-0.002063,-0.00092
22955.090276,9.287,11.486921,0.000277,0.000506,-0.002067,-0.000921
22956.356057,9.287,11.421689,0.000275,0.000498,-0.002075,-0.000924
22958.855511,9.287,11.320547,0.000281,0.000506,-0.002082,-0.000921
22960.120905,9.287,11.536801,0.000287,0.000511,-0.002083,-0.000915
22962.635928,9.287,11.197998,0.000301,0.000524,-0.00208,-0.000902
22963.887293,9.287,11.665141,0.000301,0.000524,-0.002074,-0.000901
22966.403271,9.287,11.113111,0.000301,0.000529,-0.002078,-0.000896
22968.902171,9.287,11.317201,0.000302,0.000531,-0.002077,-0.000891
22970.152639,9.287,12.282191,0.000302,0.000532,-0.002082,-0.000889
22972.667523,9.287,11.412977,0.000302,0.00053,-0.00208,-0.00089
22973.91819,9.287,11.888513,0.0003,0.00053,-0.00208,-0.000891
22976.433519000002,9.287,11.271995,0.000288,0.000514,-0.00208,-0.000906
22978.934400000002,9.287,11.178609,0.000294,0.000519,-0.002085,-0.000901
22980.183502,9.287,11.116086,0.000295,0.000523,-0.002087,-0.000899
22982.682798,9.287,11.315289,0.000301,0.000521,-0.002079,-0.000902
22983.933917000002,9.287,11.349285,0.000295,0.000519,-0.002077,-0.000905
22986.464598,9.287,11.449365,0.000302,0.000522,-0.002083,-0.0009
22988.965386,9.287,11.604052,0.000295,0.000521,-0.002079,-0.0009
22990.214922,9.287,11.459298,0.00029,0.000518,-0.002075,-0.000903
22992.715395,9.287,11.384345,0.000299,0.00052,-0.002077,-0.000902
22993.980915,9.287,11.349126,0.000302,0.000523,-0.002082,-0.000903
22996.497059,9.287,11.553216,0.000305,0.00053,-0.002084,-0.000897
22999.027777,9.287,11.514331,0.000305,0.000532,-0.002077,-0.000891
23000.293096,9.287,11.32416,0.000307,0.000534,-0.00208,-0.000892
23002.809257,9.287,10.626365,0.000305,0.000536,-0.002074,-0.000889
23004.056839,9.287,11.241079,0.000306,0.000537,-0.00208,-0.000885
23006.57418,9.287,11.391357,0.000303,0.000532,-0.002078,-0.000889
23009.075151,9.287,11.336483,0.000307,0.000525,-0.002071,-0.000893
23010.339689,9.287,11.6619,0.000307,0.000525,-0.00207,-0.000896
23012.855324,9.287,11.330322,0.000304,0.000523,-0.002076,-0.000906
23014.105183,9.287,11.44639,0.000302,0.000518,-0.002078,-0.000912
23016.620917,9.287,11.546417,0.000293,0.000516,-0.002071,-0.00091
23017.887366,9.287,11.776694,0.000287,0.000512,-0.002073,-0.000916
23020.386848000002,9.287,11.28501,0.000279,0.000502,-0.002065,-0.000927
23022.901832,9.287,11.708753,0.000274,0.000501,-0.002076,-0.000928
23024.151560000002,9.287,11.332924,0.000273,0.000497,-0.002075,-0.00093
23026.65178,9.287,11.363043,0.00027,0.000497,-0.002077,-0.000929
23027.90222,9.287,10.908755,0.000268,0.000496,-0.002085,-0.000932
23030.402919,9.287,11.306736,0.000269,0.000497,-0.002082,-0.000931
23032.91739,9.287,10.906417,0.000273,0.000498,-0.002085,-0.00093
23034.16729,9.287,11.329259,0.000269,0.000492,-0.002082,-0.000932
23036.6679,9.287,11.350241,0.000272,0.000497,-0.002086,-0.000931
23037.918661,9.287,11.571383,0.000269,0.000497,-0.002083,-0.00093
23040.449573,9.287,11.348276,0.000266,0.000494,-0.002085,-0.000933
23042.96527,9.287,11.485328,0.000272,0.000499,-0.00208,-0.000928
23044.230183,9.287,10.853668,0.000272,0.000497,-0.002082,-0.000932
23046.730298000002,9.287,11.295421,0.000272,0.000498,-0.002076,-0.000929
23047.981298,9.287,11.49133,0.000276,0.0005,-0.002072,-0.00092
23050.495593,9.287,11.261477,0.000279,0.000506,-0.002069,-0.000915
23053.012019,9.287,11.579139,0.000272,0.0005,-0.002069,-0.00092
23054.261262,9.287,11.517359,0.000274,0.0005,-0.002069,-0.000922
23056.760289,9.287,11.51789,0.000276,0.000502,-0.002074,-0.000924
23058.012165,9.287,11.213456,0.000275,0.0005,-0.002076,-0.000927
23060.527559000002,9.287,11.215528,0.000273,0.0005,-0.002083,-0.000926
23063.027164,9.287,11.495367,0.000285,0.00051,-0.002082,-0.000921
23064.277504,9.287,11.381424,0.000284,0.000506,-0.002074,-0.000917
23066.777605,9.287,11.32655,0.000282,0.000505,-0.002073,-0.000919
23068.042297,9.287,11.370215,0.00028,0.000506,-0.002076,-0.000919
23070.559027,9.287,10.720601,0.000281,0.000506,-0.00208,-0.000921
23073.091385,9.287,11.196511,0.000283,0.000506,-0.00208,-0.000921
23074.339536,9.287,11.047667,0.000282,0.000505,-0.002079,-0.000919
23076.855801,9.287,11.352791,0.00028,0.000507,-0.002076,-0.000917
23078.121152,9.287,11.442725,0.000285,0.000511,-0.002076,-0.000914
23080.638043,9.287,10.751836,0.000291,0.000518,-0.002063,-0.000905
23081.887908,9.287,11.041824,0.000294,0.000521,-0.002062,-0.000902
23084.417924,9.287,11.561875,0.000298,0.000523,-0.002068,-0.000906
23086.917767,9.287,10.764479,0.000296,0.000525,-0.002063,-0.000904
23088.183933,9.287,11.410003,0.000297,0.000524,-0.002057,-0.000902
23090.716136,9.287,11.25011,0.000294,0.000518,-0.002064,-0.000907
23091.980125000002,9.287,11.293827,0.000293,0.000516,-0.002057,-0.000906
23094.480566000002,9.287,11.228118,0.00029,0.000514,-0.002059,-0.000909
23096.98029,9.287,11.34817,0.000297,0.000523,-0.00206,-0.0009
23098.24619,9.287,11.081079,0.000301,0.000528,-0.002067,-0.000897
23100.745903,9.287,11.590188,0.000302,0.000528,-0.002067,-0.000898
23102.011774,9.287,11.538077,0.000303,0.000527,-0.002063,-0.000898
23104.512,9.287,11.218397,0.000302,0.000526,-0.002062,-0.000898
23107.012889,9.287,11.352472,0.000305,0.000529,-0.002066,-0.000897
23108.261542,9.287,11.431463,0.000306,0.00053,-0.002064,-0.000896
23110.777387000002,9.287,11.240866,0.000308,0.000534,-0.002061,-0.000894
23112.043009,9.287,10.501904,0.000316,0.000537,-0.00206,-0.000893
23114.575624,9.287,11.286284,0.000305,0.000527,-0.002051,-0.000897
23117.091401,9.287,11.101903,0.0003,0.000523,-0.002054,-0.0009
23118.340647,9.287,11.087507,0.0003,0.000524,-0.002056,-0.0009
23120.855134,9.287,11.778925,0.000302,0.000531,-0.00206,-0.000896
23122.105326,9.287,11.191305,0.000303,0.000528,-0.002053,-0.000896
23124.62115,9.287,11.427798,0.000309,0.00053,-0.00205,-0.000895
23125.887898,9.287,10.856962,0.000311,0.000532,-0.002053,-0.000892
23128.403272,9.287,11.787425,0.000311,0.000533,-0.00205,-0.00089
23130.917991000002,9.287,11.902325,0.000318,0.000536,-0.002049,-0.000888
23132.168069,9.287,11.476987,0.000318,0.000536,-0.002057,-0.000887
23134.667314,9.287,11.327612,0.000325,0.000539,-0.002053,-0.000886
23135.918824,9.287,11.381795,0.000325,0.000541,-0.002048,-0.000884
23138.449046,9.287,11.024028,0.000325,0.000543,-0.002055,-0.00088
23140.949112000002,9.287,11.191358,0.000325,0.000544,-0.002053,-0.000879
23142.215757,9.287,11.111571,0.000323,0.000543,-0.002049,-0.000881
23144.716208,9.287,11.3555,0.000322,0.000542,-0.002053,-0.000881
23145.981405,9.287,11.257333,0.000317,0.000538,-0.002054,-0.000884
23148.497296,9.287,11.369152,0.000314,0.000535,-0.002051,-0.000886
23151.028382,9.287,11.425619,0.000311,0.000533,-0.002046,-0.000885
23152.277888,9.287,11.608302,0.000312,0.000533,-0.002053,-0.000889
23154.79302,9.287,11.741104,0.000312,0.000536,-0.002052,-0.000888
23156.042763,9.287,11.393641,0.000312,0.000534,-0.002044,-0.000889
23158.542911,9.287,11.056909,0.000313,0.000537,-0.002042,-0.000887
23161.040472,9.287,11.023603,0.00032,0.000542,-0.002047,-0.000883
23162.293554,9.287,11.780838,0.000318,0.00054,-0.002046,-0.000885
23164.809025000002,9.287,11.331278,0.000321,0.000543,-0.002043,-0.000879
23166.059271000002,9.287,11.1291,0.000323,0.000545,-0.002037,-0.000877
23168.575219,9.287,11.185409,0.000327,0.000547,-0.002037,-0.000871
23171.089263,9.287,11.0925,0.000331,0.000547,-0.002036,-0.000873
23172.340766,9.287,11.050482,0.000331,0.000549,-0.002039,-0.000873
23174.855907,9.287,11.074758,0.000328,0.000546,-0.002034,-0.000874
23176.105557,9.287,11.077043,0.000329,0.000547,-0.002036,-0.000875
23178.63742,9.287,10.758954,0.000333,0.000553,-0.002038,-0.000867
23179.885931,9.287,11.198476,0.000335,0.000554,-0.002038,-0.000868
23182.386859000002,9.287,11.069605,0.000338,0.000554,-0.002036,-0.000868
23184.902883,9.287,11.29505,0.000346,0.000559,-0.00204,-0.000864
23186.150103,9.287,11.562034,0.000346,0.000555,-0.002041,-0.000867
23188.637208,9.287,11.665354,0.000344,0.000555,-0.002037,-0.000867
23189.887605,9.287,11.668328,0.000341,0.000555,-0.002034,-0.000868
23192.387476,9.287,11.868858,0.000342,0.000559,-0.00204,-0.000866
23194.914584000002,9.287,11.741529,0.000347,0.000565,-0.002035,-0.00086
23196.168987,9.287,10.939511,0.000351,0.000564,-0.002034,-0.000862
23198.668136,9.287,11.14169,0.000353,0.000564,-0.002037,-0.000857
23199.93415,9.287,11.932338,0.000351,0.000564,-0.002032,-0.000857
23202.465567,9.287,11.219034,0.000348,0.000562,-0.002034,-0.00086
23204.980352,9.287,11.384239,0.000341,0.000556,-0.002037,-0.000864
23206.245501,9.287,11.090588,0.00034,0.000558,-0.002035,-0.000865
23208.74626,9.287,11.278317,0.000341,0.000558,-0.002033,-0.000862
23210.011509,9.287,11.33898,0.000341,0.000558,-0.002033,-0.000862
23212.527625,9.287,11.040548,0.000341,0.000559,-0.002032,-0.000859
23215.043512,9.287,11.182487,0.000344,0.000562,-0.002039,-0.000863
23216.292402,9.287,11.347851,0.000348,0.000562,-0.002038,-0.000857
23218.808779,9.287,11.913533,0.000344,0.00056,-0.002037,-0.00086
23220.074527,9.287,11.509922,0.000342,0.000561,-0.002042,-0.00086
23222.606261,9.287,11.38323,0.000341,0.00056,-0.002035,-0.00086
23225.106254,9.287,11.316617,0.00034,0.000563,-0.002035,-0.000859
23226.355732,9.287,11.610108,0.00034,0.000563,-0.00203,-0.000858
23228.871494,9.287,11.305673,0.000343,0.000564,-0.002031,-0.000858
23230.137875,9.287,11.208994,0.000346,0.000564,-0.002025,-0.000854
23232.667726,9.287,11.913851,0.000362,0.000574,-0.002034,-0.000847
23233.917889,9.287,11.214518,0.000356,0.000571,-0.002027,-0.000848
23236.417846,9.287,11.287878,0.00036,0.000572,-0.002027,-0.000849
23238.933425,9.287,11.93765,0.000363,0.000574,-0.002025,-0.000849
23240.183355,9.287,11.158795,0.000364,0.000572,-0.002032,-0.000849
23242.699166,9.287,11.423017,0.000359,0.000568,-0.00203,-0.000852
23243.948749,9.287,11.262593,0.000354,0.000566,-0.002025,-0.000854
23246.480848,9.287,11.275289,0.000355,0.000568,-0.00203,-0.000852
23248.997343,9.287,11.923519,0.00035,0.000567,-0.002035,-0.000853
23250.262146,9.287,11.173775,0.000347,0.000565,-0.002035,-0.000852
23252.778388,9.287,11.406178,0.00034,0.000563,-0.00204,-0.000855
23254.043364,9.287,11.53372,0.000328,0.000548,-0.002036,-0.000872
23256.574127,9.287,11.381849,0.000321,0.000544,-0.002043,-0.000877
23259.091219,9.287,11.811488,0.000317,0.000539,-0.002043,-0.00088
23260.355835000002,9.287,11.032262,0.000317,0.00054,-0.002042,-0.00088
23262.872135,9.287,11.261584,0.000325,0.000546,-0.002036,-0.000871
23264.137494,9.287,11.560706,0.000327,0.000546,-0.002034,-0.000871
23266.652264,9.287,11.266948,0.000325,0.000546,-0.002039,-0.000874
23267.898667,9.287,11.518474,0.000329,0.000549,-0.002035,-0.000873
23270.401467,9.287,11.338396,0.000321,0.000539,-0.00203,-0.00088
23272.902286,9.287,11.3623,0.000324,0.000544,-0.00204,-0.000875
23274.152309,9.287,11.436457,0.000329,0.000546,-0.002042,-0.000874
23276.651727,9.287,10.790614,0.000338,0.000555,-0.002043,-0.000865
23277.903135,9.287,11.481662,0.000342,0.000559,-0.002046,-0.000861
23280.403999000002,9.287,11.380679,0.000335,0.000556,-0.002037,-0.000862
23282.902339,9.287,11.056857,0.000337,0.000555,-0.002053,-0.000862
23284.151386,9.287,11.412074,0.000332,0.000551,-0.002046,-0.000866
23286.653721,9.287,11.221158,0.000328,0.000545,-0.002048,-0.000871
23287.901491,9.287,11.297493,0.000326,0.000546,-0.002052,-0.000872
23290.419854,9.287,11.339033,0.000327,0.000549,-0.002044,-0.00087
23292.918363,9.287,10.98987,0.000325,0.000545,-0.00205,-0.000875
23294.168487,9.287,11.336324,0.000325,0.000545,-0.002044,-0.000876
23296.684485,9.287,11.427691,0.000329,0.000546,-0.002046,-0.000873
23297.948484,9.287,11.370215,0.000327,0.000541,-0.002046,-0.000877
23300.450618,9.287,11.587266,0.000329,0.000546,-0.002049,-0.000871
23302.965195,9.287,11.463176,0.000328,0.000544,-0.002047,-0.000874
23304.215223,9.287,11.162779,0.000325,0.000545,-0.002057,-0.000872
23306.731117,9.287,11.181105,0.000327,0.000547,-0.00206,-0.000873
23307.99725,9.287,10.998157,0.000329,0.000547,-0.002055,-0.000872
23310.527954,9.287,11.672578,0.000339,0.000553,-0.002056,-0.00087
23313.041936,9.287,11.380043,0.000338,0.000553,-0.002046,-0.000867
23314.292819000002,9.287,10.891065,0.000333,0.000553,-0.002051,-0.00087
23316.794163,9.287,11.376855,0.000324,0.000543,-0.002055,-0.000877
23318.059852,9.287,11.684583,0.000327,0.000548,-0.002055,-0.000876
23320.589904,9.287,10.970799,0.000325,0.000543,-0.002054,-0.000883
23323.105171,9.287,10.732128,0.000325,0.000543,-0.002063,-0.00088
23324.355910000002,9.287,10.689047,0.000322,0.000543,-0.00206,-0.000876
23326.855585,9.287,11.321663,0.000325,0.000544,-0.002061,-0.000879
23328.121103,9.287,11.640652,0.000325,0.000544,-0.002061,-0.000878
23330.622319000002,9.287,10.612448,0.000316,0.000532,-0.002066,-0.000888
23331.887222,9.287,11.219299,0.00031,0.000529,-0.00206,-0.000896
23334.402089,9.287,11.0295,0.000308,0.00053,-0.002061,-0.000894
23336.918311,9.287,11.656058,0.000288,0.000509,-0.002062,-0.000915
23338.183272000002,9.287,11.312314,0.000293,0.000515,-0.002061,-0.000912
23340.683561,9.287,11.6338,0.000314,0.000528,-0.002059,-0.000894
23341.949134000002,9.287,10.838264,0.000308,0.000522,-0.002062,-0.000895
23344.465272,9.287,11.650427,0.000312,0.000529,-0.002062,-0.000894
23346.980247,9.287,11.127879,0.000313,0.000532,-0.002069,-0.000886
23348.230454,9.287,11.488143,0.000312,0.000528,-0.00207,-0.00089
23350.748113,9.287,11.164957,0.000297,0.000514,-0.002066,-0.000907
23351.995851,9.287,11.045808,0.000286,0.000506,-0.002077,-0.000914
23354.511486,9.287,11.398369,0.000301,0.000518,-0.002077,-0.000907
23357.012329,9.287,11.414039,0.000298,0.000517,-0.00207,-0.000907
23358.263068,9.287,11.343071,0.000298,0.00052,-0.002061,-0.000899
23360.777445,9.287,11.526284,0.000305,0.000525,-0.002062,-0.000899
23362.027715,9.287,11.232261,0.00031,0.000529,-0.002068,-0.000894
23364.527589,9.287,11.406231,0.000311,0.00053,-0.002072,-0.000889
23367.028114,9.287,11.426364,0.000312,0.000531,-0.002076,-0.000891
23368.293888,9.287,11.938446,0.000313,0.00053,-0.002067,-0.000889
23370.807267,9.287,11.281451,0.00032,0.000538,-0.002071,-0.000882
23372.058209,9.287,11.132181,0.000319,0.000539,-0.002062,-0.000879
23374.559852,9.287,11.033431,0.00032,0.00054,-0.00207,-0.000877
23377.073978,9.287,11.29489,0.000318,0.000543,-0.002069,-0.00088
23378.325427,9.287,10.818608,0.000315,0.000539,-0.002076,-0.000885
23380.856050000002,9.287,11.298661,0.000319,0.000535,-0.002071,-0.000886
23382.105752,9.287,11.245275,0.000317,0.000533,-0.002073,-0.000887
23384.620619,9.287,11.333509,0.000311,0.000529,-0.002074,-0.000892
23385.888109,9.287,10.941954,0.000317,0.000532,-0.002074,-0.000889
23388.402227,9.287,11.168304,0.00031,0.000532,-0.002076,-0.000897
23390.917286,9.287,11.183656,0.000319,0.000533,-0.002074,-0.000897
23392.168238000002,9.287,11.378926,0.000323,0.000534,-0.002068,-0.000893
23394.667855,9.287,11.080495,0.000333,0.000541,-0.002068,-0.000883
23395.91419,9.287,11.054838,0.000331,0.000545,-0.002077,-0.000881
23398.418629,9.287,11.423601,0.000313,0.000532,-0.002077,-0.000891
23400.933704,9.287,10.707959,0.000295,0.00052,-0.002084,-0.000904
23402.182853000002,9.287,10.874119,0.000297,0.000518,-0.00208,-0.000902
23404.683081,9.287,11.077468,0.000304,0.000517,-0.002074,-0.000898
23405.933542,9.287,11.175103,0.000307,0.000519,-0.002081,-0.0009
23408.433079000002,9.287,11.251916,0.000308,0.000522,-0.002083,-0.000892
23410.933968,9.287,10.777972,0.000314,0.000523,-0.00208,-0.000884
23412.200258,9.287,11.222062,0.000315,0.000523,-0.002074,-0.000881
23414.715433,9.287,10.288093,0.000319,0.000528,-0.002075,-0.000879
23415.980713,9.287,10.932977,0.000323,0.000526,-0.002069,-0.000876
23418.49587,9.287,10.457388,0.00033,0.000528,-0.002073,-0.000873
23420.995979,9.287,11.506257,0.000338,0.000532,-0.002076,-0.000868
23422.245555,9.287,11.730161,0.000331,0.000531,-0.002076,-0.000869
23424.777024,9.287,10.924266,0.000324,0.00052,-0.002078,-0.000874
23426.02732,9.286,10.920494,0.00032,0.000517,-0.002077,-0.000877
23428.5431,9.285,11.648195,0.000318,0.000503,-0.00207,-0.00089
23431.04276,9.284,11.089472,0.00032,0.000504,-0.00207,-0.000888
23432.292922,9.284,10.988542,0.000329,0.000509,-0.002072,-0.000883
23434.809168,9.283,10.85319,0.000334,0.00051,-0.002069,-0.000879
23436.074220000002,9.282,10.926762,0.000337,0.000511,-0.002075,-0.000877
23438.589242000002,9.281,10.901955,0.000323,0.000499,-0.002059,-0.000884
23441.091466,9.281,10.316938,0.000329,0.000503,-0.002067,-0.000881
23442.34083,9.28,11.04772,0.000332,0.000505,-0.002061,-0.000875
23444.856055,9.279,10.766391,0.000341,0.000509,-0.002062,-0.000865
23446.106334,9.279,10.498717,0.000346,0.000515,-0.002068,-0.000862
23448.606982,9.278,10.348597,0.000357,0.000523,-0.002066,-0.000852
23451.120734,9.277,10.455369,0.000369,0.000529,-0.002063,-0.000845
23452.370854,9.277,10.448092,0.000373,0.000532,-0.002066,-0.000842
23454.885923,9.276,10.360337,0.000379,0.000531,-0.002068,-0.000842
23456.137318,9.275,10.58865,0.000384,0.000531,-0.002061,-0.000836
23458.651844,9.274,10.1682,0.000399,0.000536,-0.002067,-0.000832
23459.901349,9.274,10.176433,0.000397,0.000536,-0.002061,-0.000829
23462.387939,9.273,10.716883,0.00039,0.000532,-0.002059,-0.000831
23464.903326,9.272,10.553377,0.00039,0.000527,-0.002059,-0.000833
23466.167861,9.271,10.485011,0.000391,0.000525,-0.002059,-0.000833
23468.667891,9.27,10.088465,0.000394,0.000526,-0.002058,-0.000831
23469.916241,9.27,9.958318,0.000397,0.000527,-0.002063,-0.00083
23472.417954,9.269,10.468172,0.000406,0.000532,-0.002063,-0.000823
23474.933324,9.268,10.664931,0.000407,0.000537,-0.002056,-0.000816
23476.182996,9.268,10.056221,0.00041,0.000537,-0.002063,-0.000815
23478.698697,9.267,10.645701,0.000413,0.000538,-0.002055,-0.000814
23479.949009,9.266,10.329739,0.000411,0.000536,-0.002055,-0.00081
23482.465234,9.265,11.239698,0.000414,0.000537,-0.002059,-0.00081
23484.965364,9.264,9.953803,0.000418,0.000533,-0.002057,-0.000804
23486.214793,9.263,10.027324,0.000415,0.000529,-0.002053,-0.000806
23488.72981,9.262,9.977178,0.00041,0.000524,-0.002056,-0.00081
23489.978796,9.262,9.635611,0.000411,0.00052,-0.002048,-0.000811
23492.495969,9.261,10.11083,0.000408,0.000518,-0.002048,-0.000812
23495.012729000002,9.26,9.262651,0.000409,0.000519,-0.002054,-0.000807
23496.278099,9.26,9.397046,0.000413,0.000517,-0.002051,-0.000804
23498.808944,9.259,9.638267,0.000421,0.000524,-0.002056,-0.000799
23500.074726,9.258,9.350193,0.000421,0.000525,-0.002056,-0.000797
23502.590318000002,9.257,9.356886,0.00043,0.000529,-0.00205,-0.000796
23505.090324,9.256,9.817709,0.000437,0.000525,-0.002049,-0.000795
23506.355834,9.256,9.214789,0.00044,0.000522,-0.00205,-0.000797
23508.855237,9.255,9.735743,0.000445,0.000525,-0.002051,-0.000791
23510.105196,9.255,9.178189,0.000447,0.000525,-0.002047,-0.000788
23512.606054,9.254,9.322305,0.00044,0.000522,-0.002046,-0.000787
23515.106312,9.253,9.661746,0.000438,0.000521,-0.002044,-0.000785
23516.370155,9.252,9.941427,0.000441,0.00052,-0.002042,-0.000784
23518.887182,9.252,9.774256,0.000446,0.000522,-0.002042,-0.000776
23520.136823,9.251,9.388068,0.000447,0.000525,-0.00205,-0.000776
23522.638206,9.25,9.800604,0.000455,0.000522,-0.002044,-0.000773
23523.888082,9.249,8.634764,0.000455,0.000525,-0.002045,-0.000771
23526.387012,9.249,9.194922,0.000458,0.000526,-0.002044,-0.000768
23528.887276,9.248,9.102386,0.000466,0.000526,-0.002045,-0.000764
23530.153274,9.247,9.426634,0.000469,0.000526,-0.002049,-0.000763
23532.65183,9.246,8.934791,0.000467,0.000523,-0.002045,-0.000767
23533.903229,9.246,8.947964,0.000469,0.000524,-0.002051,-0.000767
23536.401846,9.245,8.899252,0.000473,0.000524,-0.002049,-0.000761
23538.902755,9.244,8.618669,0.000481,0.000528,-0.002049,-0.000757
23540.153561,9.244,8.965972,0.000484,0.000527,-0.002044,-0.000756
23542.667916,9.243,8.864723,0.000486,0.000529,-0.002051,-0.000751
23543.918205,9.242,9.157685,0.000493,0.000531,-0.002047,-0.000753
23546.434207000002,9.241,8.407514,0.000497,0.000524,-0.002046,-0.000753
23548.950435,9.241,9.493514,0.000504,0.000526,-0.002049,-0.000751
23550.200129,9.241,9.43115,0.000503,0.000526,-0.00205,-0.000751
23552.716046,9.241,8.959704,0.000502,0.000525,-0.002047,-0.000756
23553.981092,9.241,9.159278,0.000499,0.000524,-0.002047,-0.000755
23556.511791,9.241,9.542597,0.000496,0.000521,-0.002051,-0.000758
23559.028045,9.241,9.192957,0.000495,0.000523,-0.002045,-0.000757
23560.29351,9.241,9.006078,0.000491,0.000524,-0.002042,-0.000758
23562.825255,9.241,9.243581,0.000487,0.000526,-0.002039,-0.00076
23564.088375,9.241,9.073117,0.000489,0.000529,-0.002044,-0.00076
23566.601208,9.241,8.865892,0.000485,0.000531,-0.002043,-0.00076
23569.091414000002,9.241,9.020102,0.000488,0.000533,-0.002045,-0.000757
23570.355166,9.241,10.170643,0.000485,0.000534,-0.002045,-0.00076
23572.85607,9.241,9.594602,0.000482,0.000533,-0.002045,-0.000764
23574.106188,9.242,9.102704,0.000479,0.000532,-0.002036,-0.000766
23576.637932,9.243,9.315612,0.000475,0.000534,-0.002037,-0.000767
23577.888441,9.243,9.524377,0.000475,0.000535,-0.002045,-0.000771
23580.401136,9.244,9.467484,0.00047,0.000533,-0.002042,-0.000771
23582.902666,9.245,9.430831,0.000468,0.000535,-0.002042,-0.000777
23584.152925000002,9.245,10.168518,0.000464,0.000533,-0.002033,-0.000779
23586.667103,9.246,9.473434,0.000468,0.000535,-0.002037,-0.000779
23587.917493,9.247,9.672636,0.000468,0.000538,-0.002036,-0.000778
23590.417774,9.247,9.949607,0.000466,0.000535,-0.002035,-0.000781
23592.91925,9.248,9.678958,0.000466,0.000539,-0.002035,-0.000778
23594.183729,9.249,9.794441,0.000465,0.000542,-0.002039,-0.000778
23596.716019,9.25,9.765332,0.000461,0.000542,-0.002034,-0.000778
23597.979072000002,9.25,10.078426,0.000457,0.000543,-0.002034,-0.00078
23600.480246,9.251,9.564429,0.000454,0.000544,-0.002039,-0.00078
23602.99594,9.252,10.177442,0.000456,0.000545,-0.002037,-0.000786
23604.245963,9.252,9.499038,0.000452,0.000543,-0.002041,-0.000784
23606.746873,9.253,9.470884,0.000446,0.000542,-0.002041,-0.000789
23608.012198,9.254,11.073643,0.000444,0.000541,-0.002046,-0.000793
23610.511218,9.255,9.905783,0.000442,0.000543,-0.002044,-0.000795
23613.012310000002,9.256,10.153963,0.000444,0.000547,-0.00204,-0.000791
23614.277877,9.256,9.901055,0.000442,0.000548,-0.002038,-0.000795
23616.79395,9.257,10.850746,0.000442,0.00055,-0.002041,-0.000796
23618.059255,9.257,12.0015,0.00044,0.00055,-0.002037,-0.000794
23620.58988,9.258,10.086022,0.000445,0.000553,-0.002044,-0.000791
23623.12062,9.258,9.977763,0.000445,0.00055,-0.002038,-0.000793
23624.386211,9.258,9.389025,0.000445,0.00055,-0.002038,-0.000794
23626.887547,9.258,9.232054,0.000449,0.000551,-0.002039,-0.000789
23628.137396000002,9.258,10.318372,0.000451,0.000553,-0.002045,-0.000788
23630.65155,9.258,9.909714,0.000441,0.000549,-0.002039,-0.000786
23631.902157,9.258,10.076142,0.000442,0.000549,-0.002034,-0.000785
23634.401537,9.258,10.14982,0.000444,0.000543,-0.002039,-0.000787
23636.903002,9.258,10.831305,0.000444,0.000545,-0.002037,-0.000781
23638.15217,9.258,9.622649,0.000444,0.000545,-0.002036,-0.000782
23640.667272,9.258,9.612663,0.000448,0.000542,-0.002039,-0.00078
23641.917189,9.258,10.234388,0.000452,0.000543,-0.002035,-0.000777
23644.41747,9.257,9.662755,0.00045,0.000542,-0.002031,-0.000777
23646.920148,9.256,9.974257,0.000458,0.000541,-0.002032,-0.000774
23648.185048,9.256,9.683739,0.000461,0.000543,-0.002037,-0.000772
23650.715959,9.255,9.698559,0.000461,0.000544,-0.002032,-0.00077
23651.980349,9.255,9.538613,0.000462,0.000543,-0.00203,-0.000768
23654.481218,9.254,9.076994,0.000464,0.000543,-0.002032,-0.000768
23657.012328,9.253,9.232159,0.000473,0.000542,-0.00204,-0.000767
23658.262287,9.252,9.549131,0.000472,0.000539,-0.002033,-0.000766
23660.777086000002,9.251,9.529742,0.000476,0.000541,-0.002039,-0.000764
23662.027358,9.251,9.112692,0.000475,0.00054,-0.002036,-0.000762
23664.559061,9.25,9.628758,0.000477,0.000535,-0.002036,-0.000763
23667.075451,9.249,9.002413,0.000483,0.000537,-0.002039,-0.000761
23668.340681,9.249,9.064351,0.000481,0.000534,-0.00203,-0.000762
23670.870787,9.248,8.706848,0.000473,0.000529,-0.002031,-0.000764
23672.138157,9.247,8.928469,0.000471,0.000525,-0.002026,-0.000765
23674.652649,9.246,8.895373,0.000472,0.000523,-0.002035,-0.000768
23675.901927,9.246,9.194285,0.000471,0.000518,-0.002035,-0.000772
23678.418093,9.245,9.38111,0.000454,0.000502,-0.002046,-0.000781
23680.917961,9.244,9.520871,0.000452,0.000503,-0.002054,-0.000781
23682.183919,9.244,8.926823,0.000449,0.000497,-0.002046,-0.00078
23684.698927,9.243,7.71397,0.000459,0.000503,-0.002049,-0.000773
23685.94926,9.242,9.006025,0.00046,0.000505,-0.002042,-0.000768
23688.479474,9.242,9.334205,0.000456,0.000511,-0.002044,-0.000769
23690.995911,9.242,9.32613,0.000449,0.000498,-0.002055,-0.000785
23692.24601,9.242,9.544296,0.000442,0.000491,-0.002054,-0.00079
23694.746013,9.242,8.762891,0.000443,0.000495,-0.002051,-0.000788
23695.996068,9.242,8.988761,0.00045,0.000502,-0.002053,-0.000783
23698.495645,9.242,9.114232,0.000452,0.000512,-0.002048,-0.000781
23700.997314,9.242,9.365439,0.000452,0.000504,-0.002058,-0.00079
23702.246051000002,9.242,8.956039,0.00044,0.000497,-0.002061,-0.000796
23704.745949,9.242,7.377451,0.000437,0.000488,-0.002063,-0.000807
23705.996251,9.242,8.637101,0.000439,0.000496,-0.002066,-0.000802
23708.512038,9.242,9.706208,0.000431,0.000492,-0.002058,-0.000809
23711.027521,9.243,9.524908,0.000435,0.000502,-0.002065,-0.000804
23712.293024,9.243,9.516355,0.000436,0.000507,-0.002062,-0.000798
23714.809034,9.244,9.662278,0.000423,0.000494,-0.002064,-0.000815
23716.074162,9.244,8.987751,0.000414,0.000488,-0.002058,-0.000822
23718.591252000002,9.245,9.533885,0.000432,0.000497,-0.00206,-0.000814
23721.106014,9.246,9.219942,0.000438,0.000507,-0.002067,-0.000805
23722.355523000002,9.246,9.532451,0.000436,0.000511,-0.002064,-0.000803
23724.855277,9.247,9.043422,0.000431,0.000514,-0.002059,-0.000804
23726.105342,9.248,9.642516,0.000423,0.000507,-0.002063,-0.000813
23728.620748,9.249,9.868438,0.000421,0.000511,-0.002075,-0.000809
23729.888032,9.249,9.929633,0.000422,0.000513,-0.002066,-0.000809
23732.417699,9.25,10.088944,0.000428,0.00052,-0.002072,-0.000804
23734.917595,9.251,9.871254,0.000409,0.000505,-0.002068,-0.000821
23736.167387,9.252,9.961294,0.000402,0.000501,-0.002066,-0.000828
23738.698515,9.252,9.857495,0.000396,0.000498,-0.002075,-0.000832
23739.965902,9.253,9.67917,0.000402,0.000502,-0.002068,-0.000829
23742.495753,9.254,9.482995,0.000394,0.0005,-0.002075,-0.000834
23745.012302,9.255,9.708598,0.000386,0.000498,-0.002069,-0.000842
23746.263299000002,9.255,9.590352,0.000395,0.000506,-0.002066,-0.000837
23748.761661,9.256,10.099355,0.000392,0.000508,-0.002066,-0.000833
23750.012237,9.256,10.026314,0.000389,0.000507,-0.00207,-0.00083
23752.528039,9.257,10.101852,0.000384,0.000507,-0.002075,-0.000831
23755.058,9.258,10.393591,0.000377,0.000506,-0.002089,-0.000837
23756.309046000002,9.259,10.446126,0.000376,0.000508,-0.002082,-0.000837
23758.825555,9.26,10.402567,0.000378,0.000508,-0.002088,-0.000842
23760.073958,9.26,9.769315,0.000374,0.000506,-0.002088,-0.000846
23762.590567,9.261,10.348279,0.000366,0.000501,-0.002087,-0.000852
23765.105,9.262,10.568729,0.000362,0.000501,-0.00208,-0.000854
23766.355639,9.262,10.629818,0.000362,0.000503,-0.002083,-0.000853
23768.852751,9.263,10.329155,0.000367,0.000505,-0.002079,-0.000855
23770.10502,9.264,10.100099,0.000368,0.000508,-0.002076,-0.000854
23772.606011,9.265,10.547747,0.000363,0.000512,-0.00208,-0.000847
23775.120656,9.266,10.883469,0.000366,0.000513,-0.002075,-0.000851
23776.372119,9.266,10.346685,0.000361,0.000515,-0.002079,-0.000855
23778.888151,9.267,10.793217,0.000355,0.000513,-0.002072,-0.00086
23780.138024,9.268,10.394546,0.000353,0.000509,-0.002073,-0.000863
23782.652368,9.268,10.392421,0.000349,0.000514,-0.002079,-0.000862
23783.918016,9.269,10.627056,0.000347,0.000516,-0.002074,-0.00086
23786.434261000002,9.27,10.764,0.000343,0.000511,-0.002082,-0.000865
23788.94888,9.271,11.057388,0.000334,0.000503,-0.00208,-0.000876
23790.20101,9.271,10.564001,0.000337,0.000505,-0.002079,-0.000878
23792.715753,9.272,10.727666,0.000337,0.000507,-0.002072,-0.000878
23793.980319000002,9.273,11.130854,0.000333,0.000503,-0.002072,-0.000881
23796.495759,9.274,10.396406,0.000329,0.000506,-0.00207,-0.00088
23799.011087,9.275,11.002991,0.000325,0.000512,-0.002074,-0.000879
23800.262085000002,9.275,11.110084,0.000328,0.000516,-0.002076,-0.000877
23802.761953,9.276,10.969843,0.000327,0.000521,-0.002067,-0.000873
23804.012036,9.277,11.020947,0.000327,0.000522,-0.00206,-0.000871
23806.510432,9.277,11.104134,0.000325,0.000523,-0.00206,-0.00087
23809.028466,9.278,11.018026,0.00033,0.000525,-0.002057,-0.000873
23810.293775000002,9.279,11.13096,0.000329,0.000527,-0.002054,-0.000872
23812.824035,9.28,11.228542,0.000333,0.000532,-0.00206,-0.000873
23814.0903,9.28,11.427691,0.000328,0.000531,-0.002054,-0.000876
23816.60576,9.281,10.953588,0.000331,0.00053,-0.002059,-0.000879
23819.120383,9.282,10.8176,0.000327,0.00053,-0.002062,-0.000882
23820.370638,9.283,11.002566,0.000325,0.000528,-0.002055,-0.000886
23822.899976,9.284,11.199751,0.00033,0.000533,-0.00206,-0.000886
23824.152297,9.284,11.534571,0.000322,0.000532,-0.002051,-0.000887
23826.652119,9.285,11.270083,0.000322,0.000531,-0.002053,-0.000887
23827.901512,9.285,10.963468,0.000324,0.000532,-0.00206,-0.000887
23830.403149,9.285,11.155396,0.000319,0.000529,-0.002058,-0.000886
23832.918138,9.285,11.544823,0.000313,0.000528,-0.002062,-0.000888
23834.168313000002,9.285,10.682567,0.00031,0.000528,-0.002053,-0.000884
23836.699015000002,9.285,11.353429,0.00031,0.000527,-0.002056,-0.000884
23837.949787,9.285,11.305302,0.00031,0.000526,-0.002054,-0.00088
23840.46614,9.285,10.874173,0.000317,0.00053,-0.002051,-0.000876
23842.98068,9.285,10.909445,0.000324,0.000528,-0.002054,-0.000874
23844.230991,9.285,11.082567,0.000326,0.00053,-0.002057,-0.000869
23846.745861,9.285,10.780202,0.000328,0.000529,-0.002049,-0.00087
23847.995839,9.285,11.328568,0.000331,0.000531,-0.002048,-0.000867
23850.495875,9.284,11.086498,0.00034,0.000537,-0.002049,-0.00086
23853.010823,9.283,11.074599,0.000349,0.000538,-0.00205,-0.000852
23854.261752,9.283,11.270561,0.000356,0.000542,-0.002044,-0.000846
23856.777137,9.282,11.402937,0.000366,0.000539,-0.002041,-0.000846
23858.028140000002,9.281,10.796298,0.000366,0.000539,-0.002043,-0.000849
23860.543274,9.28,11.076936,0.000369,0.000538,-0.002046,-0.000843
23863.058975,9.28,10.851596,0.000369,0.000538,-0.002042,-0.000839
23864.325175,9.279,9.921718,0.00037,0.000542,-0.002043,-0.00084
23866.856128,9.278,10.709977,0.000365,0.00054,-0.00204,-0.000837
23868.105837,9.278,10.909764,0.000368,0.000538,-0.002047,-0.000837
23870.621127,9.277,10.970799,0.000368,0.000538,-0.002048,-0.000834
23873.151402,9.276,10.726604,0.000373,0.000538,-0.002044,-0.000832
23874.402054000002,9.276,11.002778,0.000375,0.000541,-0.002052,-0.000829
23876.902149,9.275,10.69675,0.000377,0.000541,-0.002052,-0.000828
23878.151824,9.274,10.612819,0.000381,0.000542,-0.002044,-0.000825
23880.652705,9.273,10.590243,0.000385,0.000538,-0.002045,-0.000823
23883.152927,9.272,10.628862,0.000386,0.000541,-0.002047,-0.000819
23884.402268,9.272,10.291545,0.000388,0.000539,-0.002051,-0.00082
23886.902168,9.271,10.366233,0.000393,0.000535,-0.002053,-0.000822
23888.151453,9.27,10.001401,0.000395,0.000535,-0.002052,-0.000822
23890.652112,9.269,10.394919,0.000395,0.000536,-0.002052,-0.000819
23893.153418,9.268,10.340257,0.000405,0.000539,-0.002048,-0.000817
23894.401586,9.268,10.224242,0.000411,0.00054,-0.002049,-0.000813
23896.902217,9.267,10.465038,0.000404,0.000534,-0.002049,-0.000815
23898.152318,9.266,11.005806,0.000408,0.000536,-0.002054,-0.000813
23900.668501,9.265,10.061799,0.000412,0.000536,-0.002055,-0.000805
23901.934527,9.265,10.391359,0.000414,0.000536,-0.002057,-0.000804
23904.450759,9.264,9.764641,0.000413,0.000532,-0.002048,-0.000802
23906.965121,9.263,10.5427,0.000418,0.000535,-0.002049,-0.000798
23908.23015,9.262,10.114441,0.000425,0.000538,-0.00205,-0.000796
23910.745691,9.262,10.115504,0.000427,0.000536,-0.002044,-0.000795
23911.995964,9.261,9.500207,0.000427,0.000536,-0.002045,-0.000793
23914.496934,9.26,10.130644,0.000427,0.000531,-0.002043,-0.000796
23917.012347,9.259,10.291492,0.000431,0.00053,-0.002046,-0.000798
23918.263145,9.259,9.980419,0.000434,0.000529,-0.002047,-0.000797
23920.762979,9.258,10.081135,0.00044,0.000527,-0.002048,-0.000795
23922.028003,9.257,9.40103,0.000445,0.00053,-0.002048,-0.000789
23924.558638000002,9.256,10.661265,0.000446,0.000531,-0.002047,-0.000787
23927.09091,9.255,9.447617,0.000444,0.000529,-0.002042,-0.000785
23928.356238,9.255,9.577231,0.000447,0.00053,-0.002044,-0.000782
23930.887811,9.254,10.210909,0.000448,0.000527,-0.002041,-0.000781
23932.151604,9.254,9.346847,0.000449,0.000526,-0.002039,-0.000782
23934.668184000002,9.253,9.811918,0.000455,0.000528,-0.00204,-0.000778
23935.919021,9.252,9.326608,0.000461,0.000532,-0.002043,-0.000772
23938.44901,9.251,9.348175,0.000455,0.000533,-0.002034,-0.000766
23940.94897,9.25,9.629874,0.000449,0.000527,-0.002034,-0.00077
23942.198871,9.25,8.964591,0.000453,0.000524,-0.00204,-0.000773
23944.73089,9.249,9.245015,0.000458,0.000527,-0.002038,-0.000772
23945.99797,9.249,9.163209,0.000457,0.000527,-0.002043,-0.00077
23948.513107,9.248,10.141427,0.000463,0.000531,-0.002042,-0.000762
23951.04446,9.247,9.140208,0.000473,0.000533,-0.002042,-0.000755
23952.293120000002,9.246,9.644854,0.000476,0.000535,-0.002046,-0.000753
23954.791091,9.246,9.203687,0.000487,0.000537,-0.002045,-0.000752
23956.043344,9.245,9.139411,0.000488,0.000533,-0.002043,-0.000752
23958.559717,9.244,8.078644,0.000483,0.000532,-0.002037,-0.000751
23961.091069000002,9.244,9.167725,0.00048,0.000529,-0.002038,-0.000753
23962.355582,9.244,9.204165,0.000482,0.000531,-0.002038,-0.000751
23964.855743,9.244,9.014047,0.000481,0.000531,-0.002041,-0.000755
23966.121476,9.244,9.278162,0.000481,0.000533,-0.00204,-0.000753
23968.621214,9.244,9.13888,0.000479,0.000531,-0.002049,-0.000759
23971.152084,9.244,9.909554,0.000472,0.000525,-0.002047,-0.000764
23972.402154,9.244,8.848149,0.000472,0.000527,-0.002048,-0.000764
23974.902724,9.244,9.924906,0.000475,0.000529,-0.002045,-0.000764
23976.153346,9.244,8.961244,0.000477,0.000532,-0.002043,-0.000764
23978.653114,9.244,9.377073,0.000481,0.000535,-0.002047,-0.000764
23981.152613000002,9.244,9.413248,0.000475,0.000533,-0.002042,-0.000767
23982.417338,9.244,10.155663,0.00047,0.000532,-0.002038,-0.00077
23984.918122,9.244,9.434868,0.000465,0.000532,-0.002035,-0.000772
23986.183248,9.245,8.722784,0.000466,0.000533,-0.00204,-0.000773
23988.71473,9.245,9.606979,0.000463,0.000533,-0.002033,-0.000773
23989.965248,9.246,9.48172,0.000461,0.000536,-0.002039,-0.00077
23992.495962,9.247,9.477153,0.000453,0.000535,-0.002032,-0.000777
23995.012789,9.248,9.439065,0.000451,0.000538,-0.00203,-0.000776
23996.277454,9.248,9.66095,0.000446,0.000536,-0.002031,-0.000777
23998.808496,9.249,9.789554,0.000448,0.000539,-0.002036,-0.000781
24000.074128,9.25,9.423606,0.000449,0.000537,-0.002033,-0.000782
24002.590697,9.251,10.080019,0.000451,0.000539,-0.002036,-0.000783
24005.105382,9.251,9.99832,0.00045,0.000544,-0.002041,-0.000781
24006.355438,9.252,10.659512,0.000453,0.000544,-0.002034,-0.000784
24008.856986,9.253,9.477258,0.00045,0.000547,-0.002035,-0.00078
24010.106207,9.253,10.330324,0.000445,0.000546,-0.002036,-0.000784
24012.605558,9.254,10.784877,0.000441,0.000548,-0.002032,-0.000784
24015.12138,9.254,10.138133,0.000442,0.000548,-0.002036,-0.000787
24016.386209,9.255,9.854574,0.00044,0.000549,-0.002034,-0.000788
24018.886347,9.256,10.071679,0.000436,0.00055,-0.002034,-0.000791
24020.153997,9.257,9.798691,0.000439,0.000551,-0.002034,-0.00079
24022.651723,9.258,9.919062,0.00044,0.000553,-0.002036,-0.000791
24025.151718,9.259,10.310988,0.000436,0.000554,-0.002037,-0.000793
24026.402103,9.259,10.277044,0.000431,0.000551,-0.002035,-0.000793
24028.918923,9.26,9.977497,0.000435,0.000554,-0.002038,-0.000797
24030.181086,9.261,10.104508,0.000437,0.000556,-0.002038,-0.0008
24032.699085,9.262,10.463019,0.000432,0.000557,-0.002036,-0.000803
24033.950594,9.262,10.418929,0.000431,0.000557,-0.002034,-0.000801
24036.464448,9.263,10.479592,0.000421,0.000552,-0.002031,-0.000807
24038.980475,9.264,10.519061,0.000415,0.00055,-0.002032,-0.000813
24040.245924,9.264,9.722091,0.000411,0.00055,-0.002035,-0.000815
24042.747196,9.265,10.338132,0.000411,0.000553,-0.002029,-0.000814
24043.99728,9.266,10.048147,0.000414,0.000554,-0.002029,-0.00081
24046.512803,9.267,10.455742,0.000417,0.000563,-0.00203,-0.000805
24049.027972,9.268,10.354812,0.00042,0.000565,-0.002031,-0.00081
24050.278097000002,9.268,10.26626,0.000417,0.000563,-0.002026,-0.000811
24052.808766000002,9.269,10.567667,0.000416,0.000565,-0.002036,-0.000816
24054.075332,9.27,11.16687,0.000413,0.000564,-0.002029,-0.000815
24056.589977,9.27,10.799485,0.000415,0.000566,-0.002035,-0.000815
24059.105662,9.271,10.661,0.000407,0.000567,-0.002035,-0.000817
24060.355356,9.272,10.920069,0.000405,0.000563,-0.002027,-0.00082
24062.855737,9.273,10.545728,0.000396,0.000562,-0.002025,-0.000823
24064.107241,9.273,10.982486,0.000395,0.000558,-0.002033,-0.000827
24066.585432,9.274,11.258078,0.000391,0.000558,-0.002032,-0.000833
24069.053929,9.275,11.572498,0.000386,0.000559,-0.002029,-0.000835
24070.288784,9.28,10.316725,0.000382,0.000558,-0.002022,-0.000833
24072.756219,9.281,10.469074,0.000379,0.000556,-0.002029,-0.000833
24073.996866,9.281,11.077839,0.000375,0.000553,-0.002025,-0.000833
24076.511946,9.281,10.441771,0.000374,0.000551,-0.002021,-0.000835
24079.013058,9.281,10.863867,0.000368,0.000544,-0.002031,-0.000838
24080.262183,9.281,11.045276,0.000367,0.000544,-0.002035,-0.00084
24082.778582,9.281,11.32995,0.000364,0.000544,-0.002038,-0.000834
24084.043147,9.281,10.712792,0.000365,0.000544,-0.002035,-0.000832
24086.57393,9.281,10.936218,0.000364,0.000539,-0.002041,-0.000836
24089.075362,9.28,10.930746,0.000345,0.000516,-0.002045,-0.000855
24090.341104,9.28,11.200548,0.000348,0.00052,-0.00205,-0.000852
24092.855992,9.279,10.659088,0.000344,0.000512,-0.002055,-0.000855
24094.10627,9.278,10.479062,0.000343,0.000513,-0.002052,-0.000855
24096.62091,9.277,10.585675,0.000353,0.000513,-0.002051,-0.000851
24099.137386000002,9.276,10.899139,0.00036,0.000519,-0.002056,-0.000843
24100.40247,9.276,10.337708,0.000356,0.000516,-0.002053,-0.000844
24102.901524,9.275,10.815368,0.000352,0.000506,-0.002055,-0.000851
24104.152933,9.275,10.730004,0.000344,0.0005,-0.002062,-0.000855
24106.652674,9.274,10.614891,0.000345,0.000499,-0.002065,-0.000856
24107.918224,9.273,10.313378,0.000342,0.000492,-0.002057,-0.000859
24110.433962,9.272,10.316725,0.000345,0.000492,-0.00207,-0.000858
24112.934429,9.271,10.205915,0.000368,0.000503,-0.002075,-0.000846
24114.200799,9.271,10.153485,0.000383,0.000513,-0.002068,-0.000836
24116.729058,9.27,10.221958,0.000403,0.000531,-0.002063,-0.000818
24117.981269,9.27,9.831626,0.000394,0.000526,-0.002063,-0.000819
24120.497014,9.269,10.911357,0.00038,0.000514,-0.002061,-0.000821
24123.01306,9.268,9.824508,0.000393,0.000523,-0.002064,-0.000815
24124.277307,9.267,9.804694,0.000397,0.000521,-0.002061,-0.000814
24126.809291,9.266,10.322568,0.000396,0.000513,-0.00207,-0.000814
24128.073209000002,9.265,9.861002,0.000386,0.000504,-0.002065,-0.000826
24130.591156000002,9.265,11.078211,0.000398,0.000508,-0.00206,-0.000821
24133.121422,9.263,9.691707,0.000403,0.000513,-0.002072,-0.000814
24134.383799,9.263,9.31848,0.0004,0.000508,-0.002069,-0.000813
24136.902158,9.262,9.723313,0.000405,0.000513,-0.002074,-0.000808
24138.152318,9.262,9.510565,0.000404,0.000513,-0.002069,-0.000807
24140.670394,9.261,9.720816,0.000411,0.000515,-0.002074,-0.000803
24141.918576,9.26,9.052612,0.000414,0.000514,-0.002075,-0.000802
24144.448611,9.259,10.291652,0.00041,0.000514,-0.002072,-0.000795
24146.96543,9.258,10.083525,0.000414,0.000509,-0.002076,-0.000804
24148.230203,9.258,9.811228,0.000414,0.000512,-0.002077,-0.000798
24150.73097,9.257,9.642676,0.000404,0.000499,-0.002074,-0.00081
24151.996369,9.257,9.330061,0.000406,0.000493,-0.002084,-0.000814
24154.495686000002,9.256,9.118481,0.000415,0.000497,-0.002079,-0.000809
24156.995693,9.254,9.922038,0.000423,0.000504,-0.002081,-0.0008
24158.261829,9.254,9.335426,0.000423,0.000506,-0.002077,-0.000795
24160.76242,9.254,9.481083,0.00042,0.000503,-0.002078,-0.000798
24162.028088,9.253,9.124325,0.000418,0.000494,-0.002084,-0.000802
24164.555927,9.252,9.507006,0.00042,0.000488,-0.002085,-0.000806
24167.073326,9.252,8.59062,0.00042,0.000488,-0.002084,-0.000802
24168.324186,9.251,8.724909,0.000427,0.00049,-0.002082,-0.000798
24170.82542,9.25,9.305784,0.000433,0.000495,-0.002077,-0.000795
24172.074093,9.249,9.703765,0.000431,0.000494,-0.002076,-0.000795
24174.604731,9.249,9.998905,0.000443,0.000502,-0.002078,-0.000785
24177.10475,9.248,8.890327,0.000435,0.000489,-0.002079,-0.000791
24178.355943000002,9.247,9.344881,0.000433,0.000485,-0.002077,-0.000794
24180.871271,9.246,9.660684,0.000423,0.000473,-0.002069,-0.000804
24182.137425,9.246,8.838534,0.00043,0.000476,-0.002071,-0.000803
24184.637498,9.245,8.737446,0.000447,0.000491,-0.002064,-0.000784
24187.136938,9.244,9.125759,0.000453,0.000493,-0.002077,-0.000782
24188.387082,9.244,8.724006,0.000446,0.000486,-0.002075,-0.000786
24190.918394,9.243,9.243793,0.000452,0.000482,-0.002082,-0.000788
24192.184056000002,9.242,9.476727,0.000454,0.000478,-0.00207,-0.00079
24194.698853,9.241,9.413566,0.000454,0.000477,-0.002075,-0.000788
24195.949057,9.241,8.932984,0.000447,0.000471,-0.002075,-0.000791
24198.466043,9.24,8.746901,0.000446,0.000472,-0.002081,-0.000793
24200.980702,9.24,8.641457,0.000447,0.000479,-0.002072,-0.000788
24202.245285,9.24,8.975853,0.000451,0.000484,-0.002067,-0.000783
24204.745816000002,9.24,8.376332,0.000461,0.000494,-0.002063,-0.000777
24205.997322,9.24,9.417869,0.000466,0.000497,-0.002067,-0.000771
24208.512137,9.24,9.087831,0.000474,0.000501,-0.002065,-0.000771
24211.042924,9.24,8.715029,0.00047,0.000503,-0.002055,-0.000775
24212.293246,9.24,8.766291,0.000475,0.000505,-0.002057,-0.000774
24214.82539,9.24,8.344618,0.000479,0.000511,-0.002063,-0.000775
24216.073606,9.24,9.299622,0.000482,0.000512,-0.002059,-0.000774
24218.574118,9.24,8.962307,0.00048,0.000515,-0.002058,-0.000772
24221.091004,9.24,9.369264,0.000478,0.000519,-0.002061,-0.000772
24222.356321,9.24,9.72427,0.000478,0.00052,-0.002058,-0.000772
24224.855818,9.241,9.24459,0.000479,0.000523,-0.002057,-0.000775
24226.105886,9.241,9.729475,0.000478,0.000521,-0.00206,-0.000773
24228.605917,9.242,9.142864,0.000471,0.000523,-0.00206,-0.000771
24231.10636,9.243,9.192054,0.00047,0.000526,-0.002055,-0.000771
24232.371077,9.243,9.631308,0.000467,0.000527,-0.002053,-0.000773
24234.870674,9.244,8.71726,0.000469,0.000526,-0.002057,-0.000777
24236.137473,9.245,9.614522,0.000466,0.000522,-0.002061,-0.000782
24238.63566,9.245,9.483686,0.000458,0.000522,-0.002056,-0.00079
24241.151599,9.246,9.440499,0.000449,0.000516,-0.002052,-0.000788
24242.402198,9.247,9.41771,0.000447,0.000517,-0.002051,-0.000789
24244.901700000002,9.248,9.599967,0.000441,0.000516,-0.002048,-0.000798
24246.152401,9.248,10.229767,0.00044,0.000516,-0.002052,-0.0008
24248.653184,9.249,9.744243,0.000445,0.00052,-0.002053,-0.0008
24251.153376000002,9.25,9.697444,0.000439,0.00052,-0.002054,-0.0008
24252.402807,9.251,9.155506,0.000433,0.000519,-0.002048,-0.000802
24254.918044000002,9.252,9.561667,0.000423,0.000513,-0.002051,-0.000811
24256.16612,9.252,9.869236,0.000425,0.000513,-0.002053,-0.000811
24258.668406,9.253,10.128359,0.000431,0.000519,-0.00206,-0.000805
24259.933326,9.254,9.691175,0.000428,0.000522,-0.002054,-0.000806
24262.449162,9.254,9.685704,0.00043,0.000527,-0.002056,-0.000803
24264.980549,9.255,10.173193,0.000423,0.000529,-0.002047,-0.000804
24266.246745,9.256,9.773034,0.000427,0.000533,-0.002054,-0.000804
24268.762157,9.257,10.411758,0.000414,0.000532,-0.002047,-0.000807
24270.011981,9.257,10.295848,0.000416,0.000532,-0.002053,-0.000808
24272.527195000002,9.258,10.52873,0.000417,0.000533,-0.002055,-0.000809
24275.044197,9.259,9.842037,0.000423,0.000537,-0.002057,-0.000804
24276.309689,9.26,10.624931,0.000429,0.000538,-0.002056,-0.000805
24278.84033,9.261,10.061427,0.00043,0.000541,-0.00205,-0.000806
24282.606299,9.262,9.766234,0.000423,0.000547,-0.002054,-0.000804
24285.121425,9.263,10.851703,0.000426,0.000548,-0.002047,-0.000804
24286.370672,9.263,10.337973,0.000426,0.000545,-0.002046,-0.000805
24288.870663,9.264,10.260205,0.000427,0.000548,-0.002047,-0.000806
24290.122043,9.265,10.582859,0.000426,0.000547,-0.002052,-0.000807
24292.652292,9.266,10.280869,0.000414,0.000543,-0.002051,-0.000813
24295.152187,9.267,10.723682,0.000408,0.000547,-0.002047,-0.000815
24296.419813,9.267,10.567667,0.00041,0.000548,-0.002048,-0.000818
24298.918291,9.268,10.596033,0.000407,0.000544,-0.002049,-0.00082
24300.184427,9.269,10.696006,0.000406,0.000547,-0.002051,-0.000821
24302.700817,9.269,10.372607,0.000401,0.000543,-0.002047,-0.000829
24303.949589,9.27,10.308332,0.000393,0.000541,-0.002048,-0.000829
24306.464677,9.271,10.890959,0.000386,0.000539,-0.002051,-0.000834
24308.966094,9.272,11.19327,0.000389,0.000541,-0.002051,-0.000838
24310.230935,9.272,10.686657,0.000387,0.00054,-0.002044,-0.00084
24312.745376,9.273,10.437309,0.000391,0.000539,-0.002047,-0.00084
24313.995933,9.274,10.818821,0.000391,0.000541,-0.00204,-0.000838
24316.497655,9.275,11.102806,0.000381,0.000547,-0.002047,-0.000839
24318.995989,9.276,9.866792,0.000375,0.000546,-0.002036,-0.000842
24320.261944,9.276,10.407455,0.000376,0.000545,-0.00204,-0.000845
24322.778162000002,9.277,10.434121,0.000377,0.00055,-0.002038,-0.000845
24324.042704,9.277,11.247241,0.000375,0.000551,-0.002042,-0.000847
24329.058545,9.279,11.074545,0.000367,0.000548,-0.002036,-0.000847
24330.323925,9.279,11.069446,0.000368,0.000552,-0.002042,-0.000851
24332.85568,9.28,11.137706,0.000361,0.000546,-0.002041,-0.000858
24334.105379,9.281,11.187109,0.000364,0.000548,-0.002044,-0.00086
24336.62112,9.282,11.393695,0.000365,0.000552,-0.002039,-0.000856
24339.137071,9.283,11.125595,0.00036,0.000551,-0.002038,-0.000856
24340.387193000002,9.283,11.100841,0.000362,0.000553,-0.002042,-0.000854
24342.902171,9.284,10.795129,0.000356,0.000555,-0.002034,-0.000854
24344.15217,9.285,10.883204,0.000355,0.000558,-0.002043,-0.000853
24346.651782,9.285,10.745833,0.000359,0.00056,-0.002043,-0.000854
24349.146957,9.286,11.069021,0.000358,0.00056,-0.002032,-0.000855
24350.386010000002,9.287,10.880228,0.000358,0.000562,-0.002034,-0.000856
24352.904024,9.288,10.888781,0.000356,0.000565,-0.002036,-0.00086
24354.167767,9.288,11.050217,0.000355,0.000566,-0.00204,-0.000861
24356.683081,9.289,11.530426,0.000347,0.000564,-0.002034,-0.000864
24357.933652,9.289,11.618236,0.000344,0.000562,-0.002038,-0.000867
24360.46408,9.289,11.403999,0.000339,0.000557,-0.002031,-0.000869
24362.964888000002,9.29,11.223655,0.00034,0.000557,-0.002029,-0.000868
24364.215657,9.29,11.629657,0.000346,0.000561,-0.002038,-0.000866
24366.730329,9.29,11.697226,0.000348,0.000562,-0.002038,-0.00086
24367.995867,9.29,11.398953,0.000347,0.000562,-0.002042,-0.000858
24370.496269,9.29,11.241185,0.000342,0.000559,-0.002041,-0.000855
24373.01185,9.29,11.073961,0.000341,0.000554,-0.002027,-0.000853
24374.262046,9.29,10.86392,0.000341,0.000555,-0.002035,-0.000853
24376.777281000002,9.289,11.020097,0.00035,0.000556,-0.002035,-0.000847
24378.043187,9.289,10.685861,0.000355,0.000559,-0.00204,-0.000843
24380.541126,9.289,11.305779,0.000355,0.000559,-0.002039,-0.00084
24383.043104,9.288,10.893084,0.000358,0.000561,-0.002037,-0.000839
24384.292178,9.288,10.618663,0.000366,0.000559,-0.002034,-0.000837
24386.793113,9.286,11.341371,0.000373,0.000565,-0.002035,-0.000828
24388.041907,9.286,10.762832,0.000372,0.000565,-0.002028,-0.000824
24390.542376,9.285,11.29319,0.000376,0.000564,-0.002024,-0.00082
24393.042615,9.284,10.466206,0.00038,0.000561,-0.00202,-0.00082
24394.29298,9.284,10.960016,0.000384,0.000564,-0.002028,-0.000817
24396.793046,9.283,10.657547,0.00038,0.000558,-0.002035,-0.000823
24398.043126,9.283,10.757998,0.000381,0.00056,-0.002027,-0.000819
24400.573092,9.282,10.485436,0.000389,0.000562,-0.002033,-0.000809
24403.073893,9.281,10.912473,0.000398,0.000566,-0.002034,-0.000806
24404.340638,9.28,10.748384,0.000401,0.000566,-0.002029,-0.000807
24406.85526,9.279,10.635502,0.000402,0.000566,-0.002032,-0.000802
24408.1043,9.279,10.375688,0.000406,0.000568,-0.002028,-0.000799
24410.621172,9.278,10.565755,0.000404,0.000566,-0.002031,-0.0008
24413.137668,9.278,10.668915,0.000406,0.000567,-0.002036,-0.0008
24414.403006,9.277,10.189341,0.000405,0.000562,-0.002033,-0.000802
24416.900236,9.276,10.796139,0.00041,0.00056,-0.002036,-0.000803
24418.150536,9.276,10.230085,0.000409,0.000558,-0.00203,-0.000801
24420.653162000002,9.275,9.85043,0.00041,0.000555,-0.00203,-0.000802
24423.168166,9.274,10.561771,0.000413,0.000555,-0.002029,-0.000802
24424.433224,9.273,9.835663,0.000414,0.000556,-0.002026,-0.000801
24426.950251000002,9.272,10.211652,0.00042,0.000558,-0.002031,-0.000796
24428.200909,9.272,10.358743,0.000422,0.000557,-0.002033,-0.000795
24430.730609,9.271,10.265357,0.000424,0.000558,-0.00203,-0.000791
24431.997209,9.27,10.082728,0.000429,0.000557,-0.002028,-0.000789
24434.511821,9.269,10.230776,0.00043,0.000558,-0.002032,-0.000787
24437.028290000002,9.268,10.26966,0.000439,0.000561,-0.002035,-0.000781
24438.277792,9.267,10.423604,0.000437,0.000558,-0.002032,-0.000781
24440.778037,9.267,9.873538,0.000433,0.000551,-0.002033,-0.000785
24442.043154,9.266,10.157735,0.000435,0.00055,-0.002036,-0.000785
24444.574012,9.265,9.78249,0.000436,0.000548,-0.002035,-0.000786
24447.073648,9.264,9.696646,0.000434,0.000545,-0.002034,-0.000787
24448.326131,9.264,9.928943,0.000433,0.000547,-0.00203,-0.000788
24450.840759,9.263,9.528254,0.000435,0.000542,-0.002031,-0.000786
24452.105815,9.262,9.573566,0.000435,0.000546,-0.002032,-0.000783
24454.606910000002,9.261,10.140312,0.000444,0.000544,-0.00204,-0.00078
24457.120657,9.26,10.257442,0.000431,0.00053,-0.002036,-0.00079
24458.388237,9.26,9.312053,0.000423,0.000522,-0.002032,-0.000796
24460.902191,9.259,9.787854,0.000424,0.000518,-0.002039,-0.000796
24462.151721000002,9.258,10.147695,0.00043,0.00052,-0.00203,-0.000794
24464.652041,9.257,9.42435,0.00044,0.000528,-0.002033,-0.000784
24467.167985,9.256,8.90552,0.000444,0.000527,-0.002038,-0.000785
24468.418104,9.256,9.932502,0.000444,0.000525,-0.002044,-0.00078
24470.903008,9.255,9.728519,0.000453,0.000529,-0.00205,-0.000777
24472.167682,9.254,9.353009,0.000457,0.000534,-0.00205,-0.000778
24474.683532,9.253,9.294098,0.000464,0.000535,-0.002049,-0.000772
24475.949989,9.253,10.048147,0.000456,0.000532,-0.002054,-0.000773
24478.466003,9.252,9.279862,0.00045,0.000525,-0.002057,-0.000773
24482.246124,9.252,10.15816,0.000429,0.000499,-0.002054,-0.000796
24484.746047,9.251,9.668174,0.00043,0.000504,-0.002056,-0.000793
24485.996001,9.251,9.153701,0.000422,0.000504,-0.002062,-0.000794
24488.495281,9.251,9.147751,0.000428,0.000507,-0.002061,-0.000796
24490.995869,9.251,9.185785,0.000437,0.000515,-0.002068,-0.000794
24492.245899,9.251,9.510352,0.000426,0.000506,-0.002069,-0.000798
24494.746005,9.251,9.856167,0.000428,0.000504,-0.00207,-0.000804
24495.99749,9.251,9.541534,0.000414,0.000502,-0.002069,-0.000809
24498.495537,9.251,10.132397,0.000411,0.000495,-0.002071,-0.000816
24500.995707000002,9.251,9.508069,0.0004,0.000529,-0.002073,-0.000773
24502.261588,9.251,10.891915,0.000402,0.00053,-0.002081,-0.000767
24504.76174,9.251,9.839381,0.000405,0.000535,-0.002079,-0.00077
24506.012324,9.252,9.64496,0.000408,0.000538,-0.002074,-0.000769
24508.527614,9.252,10.408517,0.000397,0.000532,-0.002086,-0.000774
24511.043053,9.253,9.958053,0.000395,0.000535,-0.002081,-0.000773
24512.292963,9.253,9.783658,0.000394,0.000532,-0.002078,-0.000781
24514.792442,9.254,10.0048,0.000382,0.000524,-0.002073,-0.000797
24516.043996,9.255,9.783765,0.000378,0.000523,-0.002074,-0.0008
24518.575321,9.256,9.921134,0.000384,0.000537,-0.002072,-0.00079
24521.089828,9.257,9.771441,0.000395,0.000551,-0.002075,-0.000773
24522.340097,9.257,10.298877,0.000392,0.000548,-0.002071,-0.000772
24524.855774,9.258,9.875557,0.000382,0.000543,-0.002078,-0.000782
24526.105985000002,9.259,10.110936,0.000377,0.000538,-0.002081,-0.000789
24528.605989,9.26,10.046076,0.000371,0.000536,-0.002083,-0.000796
24531.120659,9.26,10.472155,0.000372,0.000539,-0.002076,-0.000796
24532.37086,9.261,9.88464,0.00037,0.000539,-0.002082,-0.000797
24534.90221,9.262,10.555184,0.000356,0.000529,-0.00208,-0.000808
24536.167246,9.262,10.230245,0.000355,0.000527,-0.002082,-0.000813
24538.668126,9.263,10.381585,0.000372,0.00054,-0.002079,-0.000798
24541.167857,9.264,10.356937,0.000366,0.000545,-0.002081,-0.000802
24542.417729,9.265,10.569207,0.000365,0.000546,-0.002087,-0.000801
24544.913549,9.266,10.550244,0.000364,0.000547,-0.002084,-0.000802
24546.151773,9.266,10.589393,0.000363,0.000545,-0.002083,-0.000802
24548.652223,9.267,10.660469,0.000359,0.000548,-0.002077,-0.000803
24551.153123,9.268,10.430456,0.00036,0.000552,-0.002082,-0.0008
24552.418268,9.268,10.591731,0.000359,0.000552,-0.002082,-0.000802
24554.933876,9.269,10.746365,0.000352,0.000553,-0.002077,-0.000807
24556.199265,9.27,11.043842,0.000352,0.000554,-0.002082,-0.000807
24558.715983000002,9.271,10.709817,0.000351,0.000551,-0.002078,-0.000806
24559.980833,9.271,10.536326,0.000351,0.000551,-0.00208,-0.000809
24562.495977,9.272,10.688835,0.000354,0.000558,-0.002073,-0.000809
24564.995675000002,9.273,10.459513,0.000349,0.000557,-0.002072,-0.000809
24566.261483000002,9.273,11.127082,0.000342,0.000551,-0.002076,-0.000816
24570.028001,9.274,10.599486,0.000331,0.000539,-0.002081,-0.000833
24572.544186,9.276,11.166285,0.000325,0.000539,-0.002074,-0.000838
24575.059138,9.277,10.691438,0.000328,0.000548,-0.002074,-0.000836
24576.325261,9.277,11.047348,0.000324,0.000545,-0.002068,-0.000837
24578.825205,9.278,11.324744,0.000317,0.000543,-0.002074,-0.000843
24580.090944,9.279,11.160654,0.000313,0.000543,-0.002069,-0.000846
24582.621257,9.279,11.426948,0.000307,0.000546,-0.002073,-0.000847
24585.137552,9.281,11.004744,0.000308,0.000554,-0.002064,-0.000837
24586.403535,9.281,11.065303,0.000314,0.000558,-0.002059,-0.000835
24588.901724,9.282,11.070509,0.000318,0.000564,-0.002058,-0.000834
24590.152197,9.282,11.090588,0.000325,0.000568,-0.002055,-0.000832
24592.667235,9.283,10.616538,0.000325,0.000569,-0.00206,-0.000835
24595.168042,9.284,11.256431,0.000324,0.000572,-0.002063,-0.000834
24596.434971000002,9.285,11.283522,0.000324,0.000575,-0.002056,-0.000835
24598.950595000002,9.286,11.284053,0.000328,0.000577,-0.002059,-0.000835
24600.19913,9.286,11.458607,0.000335,0.000579,-0.002056,-0.00083
24602.730201,9.286,11.265515,0.000333,0.000585,-0.002063,-0.000827
24603.997273,9.286,11.441503,0.000334,0.000583,-0.002064,-0.000826
24606.496112,9.286,11.265461,0.000332,0.00058,-0.002058,-0.000826
24608.997836000002,9.286,11.363946,0.000328,0.000576,-0.002063,-0.000826
24610.245909,9.286,11.265408,0.000327,0.00058,-0.002059,-0.000822
24612.745992,9.286,10.954916,0.000329,0.000581,-0.002061,-0.00082
24613.995236,9.286,11.412446,0.000328,0.000583,-0.002057,-0.00082
24616.496357,9.286,11.282035,0.000338,0.000588,-0.002057,-0.000817
24619.027875,9.286,11.012501,0.000341,0.000589,-0.002061,-0.000819
24620.278106,9.286,11.305779,0.000346,0.00059,-0.002053,-0.000818
24622.793177,9.286,11.57303,0.000353,0.000593,-0.002056,-0.000814
24624.058956,9.286,11.33218,0.000351,0.000595,-0.002055,-0.000812
24626.558188,9.286,11.092288,0.000355,0.000594,-0.002056,-0.000812
24629.073714000002,9.286,11.02934,0.00036,0.000595,-0.002058,-0.000815
24630.325599,9.286,11.004319,0.000355,0.000592,-0.002062,-0.000816
24632.855148000002,9.286,10.849366,0.000344,0.000586,-0.002056,-0.000815
24634.10597,9.286,11.290799,0.000339,0.000586,-0.002058,-0.000818
24636.620001,9.286,11.089207,0.000334,0.000579,-0.00205,-0.000826
24639.137819,9.286,11.521821,0.000329,0.000579,-0.002047,-0.000827
24640.403067,9.286,10.894784,0.000332,0.000581,-0.002048,-0.000823
24642.918461,9.286,11.19428,0.000335,0.000581,-0.002046,-0.000826
24644.184094,9.286,11.516244,0.000346,0.000587,-0.002051,-0.000819
24646.715921,9.286,11.183656,0.000354,0.000591,-0.00205,-0.000817
24647.980979,9.286,11.395501,0.000354,0.00059,-0.002047,-0.000815
24650.495964,9.286,11.166498,0.000348,0.000589,-0.002047,-0.000818
24652.995953,9.286,11.173881,0.000345,0.000588,-0.002049,-0.000815
24654.245565,9.286,11.129898,0.000349,0.00059,-0.002046,-0.000812
24656.747869,9.286,11.013564,0.000349,0.000588,-0.002045,-0.000815
24657.996197,9.286,11.229711,0.000346,0.000588,-0.002043,-0.000816
24660.528759,9.286,11.024188,0.000352,0.000591,-0.002049,-0.000817
24663.043092,9.286,11.226205,0.00035,0.000591,-0.002042,-0.000814
24664.293113,9.286,10.57112,0.000346,0.00059,-0.002043,-0.000816
24666.793278,9.286,11.274438,0.000349,0.000587,-0.002039,-0.000813
24668.058178,9.286,11.255899,0.000349,0.000587,-0.002036,-0.000816
24670.574734,9.286,11.496536,0.000352,0.000586,-0.002044,-0.000816
24673.0763,9.286,11.386895,0.000354,0.000594,-0.002048,-0.000811
24674.323475,9.286,11.630825,0.000353,0.000594,-0.002047,-0.000813
24676.824723,9.286,11.119485,0.000355,0.000595,-0.002051,-0.000813
24678.090598,9.286,11.445487,0.000354,0.000594,-0.002046,-0.000815
24680.590203,9.286,11.363522,0.000345,0.000589,-0.002043,-0.000815
24683.105849,9.286,11.732232,0.000347,0.000594,-0.002048,-0.000813
24684.370312,9.286,11.23003,0.000341,0.000593,-0.002042,-0.000812
24686.903222,9.286,11.598952,0.00034,0.000593,-0.002046,-0.000815
24688.153105,9.286,11.217175,0.000339,0.000589,-0.002038,-0.000818
24690.668098000002,9.286,11.072421,0.000343,0.000586,-0.002043,-0.00082
24693.184272,9.286,11.193801,0.000346,0.000592,-0.002045,-0.000813
24694.434928000002,9.286,11.171757,0.000346,0.000592,-0.00204,-0.000812
24696.966108,9.286,11.372446,0.000342,0.000593,-0.002037,-0.000808
24698.230592,9.286,11.322778,0.000344,0.000595,-0.002033,-0.000806
24700.745562,9.286,11.158477,0.000346,0.000599,-0.002036,-0.000806
24701.995705,9.286,11.337971,0.000348,0.0006,-0.002038,-0.000805
24704.495701,9.286,11.455579,0.00035,0.000596,-0.002038,-0.00081
24706.998091,9.286,11.726017,0.00035,0.000593,-0.002043,-0.000811
24708.260871,9.286,11.264239,0.000344,0.000588,-0.002041,-0.000815
24710.761514,9.286,11.803254,0.000346,0.000588,-0.002038,-0.000819
24712.010982,9.286,11.528833,0.000345,0.000587,-0.002031,-0.000819
24714.511982,9.286,11.500679,0.000348,0.000588,-0.002034,-0.000817
24717.01222,9.286,10.845382,0.000355,0.000592,-0.002034,-0.000813
24718.261803,9.286,11.678421,0.000354,0.000594,-0.002042,-0.000813
24720.762781,9.286,11.505566,0.000353,0.000594,-0.002039,-0.00081
24722.027831,9.286,10.873058,0.000349,0.000594,-0.002032,-0.00081
24724.542452,9.286,11.444743,0.000346,0.000593,-0.002036,-0.000814
24727.058777,9.286,11.584876,0.000343,0.000591,-0.002037,-0.000813
24728.32346,9.286,10.767241,0.000346,0.000593,-0.002034,-0.000812
24730.823828,9.286,11.663441,0.00035,0.000598,-0.002035,-0.000803
24732.075341,9.286,11.170163,0.000348,0.0006,-0.002039,-0.000804
24734.575282,9.286,11.312579,0.000347,0.000597,-0.002036,-0.000805
24737.105953,9.286,11.484796,0.000356,0.000599,-0.002043,-0.000804
24738.356276,9.286,11.326391,0.000348,0.000595,-0.002034,-0.000806
24740.887397,9.286,11.209207,0.000348,0.000593,-0.002041,-0.000812
24742.150467,9.286,11.210375,0.000349,0.000591,-0.002033,-0.000812
24744.651868,9.286,11.510878,0.00035,0.00059,-0.002033,-0.000817
24747.153029,9.286,11.179034,0.000347,0.000585,-0.002035,-0.000819
24748.402293,9.286,11.378873,0.000345,0.000585,-0.002036,-0.000818
24750.918186,9.286,11.351889,0.00035,0.000589,-0.002033,-0.000815
24752.182936,9.286,11.099247,0.00035,0.000593,-0.002036,-0.000813
24754.682938,9.286,11.129472,0.000352,0.000597,-0.002031,-0.000809
24757.183106,9.286,10.980254,0.000354,0.0006,-0.002035,-0.000806
24758.433247,9.286,11.158051,0.000357,0.000602,-0.002033,-0.000806
24760.965948,9.286,11.148118,0.000353,0.000599,-0.00204,-0.000805
24762.230374,9.286,11.223496,0.000353,0.000598,-0.002039,-0.000807
24764.745942,9.286,11.236085,0.000359,0.0006,-0.002038,-0.000803
24765.996022,9.286,11.166816,0.000358,0.0006,-0.002035,-0.000803
24768.496991,9.286,10.922034,0.000359,0.000601,-0.002033,-0.0008
24770.997414,9.286,11.314172,0.000363,0.000606,-0.002038,-0.000797
24772.245607,9.286,11.31821,0.000363,0.000607,-0.002036,-0.000798
24774.761549,9.286,11.129366,0.00036,0.000607,-0.002035,-0.000797
24776.011677000002,9.286,11.121185,0.000359,0.000603,-0.002041,-0.000802
24778.511557,9.286,11.304718,0.000357,0.000601,-0.002039,-0.000804
24781.012331,9.286,11.345142,0.000356,0.000602,-0.002039,-0.000802
24782.277817000002,9.286,11.23242,0.000353,0.000599,-0.002034,-0.000806
24784.80981,9.286,11.266948,0.000365,0.000606,-0.002041,-0.000804
24786.074028,9.286,11.468541,0.000365,0.000603,-0.002039,-0.000803
24788.5909,9.286,11.655792,0.000361,0.000601,-0.002042,-0.000802
24791.105973,9.286,11.105515,0.000356,0.000603,-0.002042,-0.000801
24792.355133,9.286,11.24671,0.000353,0.000601,-0.002037,-0.000802
24794.856046,9.286,11.515925,0.000353,0.000603,-0.002034,-0.000802
24796.120377,9.286,10.976323,0.000355,0.000601,-0.002035,-0.000801
24798.63682,9.286,11.071943,0.000357,0.0006,-0.002033,-0.000801
24801.153814,9.286,11.275395,0.000358,0.000603,-0.002031,-0.000801
24802.417921,9.286,10.925275,0.000358,0.000601,-0.002032,-0.000802
24804.917531,9.286,10.918688,0.000357,0.0006,-0.002032,-0.000806
24806.168496,9.286,11.295687,0.000355,0.000601,-0.002033,-0.000803
24808.698285,9.286,11.459032,0.000356,0.000601,-0.002035,-0.000803
24809.964350000002,9.286,11.134678,0.000358,0.000604,-0.002038,-0.000801
24812.465935,9.286,11.000068,0.000359,0.0006,-0.002037,-0.000805
24814.995348,9.286,10.955394,0.000358,0.000602,-0.002036,-0.000803
24816.247607,9.286,11.038371,0.000356,0.000602,-0.00204,-0.000803
24818.745548,9.286,10.941158,0.000354,0.000603,-0.002034,-0.000806
24819.995704,9.286,11.2423,0.000354,0.0006,-0.002033,-0.000809
24822.495677,9.286,10.919006,0.000352,0.000598,-0.002032,-0.000811
24824.995571,9.286,11.260309,0.000349,0.000595,-0.002034,-0.000808
24826.247337,9.286,11.524902,0.000336,0.000585,-0.002028,-0.000821
24828.778563,9.286,11.044904,0.000309,0.000561,-0.002047,-0.000845
24830.042113,9.286,11.342539,0.000304,0.000562,-0.002047,-0.00084
24832.54219,9.286,11.511994,0.000312,0.000566,-0.002049,-0.000837
24835.042933,9.286,10.950879,0.000316,0.000569,-0.002045,-0.000835
24836.308641,9.286,11.31157,0.000322,0.000571,-0.002046,-0.000832
24838.839933,9.286,11.314066,0.000309,0.000561,-0.002048,-0.00084
24840.088364,9.286,11.293987,0.000304,0.000559,-0.002059,-0.000845
24842.570052,9.286,11.055953,0.000311,0.000563,-0.002055,-0.000843
24845.037807,9.286,11.22238,0.000306,0.000557,-0.002045,-0.000848
24846.271613,9.286,11.304186,0.000302,0.000557,-0.00205,-0.00085
24848.741402,9.286,11.826256,0.000304,0.000552,-0.002061,-0.00085
24849.975239,9.286,11.600281,0.000301,0.00055,-0.002061,-0.000855
24852.44399,9.286,10.960175,0.000308,0.000557,-0.00207,-0.000849
24854.913329,9.286,11.189233,0.000278,0.000534,-0.002062,-0.000871
24856.152002,9.286,10.972446,0.000277,0.000533,-0.002072,-0.000872
24858.652784,9.286,11.313641,0.00029,0.000546,-0.002071,-0.000859
24861.152002,9.286,11.030933,0.000279,0.000537,-0.002076,-0.000869
24862.417844,9.286,11.262645,0.000283,0.000537,-0.002064,-0.000869
24864.933835,9.286,11.734994,0.000296,0.000547,-0.002056,-0.000857
24866.198658,9.286,11.638209,0.000304,0.000552,-0.002059,-0.000851
24868.699887,9.286,10.767294,0.000303,0.000553,-0.002067,-0.000848
24869.965786,9.286,10.444799,0.000302,0.00055,-0.002078,-0.000856
24872.495689,9.286,10.978502,0.000295,0.000543,-0.002072,-0.000859
24874.995902000002,9.286,11.228596,0.000288,0.000534,-0.002067,-0.000873
24876.261806000002,9.286,11.028809,0.00028,0.000528,-0.002076,-0.000878
24878.792235,9.286,11.069021,0.000274,0.000527,-0.002071,-0.000879
24880.043169,9.286,10.951569,0.000277,0.000531,-0.002076,-0.000871
24882.542878,9.286,11.722883,0.000287,0.000534,-0.002075,-0.00087
24885.0589,9.286,11.368409,0.000294,0.00054,-0.002071,-0.000863
24886.308546,9.286,11.132554,0.00029,0.000528,-0.002066,-0.000873
24888.808903,9.286,11.288091,0.000294,0.000535,-0.002071,-0.000871
24890.059412000002,9.286,11.351357,0.000299,0.000547,-0.002076,-0.000861
24892.574144,9.286,11.340308,0.000304,0.000555,-0.002081,-0.000849
24895.105630000002,9.293,11.238476,0.000293,0.000544,-0.002076,-0.000864
24896.356016,9.292,10.870189,0.00029,0.000538,-0.00208,-0.000869
24898.871158,9.292,11.075874,0.000272,0.000534,-0.002076,-0.000872
24900.137292,9.292,11.003946,0.000276,0.000531,-0.002079,-0.000873
24902.652534,9.292,11.301424,0.000292,0.000537,-0.002089,-0.000872
24905.168,9.292,11.187533,0.000295,0.000545,-0.002092,-0.000858
24906.418565,9.292,11.284053,0.000289,0.000535,-0.002087,-0.000865
24908.933032,9.292,10.744612,0.000305,0.000545,-0.002093,-0.000861
24910.18378,9.292,10.773243,0.000306,0.000549,-0.002083,-0.000857
24912.683157,9.292,11.988911,0.0003,0.000552,-0.002078,-0.00085
24915.198813,9.292,11.445009,0.000287,0.000539,-0.002077,-0.000862
24916.450352,9.292,10.609473,0.000285,0.000531,-0.002077,-0.00087
24918.950224,9.292,10.755501,0.000287,0.000535,-0.002078,-0.000868
24920.200414,9.292,11.096857,0.000293,0.000543,-0.002082,-0.000861
24922.700657,9.292,11.341743,0.000285,0.000534,-0.002082,-0.000867
24923.948892,9.292,11.594491,0.000287,0.000537,-0.002085,-0.000867
24926.480620000002,9.292,11.274864,0.000286,0.000535,-0.002087,-0.000875
24928.995023,9.292,11.441025,0.000279,0.000529,-0.002073,-0.000873
24930.246128,9.292,11.844583,0.000281,0.000533,-0.002079,-0.000871
24932.761443,9.292,11.292499,0.000281,0.000535,-0.00208,-0.00087
24934.012262,9.292,11.830665,0.000274,0.000528,-0.002073,-0.000877
24936.528272,9.292,11.518103,0.000276,0.000533,-0.00207,-0.000869
24939.043017,9.292,11.051172,0.000282,0.000537,-0.00207,-0.000868
24940.293761,9.292,11.064984,0.000279,0.000534,-0.00207,-0.000873
24942.808064,9.292,11.370375,0.000277,0.000532,-0.002068,-0.000869
24944.058043,9.292,11.541635,0.000277,0.000536,-0.002081,-0.00087
24946.5752,9.292,10.910666,0.000289,0.000543,-0.002078,-0.000867
24949.073427,9.292,11.329897,0.000293,0.00055,-0.002077,-0.000864
24950.323556,9.292,11.255634,0.000292,0.000548,-0.002069,-0.000864
24952.824264,9.292,11.212288,0.000295,0.000546,-0.002068,-0.000864
24954.091196,9.292,11.138609,0.000294,0.000547,-0.002071,-0.000863
24956.605097,9.292,11.231517,0.000293,0.000548,-0.002069,-0.000859
24959.105142,9.292,10.961875,0.0003,0.000555,-0.002072,-0.000856
24960.356105,9.292,11.304611,0.000299,0.000553,-0.002064,-0.000856
24962.886667,9.292,11.323044,0.000303,0.000555,-0.002071,-0.000855
24964.13602,9.292,11.370905,0.000304,0.000558,-0.002064,-0.000851
24966.652026,9.292,11.093616,0.000306,0.000562,-0.002062,-0.000843
24969.152325,9.292,11.204957,0.00031,0.000562,-0.00206,-0.000841
24970.402249,9.292,11.359059,0.000315,0.000563,-0.002067,-0.000844
24972.917779,9.292,11.31991,0.000318,0.000567,-0.002061,-0.000841
24974.167651,9.292,10.760123,0.000319,0.000568,-0.002055,-0.000843
24976.66776,9.292,11.337067,0.000322,0.00057,-0.00205,-0.000837
24979.183123,9.292,11.414411,0.000336,0.000576,-0.002044,-0.000831
24980.434753,9.292,11.070933,0.000342,0.000578,-0.002049,-0.000831
24982.950545,9.292,11.998738,0.000334,0.000574,-0.002041,-0.000829
24984.198766,9.292,11.147586,0.000328,0.000569,-0.002045,-0.000836
24986.699937,9.292,11.232632,0.000324,0.000567,-0.002045,-0.00084
24987.966773,9.292,11.308435,0.000326,0.000568,-0.002046,-0.000842
24990.465268,9.292,10.873111,0.000329,0.00057,-0.002054,-0.000837
24992.979426,9.292,10.94323,0.000322,0.000563,-0.002047,-0.000844
24994.230897,9.292,11.63959,0.000323,0.000563,-0.002054,-0.000842
24996.747156,9.292,10.850375,0.000321,0.000564,-0.002045,-0.000845
24997.995779,9.292,10.914863,0.000321,0.000563,-0.002045,-0.000842
25000.497921000002,9.292,11.340786,0.00032,0.000563,-0.002044,-0.000844
25003.028025,9.292,11.407187,0.000323,0.000567,-0.002044,-0.000842
25004.293506,9.292,11.491702,0.000323,0.00057,-0.002045,-0.000839
25006.808973,9.292,11.416643,0.000327,0.000573,-0.002044,-0.000833
25008.074124,9.292,11.045913,0.00033,0.000576,-0.002049,-0.00083
25010.590198,9.292,11.951089,0.000334,0.00058,-0.002049,-0.000827
25013.120626,9.292,11.035024,0.000336,0.000581,-0.002052,-0.000825
25014.370909,9.292,11.361078,0.000338,0.000579,-0.002051,-0.000825
25016.90275,9.292,11.369259,0.000336,0.000582,-0.00205,-0.000823
25018.152231,9.292,11.690214,0.000334,0.000583,-0.002052,-0.000822
25020.651503,9.292,11.403469,0.000333,0.000587,-0.002052,-0.000819
25023.152072,9.292,11.289365,0.000335,0.000587,-0.002045,-0.000823
25024.417929,9.292,11.37829,0.000337,0.000585,-0.002043,-0.000824
25026.933553,9.292,11.232314,0.00035,0.000591,-0.002048,-0.000821
25028.183522,9.292,10.955182,0.000347,0.00059,-0.002043,-0.000818
25030.700872,9.292,11.190508,0.00034,0.000588,-0.002044,-0.000821
25031.950375,9.292,11.130482,0.000335,0.000588,-0.002052,-0.000822
25034.465879,9.292,10.925221,0.000326,0.00058,-0.002048,-0.000831
25036.966133,9.292,11.070933,0.000328,0.000581,-0.002043,-0.000828
25038.21433,9.292,11.307958,0.000331,0.000583,-0.002045,-0.000824
25040.730305,9.292,10.893455,0.000334,0.000583,-0.002045,-0.00082
25041.981107,9.292,11.828008,0.000332,0.000583,-0.002043,-0.00082
25044.511453,9.292,11.266205,0.000334,0.000586,-0.002043,-0.000822
25047.011276,9.292,11.008302,0.000338,0.000584,-0.00204,-0.00082
25048.261761,9.292,11.543442,0.000338,0.000583,-0.002042,-0.000823
25050.762308,9.292,11.406443,0.000337,0.000582,-0.002044,-0.000822
25052.0275,9.292,11.29335,0.000337,0.000585,-0.002044,-0.000823
25054.543762,9.292,11.213509,0.000346,0.000592,-0.002049,-0.000816
25057.058876,9.292,10.83481,0.000348,0.000592,-0.002046,-0.000812
25058.324416,9.292,10.76007,0.000343,0.000591,-0.002048,-0.000813
25060.82594,9.292,10.771278,0.000346,0.000588,-0.002046,-0.000816
25062.075784,9.292,11.284531,0.00035,0.00059,-0.002042,-0.000816
25064.591018,9.292,11.674331,0.000352,0.000591,-0.002039,-0.000813
25067.120657,9.292,11.370587,0.000349,0.00059,-0.00205,-0.000814
25068.370849,9.292,11.356351,0.000346,0.000589,-0.002044,-0.000815
25070.887333,9.292,11.276617,0.000352,0.000589,-0.002043,-0.000812
25072.151801,9.292,11.306577,0.000357,0.000594,-0.002046,-0.000809
25074.652297,9.292,11.67635,0.000353,0.000598,-0.002043,-0.000806
25077.151596,9.292,11.270295,0.00035,0.000597,-0.002044,-0.000809
25078.401975,9.292,11.403309,0.000349,0.000595,-0.00204,-0.000812
25080.902248,9.292,11.209844,0.000356,0.000595,-0.002036,-0.00081
25082.153623,9.292,11.181158,0.000353,0.000593,-0.002043,-0.000815
25084.667741,9.292,11.510931,0.000352,0.000588,-0.002039,-0.000818
25087.183978,9.292,11.209738,0.000351,0.000592,-0.002034,-0.000811
25088.44862,9.292,10.938077,0.000351,0.000591,-0.002046,-0.000811
25090.98085,9.292,11.392898,0.000348,0.000591,-0.002034,-0.000812
25092.231724,9.292,10.857174,0.00035,0.000591,-0.002041,-0.000811
25094.760923,9.292,11.315342,0.000347,0.000591,-0.002034,-0.000815
25096.012247,9.292,10.791571,0.000348,0.000591,-0.002042,-0.000815
25098.5119,9.292,11.60793,0.000347,0.000588,-0.002043,-0.000817
25101.011789,9.292,11.355819,0.000348,0.000586,-0.002043,-0.000816
25102.277139,9.292,11.295421,0.00035,0.000585,-0.002037,-0.000817
25104.777984,9.292,11.268171,0.000353,0.000585,-0.002037,-0.000818
25106.026231,9.292,11.054944,0.000353,0.000587,-0.002043,-0.000816
25108.527281000002,9.292,11.414252,0.000354,0.000587,-0.00204,-0.000816
25111.059113,9.292,11.441556,0.000348,0.000587,-0.002034,-0.000813
25112.323766,9.292,11.598475,0.000354,0.000591,-0.00204,-0.00081
25114.840455,9.292,11.106524,0.000356,0.000597,-0.002034,-0.000808
25116.089983,9.292,11.600174,0.000354,0.000596,-0.002038,-0.00081
25118.605624,9.292,11.924264,0.00036,0.000597,-0.002044,-0.00081
25121.137868,9.292,11.280388,0.00036,0.000595,-0.002039,-0.000813
25122.402325,9.292,11.317838,0.000359,0.000594,-0.002041,-0.000808
25124.903006,9.292,11.441556,0.000357,0.000595,-0.002042,-0.000808
25126.153266,9.292,11.202779,0.000353,0.000595,-0.002035,-0.000807
25128.668066,9.292,11.148915,0.000354,0.000598,-0.002038,-0.000811
25131.168338,9.292,11.184824,0.000351,0.000597,-0.002035,-0.000812
25132.43327,9.292,11.139565,0.000348,0.000598,-0.002033,-0.000808
25134.965351,9.292,11.373456,0.000357,0.0006,-0.002041,-0.000807
25136.230631,9.292,10.956722,0.000354,0.000599,-0.002038,-0.000806
25138.746339,9.292,10.925062,0.000358,0.000597,-0.002043,-0.000806
25139.997478,9.292,11.210694,0.000358,0.000599,-0.002035,-0.000803
25142.511655000002,9.292,11.604371,0.00036,0.0006,-0.002039,-0.000802
25145.027354,9.292,11.328091,0.000367,0.000605,-0.00204,-0.000801
25146.275637,9.292,11.638687,0.000365,0.000606,-0.002034,-0.0008
25148.761447,9.292,11.245541,0.000357,0.000598,-0.002032,-0.000803
25150.011861,9.292,11.224771,0.00036,0.000602,-0.002041,-0.000803
25152.512114,9.292,10.733032,0.000363,0.000601,-0.002041,-0.000805
25155.012607,9.292,11.322459,0.000361,0.000602,-0.002043,-0.000805
25156.262265,9.292,11.116139,0.00036,0.000599,-0.002035,-0.000805
25158.778073,9.292,11.237838,0.000362,0.000602,-0.002044,-0.000804
25160.027968000002,9.292,11.237042,0.000358,0.0006,-0.002041,-0.000806
25162.543,9.292,11.255156,0.000355,0.000601,-0.002038,-0.000803
25165.042623,9.292,11.760174,0.000356,0.000601,-0.002034,-0.000807
25166.292742,9.292,11.092075,0.000361,0.000603,-0.002038,-0.000804
25168.79298,9.292,11.562937,0.000358,0.000598,-0.002034,-0.000805
25170.059993,9.292,10.936271,0.000356,0.000596,-0.002035,-0.000807
25172.558932,9.292,11.018078,0.000358,0.0006,-0.002037,-0.000806
25175.073853,9.292,11.347851,0.000365,0.000602,-0.002032,-0.000799
25176.325149,9.292,11.077361,0.000366,0.000603,-0.002034,-0.000797
25178.855117,9.292,11.408143,0.000366,0.000606,-0.002036,-0.000796
25180.105595,9.292,11.04023,0.000363,0.000603,-0.002037,-0.000799
25182.620976,9.292,11.162938,0.000361,0.000602,-0.002041,-0.000802
25185.137823,9.292,10.939671,0.000361,0.000604,-0.002034,-0.000803
25186.387717,9.292,11.116883,0.000358,0.000602,-0.002035,-0.000801
25188.902396,9.292,12.078579,0.00036,0.000601,-0.002032,-0.000801
25190.151887,9.292,10.926868,0.000362,0.000604,-0.002024,-0.000799
25192.683279,9.292,11.533561,0.000358,0.000604,-0.002033,-0.000803
25195.198192,9.292,11.44299,0.000357,0.000603,-0.00203,-0.000802
25196.448992,9.292,11.309338,0.000355,0.000603,-0.002038,-0.000802
25198.933852000002,9.292,11.309604,0.000356,0.000604,-0.002037,-0.000801
25200.183459,9.292,10.982592,0.000355,0.000603,-0.002031,-0.000802
25202.696936,9.292,10.730163,0.000361,0.000601,-0.002033,-0.0008
25205.198149,9.292,11.150721,0.000358,0.000605,-0.002035,-0.000798
25206.444161,9.292,11.230932,0.00036,0.000606,-0.002035,-0.000797
25208.933788000002,9.292,11.219087,0.000361,0.000608,-0.002035,-0.000801
25210.19791,9.292,11.655685,0.000362,0.000607,-0.002034,-0.000798
25212.682381,9.292,11.466151,0.000368,0.000608,-0.002037,-0.000799
25215.182321,9.292,11.223762,0.000362,0.000607,-0.002042,-0.000798
25216.432916,9.292,11.08517,0.000358,0.000604,-0.002035,-0.000799
25218.945899,9.292,11.114758,0.000361,0.000605,-0.002034,-0.000799
25220.18336,9.292,10.625037,0.000364,0.000606,-0.002041,-0.000799
25222.695234,9.292,11.307639,0.000359,0.000605,-0.002037,-0.0008
25225.181676,9.292,11.169206,0.000361,0.000609,-0.002032,-0.000796
25226.431664,9.292,10.987639,0.000363,0.000608,-0.002028,-0.000795
25228.931406,9.292,11.454305,0.000357,0.000603,-0.002034,-0.0008
25230.183745000002,9.292,11.25744,0.00035,0.000594,-0.00203,-0.000806
25232.68358,9.292,11.32384,0.000356,0.000597,-0.002038,-0.000808
25235.19848,9.292,11.40894,0.000352,0.000596,-0.002033,-0.000805
25236.449285000002,9.292,10.829126,0.000348,0.000596,-0.002041,-0.000808
25238.979793,9.292,10.85319,0.000338,0.000589,-0.00204,-0.000814
25240.231107,9.292,10.853881,0.00034,0.000588,-0.002048,-0.000815
25242.730606,9.292,11.276138,0.00033,0.000578,-0.002049,-0.000825
25243.99475,9.292,11.395606,0.000321,0.000576,-0.002051,-0.000827
25246.480131,9.292,11.135847,0.000327,0.000578,-0.002051,-0.000824
